reference_period,job_IDnumber,individual_IDnumber,employer_IDnumber,temporary_jobs_employer_IDnumber,j_job_start_date,j_job_end_effective_date,j_contract_type,j_job_end_planned_date,j_contract_planned_duration,j_job_status,j_blue_collar,j_posted_worker,j_assisting_family_member,j_maternity_leave,j_activation_measure,j_activation_measure_type,j_trial_period,j_trial_period_end_date,j_trial_period_length,j_F_short_time_working,j_short_time_working_benefit,j_short_time_working_hours,j_F_month_base_wage,j_month_base_wage,j_F_month_additionnal_wage,j_month_additionnal_wage,j_F_month_overtime_wage,j_month_overtime_wage,j_F_month_total_wage,j_month_total_wage,j_F_nb_base_worked_hours,j_nb_base_worked_hours,j_F_nb_overtime_paid_hours,j_nb_overtime_paid_hours,j_F_nb_total_worked_hours,j_nb_total_worked_hours,j_F_nb_base_worked_hours_ADJ,j_nb_base_worked_hours_ADJ,j_F_nb_total_worked_hours_ADJ,j_nb_total_worked_hours_ADJ,j_F_hourly_base_wage,j_hourly_base_wage,j_F_hourly_total_wage,j_hourly_total_wage,j_F_official_stat
202502,JOB013389083863,ID1043321819,EMP7940265423,-9,202010,,0,999909,-9,0,0,0,0,0,0,,0,,,0,,,1,6044.91,-8,,-8,,1,6044.91,1,169.49,-8,,1,169.49,1,172.69,1,168.66,1,35.0,1,35.84,1
202411,JOB192832764835,ID1647525534,EMP0305641395,-9,202508,202509,1,202509,1,0,0,0,0,0,0,,0,,,0,,,1,7626.86,-8,,-8,,1,7626.86,1,163.21,-8,,1,163.21,1,161.66,1,163.76,1,47.18,1,46.57,1
202601,JOB845146270482,ID1669784801,EMP8148932528,-9,201606,202004,0,999909,-9,0,0,0,0,0,0,,1,201609,12.0,0,,,1,7196.11,-8,,-8,,1,7196.11,1,163.13,-8,,1,163.13,1,160.38,1,164.64,1,44.87,1,43.71,1
202608,JOB098393010310,ID3465787133,EMP5183473829,-9,202104,,0,999909,-9,0,1,0,0,0,0,,1,202105,4.0,0,,,1,3960.66,-8,,1,396.04,1,4356.71,1,165.6,1,11.039319231534032,1,176.63931923153402,1,165.39,1,176.429319231534,1,23.95,1,24.69,1
202401,JOB360260647468,ID7810801326,EMP7234309805,-9,202303,,0,999909,-9,0,1,0,0,0,0,,1,202309,26.0,0,,,1,2969.59,1,901.26,-8,,1,3870.84,1,161.04,-8,,1,161.04,1,161.65,1,162.17,1,18.37,1,23.87,1
202405,JOB118384251354,ID4624751079,EMP2784980841,-9,202303,,0,999909,-9,0,0,0,0,0,0,,0,,,0,,,1,5561.33,1,917.34,1,744.0,1,7222.67,1,162.74,1,14.514266709637912,1,177.25426670963793,1,163.96,1,178.47426670963793,1,33.92,1,40.47,1
202607,JOB801128059826,ID4624751079,-9,-9,201704,201706,-9,201706,2,2,-8,-9,0,0,0,,-9,,,-9,,,-9,,-9,,-9,,-9,,-9,,-9,,-9,,-9,,-9,,-9,,-9,,1
202607,JOB330365414586,ID4216073375,EMP8501429401,-9,202110,202404,1,202404,6,0,0,0,0,0,0,,0,,,0,,,1,2979.11,-8,,-8,,1,2979.11,1,165.01,-8,,1,165.01,1,163.39,1,166.39,1,18.23,1,17.9,1
202602,JOB629946804436,ID1484656482,EMP9957773872,-9,202406,,0,999909,-9,0,0,0,0,0,0,,1,202409,12.0,0,,,1,4359.65,-8,,-8,,1,4359.65,1,168.75,-8,,1,168.75,1,166.72,1,165.54,1,26.15,1,26.34,1
202412,JOB788957986872,ID1632870831,EMP7743487347,TMP5466889373,202009,,0,999909,-9,0,0,0,0,0,1,PAN - Projet d'activité national,1,202012,12.0,0,,,1,5060.35,-8,,-8,,1,5060.35,1,163.01,-8,,1,163.01,1,164.35,1,160.17,1,30.79,1,31.59,1
202501,JOB699016272046,ID7065627298,EMP5375564641,-9,201506,,0,999909,-9,1,0,0,0,0,0,,1,201512,26.0,0,,,1,4523.75,1,237.14,-8,,1,4760.9,1,170.16,-8,,1,170.16,1,171.89,1,173.22,1,26.32,1,27.48,1
202503,JOB314919058651,ID2419049663,EMP8506716572,-9,202505,,0,999909,-9,1,1,0,0,0,0,,1,202508,12.0,0,,,1,5002.27,1,941.16,-8,,1,5943.43,1,170.07,-8,,1,170.07,1,172.29,1,170.7,1,29.03,1,34.82,1
202506,JOB678377701436,ID4549480831,EMP3495788568,-9,201905,,0,999909,-9,1,0,0,0,0,0,,1,201911,26.0,0,,,1,6415.06,1,764.74,-8,,1,7179.8,1,169.38,-8,,1,169.38,1,171.02,1,172.43,1,37.51,1,41.64,1
202607,JOB777520471167,ID2400842710,EMP1902294131,-9,201809,201901,1,201901,3,0,1,0,0,0,0,,1,201811,8.0,1,799.01,49.16,1,2663.36,-8,,1,400.82,1,3064.18,1,163.87,1,16.44105656532063,1,180.31105656532063,1,163.4,1,179.84105656532063,1,16.3,1,17.04,1
202608,JOB361832421024,ID4034471349,EMP9947174648,-9,202106,,0,999909,-9,0,0,0,0,0,0,,1,202107,4.0,0,,,1,7805.65,-8,,-8,,1,7805.65,1,161.19,-8,,1,161.19,1,163.35,1,161.67,1,47.78,1,48.28,1
202511,JOB746807154516,ID7175655125,EMP8087603859,-9,201909,,0,999909,-9,0,1,0,0,0,0,,1,201910,4.0,0,,,1,3829.48,1,242.54,-8,,1,4072.02,1,165.7,-8,,1,165.7,1,163.19,1,168.83,1,23.47,1,24.12,1
202607,JOB982146584044,ID4846773782,EMP9972787558,-9,201804,,0,999909,-9,0,0,0,0,0,0,,0,,,0,,,1,8082.43,-8,,-8,,1,8082.43,1,171.13,-8,,1,171.13,1,169.88,1,170.94,1,47.58,1,47.28,1
202412,JOB459615865780,ID7187026217,EMP9134316117,TMP7482175946,202001,,0,999909,-9,0,0,0,0,0,0,,1,202004,12.0,0,,,1,3934.96,1,648.54,-8,,1,4583.5,1,165.6,-8,,1,165.6,1,165.02,1,166.8,1,23.85,1,27.48,1
202410,JOB406409097439,ID7436713695,EMP5339421047,-9,201906,,0,999909,-9,0,0,0,0,0,0,,0,,,0,,,1,5538.08,1,248.09,-8,,1,5786.17,1,162.61,-8,,1,162.61,1,165.06,1,161.74,1,33.55,1,35.77,1
202502,JOB496513709859,ID3685160481,EMP3174612004,-9,201707,201711,1,201711,3,0,1,0,0,0,0,,0,,,0,,,1,4236.55,-8,,-8,,1,4236.55,1,172.34,-8,,1,172.34,1,172.62,1,172.94,1,24.54,1,24.5,1
202403,JOB713900532931,ID5158506431,EMP8393352904,-9,201611,201805,1,201805,5,0,0,0,0,0,0,,0,,,0,,,1,3776.62,1,767.55,-8,,1,4544.17,1,160.19,-8,,1,160.19,1,158.51,1,159.06,1,23.83,1,28.57,1
202606,JOB847007661771,ID5158506431,EMP1592124998,-9,201908,,0,999909,-9,0,1,0,0,0,0,,1,201909,6.0,0,,,1,4050.32,-8,,-8,,1,4050.32,1,161.29,-8,,1,161.29,1,163.57,1,162.26,1,24.76,1,24.96,1
202606,JOB988516560494,ID2711116152,EMP5198327315,-9,201807,,0,999909,-9,0,0,0,0,0,0,,1,201809,8.0,1,2244.69,50.39,1,7482.29,1,262.37,-8,,1,7744.66,1,167.98,-8,,1,167.98,1,164.79,1,170.86,1,45.41,1,45.33,0
202405,JOB991022901476,ID1836675254,EMP7976438156,-9,202311,,0,999909,-9,0,0,0,0,0,0,,1,202402,12.0,0,,,1,4088.78,1,329.97,-8,,1,4418.75,1,165.14,-8,,1,165.14,1,161.89,1,163.83,1,25.26,1,26.97,1
202406,JOB641605297516,ID0607159696,EMP1369681645,-9,201609,,0,999909,-9,1,1,0,0,0,0,,1,201610,6.0,0,,,1,6804.47,-8,,-8,,1,6804.47,1,166.63,-8,,1,166.63,1,165.63,1,168.14,1,41.08,1,40.47,1
202612,JOB449058147700,ID9979955271,EMP5411998679,-9,202210,,0,999909,-9,1,0,0,0,0,0,,1,202211,6.0,0,,,1,6824.29,-8,,-8,,1,6824.29,1,167.87,-8,,1,167.87,1,170.94,1,167.53,1,39.92,1,40.73,1
202606,JOB449251925462,ID6659051518,EMP9148652816,-9,201806,202504,0,999909,-9,0,0,0,0,0,0,,1,201808,8.0,0,,,1,5924.57,-8,,-8,,1,5924.57,1,173.0,-8,,1,173.0,1,171.59,1,174.99,1,34.53,1,33.86,1
202412,JOB347359774688,ID2706537947,EMP6239240758,-9,201605,,0,999909,-9,1,0,0,0,0,0,,1,201606,4.0,0,,,1,7158.18,1,506.02,-8,,1,7664.19,1,163.55,-8,,1,163.55,1,161.24,1,163.14,1,44.39,1,46.98,1
202609,JOB104328986143,ID5220472779,EMP4103697117,-9,201803,,0,999909,-9,0,0,0,0,0,0,,1,201809,26.0,0,,,1,3484.05,-8,,1,401.03,1,3885.08,1,167.99,1,12.890891679832558,1,180.88089167983256,1,167.43,1,180.32089167983256,1,20.81,1,21.55,1
202506,JOB277221704303,ID1531952058,EMP0548687403,-9,201511,,0,999909,-9,1,0,0,0,0,0,,1,201601,8.0,1,2249.1,51.12,1,7496.99,-8,,-8,,1,7496.99,1,170.39,-8,,1,170.39,1,169.71,1,169.98,1,44.18,1,44.11,1
202411,JOB275705964016,ID8451154479,EMP5820297021,-9,202401,,0,999909,-9,0,1,0,0,0,0,,1,202402,4.0,0,,,1,2856.13,-8,,-8,,1,2856.13,1,165.85,-8,,1,165.85,1,165.48,1,163.04,1,17.26,1,17.52,1
202606,JOB715518844225,ID3947312172,EMP8313237058,-9,201710,201711,4,201711,0,0,1,0,0,0,0,,-9,,,0,,,1,1729.64,-8,,1,301.7,1,2031.34,1,83.89,1,9.755415056907228,1,93.64541505690723,1,83.82,1,93.57541505690722,1,20.64,1,21.71,1
202510,JOB358414384249,ID2680182422,EMP8182992299,-9,201601,201707,1,201707,5,0,0,0,0,0,0,,1,201603,8.0,1,930.1,49.03,1,3100.32,-8,,-8,,1,3100.32,1,163.44,-8,,1,163.44,1,163.91,1,164.21,1,18.91,1,18.88,1
202606,JOB588153714732,ID7735925556,EMP1046963259,-9,202308,,0,999909,-9,0,1,0,0,1,0,,0,,,0,,,1,3794.15,1,353.22,-8,,1,4147.37,1,166.47,1,10.9,1,177.36,1,166.18,1,175.53,1,22.83,1,23.63,1
202401,JOB687849912165,ID6506098358,EMP5852398680,-9,202209,,0,999909,-9,0,0,0,0,0,0,,1,202303,26.0,0,,,1,6474.5,-8,,-8,,1,6474.5,1,171.61,1,18.97,1,190.58,1,170.37,1,189.77,1,38.0,1,34.12,0
202603,JOB289623091307,ID9409749930,EMP5626368970,-9,202508,,0,999909,-9,0,0,0,0,0,0,,0,,,0,,,1,6833.42,-8,,-8,,1,6833.42,1,172.44,-8,,1,172.44,1,172.67,1,172.76,1,39.58,1,39.55,0
202610,JOB866524041574,ID4375758441,EMP7338484219,-9,202304,,0,999909,-9,0,0,0,0,0,0,,1,202307,12.0,0,,,1,3612.95,-8,,-8,,1,3612.95,1,161.3,-8,,1,161.3,1,161.12,1,162.47,1,22.42,1,22.24,1
202605,JOB400499154788,ID9380262067,EMP7287431527,-9,201506,,0,999909,-9,1,0,0,0,0,0,,1,201507,4.0,0,,,1,5286.94,-8,,-8,,1,5286.94,1,168.77,-8,,1,168.77,1,169.52,1,169.7,1,31.19,1,31.15,1
202610,JOB268414593327,ID5499045301,EMP2795687833,-9,201609,,0,999909,-9,1,0,0,0,0,0,,1,201703,26.0,0,,,1,5414.49,-8,,-8,,1,5414.49,1,161.02,-8,,1,161.02,1,158.19,1,161.32,1,34.23,1,33.56,1
202502,JOB039106518017,ID2867908740,EMP0462265676,-9,202303,,0,999909,-9,0,0,0,0,0,0,,0,,,0,,,1,7967.02,-8,,-8,,1,7967.02,1,161.54,-8,,1,161.54,1,160.85,1,159.13,1,49.53,1,50.07,1
202411,JOB790306738302,ID3106903311,EMP8439599534,-9,201901,,0,999909,-9,0,0,0,0,0,0,,1,201907,26.0,0,,,1,5804.94,-8,,-8,,1,5804.94,1,171.44,-8,,1,171.44,1,172.3,1,170.94,1,33.69,1,33.96,1
202505,JOB435175183046,ID4270866882,-9,-9,201504,201506,-9,201506,4,2,-8,-9,0,0,0,,-9,,,-9,,,-9,,-9,,-9,,-9,,-9,,-9,,-9,,-9,,-9,,-9,,-9,,1
202407,JOB717535560932,ID5467854458,EMP0489964235,-9,202311,202505,0,999909,-9,0,1,0,0,0,1,CAE - Contrat d'appui-emploi,0,,,0,,,1,4389.44,1,748.28,-8,,1,5137.72,1,172.56,-8,,1,172.56,1,172.5,1,170.27,1,25.45,1,30.17,1
202404,JOB977008860084,ID6231203875,EMP8408621182,-9,202005,,0,999909,-9,0,0,0,0,0,0,,1,202006,4.0,1,1247.62,49.45,1,4158.74,-8,,-8,,1,4158.74,1,164.85,-8,,1,164.85,1,165.28,1,168.08,1,25.16,1,24.74,1
202603,JOB148902503926,ID6591803397,EMP1429396856,-9,201609,,0,999909,-9,1,0,0,0,0,0,,0,,,0,,,1,6377.72,-8,,-8,,1,6377.72,1,160.7,-8,,1,160.7,1,162.88,1,159.67,1,39.16,1,39.94,1
202402,JOB265511047541,ID9619431142,EMP2126788861,-9,202406,202409,0,999909,-9,0,1,0,0,0,0,,1,202407,4.0,0,,,1,3738.07,1,442.66,1,323.33,1,4504.07,1,165.04,1,9.516968980626032,1,174.55696898062604,1,167.72,1,177.23696898062605,1,22.29,1,25.41,1
202505,JOB965756924593,ID7993712406,EMP7526547935,-9,202106,,0,999909,-9,1,0,0,0,0,0,,1,202108,8.0,0,,,1,3677.86,-8,,-8,,1,3677.86,1,162.6,-8,,1,162.6,1,160.52,1,164.34,1,22.91,1,22.38,1
202612,JOB680589113529,ID4266179796,EMP0965610143,-9,202404,,0,999909,-9,0,1,0,0,0,0,,0,,,0,,,1,4643.79,-8,,-8,,1,4643.79,1,166.02,-8,,1,166.02,1,167.28,1,163.7,1,27.76,1,28.37,1
202607,JOB512382825867,ID5717751401,EMP3622660937,-9,201805,201902,1,201902,4,0,0,0,0,0,0,,0,,,0,,,1,4071.56,1,703.63,-8,,1,4775.19,1,167.51,-8,,1,167.51,1,167.75,1,166.61,1,24.27,1,28.66,1
202406,JOB286692966278,ID4991251341,-9,-9,202203,202205,-9,202205,3,2,-8,-9,0,0,0,,-9,,,-9,,,-9,,-9,,-9,,-9,,-9,,-9,,-9,,-9,,-9,,-9,,-9,,1
202408,JOB788191485807,ID0340438427,EMP8361340745,-9,201604,,0,999909,-9,1,0,0,0,0,0,,0,,,0,,,1,6111.53,-8,,-8,,1,6111.53,1,168.96,-8,,1,168.96,1,169.7,1,168.47,1,36.01,1,36.28,1
202611,JOB367294667116,ID8126042232,EMP8457759017,-9,202307,202308,1,202308,2,0,1,0,0,0,0,,0,,,1,1144.24,51.22,1,3814.12,1,867.18,-8,,1,4681.3,1,170.72,-8,,1,170.72,1,169.51,1,169.25,1,22.5,1,27.66,1
202512,JOB520643611037,ID7063242415,EMP1293870051,-9,202102,,0,999909,-9,0,0,0,1,0,0,,1,202103,4.0,0,,,1,7103.44,-8,,-8,,1,7103.44,1,161.34,-8,,1,161.34,1,160.05,1,160.58,1,44.38,1,44.24,1
202408,JOB652341389994,ID6973112196,EMP0438983640,TMP0684866618,202510,,0,999909,-9,0,0,0,0,1,0,,0,,,0,,,1,6254.4,-8,,-8,,1,6254.4,1,172.83,-8,,1,172.83,1,170.29,1,175.32,1,36.73,1,35.67,1
202609,JOB146303161799,ID2414183285,EMP0421020275,-9,201903,,0,999909,-9,1,1,0,0,0,0,,1,201909,26.0,0,,,1,5772.27,1,977.55,-8,,1,6749.81,1,169.53,1,18.5,1,188.03,1,168.41,1,187.5,1,34.28,1,36.0,1
202408,JOB220863536541,ID1380003075,EMP9518023806,TMP8505064138,201906,,0,999909,-9,1,1,0,0,0,0,,1,201907,6.0,0,,,1,5815.23,-8,,-8,,1,5815.23,1,160.1,-8,,1,160.1,1,160.51,1,158.85,1,36.23,1,36.61,0
202504,JOB571918261990,ID6702410386,EMP6234456557,-9,202402,,0,999909,-9,0,0,0,0,0,0,,0,,,0,,,1,7073.2,-8,,-8,,1,7073.2,1,165.84,-8,,1,165.84,1,163.33,1,164.9,1,43.31,1,42.89,1
202402,JOB678831712100,ID2135680442,EMP3236519941,-9,201702,202202,0,999909,-9,0,0,0,0,0,0,,1,201703,6.0,0,,,1,5835.15,-8,,-8,,1,5835.15,1,172.25,1,18.86,1,191.11,1,171.79,1,192.83,1,33.97,1,30.26,1
202606,JOB806578759856,ID8701462638,EMP4205930407,-9,201803,,0,999909,-9,1,1,0,0,0,0,,0,,,0,,,1,6455.57,-8,,-8,,1,6455.57,1,163.13,-8,,1,163.13,1,165.04,1,164.68,1,39.12,1,39.2,1
202612,JOB270103930870,ID5905992937,-9,-9,201609,201612,-9,201612,2,2,-8,-9,0,0,0,,-9,,,-9,,,-9,,-9,,-9,,-9,,-9,,-9,,-9,,-9,,-9,,-9,,-9,,1
202411,JOB422096902959,ID6752895392,EMP3917251355,-9,201611,,0,999909,-9,1,0,0,0,0,0,,0,,,0,,,1,4626.62,1,101.15,-8,,1,4727.77,1,165.81,-8,,1,165.81,1,164.15,1,162.94,1,28.19,1,29.02,1
202407,JOB152621815997,ID9327104054,EMP0629620153,-9,202305,202402,1,202402,4,0,1,0,0,0,0,,1,202311,26.0,0,,,1,3263.49,-8,,-8,,1,3263.49,1,163.09,1,13.58,1,176.66,1,165.31,1,174.22,1,19.74,1,18.73,1
202412,JOB677418625652,ID9327104054,EMP7047743490,-9,202009,,0,999909,-9,0,0,0,0,0,0,,1,202011,8.0,0,,,1,6516.15,-8,,-8,,1,6516.15,1,162.96,1,10.81,1,173.76,1,163.1,1,177.0,1,39.95,1,36.81,1
202503,JOB632945116868,ID9217223320,EMP5487099861,-9,201602,,0,999909,-9,0,0,0,0,0,0,,1,201603,6.0,1,1350.74,51.06,1,4502.46,-8,,-8,,1,4502.46,1,170.21,-8,,1,170.21,1,172.8,1,172.79,1,26.06,1,26.06,1
202609,JOB132475469137,ID3074505444,EMP3678508214,-9,202310,202310,1,202310,0,0,0,0,0,0,1,CIE - Contrat d'initiation à l'emploi,1,202401,12.0,0,,,1,3362.12,-8,,-8,,1,3362.12,1,171.38,-8,,1,171.38,1,168.34,1,168.18,1,19.97,1,19.99,0
202506,JOB293333468007,ID7985524140,EMP2290349446,-9,201911,,0,999909,-9,0,0,0,0,0,0,,1,201912,4.0,0,,,1,4950.73,-8,,-8,,1,4950.73,1,165.16,1,12.67,1,177.84,1,166.24,1,180.28,1,29.78,1,27.46,0
202503,JOB744666099353,ID4328309652,EMP8758428241,-9,202303,202511,0,999909,-9,1,0,0,0,0,0,,1,202304,4.0,1,2071.83,48.87,1,6906.11,-8,,-8,,1,6906.11,1,162.89,-8,,1,162.89,1,165.31,1,162.37,1,41.78,1,42.53,1
202607,JOB725217525007,ID6846022356,EMP4329271296,-9,202101,202301,3,202301,5,0,1,0,0,0,0,,-9,,,0,,,1,3798.67,1,709.07,-8,,1,4507.75,1,146.58,-8,,1,146.58,1,143.73,1,145.54,1,26.43,1,30.97,1
202609,JOB044789856257,ID6846022356,EMP5326033230,TMP6184992618,202501,,0,999909,-9,0,1,0,0,0,0,,1,202504,12.0,0,,,1,3883.11,-8,,1,547.28,1,4430.39,1,163.33,1,15.34624622566139,1,178.6762462256614,1,160.38,1,175.72624622566138,1,24.21,1,25.21,1
202511,JOB564208737530,ID1411739348,EMP0119721811,-9,201905,201907,4,201907,0,0,0,0,1,0,0,,-9,,,0,,,1,4314.23,-8,,1,1056.97,1,5371.2,1,108.79,1,17.768688510157617,1,126.55868851015762,1,110.32,1,128.08868851015762,1,39.11,1,41.93,0
202611,JOB415521667467,ID1411739348,EMP6212021697,-9,202010,,0,999909,-9,0,1,1,0,0,0,,1,202012,8.0,0,,,1,3703.37,-8,,-8,,1,3703.37,1,171.44,-8,,1,171.44,1,174.13,1,171.32,1,21.27,1,21.62,0
202408,JOB890028772175,ID5889163756,EMP3540838663,-9,201608,,0,999909,-9,0,0,0,0,0,0,,0,,,0,,,1,3307.58,-8,,-8,,1,3307.58,1,172.75,-8,,1,172.75,1,169.42,1,172.08,1,19.52,1,19.22,1
202504,JOB305548851027,ID0375899757,EMP2614933163,-9,201607,,0,999909,-9,1,1,0,0,0,0,,1,201701,26.0,0,,,1,6347.62,-8,,-8,,1,6347.62,1,170.89,-8,,1,170.89,1,172.75,1,170.55,1,36.74,1,37.22,1
202603,JOB934654722698,ID9221699586,-9,-9,202503,202508,-9,202508,4,2,-8,-9,0,0,0,,-9,,,-9,,,-9,,-9,,-9,,-9,,-9,,-9,,-9,,-9,,-9,,-9,,-9,,1
202611,JOB342442043805,ID8460810620,EMP7198386384,-9,202111,,0,999909,-9,0,1,0,0,0,0,,1,202201,8.0,0,,,1,4219.27,-8,,-8,,1,4219.27,1,160.7,-8,,1,160.7,1,158.79,1,163.07,1,26.57,1,25.87,1
202409,JOB294057202590,ID1228160648,EMP9479851583,-9,202109,,0,999909,-9,0,0,0,0,1,0,,1,202203,26.0,0,,,1,4507.47,-8,,-8,,1,4507.47,1,164.54,-8,,1,164.54,1,165.62,1,163.43,1,27.22,1,27.58,1
202409,JOB858877043581,ID9305616484,EMP1288013361,-9,202111,,0,999909,-9,1,0,0,0,0,0,,1,202112,6.0,0,,,1,4075.24,1,814.79,-8,,1,4890.04,1,169.71,-8,,1,169.71,1,169.43,1,168.57,1,24.05,1,29.01,1
202402,JOB491476607283,ID0919015814,EMP2684245088,-9,202109,,0,999909,-9,0,0,0,0,0,0,,1,202110,6.0,0,,,1,5116.36,-8,,-8,,1,5116.36,1,163.96,-8,,1,163.96,1,166.61,1,162.94,1,30.71,1,31.4,1
202401,JOB552314913577,ID8781414139,EMP5949299556,-9,202507,202508,1,202508,2,0,0,0,0,0,0,,1,202601,26.0,0,,,1,4768.35,-8,,-8,,1,4768.35,1,161.75,-8,,1,161.75,1,164.19,1,161.51,1,29.04,1,29.52,1
202408,JOB887256394278,ID1080996930,EMP8165803928,-9,202411,202412,0,999909,-9,0,0,0,0,0,1,PAN - Projet d'activité national,0,,,0,,,1,4091.68,-8,,-8,,1,4091.68,1,160.53,-8,,1,160.53,1,158.8,1,159.01,1,25.77,1,25.73,1
202403,JOB184638655779,ID4498926659,EMP0827231843,-9,201611,,0,999909,-9,0,0,0,0,0,0,,1,201612,6.0,0,,,1,3922.36,-8,,1,196.18,1,4118.54,1,169.36,1,5.647164970027481,1,175.0071649700275,1,169.22,1,174.8671649700275,1,23.18,1,23.55,1
202409,JOB236929298425,ID6990413797,EMP7991366210,-9,202311,,0,999909,-9,1,0,0,0,1,0,,1,202312,6.0,0,,,1,7082.15,-8,,-8,,1,7082.15,1,167.87,-8,,1,167.87,1,170.57,1,168.54,1,41.52,1,42.02,1
202403,JOB473149864300,ID0863765991,EMP9818063565,-9,201909,,0,999909,-9,0,0,0,0,0,0,,1,201912,12.0,0,,,1,5990.33,-8,,-8,,1,5990.33,1,167.95,-8,,1,167.95,1,167.27,1,165.96,1,35.81,1,36.1,1
202610,JOB026012796114,ID3721386589,EMP3519066984,-9,201711,201803,1,201803,3,0,0,0,0,0,0,,1,201712,6.0,0,,,1,3102.06,-8,,-8,,1,3102.06,1,162.62,-8,,1,162.62,1,164.6,1,161.23,1,18.85,1,19.24,1
202409,JOB895543937690,ID6693801184,-9,-9,202310,202401,-9,202401,4,2,-8,-9,0,0,0,,-9,,,-9,,,-9,,-9,,-9,,-9,,-9,,-9,,-9,,-9,,-9,,-9,,-9,,1
202604,JOB588043416518,ID9071416335,EMP2755394237,-9,201904,,0,999909,-9,0,0,0,0,0,0,,1,201910,26.0,0,,,1,3504.82,-8,,-8,,1,3504.82,1,170.87,-8,,1,170.87,1,172.78,1,168.27,1,20.28,1,20.83,1
202503,JOB678085627187,ID4728463920,EMP5003691559,-9,202210,,0,999909,-9,0,0,0,0,0,0,,1,202211,4.0,0,,,1,7547.94,1,261.9,1,927.51,1,8737.36,1,166.48,1,13.638390938119432,1,180.11839093811943,1,167.82,1,181.45839093811944,1,44.98,1,48.15,1
202406,JOB890612034717,ID7026728857,EMP5455884506,-9,202404,,0,999909,-9,1,1,0,0,0,0,,0,,,0,,,1,6313.71,-8,,-8,,1,6313.71,1,168.44,-8,,1,168.44,1,170.33,1,167.46,1,37.07,1,37.7,1
202408,JOB496475987622,ID9961125355,EMP0234132611,-9,202109,,0,999909,-9,0,0,0,0,0,0,,1,202203,26.0,0,,,1,4917.15,1,763.83,-8,,1,5680.99,1,161.35,-8,,1,161.35,1,158.67,1,164.14,1,30.99,1,34.61,0
202508,JOB968845783174,ID8487282997,EMP5642400825,-9,202208,,0,999909,-9,0,1,0,0,0,0,,1,202211,12.0,0,,,1,3042.32,-8,,-8,,1,3042.32,1,170.37,-8,,1,170.37,1,172.4,1,170.7,1,17.65,1,17.82,1
202401,JOB797497350208,ID4484631224,EMP0214427031,-9,201908,202612,0,999909,-9,0,0,0,0,0,0,,0,,,0,,,1,7035.04,1,523.13,-8,,1,7558.18,1,164.29,-8,,1,164.29,1,167.26,1,161.38,1,42.06,1,46.83,1
202401,JOB088147435031,ID0371837645,EMP3650249163,-9,202403,,0,999909,-9,0,0,0,0,0,0,,1,202409,26.0,0,,,1,8002.98,-8,,1,759.91,1,8762.89,1,163.23,1,10.33276512971985,1,173.56276512971985,1,164.45,1,174.78276512971985,1,48.67,1,50.14,1
202411,JOB873928557498,ID7306524077,EMP2182744857,TMP2203173109,201510,201704,1,201704,5,0,0,0,0,0,0,,1,201604,26.0,0,,,1,4958.19,-8,,-8,,1,4958.19,1,163.1,-8,,1,163.1,1,164.14,1,163.36,1,30.21,1,30.35,1
202604,JOB037170586509,ID6789940539,EMP4801413811,-9,202311,,0,999909,-9,0,1,0,0,0,0,,0,,,0,,,1,4321.53,-8,,-8,,1,4321.53,1,172.32,-8,,1,172.32,1,172.72,1,174.01,1,25.02,1,24.83,1
202501,JOB983684577600,ID9755855665,EMP4908240433,-9,201909,,0,999909,-9,1,0,0,0,0,0,,1,201911,8.0,0,,,1,4332.55,-8,,-8,,1,4332.55,1,172.04,-8,,1,172.04,1,168.86,1,171.04,1,25.66,1,25.33,1
202610,JOB661390604805,ID9194096105,EMP8925832067,-9,201907,,0,999909,-9,0,0,0,0,0,0,,1,201908,6.0,0,,,1,3337.78,-8,,-8,,1,3337.78,1,161.07,-8,,1,161.07,1,158.17,1,160.42,1,21.1,1,20.81,1
202603,JOB355904259792,ID3146591166,EMP7033521103,-9,201901,,0,999909,-9,1,0,0,0,0,1,PAN - Projet d'activité national,1,201907,26.0,0,,,1,4406.39,-8,,-8,,1,4406.39,1,163.97,-8,,1,163.97,1,162.86,1,165.54,1,27.06,1,26.62,1
202605,JOB510463681579,ID0439407016,EMP8123878003,-9,201701,,0,999909,-9,0,0,0,0,0,0,,0,,,0,,,1,4416.44,1,331.91,-8,,1,4748.35,1,164.62,-8,,1,164.62,1,167.89,1,167.77,1,26.31,1,28.3,1
202406,JOB578232983248,ID6893639264,EMP2629251881,-9,201701,,0,999909,-9,1,1,0,0,0,0,,1,201702,6.0,0,,,1,6321.69,-8,,-8,,1,6321.69,1,172.5,-8,,1,172.5,1,174.19,1,174.72,1,36.29,1,36.18,1
202412,JOB051728975267,ID6893639264,EMP7223306046,-9,201802,,0,999909,-9,0,1,0,0,0,0,,1,201804,8.0,0,,,1,3183.02,-8,,1,446.87,1,3629.89,1,171.27,1,16.02997669849491,1,187.29997669849493,1,170.07,1,186.0999766984949,1,18.72,1,19.51,1
202609,JOB034764472649,ID1770388608,EMP0827718129,-9,202201,,0,999909,-9,0,0,0,0,0,0,,1,202202,4.0,0,,,1,4870.06,-8,,-8,,1,4870.06,1,171.66,-8,,1,171.66,1,174.28,1,168.84,1,27.94,1,28.84,0
202504,JOB220644742123,ID9268602592,EMP0940777809,-9,202207,,0,999909,-9,0,0,0,0,0,0,,1,202208,4.0,0,,,1,6014.21,-8,,1,388.37,1,6402.58,1,167.8,1,7.223842522695355,1,175.02384252269536,1,168.12,1,175.34384252269535,1,35.77,1,36.51,1
202402,JOB014556168147,ID2249998279,EMP2145868339,-9,202302,202602,3,202602,5,0,0,0,0,0,0,,-9,,,0,,,1,4804.76,-8,,-8,,1,4804.76,1,170.82,-8,,1,170.82,1,169.36,1,171.56,1,28.37,1,28.01,1
202610,JOB660558303441,ID9343010713,EMP4488501556,-9,201704,,0,999909,-9,0,0,0,0,0,0,,0,,,0,,,1,3842.97,1,514.56,-8,,1,4357.52,1,171.99,-8,,1,171.99,1,171.81,1,168.79,1,22.37,1,25.82,1
202605,JOB568299629145,ID8803955124,EMP0461735743,-9,201504,202209,0,999909,-9,0,0,0,0,0,0,,1,201505,4.0,0,,,1,5703.14,-8,,-8,,1,5703.14,1,170.39,-8,,1,170.39,1,168.03,1,169.3,1,33.94,1,33.69,1
202602,JOB409435334485,ID8104091570,EMP7142241098,-9,202005,,0,999909,-9,0,1,0,0,0,0,,1,202008,12.0,0,,,1,3727.19,1,126.09,-8,,1,3853.29,1,167.46,-8,,1,167.46,1,166.2,1,170.09,1,22.43,1,22.65,1
202508,JOB717477332945,ID9545381792,EMP6255770171,-9,202010,,0,999909,-9,0,1,0,0,0,0,,1,202101,12.0,1,1143.16,48.4,1,3810.55,-8,,-8,,1,3810.55,1,161.34,-8,,1,161.34,1,163.25,1,160.21,1,23.34,1,23.78,1
202411,JOB975817246191,ID6695832197,EMP9657013290,-9,202110,,0,999909,-9,0,0,0,0,0,0,,0,,,0,,,1,6465.46,-8,,-8,,1,6465.46,1,162.67,-8,,1,162.67,1,161.37,1,164.59,1,40.07,1,39.28,1
202411,JOB965666683272,ID0580085140,EMP3865624220,TMP7384689500,202211,202303,1,202303,3,0,0,0,0,0,0,,1,202305,26.0,0,,,1,6966.88,-8,,-8,,1,6966.88,1,161.1,-8,,1,161.1,1,160.56,1,160.82,1,43.39,1,43.32,1
202503,JOB913718949058,ID5197128478,EMP0778795654,-9,201910,202001,2,202001,2,0,1,0,0,0,0,,-9,,,0,,,1,4255.3,-8,,-8,,1,4255.3,1,166.15,-8,,1,166.15,1,163.17,1,169.41,1,26.08,1,25.12,1
202403,JOB372805129276,ID0192927524,EMP6372395041,-9,202209,,0,999909,-9,0,1,0,0,0,0,,1,202303,26.0,0,,,1,2647.22,-8,,-8,,1,2647.22,1,169.17,-8,,1,169.17,1,166.77,1,171.68,1,15.87,1,15.42,1
202410,JOB938525800106,ID4544149673,EMP1817534430,-9,202504,202509,2,202509,4,0,0,0,0,0,0,,-9,,,0,,,1,7918.0,-8,,-8,,1,7918.0,1,169.2,1,17.85,1,187.05,1,166.7,1,188.22,1,47.5,1,42.07,1
202402,JOB044271739627,ID4654214066,EMP1286391741,-9,202201,202307,1,202307,5,0,0,0,0,0,0,,0,,,1,1443.35,50.55,1,4811.16,-8,,1,668.78,1,5479.94,1,168.49,1,15.614084780951336,1,184.10408478095135,1,167.75,1,183.36408478095134,1,28.68,1,29.89,1
202610,JOB517432806346,ID7198554601,EMP1571732030,-9,202311,,0,999909,-9,0,1,0,0,0,0,,1,202312,6.0,0,,,1,3406.12,-8,,-8,,1,3406.12,1,172.54,-8,,1,172.54,1,175.76,1,169.21,1,19.38,1,20.13,1
202603,JOB041792911179,ID1027079032,EMP9313656519,-9,201801,202001,3,202001,5,0,0,0,0,0,0,,-9,,,0,,,1,4239.64,1,319.28,-8,,1,4558.92,1,142.09,-8,,1,142.09,1,143.55,1,140.2,1,29.53,1,32.52,1
202606,JOB876329092791,ID0219467232,EMP4560833181,-9,202309,,0,999909,-9,1,1,0,0,0,0,,1,202310,4.0,0,,,1,6365.31,-8,,-8,,1,6365.31,1,168.57,-8,,1,168.57,1,166.51,1,170.57,1,38.23,1,37.32,1
202503,JOB799563531531,ID1082207811,EMP3636317970,-9,201707,,0,999909,-9,0,1,0,0,0,0,,0,,,0,,,1,2894.39,-8,,1,180.66,1,3075.05,1,169.36,1,7.047522490223042,1,176.40752249022304,1,172.58,1,179.62752249022304,1,16.77,1,17.12,1
202508,JOB740633569392,ID9298316873,EMP9060078068,-9,201608,,0,999909,-9,1,0,0,0,0,0,,1,201610,8.0,0,,,1,4817.62,-8,,-8,,1,4817.62,1,167.26,1,15.98,1,183.24,1,170.27,1,180.55,1,28.29,1,26.68,1
202602,JOB498931950850,ID6257016580,EMP1657905528,-9,201706,201707,1,201707,2,0,0,0,0,0,0,,1,201708,8.0,0,,,1,6820.3,-8,,-8,,1,6820.3,1,168.44,-8,,1,168.44,1,170.14,1,170.94,1,40.09,1,39.9,1
202611,JOB624112412723,ID7884795137,EMP8046827567,-9,201504,,0,999909,-9,0,1,0,0,0,0,,0,,,0,,,1,3296.68,-8,,-8,,1,3296.68,1,168.38,-8,,1,168.38,1,167.32,1,169.36,1,19.7,1,19.47,1
202409,JOB222310592745,ID4025472928,EMP2380552578,-9,202108,202110,2,202110,3,0,0,0,0,0,0,,-9,,,0,,,1,6272.47,1,906.38,-8,,1,7178.85,1,162.03,-8,,1,162.03,1,162.33,1,162.08,1,38.64,1,44.29,1
202610,JOB751509398343,ID1702814069,EMP0187186375,-9,202506,,0,999909,-9,0,1,0,0,0,0,,1,202509,12.0,0,,,1,4568.38,-8,,1,661.84,1,5230.22,1,164.81,1,15.917800354339725,1,180.72780035433973,1,163.39,1,179.30780035433972,1,27.96,1,29.17,1
202509,JOB961064628792,ID9912347851,EMP3264870494,-9,201801,,0,999909,-9,1,0,0,0,0,0,,1,201802,6.0,0,,,1,6052.33,-8,,-8,,1,6052.33,1,163.41,-8,,1,163.41,1,165.6,1,163.24,1,36.55,1,37.08,1
202606,JOB647158904290,ID9912347851,EMP2572520456,-9,202502,,0,999909,-9,0,1,0,0,0,1,PAN - Projet d'activité national,1,202504,8.0,0,,,1,4195.13,-8,,-8,,1,4195.13,1,162.38,1,16.29,1,178.67,1,162.67,1,181.33,1,25.79,1,23.14,1
202412,JOB816711207545,ID2132833898,EMP2798524013,-9,201704,,0,999909,-9,0,0,0,0,0,1,CIE - Contrat d'initiation à l'emploi,1,201710,26.0,0,,,1,5544.28,-8,,-8,,1,5544.28,1,165.52,-8,,1,165.52,1,162.95,1,162.34,1,34.02,1,34.15,1
202608,JOB552893891190,ID9393250124,EMP8334280138,-9,202211,202306,0,999909,-9,0,1,0,0,0,0,,1,202301,8.0,0,,,1,3215.61,-8,,-8,,1,3215.61,1,165.51,-8,,1,165.51,1,164.9,1,167.24,1,19.5,1,19.23,1
202512,JOB473864631752,ID9393250124,EMP0716781126,-9,201702,,0,999909,-9,0,0,0,0,0,0,,0,,,0,,,1,7368.32,-8,,-8,,1,7368.32,1,164.4,-8,,1,164.4,1,167.63,1,161.92,1,43.96,1,45.51,1
202608,JOB201017026952,ID6784271147,EMP4991187734,-9,202009,,0,999909,-9,0,0,0,0,0,0,,1,202011,8.0,0,,,1,7830.08,-8,,1,519.93,1,8350.01,1,172.88,1,7.653037595376357,1,180.53303759537636,1,170.25,1,177.90303759537636,1,45.99,1,46.94,1
202506,JOB796954500902,ID7889778280,EMP5590561655,-9,201811,,0,999909,-9,0,0,0,0,0,0,,1,201902,12.0,0,,,1,4886.4,-8,,-8,,1,4886.4,1,171.84,1,9.57,1,181.41,1,170.72,1,177.92,1,28.62,1,27.46,1
202608,JOB637183440496,ID7135785294,EMP3919195419,-9,201611,,0,999909,-9,0,1,0,0,0,0,,0,,,0,,,1,3499.13,-8,,-8,,1,3499.13,1,170.45,-8,,1,170.45,1,170.73,1,168.41,1,20.5,1,20.78,0
202508,JOB324665136442,ID7489690835,EMP4936312303,-9,202111,202112,4,202112,0,0,0,0,0,0,0,,-9,,,1,884.65,22.91,1,2948.82,1,750.23,-8,,1,3699.05,1,76.36,1,16.85,1,93.21,1,75.68,1,93.4,1,38.96,1,39.6,1
202601,JOB847139155963,ID1623198189,EMP6321234764,-9,201606,,0,999909,-9,0,1,0,0,0,0,,1,201612,26.0,0,,,1,3383.93,-8,,-8,,1,3383.93,1,168.88,-8,,1,168.88,1,171.44,1,171.83,1,19.74,1,19.69,1
202408,JOB645183760644,ID1623198189,EMP1343275604,-9,202007,202602,0,999909,-9,0,0,0,0,0,0,,1,202008,4.0,1,2233.36,50.72,1,7444.54,-8,,-8,,1,7444.54,1,169.08,-8,,1,169.08,1,168.08,1,169.77,1,44.29,1,43.85,1
202405,JOB242954316526,ID9112382965,EMP6930089317,-9,201701,,0,999909,-9,1,1,0,0,0,0,,0,,,0,,,1,3746.3,-8,,-8,,1,3746.3,1,167.81,1,19.37,1,187.18,1,165.59,1,187.68,1,22.62,1,19.96,1
202402,JOB204439735971,ID7626393436,EMP0725636694,-9,201808,201809,0,999909,-9,0,1,0,0,0,0,,1,201811,12.0,0,,,1,2857.0,-8,,1,197.87,1,3054.87,1,166.56,1,7.690583347561768,1,174.25058334756176,1,169.74,1,177.43058334756176,1,16.83,1,17.22,1
202506,JOB625728703203,ID0274564494,-9,-9,202308,202312,-9,202312,3,2,-8,-9,0,0,0,,-9,,,-9,,,-9,,-9,,-9,,-9,,-9,,-9,,-9,,-9,,-9,,-9,,-9,,1
202501,JOB137150416591,ID8499390892,EMP5201777490,TMP3266421476,202010,202210,3,202210,5,0,0,0,0,0,0,,-9,,,0,,,1,7043.15,-8,,-8,,1,7043.15,1,168.49,-8,,1,168.49,1,167.03,1,170.5,1,42.17,1,41.31,1
202405,JOB749961659266,ID4925158377,EMP1085732788,-9,202205,,0,999909,-9,0,0,0,0,0,0,,1,202211,26.0,0,,,1,6113.02,-8,,-8,,1,6113.02,1,168.9,-8,,1,168.9,1,167.2,1,168.41,1,36.56,1,36.3,1
202411,JOB459779452321,ID8017226016,EMP9416800610,-9,202510,,0,999909,-9,0,1,0,0,0,0,,1,202511,4.0,1,1216.37,50.41,1,4054.58,-8,,-8,,1,4054.58,1,168.04,-8,,1,168.04,1,167.1,1,169.21,1,24.26,1,23.96,1
202609,JOB227770793349,ID3683147276,-9,-9,201508,201512,-9,201512,3,2,-8,-9,0,0,0,,-9,,,-9,,,-9,,-9,,-9,,-9,,-9,,-9,,-9,,-9,,-9,,-9,,-9,,1
202503,JOB576024375738,ID6958146717,EMP3959724665,-9,201611,,0,999909,-9,0,0,0,0,0,0,,1,201612,4.0,0,,,1,8097.07,-8,,-8,,1,8097.07,1,162.59,-8,,1,162.59,1,160.0,1,162.05,1,50.61,1,49.97,1
202406,JOB508428910771,ID5619318374,EMP1991808121,-9,202209,,0,999909,-9,0,0,0,0,0,0,,1,202212,12.0,0,,,1,3962.84,-8,,-8,,1,3962.84,1,162.01,-8,,1,162.01,1,164.07,1,159.56,1,24.15,1,24.84,1
202501,JOB286326667850,ID5619318374,EMP7208115562,-9,202503,202512,0,999909,-9,0,1,0,0,0,0,,0,,,0,,,1,4056.73,-8,,-8,,1,4056.73,1,165.45,-8,,1,165.45,1,166.78,1,167.92,1,24.32,1,24.16,1
202601,JOB288431884852,ID9756341085,EMP0089434681,-9,201911,,0,999909,-9,1,0,0,0,0,0,,0,,,0,,,1,6255.79,-8,,-8,,1,6255.79,1,160.62,-8,,1,160.62,1,158.21,1,159.32,1,39.54,1,39.27,1
202510,JOB571266110627,ID4926831589,EMP3715869886,-9,202208,,0,999909,-9,0,1,0,0,0,0,,1,202209,6.0,0,,,1,4149.37,-8,,1,298.59,1,4447.97,1,170.71,1,8.189638084407788,1,178.8996380844078,1,172.15,1,180.3396380844078,1,24.1,1,24.66,1
202507,JOB229604432701,ID0821545447,EMP8510679497,-9,202403,202412,1,202412,4,0,1,0,0,0,0,,1,202406,12.0,0,,,1,4139.16,1,662.29,-8,,1,4801.45,1,168.27,-8,,1,168.27,1,169.4,1,165.91,1,24.43,1,28.94,1
202408,JOB098378018204,ID0948181398,EMP3397189569,-9,201506,,0,999909,-9,1,1,0,0,0,0,,1,201507,4.0,0,,,1,7139.42,-8,,-8,,1,7139.42,1,160.31,-8,,1,160.31,1,159.56,1,157.69,1,44.74,1,45.28,1
202610,JOB399378861405,ID4615265461,EMP7861706304,-9,202311,,0,999909,-9,0,1,0,0,0,0,,1,202402,12.0,0,,,1,4232.63,1,586.4,-8,,1,4819.02,1,167.39,-8,,1,167.39,1,169.71,1,167.39,1,24.94,1,28.79,1
202504,JOB840289141612,ID2007494653,EMP8463985547,-9,201808,202301,0,999909,-9,0,0,0,0,0,0,,0,,,1,1577.29,50.52,1,5257.65,-8,,-8,,1,5257.65,1,168.4,1,12.15,1,180.55,1,171.11,1,181.8,1,30.73,1,28.92,1
202607,JOB370304531943,ID1569562017,EMP3750479303,-9,202308,,0,999909,-9,0,0,0,0,0,0,,1,202309,6.0,1,1016.11,50.57,1,3387.03,1,158.54,-8,,1,3545.58,1,168.58,-8,,1,168.58,1,169.81,1,169.02,1,19.95,1,20.98,1
202404,JOB877580304687,ID9487060566,EMP5063519036,-9,201611,,0,999909,-9,0,0,0,0,0,0,,1,201612,4.0,0,,,1,4770.7,1,197.06,-8,,1,4967.76,1,166.24,-8,,1,166.24,1,166.85,1,167.08,1,28.59,1,29.73,1
202507,JOB704961108046,ID7911006512,EMP6196399076,-9,202402,,0,999909,-9,1,1,0,0,0,0,,0,,,0,,,1,4145.9,-8,,-8,,1,4145.9,1,170.18,-8,,1,170.18,1,169.01,1,168.08,1,24.53,1,24.67,1
202604,JOB822749545089,ID3200249685,EMP2038806533,-9,202004,,0,999909,-9,1,1,0,0,0,0,,1,202005,4.0,0,,,1,6069.39,-8,,-8,,1,6069.39,1,167.8,-8,,1,167.8,1,168.32,1,170.9,1,36.06,1,35.51,1
202405,JOB124739500334,ID5636205015,-9,-9,201511,201601,-9,201601,3,2,-8,-9,0,0,0,,-9,,,-9,,,-9,,-9,,-9,,-9,,-9,,-9,,-9,,-9,,-9,,-9,,-9,,1
202511,JOB559630993842,ID8961122338,EMP5304289731,-9,202111,,0,999909,-9,0,0,0,0,0,0,,1,202202,12.0,0,,,1,6696.54,-8,,-8,,1,6696.54,1,166.48,-8,,1,166.48,1,165.3,1,165.64,1,40.51,1,40.43,1
202403,JOB147853907895,ID3466925481,EMP6776657546,-9,201606,202009,0,999909,-9,0,1,0,0,0,0,,1,201608,8.0,0,,,1,3342.69,-8,,-8,,1,3342.69,1,167.11,1,9.15,1,176.25,1,165.29,1,173.56,1,20.22,1,19.26,0
202601,JOB826333738987,ID8404456690,EMP7515366377,-9,201705,201709,0,999909,-9,0,1,0,0,0,0,,1,201706,4.0,0,,,1,3509.62,-8,,-8,,1,3509.62,1,170.85,-8,,1,170.85,1,170.29,1,172.12,1,20.61,1,20.39,1
202408,JOB597412182097,ID9966361863,EMP0231643348,-9,201706,202307,0,999909,-9,0,0,0,0,0,0,,0,,,0,,,1,8109.69,1,883.4,-8,,1,8993.1,1,172.86,1,11.28,1,184.14,1,174.55,1,183.32,1,46.46,1,49.06,1
202407,JOB777901475469,ID3027169385,EMP2632967629,-9,201705,202505,0,999909,-9,0,1,0,0,0,0,,0,,,0,,,1,3725.05,-8,,-8,,1,3725.05,1,171.91,-8,,1,171.91,1,173.44,1,169.97,1,21.48,1,21.92,1
202608,JOB701765636004,ID3027169385,EMP1257771183,TMP8164709006,201703,201712,1,201712,4,0,0,0,0,0,0,,1,201705,8.0,0,,,1,3304.07,-8,,-8,,1,3304.07,1,161.31,-8,,1,161.31,1,161.53,1,160.6,1,20.45,1,20.57,1
202506,JOB131220681558,ID3533106005,EMP3938661331,-9,202001,,0,999909,-9,0,1,0,0,0,0,,0,,,0,,,1,2613.78,-8,,-8,,1,2613.78,1,162.86,-8,,1,162.86,1,161.42,1,163.67,1,16.19,1,15.97,1
202505,JOB997683890309,ID1956252571,EMP1436391025,-9,202501,,0,999909,-9,0,0,0,0,0,0,,1,202503,8.0,0,,,1,4867.67,-8,,1,712.9,1,5580.57,1,172.85,1,16.876696569200696,1,189.7266965692007,1,175.46,1,192.3366965692007,1,27.74,1,29.01,1
202604,JOB130232129833,ID3396852701,EMP8167423362,-9,202504,,0,999909,-9,0,1,0,0,1,0,,0,,,0,,,1,3384.61,-8,,-8,,1,3384.61,1,161.04,-8,,1,161.04,1,160.38,1,158.9,1,21.1,1,21.3,1
202610,JOB897152732300,ID9828246747,EMP8576665674,-9,201607,201801,1,201801,5,0,0,0,0,0,0,,1,201608,4.0,1,2004.45,48.76,1,6681.5,-8,,-8,,1,6681.5,1,162.52,-8,,1,162.52,1,160.93,1,165.21,1,41.52,1,40.44,1
202411,JOB201166918362,ID0249724399,EMP6448869461,-9,201705,201802,1,201802,4,0,1,0,0,0,0,,1,201708,12.0,0,,,1,4256.3,-8,,-8,,1,4256.3,1,169.09,1,7.53,1,176.61,1,169.03,1,173.77,1,25.18,1,24.49,1
202408,JOB323023467912,ID0249724399,EMP1416141509,-9,201501,201502,1,201502,2,0,0,0,0,0,0,,0,,,0,,,1,7308.81,-8,,-8,,1,7308.81,1,168.65,-8,,1,168.65,1,165.56,1,166.7,1,44.15,1,43.84,1
202410,JOB620918435797,ID5356690551,EMP8630505057,-9,201606,201610,1,201610,3,0,1,0,0,0,0,,1,201612,26.0,0,,,1,3313.72,1,228.85,-8,,1,3542.56,1,172.83,-8,,1,172.83,1,175.63,1,174.45,1,18.87,1,20.31,1
202504,JOB025643471287,ID7178333211,EMP1539915668,-9,201602,,0,999909,-9,0,0,0,0,0,0,,1,201603,4.0,0,,,1,7800.89,-8,,-8,,1,7800.89,1,172.18,-8,,1,172.18,1,169.54,1,171.27,1,46.01,1,45.55,1
202503,JOB437729420954,ID2899316087,EMP8149737460,-9,201804,,0,999909,-9,1,0,0,0,0,0,,1,201805,4.0,0,,,1,4967.25,-8,,-8,,1,4967.25,1,172.0,-8,,1,172.0,1,174.46,1,173.57,1,28.47,1,28.62,1
202508,JOB472927742333,ID4438612590,EMP0591266201,-9,202311,,0,999909,-9,0,1,0,0,0,0,,0,,,0,,,1,3195.13,-8,,-8,,1,3195.13,1,172.61,-8,,1,172.61,1,171.94,1,169.39,1,18.58,1,18.86,1
202512,JOB830999741926,ID6475011117,EMP7649215182,-9,202309,,0,999909,-9,0,1,0,0,0,0,,1,202310,4.0,0,,,1,4258.13,1,692.72,1,670.19,1,5621.05,1,170.88,1,17.9300516395758,1,188.8100516395758,1,173.06,1,190.9900516395758,1,24.6,1,29.43,1
202403,JOB084872975859,ID0118458260,EMP8831030324,-9,202005,,0,999909,-9,0,0,0,0,0,0,,1,202006,6.0,0,,,1,3843.71,-8,,-8,,1,3843.71,1,165.49,-8,,1,165.49,1,163.9,1,166.48,1,23.45,1,23.09,1
202409,JOB418186151554,ID8926256609,EMP2340163611,-9,201910,,0,999909,-9,1,1,0,0,0,0,,0,,,0,,,1,4552.49,1,143.17,-8,,1,4695.66,1,161.24,-8,,1,161.24,1,161.71,1,159.84,1,28.15,1,29.38,1
202602,JOB053967275784,ID9240822269,EMP4683414651,-9,201603,,0,999909,-9,0,0,0,0,0,0,,0,,,0,,,1,8277.6,-8,,-8,,1,8277.6,1,169.66,-8,,1,169.66,1,169.62,1,172.2,1,48.8,1,48.07,1
202505,JOB832152850676,ID0685389097,EMP2515381447,-9,202407,202408,1,202408,2,0,1,0,0,0,1,PAN - Projet d'activité national,1,202408,4.0,0,,,1,4679.32,-8,,-8,,1,4679.32,1,172.08,-8,,1,172.08,1,172.19,1,174.79,1,27.18,1,26.77,1
202408,JOB731882617024,ID0685389097,EMP3765456284,-9,201706,,0,999909,-9,0,0,0,0,0,0,,0,,,0,,,1,3176.19,-8,,-8,,1,3176.19,1,164.67,-8,,1,164.67,1,162.68,1,162.63,1,19.52,1,19.53,1
202405,JOB803056906744,ID2568621102,-9,-9,201811,201903,-9,201903,2,2,-8,-9,0,0,0,,-9,,,-9,,,-9,,-9,,-9,,-9,,-9,,-9,,-9,,-9,,-9,,-9,,-9,,1
202607,JOB310668433567,ID2312604326,EMP0860414545,-9,201701,201701,1,201701,0,0,1,0,0,0,0,,1,201702,4.0,0,,,1,2843.76,1,953.5,-8,,1,3797.25,1,169.68,-8,,1,169.68,1,169.49,1,172.45,1,16.78,1,22.02,1
202612,JOB291093371189,ID9895343961,EMP5473820236,-9,202306,202412,1,202412,5,0,1,0,0,0,0,,1,202307,6.0,0,,,1,4609.34,-8,,-8,,1,4609.34,1,168.19,1,11.54,1,179.73,1,168.07,1,179.9,1,27.43,1,25.62,1
202604,JOB320293908788,ID8812786866,EMP4434481230,-9,201903,,0,999909,-9,0,0,0,0,0,0,,1,201904,4.0,0,,,1,3037.84,-8,,-8,,1,3037.84,1,168.35,-8,,1,168.35,1,170.53,1,168.58,1,17.81,1,18.02,0
202503,JOB649837354396,ID0534240891,EMP2736527172,-9,201704,,0,999909,-9,1,0,0,0,0,0,,0,,,0,,,1,6059.74,1,164.84,-8,,1,6224.58,1,168.42,1,7.44,1,175.86,1,166.25,1,175.12,1,36.45,1,35.54,1
202402,JOB018513279724,ID0100231429,EMP5723084810,-9,202103,,0,999909,-9,0,0,0,0,0,0,,0,,,0,,,1,4044.35,-8,,-8,,1,4044.35,1,160.31,-8,,1,160.31,1,158.05,1,161.31,1,25.59,1,25.07,1
202402,JOB926249451475,ID9515109226,EMP4102252677,-9,201903,202103,3,202103,5,0,0,0,0,0,0,,-9,,,0,,,1,5454.97,-8,,-8,,1,5454.97,1,172.83,-8,,1,172.83,1,172.03,1,171.58,1,31.71,1,31.79,1
202404,JOB313503058721,ID8788361968,EMP0552472863,-9,201707,,0,999909,-9,0,1,1,0,0,0,,1,201708,4.0,0,,,1,4280.3,-8,,1,408.16,1,4688.46,1,164.83,1,10.478663274043518,1,175.30866327404354,1,165.9,1,176.37866327404353,1,25.8,1,26.58,1
202604,JOB092820667849,ID4765704120,EMP8436241862,-9,202103,,0,999909,-9,0,1,0,0,0,0,,1,202105,8.0,1,1035.61,50.36,1,3452.04,-8,,1,326.11,1,3778.14,1,167.87,1,10.572172065822093,1,178.4421720658221,1,167.71,1,178.2821720658221,1,20.58,1,21.19,1
202512,JOB990970051405,ID1390438303,EMP4683565215,-9,201701,,0,999909,-9,0,1,0,0,0,0,,1,201702,6.0,0,,,1,3993.73,1,663.36,-8,,1,4657.09,1,166.2,-8,,1,166.2,1,163.13,1,163.95,1,24.48,1,28.41,1
202405,JOB633991297102,ID8572545960,EMP4817175242,-9,201603,,0,999909,-9,0,1,0,0,0,0,,1,201605,8.0,0,,,1,3859.74,1,211.57,-8,,1,4071.31,1,163.35,-8,,1,163.35,1,161.76,1,165.81,1,23.86,1,24.55,0
202602,JOB802146296136,ID5168740903,-9,-9,202107,202109,-9,202109,3,2,-8,-9,0,0,0,,-9,,,-9,,,-9,,-9,,-9,,-9,,-9,,-9,,-9,,-9,,-9,,-9,,-9,,1
202605,JOB567303064421,ID8272359096,EMP2146147683,-9,202106,202303,0,999909,-9,0,0,0,0,0,0,,1,202109,12.0,0,,,1,3807.79,-8,,-8,,1,3807.79,1,164.54,-8,,1,164.54,1,164.38,1,165.78,1,23.16,1,22.97,1
202405,JOB072791033682,ID5027275164,EMP9635339055,-9,202302,,0,999909,-9,1,1,0,0,0,0,,0,,,0,,,1,5500.14,-8,,-8,,1,5500.14,1,172.99,-8,,1,172.99,1,171.96,1,175.26,1,31.98,1,31.38,1
202406,JOB981789046337,ID6491111096,EMP8613715766,-9,202305,,0,999909,-9,1,1,0,0,0,0,,1,202306,6.0,0,,,1,4503.71,-8,,-8,,1,4503.71,1,163.44,-8,,1,163.44,1,165.37,1,162.88,1,27.23,1,27.65,1
202501,JOB626582631281,ID6386396096,EMP9648253110,-9,201510,,0,999909,-9,0,0,0,0,0,0,,1,201511,6.0,1,2153.96,50.23,1,7179.88,1,687.27,-8,,1,7867.15,1,167.43,1,16.01,1,183.45,1,170.67,1,184.43,1,42.07,1,42.66,1
202403,JOB211753617061,ID0911791124,EMP7136657224,-9,201502,202008,0,999909,-9,0,0,0,0,0,1,CAE - Contrat d'appui-emploi,0,,,0,,,1,6274.97,-8,,-8,,1,6274.97,1,167.8,1,12.83,1,180.63,1,166.15,1,177.89,1,37.77,1,35.27,1
202607,JOB634234619942,ID4473158477,EMP3767694591,-9,202011,,0,999909,-9,0,1,0,0,0,0,,1,202012,4.0,0,,,1,4189.43,-8,,-8,,1,4189.43,1,162.17,1,12.67,1,174.84,1,162.74,1,173.4,1,25.74,1,24.16,1
202508,JOB381649383184,ID2510505379,EMP9196655330,TMP0171644556,201602,,0,999909,-9,0,0,0,0,0,0,,0,,,0,,,1,6339.61,-8,,-8,,1,6339.61,1,164.25,-8,,1,164.25,1,164.75,1,162.84,1,38.48,1,38.93,1
202405,JOB103002156321,ID5790647715,EMP3580040104,-9,202105,,0,999909,-9,0,0,0,0,0,0,,1,202111,26.0,0,,,1,7575.44,-8,,-8,,1,7575.44,1,167.58,1,9.79,1,177.37,1,165.23,1,177.97,1,45.85,1,42.57,1
202609,JOB441583311703,ID5790647715,EMP0376371539,-9,201908,,0,999909,-9,1,1,0,0,0,0,,1,201910,8.0,0,,,1,5853.05,1,460.18,-8,,1,6313.23,1,161.37,1,18.75,1,180.12,1,160.63,1,179.78,1,36.44,1,35.12,1
202410,JOB156326868507,ID7240787541,EMP4510663436,-9,202307,,0,999909,-9,0,0,0,0,0,0,,1,202310,12.0,0,,,1,3223.52,1,159.26,1,241.1,1,3623.88,1,168.4,1,8.396975235931606,1,176.7969752359316,1,166.51,1,174.9069752359316,1,19.36,1,20.72,1
202506,JOB549401289743,ID7240787541,EMP2512257207,-9,201603,201803,3,201803,5,0,0,0,0,0,0,,-9,,,0,,,1,5021.99,1,115.65,-8,,1,5137.64,1,151.62,-8,,1,151.62,1,148.59,1,153.88,1,33.8,1,33.39,1
202602,JOB545897148026,ID5775847457,EMP3257039653,-9,202502,,3,202802,5,0,1,0,0,0,0,,-9,,,1,1076.05,48.72,1,3586.82,1,711.16,-8,,1,4297.98,1,162.4,-8,,1,162.4,1,162.07,1,165.38,1,22.13,1,25.99,1
202501,JOB272849824741,ID9167954107,EMP4070349107,-9,201501,,0,999909,-9,0,0,0,0,0,1,CIE - Contrat d'initiation à l'emploi,1,201502,6.0,0,,,1,6161.52,-8,,-8,,1,6161.52,1,171.42,-8,,1,171.42,1,171.44,1,174.57,1,35.94,1,35.3,1
202611,JOB614494296592,ID9167954107,EMP3426834414,-9,202102,,0,999909,-9,0,1,0,0,0,0,,1,202108,26.0,0,,,1,3368.13,-8,,-8,,1,3368.13,1,169.02,-8,,1,169.02,1,170.28,1,168.06,1,19.78,1,20.04,1
202409,JOB787010415914,ID5298940626,EMP9750198038,-9,202203,,0,999909,-9,1,1,1,0,0,0,,1,202204,4.0,0,,,1,7328.69,-8,,-8,,1,7328.69,1,168.32,-8,,1,168.32,1,169.18,1,169.79,1,43.32,1,43.16,1
202605,JOB979162022328,ID7601467238,EMP8377441975,-9,201608,,0,999909,-9,0,1,0,0,0,0,,1,201610,8.0,0,,,1,3685.0,1,685.38,-8,,1,4370.38,1,161.93,-8,,1,161.93,1,159.47,1,161.21,1,23.11,1,27.11,1
202610,JOB957244617679,ID8358681225,EMP2988425995,-9,201601,,0,999909,-9,1,0,0,0,0,0,,0,,,0,,,1,4799.69,1,794.57,-8,,1,5594.26,1,163.01,-8,,1,163.01,1,163.01,1,164.18,1,29.44,1,34.07,1
202403,JOB762983347743,ID4101759025,EMP3268319013,-9,202007,,0,999909,-9,1,0,0,0,0,0,,1,202009,8.0,0,,,1,5614.88,1,286.73,-8,,1,5901.61,1,164.43,-8,,1,164.43,1,167.44,1,165.93,1,33.53,1,35.57,1
202608,JOB034465124189,ID1284117309,-9,-9,201911,201912,-9,201912,2,2,-8,-9,0,0,0,,-9,,,-9,,,-9,,-9,,-9,,-9,,-9,,-9,,-9,,-9,,-9,,-9,,-9,,1
202607,JOB918724010783,ID0371990516,EMP5674300038,-9,202308,202309,1,202309,1,0,1,0,0,0,0,,1,202309,6.0,1,1063.65,50.71,1,3545.51,-8,,-8,,1,3545.51,1,169.04,-8,,1,169.04,1,168.55,1,166.59,1,21.04,1,21.28,1
202605,JOB055934296711,ID8900301027,EMP1483753745,-9,201809,202312,0,999909,-9,1,1,0,0,0,0,,1,201903,26.0,0,,,1,4735.57,1,223.42,-8,,1,4958.99,1,166.54,1,18.51,1,185.05,1,167.91,1,185.95,1,28.2,1,26.67,1
202410,JOB104967066703,ID7107044964,EMP3626804085,-9,202005,,0,999909,-9,1,0,0,0,0,0,,0,,,0,,,1,6512.81,-8,,-8,,1,6512.81,1,162.82,1,15.89,1,178.7,1,163.61,1,181.32,1,39.81,1,35.92,1
202508,JOB413845960945,ID9842673204,EMP4490149542,-9,201506,,0,999909,-9,0,1,0,0,0,0,,1,201509,12.0,1,948.91,48.85,1,3163.03,1,261.82,-8,,1,3424.85,1,162.83,1,19.08,1,181.91,1,161.38,1,182.72,1,19.6,1,18.74,1
202401,JOB580935118718,ID8795083044,EMP1335956164,-9,202007,202201,1,202201,5,0,0,0,0,0,0,,1,202101,26.0,0,,,1,3227.3,-8,,-8,,1,3227.3,1,166.12,-8,,1,166.12,1,166.93,1,163.86,1,19.33,1,19.7,1
202512,JOB868180978875,ID6902611398,-9,-9,201808,201902,-9,201902,3,2,-8,-9,0,0,0,,-9,,,-9,,,-9,,-9,,-9,,-9,,-9,,-9,,-9,,-9,,-9,,-9,,-9,,1
202408,JOB392836929445,ID6902611398,EMP5116682973,-9,201909,,0,999909,-9,0,1,0,0,0,0,,0,,,0,,,1,4729.13,1,880.19,-8,,1,5609.32,1,169.66,1,5.51,1,175.17,1,169.19,1,176.5,1,27.95,1,31.78,1
202405,JOB647229812099,ID9991015767,EMP5765728941,-9,202309,,0,999909,-9,0,1,0,0,0,0,,0,,,0,,,1,2623.32,-8,,-8,,1,2623.32,1,163.71,-8,,1,163.71,1,165.39,1,166.68,1,15.86,1,15.74,1
202502,JOB388209088307,ID7732449134,EMP0534967827,-9,201608,202305,0,999909,-9,1,0,0,0,0,0,,1,201702,26.0,1,1548.13,51.37,1,5160.42,1,813.99,-8,,1,5974.41,1,171.24,-8,,1,171.24,1,172.83,1,168.61,1,29.86,1,35.43,1
202603,JOB633472727423,ID0618538003,EMP1830617893,-9,202407,,0,999909,-9,0,0,0,0,0,0,,0,,,0,,,1,4645.35,1,362.9,-8,,1,5008.25,1,168.29,-8,,1,168.29,1,169.35,1,166.14,1,27.43,1,30.14,1
202507,JOB562779630448,ID4675361275,EMP3608545667,-9,202204,,0,999909,-9,0,0,0,0,0,1,CIE - Contrat d'initiation à l'emploi,1,202206,8.0,0,,,1,4034.39,-8,,-8,,1,4034.39,1,164.01,-8,,1,164.01,1,164.49,1,161.82,1,24.53,1,24.93,1
202411,JOB342556383000,ID8108358328,EMP8186702440,-9,201801,,0,999909,-9,1,0,0,0,0,0,,1,201804,12.0,0,,,1,7191.62,-8,,-8,,1,7191.62,1,170.57,-8,,1,170.57,1,169.89,1,172.74,1,42.33,1,41.63,1
202504,JOB976461368474,ID9456804473,EMP8836076581,-9,201808,,0,999909,-9,0,0,0,0,0,0,,0,,,0,,,1,3337.57,-8,,-8,,1,3337.57,1,161.42,-8,,1,161.42,1,159.12,1,162.26,1,20.98,1,20.57,1
202612,JOB043878753577,ID0746452059,EMP8811616202,-9,201601,202303,0,999909,-9,0,1,0,0,0,0,,0,,,0,,,1,3492.75,1,491.93,-8,,1,3984.69,1,170.44,-8,,1,170.44,1,172.14,1,170.76,1,20.29,1,23.34,1
202510,JOB228705622710,ID3958947735,EMP4331875109,-9,202304,,0,999909,-9,0,0,0,0,0,0,,1,202306,8.0,0,,,1,6315.12,-8,,-8,,1,6315.12,1,172.06,-8,,1,172.06,1,174.27,1,174.6,1,36.24,1,36.17,1
202408,JOB912896599949,ID3958947735,EMP7320331922,-9,202002,202005,0,999909,-9,1,1,0,0,0,0,,0,,,0,,,1,6730.97,1,453.92,-8,,1,7184.9,1,170.49,-8,,1,170.49,1,170.3,1,169.15,1,39.52,1,42.48,1
202502,JOB205756398365,ID4268774186,-9,-9,201909,201910,-9,201910,4,2,-8,-9,0,0,1,PAN - Projet d'activité national,-9,,,-9,,,-9,,-9,,-9,,-9,,-9,,-9,,-9,,-9,,-9,,-9,,-9,,1
202606,JOB092221610705,ID9079772781,EMP1843905529,TMP4851579197,202107,202201,2,202201,4,0,0,0,0,0,0,,-9,,,0,,,1,3327.3,-8,,-8,,1,3327.3,1,160.84,-8,,1,160.84,1,160.85,1,162.32,1,20.69,1,20.5,1
202512,JOB713432406424,ID1212590203,EMP2956334324,-9,202010,,0,999909,-9,0,1,0,0,0,0,,1,202101,12.0,0,,,1,4565.45,-8,,-8,,1,4565.45,1,166.8,-8,,1,166.8,1,168.05,1,164.6,1,27.17,1,27.74,1
202505,JOB272795596905,ID4183437401,EMP1502675512,-9,201508,,0,999909,-9,0,1,0,0,0,0,,1,201511,12.0,0,,,1,3110.34,-8,,-8,,1,3110.34,1,167.72,-8,,1,167.72,1,169.27,1,167.54,1,18.38,1,18.56,1
202404,JOB839225014257,ID4969028249,EMP6270232441,-9,202102,,0,999909,-9,1,0,0,0,0,0,,1,202105,12.0,0,,,1,5054.9,-8,,-8,,1,5054.9,1,168.9,-8,,1,168.9,1,168.05,1,168.75,1,30.08,1,29.95,1
202610,JOB265469681579,ID4969028249,EMP0392355580,-9,201611,,0,999909,-9,1,1,0,0,0,0,,1,201702,12.0,0,,,1,6017.27,-8,,-8,,1,6017.27,1,162.44,-8,,1,162.44,1,162.02,1,161.4,1,37.14,1,37.28,1
202511,JOB707660464197,ID1516025298,EMP8575851268,-9,202405,,0,999909,-9,0,0,0,0,0,0,,0,,,0,,,1,3709.42,-8,,-8,,1,3709.42,1,169.46,-8,,1,169.46,1,166.4,1,167.98,1,22.29,1,22.08,1
202501,JOB863218122764,ID5607540915,EMP5793897015,-9,202502,,3,202802,5,0,1,0,0,0,0,,-9,,,0,,,1,2719.65,-8,,-8,,1,2719.65,1,172.35,1,18.91,1,191.26,1,174.07,1,190.67,1,15.62,1,14.26,1
202404,JOB642480962440,ID4988305973,EMP6306244795,-9,201802,201811,1,201811,4,0,0,0,0,0,0,,1,201805,12.0,0,,,1,5199.21,-8,,1,461.71,1,5660.93,1,170.75,1,10.108939668496266,1,180.85893966849628,1,171.67,1,181.77893966849626,1,30.29,1,31.14,1
202602,JOB577029929596,ID9178513854,EMP6048736826,-9,201610,,0,999909,-9,0,0,0,0,0,0,,0,,,0,,,1,4974.14,1,910.41,-8,,1,5884.55,1,169.97,-8,,1,169.97,1,173.23,1,170.31,1,28.71,1,34.55,1
202510,JOB572169666309,ID3677472264,EMP3299819960,-9,202211,,0,999909,-9,0,0,0,0,0,0,,0,,,0,,,1,5508.35,1,921.89,-8,,1,6430.23,1,160.3,-8,,1,160.3,1,162.15,1,159.59,1,33.97,1,40.29,1
202601,JOB952371006876,ID9773973278,EMP1648198077,-9,201506,,0,999909,-9,0,1,0,0,0,0,,0,,,0,,,1,4387.54,-8,,-8,,1,4387.54,1,168.18,-8,,1,168.18,1,170.11,1,165.51,1,25.79,1,26.51,1
202412,JOB494902284035,ID5177345475,EMP9544294774,-9,201703,,0,999909,-9,1,1,0,0,0,0,,0,,,0,,,1,4150.85,1,427.75,-8,,1,4578.6,1,163.34,-8,,1,163.34,1,165.64,1,163.89,1,25.06,1,27.94,1
202602,JOB153433249135,ID8567287276,-9,-9,202302,202305,-9,202305,4,2,-8,-9,0,0,0,,-9,,,-9,,,-9,,-9,,-9,,-9,,-9,,-9,,-9,,-9,,-9,,-9,,-9,,1
202408,JOB312840333997,ID2337209484,EMP7180513717,-9,201810,,0,999909,-9,0,0,0,0,0,0,,1,201901,12.0,0,,,1,5150.19,-8,,-8,,1,5150.19,1,160.12,-8,,1,160.12,1,162.72,1,161.53,1,31.65,1,31.88,1
202509,JOB127058772216,ID4448354884,EMP4175823133,-9,202202,202211,1,202211,4,0,0,0,0,0,0,,1,202208,26.0,0,,,1,4992.5,1,242.15,-8,,1,5234.65,1,162.73,-8,,1,162.73,1,161.59,1,160.73,1,30.9,1,32.57,1
202604,JOB606065274033,ID4524555746,EMP4450566588,-9,202409,,0,999909,-9,1,1,0,0,0,0,,1,202412,12.0,0,,,1,6227.89,-8,,-8,,1,6227.89,1,161.39,-8,,1,161.39,1,160.26,1,161.26,1,38.86,1,38.62,1
202508,JOB622949381735,ID5485741721,EMP9848840215,-9,201803,,0,999909,-9,1,0,0,0,0,0,,1,201806,12.0,1,1388.0,49.8,1,4626.68,-8,,-8,,1,4626.68,1,165.99,-8,,1,165.99,1,167.17,1,167.35,1,27.68,1,27.65,1
202610,JOB191818281979,ID9608587495,EMP3164772512,-9,202101,,0,999909,-9,0,1,0,0,0,0,,1,202104,12.0,0,,,1,3335.97,1,300.6,-8,,1,3636.57,1,160.08,-8,,1,160.08,1,157.0,1,158.32,1,21.25,1,22.97,1
202612,JOB851553334264,ID3234210890,EMP3350271607,-9,202207,,0,999909,-9,0,1,0,0,0,0,,0,,,0,,,1,3681.4,1,288.67,-8,,1,3970.07,1,167.67,1,19.54,1,187.21,1,167.72,1,187.8,1,21.95,1,21.14,1
202401,JOB416431670450,ID8170066615,EMP2329028227,-9,202505,,0,999909,-9,0,1,0,0,0,0,,1,202506,4.0,0,,,1,2968.86,-8,,-8,,1,2968.86,1,170.7,-8,,1,170.7,1,168.48,1,170.83,1,17.62,1,17.38,1
202505,JOB982210531611,ID0050702608,EMP7768729047,-9,202010,,0,999909,-9,0,0,0,0,0,0,,1,202011,4.0,0,,,1,4158.23,1,948.06,-8,,1,5106.29,1,166.21,-8,,1,166.21,1,168.55,1,164.19,1,24.67,1,31.1,1
202408,JOB906032020326,ID7988942565,EMP5097753967,-9,201605,,0,999909,-9,0,1,0,0,0,0,,1,201607,8.0,1,1320.38,51.6,1,4401.28,-8,,-8,,1,4401.28,1,172.01,-8,,1,172.01,1,174.71,1,170.33,1,25.19,1,25.84,1
202609,JOB182683230358,ID7118425476,EMP9298808583,-9,202503,,0,999909,-9,0,0,0,0,0,0,,1,202506,12.0,0,,,1,7913.05,-8,,-8,,1,7913.05,1,162.94,-8,,1,162.94,1,164.35,1,163.21,1,48.15,1,48.48,1
202503,JOB227236266933,ID0148439910,EMP5134261923,-9,201511,201512,1,201512,1,0,1,0,0,0,0,,1,201512,6.0,0,,,1,3499.62,-8,,-8,,1,3499.62,1,166.82,-8,,1,166.82,1,167.47,1,165.03,1,20.9,1,21.21,1
202608,JOB995376601444,ID4176927438,EMP8564510173,-9,201902,202609,0,999909,-9,0,0,0,0,0,0,,0,,,0,,,1,5168.19,-8,,-8,,1,5168.19,1,170.89,-8,,1,170.89,1,171.02,1,173.79,1,30.22,1,29.74,1
202611,JOB603920514607,ID6605779806,EMP4555347057,-9,201809,201906,1,201906,4,0,1,0,0,0,0,,1,201810,6.0,0,,,1,2972.91,-8,,1,272.1,1,3245.01,1,168.43,1,10.277070509240335,1,178.70707050924034,1,170.13,1,180.40707050924033,1,17.47,1,17.99,1
202507,JOB139488488269,ID6347557522,EMP1311964258,-9,201910,,0,999909,-9,0,0,0,0,0,0,,1,201911,6.0,1,1131.1,49.26,1,3770.32,-8,,1,288.17,1,4058.49,1,164.21,1,8.367029037317034,1,172.57702903731703,1,166.35,1,174.71702903731702,1,22.66,1,23.23,1
202612,JOB969645465535,ID9776889362,EMP8512538921,-9,202404,,0,999909,-9,0,1,0,0,0,0,,1,202405,4.0,1,1344.79,51.81,1,4482.63,-8,,-8,,1,4482.63,1,172.69,-8,,1,172.69,1,170.79,1,171.1,1,26.25,1,26.2,1
202410,JOB263748453986,ID2151494097,EMP2895090591,-9,201704,,0,999909,-9,0,0,0,0,0,0,,1,201707,12.0,0,,,1,8115.68,-8,,-8,,1,8115.68,1,170.06,-8,,1,170.06,1,172.34,1,166.86,1,47.09,1,48.64,1
202501,JOB351571840908,ID1452647124,EMP0512080056,-9,202410,,0,999909,-9,1,0,0,0,0,0,,0,,,0,,,1,4659.24,-8,,-8,,1,4659.24,1,172.42,-8,,1,172.42,1,173.26,1,170.23,1,26.89,1,27.37,1
202504,JOB982173929578,ID7090814415,EMP6718153523,-9,201506,,0,999909,-9,1,1,0,0,0,0,,1,201512,26.0,0,,,1,4139.34,-8,,-8,,1,4139.34,1,170.54,-8,,1,170.54,1,171.96,1,172.85,1,24.07,1,23.95,1
202507,JOB879647408031,ID3466661707,EMP4998250800,TMP6314035263,201511,201811,3,201811,5,0,1,0,0,0,0,,-9,,,0,,,1,4228.47,1,954.97,-8,,1,5183.44,1,157.29,-8,,1,157.29,1,156.48,1,158.54,1,27.02,1,32.69,1
202408,JOB434606664374,ID6022939469,EMP9060723111,TMP6211369572,201705,202305,0,999909,-9,0,1,0,0,0,0,,1,201708,12.0,0,,,1,3345.84,-8,,-8,,1,3345.84,1,163.72,-8,,1,163.72,1,162.16,1,165.43,1,20.63,1,20.23,1
202605,JOB425730662481,ID0833509025,EMP3235707139,-9,202001,,0,999909,-9,0,0,1,0,0,0,,1,202004,12.0,0,,,1,7910.98,-8,,1,470.62,1,8381.59,1,165.33,1,6.556888969724991,1,171.886888969725,1,166.11,1,172.666888969725,1,47.62,1,48.54,1
202401,JOB379457727853,ID8107964967,EMP2426425064,-9,202304,202510,1,202510,6,0,0,0,0,0,0,,1,202306,8.0,0,,,1,5361.29,-8,,-8,,1,5361.29,1,170.92,-8,,1,170.92,1,173.94,1,170.38,1,30.82,1,31.47,1
202411,JOB957865436271,ID8107964967,EMP8749603358,-9,201708,,0,999909,-9,0,0,0,0,0,0,,1,201711,12.0,0,,,1,5945.28,1,461.69,-8,,1,6406.97,1,165.02,-8,,1,165.02,1,163.52,1,166.64,1,36.36,1,38.45,1
202409,JOB532341595977,ID8011100051,-9,-9,202103,202108,-9,202108,4,2,-8,-9,0,0,0,,-9,,,-9,,,-9,,-9,,-9,,-9,,-9,,-9,,-9,,-9,,-9,,-9,,-9,,1
202606,JOB579927079551,ID7102676720,EMP5122946213,-9,201606,201703,1,201703,4,0,1,0,0,0,0,,0,,,0,,,1,4188.0,1,352.22,-8,,1,4540.22,1,160.21,-8,,1,160.21,1,159.68,1,158.09,1,26.23,1,28.72,1
202505,JOB046376604655,ID0471580290,EMP8665254837,-9,202502,,0,999909,-9,0,0,0,1,1,0,,1,202503,4.0,0,,,1,7256.49,1,259.4,1,863.32,1,8379.2,1,171.2,1,13.578632116480588,1,184.77863211648057,1,167.93,1,181.50863211648058,1,43.21,1,46.16,1
202601,JOB106330165837,ID7519102312,EMP3792749072,-9,201903,202103,3,202103,5,0,0,0,0,0,0,,-9,,,0,,,1,3785.61,-8,,-8,,1,3785.61,1,163.19,1,7.81,1,171.0,1,162.03,1,174.37,1,23.36,1,21.71,1
202604,JOB617015959194,ID4421017509,EMP5757574758,-9,202007,,0,999909,-9,0,1,0,0,0,0,,0,,,0,,,1,4328.6,-8,,-8,,1,4328.6,1,164.22,-8,,1,164.22,1,167.14,1,163.58,1,25.9,1,26.46,1
202402,JOB245307624843,ID5062292310,-9,-9,202210,202301,-9,202301,2,2,-8,-9,0,0,0,,-9,,,-9,,,-9,,-9,,-9,,-9,,-9,,-9,,-9,,-9,,-9,,-9,,-9,,1
202511,JOB259710756335,ID4969192845,EMP3574859532,-9,202410,202412,2,202412,2,0,1,0,0,0,0,,-9,,,1,1019.07,50.2,1,3396.9,1,389.49,-8,,1,3786.39,1,167.32,-8,,1,167.32,1,166.07,1,169.87,1,20.45,1,22.29,1
202512,JOB782457598339,ID4250733055,EMP9140388436,-9,201505,,0,999909,-9,1,0,0,0,0,0,,1,201506,6.0,0,,,1,6528.33,-8,,-8,,1,6528.33,1,163.85,1,14.66,1,178.51,1,163.33,1,177.57,1,39.97,1,36.76,1
202403,JOB568065625904,ID2925010587,EMP5990802711,-9,201802,,0,999909,-9,0,0,0,0,0,0,,1,201803,6.0,0,,,1,5826.92,-8,,-8,,1,5826.92,1,164.4,-8,,1,164.4,1,166.05,1,164.35,1,35.09,1,35.45,1
202406,JOB285566084706,ID0800370033,EMP8103903397,-9,202406,,0,999909,-9,1,0,0,0,0,0,,0,,,0,,,1,5999.31,1,436.87,-8,,1,6436.18,1,165.16,-8,,1,165.16,1,161.91,1,166.01,1,37.05,1,38.77,1
202504,JOB798632106133,ID0800370033,EMP9439457039,TMP0040476921,201803,202108,0,999909,-9,0,1,0,0,0,0,,0,,,1,1372.33,50.81,1,4574.45,-8,,-8,,1,4574.45,1,169.36,-8,,1,169.36,1,168.62,1,171.08,1,27.13,1,26.74,1
202612,JOB424731072011,ID3365146040,EMP3798440971,-9,202507,,0,999909,-9,0,1,0,0,0,0,,0,,,0,,,1,4424.97,-8,,-8,,1,4424.97,1,165.62,-8,,1,165.62,1,163.47,1,162.4,1,27.07,1,27.25,1
202608,JOB957782558825,ID7009687304,EMP5629657542,-9,202102,,0,999909,-9,0,0,0,0,0,0,,0,,,0,,,1,7489.77,1,138.48,-8,,1,7628.25,1,164.33,-8,,1,164.33,1,164.11,1,165.99,1,45.64,1,45.96,1
202601,JOB482357155868,ID3616188081,EMP6395613723,-9,202302,,0,999909,-9,1,0,0,0,0,0,,1,202303,4.0,1,1359.64,50.71,1,4532.14,-8,,-8,,1,4532.14,1,169.03,-8,,1,169.03,1,170.76,1,167.7,1,26.54,1,27.03,0
202407,JOB997990707550,ID6560945653,EMP4768169957,-9,201608,,0,999909,-9,0,0,0,0,0,0,,0,,,0,,,1,5243.15,-8,,-8,,1,5243.15,1,161.08,-8,,1,161.08,1,162.47,1,163.8,1,32.27,1,32.01,1
202504,JOB680491872742,ID2908718274,EMP0495612137,TMP7560858167,202503,202512,1,202512,4,0,0,0,0,0,0,,0,,,0,,,1,5538.74,-8,,-8,,1,5538.74,1,163.93,-8,,1,163.93,1,166.33,1,164.48,1,33.3,1,33.67,1
202404,JOB321021923785,ID6861114576,EMP8471296180,-9,202101,,0,999909,-9,0,1,0,0,0,0,,0,,,0,,,1,4512.44,1,928.66,-8,,1,5441.1,1,170.25,1,14.99,1,185.23,1,170.83,1,181.59,1,26.41,1,29.96,1
202611,JOB653460605603,ID1228217819,EMP5679327986,-9,201908,,0,999909,-9,0,1,0,0,0,0,,1,201910,8.0,0,,,1,4230.76,-8,,1,346.46,1,4577.22,1,167.8,1,9.160841486595645,1,176.96084148659565,1,168.21,1,177.37084148659565,1,25.15,1,25.81,1
202505,JOB889144449835,ID9899927517,EMP5393543586,-9,201810,202012,0,999909,-9,0,1,0,0,0,0,,1,201812,8.0,0,,,1,2933.53,-8,,-8,,1,2933.53,1,162.47,-8,,1,162.47,1,163.85,1,162.81,1,17.9,1,18.02,1
202509,JOB367497852491,ID9899927517,EMP4168601347,-9,202407,,0,999909,-9,0,0,0,0,0,0,,0,,,0,,,1,5526.51,-8,,1,328.39,1,5854.9,1,172.76,1,6.843748952597557,1,179.60374895259756,1,172.69,1,179.53374895259756,1,32.0,1,32.61,1
202402,JOB333999485320,ID6309001594,EMP8953263890,-9,201908,,0,999909,-9,0,0,0,0,0,0,,1,202002,26.0,0,,,1,4027.39,1,196.65,-8,,1,4224.04,1,170.99,-8,,1,170.99,1,170.71,1,168.7,1,23.59,1,25.04,1
202505,JOB855078967935,ID2696084376,EMP2196263355,-9,201807,,0,999909,-9,0,1,0,0,0,0,,1,201808,4.0,0,,,1,2813.09,-8,,1,332.08,1,3145.17,1,172.49,1,13.574847692085521,1,186.06484769208552,1,172.93,1,186.50484769208552,1,16.27,1,16.86,1
202505,JOB650312198041,ID4722398983,EMP8472426423,-9,201610,,0,999909,-9,0,1,0,0,0,0,,1,201611,4.0,0,,,1,3250.95,-8,,-8,,1,3250.95,1,170.18,-8,,1,170.18,1,172.68,1,171.82,1,18.83,1,18.92,1
202412,JOB248088062207,ID1785228230,EMP2239594737,-9,202510,,0,999909,-9,0,0,0,0,0,0,,0,,,0,,,1,7280.31,-8,,-8,,1,7280.31,1,172.78,1,9.31,1,182.09,1,172.98,1,182.01,1,42.09,1,40.0,1
202403,JOB541966645057,ID4862872031,EMP3036279246,-9,202205,,0,999909,-9,0,1,0,0,0,0,,1,202207,8.0,0,,,1,4654.12,1,230.98,-8,,1,4885.1,1,169.27,-8,,1,169.27,1,167.27,1,166.77,1,27.82,1,29.29,1
202501,JOB201284008385,ID8870715534,EMP0765975954,-9,202402,202507,0,999909,-9,1,1,0,0,0,0,,1,202405,12.0,0,,,1,3778.69,-8,,-8,,1,3778.69,1,160.47,-8,,1,160.47,1,161.94,1,160.9,1,23.33,1,23.48,1
202608,JOB300402369362,ID8870715534,EMP6894301204,-9,201808,202011,0,999909,-9,1,1,0,0,0,0,,0,,,0,,,1,6256.48,-8,,-8,,1,6256.48,1,161.49,-8,,1,161.49,1,163.5,1,160.47,1,38.27,1,38.99,1
202510,JOB847609441283,ID9849330674,EMP3372188566,-9,201710,,0,999909,-9,0,1,0,0,0,0,,1,201711,6.0,0,,,1,4132.21,1,525.86,1,734.58,1,5392.65,1,160.86,1,19.06391032454149,1,179.9239103245415,1,163.37,1,182.4339103245415,1,25.29,1,29.56,1
202502,JOB102867120072,ID3925295961,EMP0245591024,-9,201510,,0,999909,-9,0,0,0,0,0,0,,1,201601,12.0,0,,,1,4521.18,1,853.16,1,565.26,1,5939.6,1,170.26,1,14.191054472823984,1,184.45105447282398,1,172.47,1,186.661054472824,1,26.21,1,31.82,1
202512,JOB663453372201,ID0652775844,EMP0912172214,-9,202207,,0,999909,-9,0,1,0,0,0,0,,1,202210,12.0,0,,,1,4109.94,-8,,-8,,1,4109.94,1,168.69,-8,,1,168.69,1,170.24,1,167.36,1,24.14,1,24.56,1
202506,JOB246175202389,ID6572565920,EMP7432600559,-9,202304,,0,999909,-9,0,0,0,0,0,1,PAN - Projet d'activité national,0,,,0,,,1,5149.97,-8,,-8,,1,5149.97,1,168.84,-8,,1,168.84,1,170.49,1,167.31,1,30.21,1,30.78,0
202501,JOB993593744039,ID7045069176,EMP4640830373,-9,201909,202209,3,202209,5,0,0,0,0,0,0,,-9,,,0,,,1,4352.14,-8,,1,826.99,1,5179.13,1,156.56,1,19.833025848140146,1,176.39302584814016,1,158.4,1,178.23302584814016,1,27.48,1,29.06,1
202502,JOB528306153701,ID7045069176,EMP2424462632,-9,201905,202002,0,999909,-9,1,0,0,0,0,0,,0,,,0,,,1,6838.46,-8,,-8,,1,6838.46,1,171.35,-8,,1,171.35,1,167.95,1,169.57,1,40.72,1,40.33,1
202410,JOB091122528837,ID9415152638,EMP5056618632,-9,201604,201701,1,201701,4,0,1,0,0,0,0,,1,201606,8.0,0,,,1,4473.88,1,269.27,-8,,1,4743.15,1,167.25,-8,,1,167.25,1,166.06,1,166.37,1,26.94,1,28.51,1
202405,JOB988192778851,ID9415152638,EMP9053486401,-9,201907,201908,4,201908,1,0,0,0,0,0,0,,-9,,,0,,,1,3767.24,-8,,-8,,1,3767.24,1,110.98,-8,,1,110.98,1,113.09,1,110.38,1,33.31,1,34.13,1
202601,JOB130448818984,ID1511455129,EMP8416046154,TMP3228360849,202401,,0,999909,-9,0,1,0,0,0,0,,1,202403,8.0,0,,,1,2807.23,-8,,-8,,1,2807.23,1,160.55,-8,,1,160.55,1,159.95,1,158.03,1,17.55,1,17.76,1
202603,JOB452696944391,ID3783063963,EMP6497016934,-9,202402,,1,202608,6,0,0,0,0,1,0,,1,202403,6.0,0,,,1,6451.04,1,296.32,-8,,1,6747.36,1,161.72,1,19.97,1,181.69,1,163.31,1,183.37,1,39.5,1,36.8,1
202405,JOB533774604067,ID1556684732,EMP2007843614,-9,201508,,0,999909,-9,0,1,0,0,0,0,,0,,,0,,,1,2897.16,-8,,-8,,1,2897.16,1,160.85,-8,,1,160.85,1,159.58,1,159.08,1,18.15,1,18.21,1
202609,JOB846019134438,ID8821458414,EMP9982780205,-9,202204,,0,999909,-9,0,1,0,0,0,0,,1,202210,26.0,0,,,1,3047.53,-8,,-8,,1,3047.53,1,169.37,-8,,1,169.37,1,170.7,1,167.83,1,17.85,1,18.16,1
202502,JOB236037681187,ID3857368011,-9,-9,202510,202602,-9,202602,2,2,-8,-9,0,0,0,,-9,,,-9,,,-9,,-9,,-9,,-9,,-9,,-9,,-9,,-9,,-9,,-9,,-9,,1
202412,JOB118939406557,ID3074820736,EMP8201904322,-9,201804,,0,999909,-9,0,1,0,0,0,0,,0,,,0,,,1,3951.15,-8,,-8,,1,3951.15,1,160.8,-8,,1,160.8,1,161.56,1,157.78,1,24.46,1,25.04,1
202505,JOB616324888995,ID2508261123,EMP7298937629,-9,201504,,0,999909,-9,0,1,0,0,0,0,,1,201505,4.0,0,,,1,4328.8,1,148.41,-8,,1,4477.21,1,170.04,-8,,1,170.04,1,167.26,1,170.6,1,25.88,1,26.24,1
202512,JOB588144582206,ID3230898138,EMP7323182971,-9,202008,,0,999909,-9,0,1,0,0,0,0,,1,202010,8.0,0,,,1,2739.16,-8,,1,407.38,1,3146.54,1,172.91,1,17.143962240564456,1,190.05396224056446,1,169.68,1,186.82396224056447,1,16.14,1,16.84,1
202507,JOB844421829987,ID7850902556,EMP4781224890,-9,202201,,0,999909,-9,0,0,0,0,0,0,,1,202204,12.0,0,,,1,4629.58,-8,,-8,,1,4629.58,1,160.04,-8,,1,160.04,1,158.41,1,159.05,1,29.23,1,29.11,1
202409,JOB336998795098,ID0542960807,-9,-9,201505,201511,-9,201511,4,2,-8,-9,0,0,0,,-9,,,-9,,,-9,,-9,,-9,,-9,,-9,,-9,,-9,,-9,,-9,,-9,,-9,,1
202505,JOB428946420362,ID3816432126,-9,-9,202507,202509,-9,202509,3,2,-8,-9,0,0,0,,-9,,,-9,,,-9,,-9,,-9,,-9,,-9,,-9,,-9,,-9,,-9,,-9,,-9,,1
202611,JOB898803153888,ID2430176464,EMP2452790504,-9,201804,201910,1,201910,5,0,0,0,0,0,0,,0,,,0,,,1,6349.96,-8,,1,878.87,1,7228.83,1,172.61,1,15.926765228272842,1,188.53676522827286,1,170.5,1,186.42676522827284,1,37.24,1,38.78,1
202401,JOB530601198756,ID0933913732,EMP1786880023,-9,202102,,0,999909,-9,0,0,0,0,0,0,,1,202105,12.0,0,,,1,5657.4,-8,,-8,,1,5657.4,1,166.81,1,15.33,1,182.14,1,165.7,1,183.13,1,34.14,1,30.89,1
202507,JOB368750926322,ID1491189418,EMP3998213745,-9,201505,,0,999909,-9,0,1,0,0,0,0,,1,201508,12.0,0,,,1,4169.48,-8,,-8,,1,4169.48,1,165.29,-8,,1,165.29,1,167.47,1,166.16,1,24.9,1,25.09,1
202608,JOB062715312345,ID0308356691,EMP5068826917,-9,201710,,0,999909,-9,0,1,0,0,0,0,,0,,,0,,,1,3296.65,-8,,-8,,1,3296.65,1,170.81,-8,,1,170.81,1,173.97,1,168.18,1,18.95,1,19.6,1
202610,JOB090859914492,ID6033591015,EMP0749269996,-9,202505,,0,999909,-9,1,1,0,0,0,0,,1,202511,26.0,0,,,1,7481.26,-8,,-8,,1,7481.26,1,167.86,-8,,1,167.86,1,169.4,1,169.06,1,44.16,1,44.25,1
202604,JOB266980690872,ID8499323123,EMP6176072348,-9,202511,,0,999909,-9,0,0,0,0,0,0,,1,202601,8.0,0,,,1,6056.94,1,836.9,-8,,1,6893.84,1,168.45,-8,,1,168.45,1,168.59,1,169.51,1,35.93,1,40.67,1
202509,JOB696561308761,ID8269582641,EMP2385951434,-9,201909,,0,999909,-9,0,0,0,0,0,0,,1,201912,12.0,0,,,1,3085.34,-8,,-8,,1,3085.34,1,171.11,-8,,1,171.11,1,168.81,1,172.84,1,18.28,1,17.85,1
202605,JOB915076283976,ID9500168094,EMP2053440777,-9,202203,,0,999909,-9,0,1,0,0,0,0,,0,,,0,,,1,2809.5,-8,,-8,,1,2809.5,1,168.73,-8,,1,168.73,1,167.68,1,169.1,1,16.76,1,16.61,1
202407,JOB255235617817,ID0688413337,EMP0321192061,-9,202506,,0,999909,-9,0,1,0,0,0,0,,1,202512,26.0,0,,,1,3524.74,-8,,-8,,1,3524.74,1,167.1,-8,,1,167.1,1,166.27,1,165.03,1,21.2,1,21.36,1
202609,JOB812778221021,ID1644037341,EMP7982134862,-9,202510,,1,202602,3,0,1,0,0,0,0,,0,,,0,,,1,2900.85,-8,,-8,,1,2900.85,1,171.27,-8,,1,171.27,1,173.48,1,169.51,1,16.72,1,17.11,1
202411,JOB820506821223,ID8661770673,EMP5521650587,TMP2205093869,201609,,0,999909,-9,0,0,0,0,0,0,,0,,,0,,,1,5249.42,-8,,1,678.05,1,5927.47,1,160.95,1,13.859490662916693,1,174.8094906629167,1,159.83,1,173.6894906629167,1,32.84,1,34.13,1
202404,JOB484249598811,ID8661770673,EMP4578870715,-9,202108,,0,999909,-9,1,0,0,0,0,0,,1,202111,12.0,0,,,1,5410.48,-8,,-8,,1,5410.48,1,167.01,-8,,1,167.01,1,164.92,1,169.91,1,32.81,1,31.84,1
202606,JOB062350405669,ID2258937085,EMP5790012482,-9,201905,,0,999909,-9,1,1,0,0,0,0,,1,201911,26.0,0,,,1,6728.27,1,674.47,-8,,1,7402.74,1,165.11,-8,,1,165.11,1,163.1,1,164.14,1,41.25,1,45.1,1
202501,JOB725629269335,ID9156241528,-9,-9,202209,202212,-9,202212,3,2,-8,-9,0,0,0,,-9,,,-9,,,-9,,-9,,-9,,-9,,-9,,-9,,-9,,-9,,-9,,-9,,-9,,1
202603,JOB385934015364,ID4918911797,EMP1547155313,-9,202108,202205,1,202205,4,0,1,0,0,0,0,,1,202109,4.0,0,,,1,2532.05,-8,,-8,,1,2532.05,1,161.27,-8,,1,161.27,1,160.93,1,160.09,1,15.73,1,15.82,1
202503,JOB238885622586,ID1987809270,EMP6059867874,-9,202306,202512,1,202512,6,0,1,0,0,0,0,,0,,,0,,,1,3280.19,-8,,-8,,1,3280.19,1,163.63,-8,,1,163.63,1,165.16,1,163.12,1,19.86,1,20.11,1
202509,JOB313215513055,ID5020002453,EMP7083682144,-9,202410,202503,0,999909,-9,0,1,0,1,0,0,,1,202501,12.0,0,,,1,4612.47,-8,,-8,,1,4612.47,1,172.52,-8,,1,172.52,1,175.53,1,171.99,1,26.28,1,26.82,1
202408,JOB920491060183,ID3183281231,EMP6472387508,-9,202508,202509,1,202509,2,0,0,0,0,0,0,,1,202602,26.0,0,,,1,5086.1,-8,,-8,,1,5086.1,1,171.7,-8,,1,171.7,1,170.47,1,173.39,1,29.84,1,29.33,1
202610,JOB733739920522,ID8316082717,EMP2999362165,-9,202309,,0,999909,-9,0,0,0,0,0,0,,0,,,0,,,1,7453.15,-8,,-8,,1,7453.15,1,164.23,-8,,1,164.23,1,167.28,1,166.13,1,44.55,1,44.86,1
202512,JOB127997029271,ID6430954497,EMP2053978713,-9,202003,,0,999909,-9,1,1,0,0,0,0,,1,202004,4.0,0,,,1,6466.43,-8,,-8,,1,6466.43,1,172.3,-8,,1,172.3,1,169.75,1,169.04,1,38.09,1,38.25,1
202401,JOB386003044361,ID7888975358,EMP9951715239,-9,202510,,0,999909,-9,1,0,0,0,0,0,,1,202511,6.0,0,,,1,4816.41,-8,,-8,,1,4816.41,1,169.74,-8,,1,169.74,1,166.97,1,167.7,1,28.85,1,28.72,1
202612,JOB767201911166,ID1260221321,-9,-9,202204,202206,-9,202206,4,2,-8,-9,0,0,0,,-9,,,-9,,,-9,,-9,,-9,,-9,,-9,,-9,,-9,,-9,,-9,,-9,,-9,,1
202611,JOB682509522946,ID4812421140,EMP2093556103,TMP7061592738,202408,,0,999909,-9,0,0,0,0,0,0,,1,202409,6.0,0,,,1,7810.88,-8,,-8,,1,7810.88,1,162.98,-8,,1,162.98,1,160.64,1,160.96,1,48.62,1,48.53,1
202611,JOB322481554203,ID0299071669,EMP4030109567,-9,201910,,0,999909,-9,0,1,0,0,0,1,CAE - Contrat d'appui-emploi,0,,,0,,,1,4366.77,-8,,-8,,1,4366.77,1,167.67,-8,,1,167.67,1,166.65,1,166.23,1,26.2,1,26.27,1
202601,JOB172680808157,ID8103068317,EMP1290150713,-9,201508,,0,999909,-9,0,0,0,0,0,0,,1,201509,6.0,0,,,1,4318.69,-8,,-8,,1,4318.69,1,161.04,1,18.05,1,179.09,1,160.14,1,179.31,1,26.97,1,24.09,1
202507,JOB396274666215,ID6947031805,EMP9183270004,-9,202011,,0,999909,-9,0,0,0,0,0,0,,1,202105,26.0,0,,,1,4441.47,1,689.59,-8,,1,5131.06,1,170.34,1,13.83,1,184.16,1,171.47,1,181.4,1,25.9,1,28.29,1
202403,JOB497698731379,ID3152049980,EMP7166984166,-9,201508,,0,999909,-9,0,1,0,0,0,0,,1,201510,8.0,1,888.13,48.97,1,2960.45,-8,,-8,,1,2960.45,1,163.23,-8,,1,163.23,1,164.94,1,162.82,1,17.95,1,18.18,1
202501,JOB116020418135,ID2620370878,EMP9989897211,-9,202309,,0,999909,-9,1,1,0,0,0,0,,1,202310,6.0,0,,,1,7625.99,-8,,-8,,1,7625.99,1,172.06,-8,,1,172.06,1,174.23,1,174.48,1,43.77,1,43.71,1
202607,JOB675712369149,ID7857082004,EMP6112879429,-9,202207,,0,999909,-9,0,1,0,0,0,0,,1,202301,26.0,0,,,1,3934.07,1,206.12,-8,,1,4140.19,1,172.09,-8,,1,172.09,1,173.02,1,170.49,1,22.74,1,24.28,1
202606,JOB096496683496,ID8835651796,EMP0478421702,-9,202010,,0,999909,-9,0,1,0,0,0,0,,1,202104,26.0,0,,,1,3747.68,-8,,-8,,1,3747.68,1,165.29,-8,,1,165.29,1,162.81,1,165.3,1,23.02,1,22.67,1
202602,JOB319359236133,ID8799160911,EMP7605230458,-9,201503,201507,1,201507,3,0,1,0,0,0,0,,1,201505,8.0,0,,,1,3541.44,-8,,-8,,1,3541.44,1,169.76,-8,,1,169.76,1,168.14,1,170.55,1,21.06,1,20.76,1
202611,JOB067821417468,ID1824989808,EMP1359266486,-9,201810,201902,1,201902,3,0,0,0,0,0,0,,1,201812,8.0,0,,,1,6691.96,-8,,-8,,1,6691.96,1,167.14,-8,,1,167.14,1,167.19,1,167.59,1,40.03,1,39.93,1
202401,JOB039886365362,ID7536051171,EMP1894559067,-9,202405,,0,999909,-9,0,1,0,0,0,0,,0,,,1,1011.56,50.07,1,3371.88,-8,,-8,,1,3371.88,1,166.89,-8,,1,166.89,1,164.75,1,165.51,1,20.47,1,20.37,1
202606,JOB453389062354,ID0456577580,EMP6622654016,-9,201501,,0,999909,-9,0,1,0,0,0,0,,0,,,0,,,1,2940.32,-8,,-8,,1,2940.32,1,165.53,-8,,1,165.53,1,163.0,1,163.23,1,18.04,1,18.01,1
202503,JOB008017986778,ID1241158488,-9,-9,202105,202107,-9,202107,4,2,-8,-9,0,0,0,,-9,,,-9,,,-9,,-9,,-9,,-9,,-9,,-9,,-9,,-9,,-9,,-9,,-9,,1
202608,JOB254824218385,ID7536596807,EMP4540064454,-9,201802,,0,999909,-9,0,0,0,0,0,0,,1,201808,26.0,0,,,1,6103.0,-8,,-8,,1,6103.0,1,162.0,-8,,1,162.0,1,161.66,1,163.75,1,37.75,1,37.27,1
202406,JOB508019630453,ID2720388621,EMP0693588249,-9,201901,,0,999909,-9,1,1,0,0,0,0,,1,201902,6.0,0,,,1,5581.5,1,914.5,-8,,1,6496.01,1,169.62,-8,,1,169.62,1,171.08,1,168.92,1,32.63,1,38.46,1
202506,JOB539128788486,ID8517993781,EMP9996988290,-9,202202,202203,1,202203,2,0,1,0,0,0,0,,0,,,0,,,1,4436.21,-8,,-8,,1,4436.21,1,168.85,-8,,1,168.85,1,167.05,1,170.95,1,26.56,1,25.95,1
202609,JOB293288098322,ID8339121870,EMP1010232001,-9,201601,202411,0,999909,-9,0,0,0,0,0,0,,1,201602,4.0,0,,,1,5122.56,1,175.25,-8,,1,5297.81,1,168.73,-8,,1,168.73,1,170.77,1,168.6,1,30.0,1,31.42,1
202507,JOB695100307620,ID1980746823,-9,-9,202507,202511,-9,202511,3,2,-8,-9,0,0,0,,-9,,,-9,,,-9,,-9,,-9,,-9,,-9,,-9,,-9,,-9,,-9,,-9,,-9,,1
202407,JOB970890583668,ID3407851699,EMP3482689996,-9,202304,202308,1,202308,3,0,1,0,0,0,0,,1,202306,8.0,0,,,1,4671.72,-8,,-8,,1,4671.72,1,167.22,-8,,1,167.22,1,167.66,1,167.04,1,27.86,1,27.97,1
202505,JOB898260418095,ID0932012657,EMP2175585177,-9,202503,,0,999909,-9,1,1,0,0,0,0,,1,202509,26.0,0,,,1,6914.61,-8,,-8,,1,6914.61,1,167.83,-8,,1,167.83,1,165.12,1,168.99,1,41.88,1,40.92,1
202501,JOB570568209225,ID1704542185,EMP7090016356,-9,201705,,0,999909,-9,0,1,0,0,0,0,,1,201708,12.0,0,,,1,4597.63,-8,,-8,,1,4597.63,1,172.89,-8,,1,172.89,1,175.8,1,173.66,1,26.15,1,26.47,1
202404,JOB801195092711,ID2616850710,EMP5261053709,-9,202110,,0,999909,-9,0,0,0,0,0,0,,1,202112,8.0,0,,,1,6229.0,-8,,-8,,1,6229.0,1,160.06,-8,,1,160.06,1,162.66,1,162.17,1,38.29,1,38.41,1
202408,JOB198273481310,ID3652944716,EMP4502589632,-9,201806,,0,999909,-9,1,1,0,0,0,0,,1,201809,12.0,0,,,1,5382.63,1,875.84,-8,,1,6258.47,1,169.93,-8,,1,169.93,1,168.83,1,172.78,1,31.88,1,36.22,1
202409,JOB550774065795,ID3842536462,-9,-9,202002,202003,-9,202003,3,2,-8,-9,0,0,0,,-9,,,-9,,,-9,,-9,,-9,,-9,,-9,,-9,,-9,,-9,,-9,,-9,,-9,,1
202401,JOB760220695354,ID1786190254,EMP1201227595,-9,201502,,0,999909,-9,0,0,0,0,0,0,,1,201508,26.0,0,,,1,7965.57,-8,,-8,,1,7965.57,1,162.79,-8,,1,162.79,1,160.73,1,165.25,1,49.56,1,48.2,1
202605,JOB100649340391,ID2798059503,EMP0452036089,-9,202510,202512,0,999909,-9,0,0,0,0,0,0,,1,202511,4.0,0,,,1,7057.07,-8,,-8,,1,7057.07,1,168.02,-8,,1,168.02,1,168.32,1,166.98,1,41.93,1,42.26,1
202404,JOB378423394495,ID6968018677,EMP3006776255,-9,201502,,0,999909,-9,0,1,0,0,0,0,,1,201508,26.0,0,,,1,3065.59,-8,,-8,,1,3065.59,1,164.07,1,10.87,1,174.94,1,162.67,1,174.65,1,18.85,1,17.55,1
202510,JOB843021166732,ID0906053088,EMP9045759887,-9,201603,,0,999909,-9,1,0,0,0,0,0,,1,201604,4.0,1,2111.28,51.01,1,7037.6,-8,,-8,,1,7037.6,1,170.02,-8,,1,170.02,1,169.31,1,168.19,1,41.57,1,41.84,1
202409,JOB092071152380,ID0906053088,EMP2362192158,TMP0537893186,201511,,0,999909,-9,0,0,0,0,0,0,,1,201602,12.0,0,,,1,4950.27,-8,,1,619.89,1,5570.16,1,165.64,1,13.828118914446744,1,179.46811891444673,1,165.66,1,179.48811891444674,1,29.88,1,31.03,1
202505,JOB822720028394,ID2897284540,EMP8232204144,-9,202302,202303,1,202303,1,0,0,0,0,0,0,,0,,,0,,,1,6958.46,-8,,1,904.22,1,7862.68,1,167.5,1,14.510657996817415,1,182.01065799681743,1,168.85,1,183.3606579968174,1,41.21,1,42.88,1
202601,JOB064630059377,ID2135302816,EMP7569198321,-9,201607,201610,4,201610,2,0,0,0,0,0,0,,-9,,,0,,,1,2036.24,-8,,-8,,1,2036.24,1,88.18,-8,,1,88.18,1,88.56,1,89.45,1,22.99,1,22.76,1
202505,JOB056856670636,ID6622913167,EMP2198655049,-9,202107,202605,0,999909,-9,0,0,0,0,0,0,,1,202108,6.0,0,,,1,4704.79,-8,,-8,,1,4704.79,1,170.01,-8,,1,170.01,1,170.47,1,168.95,1,27.6,1,27.85,1
202406,JOB799196234199,ID2585421880,EMP6433853247,-9,201804,,0,999909,-9,0,0,0,0,0,0,,1,201806,8.0,0,,,1,5119.71,-8,,-8,,1,5119.71,1,172.34,1,15.34,1,187.68,1,169.43,1,189.23,1,30.22,1,27.06,1
202509,JOB466986163421,ID7694535365,EMP2545080959,-9,202110,,0,999909,-9,0,0,0,0,0,0,,1,202112,8.0,0,,,1,7588.58,1,507.88,-8,,1,8096.46,1,167.48,-8,,1,167.48,1,169.79,1,165.35,1,44.69,1,48.97,1
202502,JOB307963731008,ID4893326145,-9,-9,202305,202308,-9,202308,2,2,-8,-9,0,0,0,,-9,,,-9,,,-9,,-9,,-9,,-9,,-9,,-9,,-9,,-9,,-9,,-9,,-9,,1
202509,JOB523777296656,ID4470173208,EMP3370140052,-9,202006,202012,2,202012,4,0,1,0,0,0,0,,-9,,,0,,,1,4253.85,1,267.68,-8,,1,4521.53,1,172.79,1,18.81,1,191.6,1,172.68,1,193.0,1,24.63,1,23.43,1
202612,JOB552862092973,ID3681720313,EMP5259533222,-9,202204,,0,999909,-9,1,0,0,0,0,0,,0,,,0,,,1,7142.12,-8,,-8,,1,7142.12,1,171.62,-8,,1,171.62,1,169.38,1,170.16,1,42.17,1,41.97,1
202605,JOB182360107126,ID6108708269,EMP1583882176,-9,202108,,0,999909,-9,0,1,0,0,0,0,,1,202109,4.0,0,,,1,4098.23,1,957.06,-8,,1,5055.29,1,169.8,1,8.15,1,177.95,1,172.99,1,175.93,1,23.69,1,28.73,1
202609,JOB063731180467,ID2256062953,EMP4130753841,-9,202502,,0,999909,-9,0,1,0,0,0,1,CIE - Contrat d'initiation à l'emploi,1,202505,12.0,0,,,1,3325.11,-8,,-8,,1,3325.11,1,162.27,-8,,1,162.27,1,162.33,1,160.89,1,20.48,1,20.67,1
202411,JOB091969395787,ID1516411955,EMP5207020426,-9,202508,,0,999909,-9,0,1,0,0,0,0,,1,202602,26.0,0,,,1,4012.93,-8,,-8,,1,4012.93,1,161.17,-8,,1,161.17,1,164.01,1,161.63,1,24.47,1,24.83,1
202612,JOB988978653394,ID7319227607,EMP3191654308,TMP6876448676,202506,,0,999909,-9,1,0,0,0,0,0,,1,202508,8.0,0,,,1,3648.93,-8,,-8,,1,3648.93,1,161.88,-8,,1,161.88,1,162.44,1,160.92,1,22.46,1,22.68,1
202410,JOB797416365604,ID7319227607,EMP5006355373,-9,201910,,0,999909,-9,1,0,0,0,0,0,,1,201912,8.0,0,,,1,6374.91,1,726.35,-8,,1,7101.26,1,172.52,-8,,1,172.52,1,169.83,1,173.45,1,37.54,1,40.94,1
202610,JOB959654663454,ID3643159489,EMP4344149169,-9,201905,,0,999909,-9,0,1,0,0,0,0,,1,201906,6.0,0,,,1,3596.54,-8,,-8,,1,3596.54,1,162.94,-8,,1,162.94,1,165.4,1,161.4,1,21.74,1,22.28,1
202404,JOB972021707548,ID9889413210,EMP5346557922,-9,202407,,0,999909,-9,0,1,0,0,0,0,,1,202408,4.0,0,,,1,2971.47,-8,,-8,,1,2971.47,1,172.08,1,14.16,1,186.24,1,172.53,1,188.65,1,17.22,1,15.75,1
202402,JOB595708619931,ID9889413210,EMP4584345663,-9,202001,202203,0,999909,-9,0,0,1,0,0,0,,1,202002,4.0,0,,,1,7762.39,1,511.77,-8,,1,8274.15,1,170.77,-8,,1,170.77,1,171.94,1,168.29,1,45.15,1,49.17,1
202610,JOB021774174304,ID6800852946,-9,-9,202107,202110,-9,202110,2,2,-8,-9,0,0,0,,-9,,,-9,,,-9,,-9,,-9,,-9,,-9,,-9,,-9,,-9,,-9,,-9,,-9,,0
202504,JOB030334677116,ID9302025691,EMP7507627995,-9,201503,,0,999909,-9,1,0,0,0,0,0,,1,201504,6.0,0,,,1,5661.88,1,538.87,-8,,1,6200.75,1,162.74,1,18.55,1,181.29,1,165.41,1,182.99,1,34.23,1,33.89,1
202411,JOB648717754619,ID0172224050,EMP9240658387,-9,202302,,0,999909,-9,0,0,0,0,0,0,,1,202308,26.0,0,,,1,5088.58,-8,,-8,,1,5088.58,1,167.78,-8,,1,167.78,1,168.35,1,169.05,1,30.23,1,30.1,1
202606,JOB586901707403,ID2121101878,EMP9251999452,-9,201608,,0,999909,-9,1,0,0,0,0,0,,1,201610,8.0,0,,,1,4380.82,-8,,-8,,1,4380.82,1,161.85,-8,,1,161.85,1,161.12,1,160.26,1,27.19,1,27.34,1
202504,JOB048878995047,ID6330833444,EMP0205968519,-9,202208,,0,999909,-9,1,0,0,0,0,0,,1,202211,12.0,0,,,1,5904.12,-8,,-8,,1,5904.12,1,165.16,-8,,1,165.16,1,163.24,1,168.12,1,36.17,1,35.12,1
202603,JOB411563029559,ID5812920592,EMP6363726294,-9,202011,,0,999909,-9,0,1,0,0,0,0,,1,202105,26.0,0,,,1,3936.29,1,584.48,-8,,1,4520.77,1,160.35,-8,,1,160.35,1,159.32,1,158.39,1,24.71,1,28.54,1
202503,JOB868764019185,ID1215481582,EMP4880644200,-9,202208,,0,999909,-9,0,1,0,0,0,0,,1,202210,8.0,0,,,1,3320.14,-8,,-8,,1,3320.14,1,163.18,-8,,1,163.18,1,162.05,1,164.72,1,20.49,1,20.16,1
202609,JOB948314789117,ID6221320410,EMP9726999949,-9,201802,,0,999909,-9,0,0,0,0,0,0,,0,,,1,1929.94,48.22,1,6433.14,1,101.92,1,1143.25,1,7678.31,1,160.74,1,19.043692931165005,1,179.783692931165,1,160.24,1,179.283692931165,1,40.15,1,42.83,1
202408,JOB929900768627,ID2438380582,EMP6332838963,-9,202306,202403,1,202403,4,0,1,1,0,0,0,,1,202307,4.0,0,,,1,3056.01,-8,,-8,,1,3056.01,1,172.53,-8,,1,172.53,1,174.25,1,174.37,1,17.54,1,17.53,1
202603,JOB218835279187,ID2438380582,EMP5067761065,-9,202309,202310,1,202310,1,0,1,0,0,0,0,,1,202311,8.0,0,,,1,3937.39,-8,,1,650.04,1,4587.43,1,170.57,1,18.77331333270311,1,189.3433133327031,1,167.67,1,186.4433133327031,1,23.48,1,24.6,1
202410,JOB591257349899,ID2026656862,EMP2553946074,-9,201508,,0,999909,-9,1,1,0,0,0,0,,1,201509,4.0,0,,,1,4694.55,-8,,-8,,1,4694.55,1,161.86,-8,,1,161.86,1,161.36,1,165.02,1,29.09,1,28.45,1
202410,JOB167347853698,ID9946418398,EMP8164980445,-9,202101,,0,999909,-9,0,0,1,0,0,0,,0,,,0,,,1,7876.33,1,460.19,-8,,1,8336.52,1,161.54,-8,,1,161.54,1,158.51,1,160.88,1,49.69,1,51.82,1
202610,JOB997418563027,ID8898305748,EMP5000305661,-9,202007,,0,999909,-9,0,1,0,0,0,1,CAE - Contrat d'appui-emploi,1,202008,4.0,0,,,1,3890.66,-8,,-8,,1,3890.66,1,163.39,-8,,1,163.39,1,165.52,1,166.52,1,23.51,1,23.36,1
202510,JOB442990674568,ID0013651034,EMP6524062215,-9,201706,201812,1,201812,5,0,0,0,0,0,0,,1,201707,4.0,0,,,1,4149.19,-8,,-8,,1,4149.19,1,162.4,-8,,1,162.4,1,159.96,1,159.2,1,25.94,1,26.06,1
202412,JOB396521383507,ID0013651034,EMP1245531290,-9,201702,201812,0,999909,-9,0,1,0,0,0,0,,1,201703,6.0,0,,,1,3536.09,-8,,-8,,1,3536.09,1,163.08,-8,,1,163.08,1,160.75,1,166.14,1,22.0,1,21.28,1
202405,JOB171050805491,ID2525161857,EMP4774473535,-9,201902,,0,999909,-9,0,1,0,0,0,0,,1,201903,6.0,0,,,1,3431.85,1,862.66,-8,,1,4294.52,1,161.55,-8,,1,161.55,1,162.86,1,164.65,1,21.07,1,26.08,1
202511,JOB281527873048,ID3389260878,EMP6251521746,-9,201808,,0,999909,-9,0,1,0,0,0,0,,1,201811,12.0,0,,,1,3866.76,1,351.29,-8,,1,4218.06,1,160.65,-8,,1,160.65,1,162.99,1,159.73,1,23.72,1,26.41,1
202412,JOB509999001089,ID3629994664,EMP8573908352,-9,202509,,0,999909,-9,0,1,0,0,0,0,,1,202512,12.0,0,,,1,4088.66,1,775.97,-8,,1,4864.64,1,162.21,-8,,1,162.21,1,160.77,1,165.05,1,25.43,1,29.47,1
202610,JOB958281902217,ID3629994664,-9,-9,202202,202206,-9,202206,2,2,-8,-9,0,0,0,,-9,,,-9,,,-9,,-9,,-9,,-9,,-9,,-9,,-9,,-9,,-9,,-9,,-9,,1
202603,JOB038856811939,ID3672868112,EMP7814590099,TMP5326011939,202208,,0,999909,-9,1,0,0,0,1,0,,1,202210,8.0,0,,,1,4394.22,-8,,-8,,1,4394.22,1,164.1,-8,,1,164.1,1,163.61,1,163.6,1,26.86,1,26.86,1
202609,JOB609085818104,ID3829742551,EMP5024373615,-9,202103,202107,0,999909,-9,0,0,0,0,0,0,,1,202109,26.0,0,,,1,4289.69,-8,,-8,,1,4289.69,1,166.63,-8,,1,166.63,1,167.08,1,164.69,1,25.67,1,26.05,1
202406,JOB116436902837,ID3156639792,-9,-9,201903,201908,-9,201908,2,2,-8,-9,0,0,0,,-9,,,-9,,,-9,,-9,,-9,,-9,,-9,,-9,,-9,,-9,,-9,,-9,,-9,,1
202409,JOB038802730427,ID7535846405,EMP6362814447,-9,201810,,0,999909,-9,1,0,0,0,1,0,,0,,,0,,,1,5745.06,1,780.55,-8,,1,6525.62,1,172.05,-8,,1,172.05,1,172.56,1,168.91,1,33.29,1,38.63,1
202407,JOB987455135872,ID7535846405,EMP7174306881,-9,201901,,0,999909,-9,1,0,0,0,0,0,,1,201907,26.0,0,,,1,4481.68,-8,,-8,,1,4481.68,1,167.68,-8,,1,167.68,1,170.37,1,167.73,1,26.31,1,26.72,1
202401,JOB262542041231,ID0909153860,EMP9057720441,-9,202210,,0,999909,-9,1,1,0,0,0,0,,1,202304,26.0,0,,,1,4439.71,-8,,-8,,1,4439.71,1,161.3,-8,,1,161.3,1,159.82,1,164.51,1,27.78,1,26.99,1
202607,JOB742240432611,ID8726496322,EMP8900346861,-9,201709,,0,999909,-9,0,1,0,0,0,0,,0,,,0,,,1,3719.79,-8,,-8,,1,3719.79,1,162.21,-8,,1,162.21,1,159.95,1,159.19,1,23.26,1,23.37,1
202411,JOB900739713072,ID7795001732,EMP2113869087,-9,201601,,0,999909,-9,0,1,0,0,1,0,,0,,,0,,,1,4169.11,-8,,1,286.09,1,4455.2,1,164.11,1,7.507758089954888,1,171.6177580899549,1,165.91,1,173.41775808995487,1,25.13,1,25.69,0
202403,JOB239412094477,ID3442252160,EMP2690326551,-9,202210,,0,999909,-9,0,1,0,0,0,0,,1,202211,4.0,0,,,1,4142.33,-8,,-8,,1,4142.33,1,160.31,-8,,1,160.31,1,157.97,1,163.19,1,26.22,1,25.38,1
202601,JOB862376008844,ID2686498647,EMP7408378191,-9,202403,,0,999909,-9,0,1,0,0,0,0,,1,202409,26.0,0,,,1,4362.06,-8,,-8,,1,4362.06,1,160.57,-8,,1,160.57,1,162.09,1,162.26,1,26.91,1,26.88,1
202607,JOB462202123720,ID6470821398,EMP5503300008,-9,202108,,0,999909,-9,0,0,0,0,0,0,,0,,,0,,,1,3506.9,1,465.57,1,428.9,1,4401.38,1,167.96,1,13.694675895006764,1,181.65467589500676,1,169.76,1,183.45467589500674,1,20.66,1,23.99,1
202604,JOB548186746300,ID7989790608,-9,-9,201602,201607,-9,201607,2,2,-8,-9,0,0,0,,-9,,,-9,,,-9,,-9,,-9,,-9,,-9,,-9,,-9,,-9,,-9,,-9,,-9,,1
202405,JOB466075699944,ID4203401535,EMP9466720108,-9,201503,,0,999909,-9,1,1,0,0,0,0,,1,201504,4.0,0,,,1,4659.57,-8,,-8,,1,4659.57,1,171.83,-8,,1,171.83,1,169.44,1,169.34,1,27.5,1,27.52,1
202511,JOB700412918285,ID5273536423,EMP1816125590,-9,202102,202110,0,999909,-9,1,0,0,0,0,0,,1,202103,6.0,0,,,1,5665.09,-8,,-8,,1,5665.09,1,162.25,1,11.4,1,173.64,1,159.16,1,170.76,1,35.59,1,33.18,1
202605,JOB446042276346,ID0485076653,EMP0191530573,-9,201806,,0,999909,-9,0,1,0,0,0,0,,1,201807,6.0,0,,,1,3136.73,1,711.45,-8,,1,3848.18,1,161.08,-8,,1,161.08,1,161.3,1,158.91,1,19.45,1,24.22,1
202401,JOB622419768784,ID0485076653,EMP9477129035,-9,202305,202310,2,202310,4,0,1,0,0,0,0,,-9,,,0,,,1,3267.73,1,148.28,-8,,1,3416.01,1,172.91,-8,,1,172.91,1,170.32,1,171.62,1,19.19,1,19.9,1
202509,JOB441119738818,ID4952549206,EMP2730634359,-9,202303,,0,999909,-9,1,1,0,0,0,0,,1,202304,4.0,0,,,1,5221.42,1,796.72,-8,,1,6018.14,1,166.72,-8,,1,166.72,1,166.18,1,163.54,1,31.42,1,36.8,1
202501,JOB372186003203,ID2301604986,-9,-9,201805,201809,-9,201809,2,2,-8,-9,0,0,0,,-9,,,-9,,,-9,,-9,,-9,,-9,,-9,,-9,,-9,,-9,,-9,,-9,,-9,,1
202601,JOB785501137535,ID1625908419,EMP8210728878,-9,202401,202410,1,202410,4,0,1,0,0,0,0,,0,,,0,,,1,3535.95,-8,,-8,,1,3535.95,1,161.46,-8,,1,161.46,1,160.98,1,161.79,1,21.97,1,21.86,1
202510,JOB024808557800,ID1837530768,EMP2443236221,-9,202411,202501,4,202501,2,0,0,0,0,0,0,,-9,,,0,,,1,4834.32,-8,,-8,,1,4834.32,1,110.81,-8,,1,110.81,1,111.55,1,108.69,1,43.34,1,44.48,1
202401,JOB033508424319,ID2150164261,EMP8392484813,-9,202110,,0,999909,-9,0,0,0,0,0,0,,0,,,0,,,1,5080.83,1,528.64,-8,,1,5609.48,1,170.58,-8,,1,170.58,1,168.73,1,168.18,1,30.11,1,33.35,1
202502,JOB476427896157,ID5348110501,EMP3855128177,-9,202408,,0,999909,-9,0,0,1,0,0,0,,1,202411,12.0,0,,,1,6983.32,-8,,-8,,1,6983.32,1,164.71,-8,,1,164.71,1,167.04,1,165.63,1,41.81,1,42.16,1
202405,JOB871564783703,ID7720517107,EMP1754380274,-9,202211,,0,999909,-9,0,0,0,0,0,0,,1,202301,8.0,0,,,1,6472.73,-8,,1,704.51,1,7177.25,1,162.11,1,11.763023754872734,1,173.87302375487275,1,160.55,1,172.31302375487275,1,40.32,1,41.65,1
202405,JOB592386879060,ID2713538676,EMP4886932055,-9,202509,,1,202703,5,0,0,0,0,0,0,,1,202511,8.0,0,,,1,8267.99,-8,,-8,,1,8267.99,1,170.04,-8,,1,170.04,1,170.56,1,171.68,1,48.48,1,48.16,1
202511,JOB038422736273,ID9775542619,EMP2022271117,-9,202110,,0,999909,-9,1,1,0,0,0,0,,0,,,0,,,1,6828.4,-8,,-8,,1,6828.4,1,161.39,-8,,1,161.39,1,163.19,1,159.18,1,41.84,1,42.9,1
202405,JOB426471068017,ID3922026980,EMP7031637050,-9,202108,,0,999909,-9,0,1,1,0,0,0,,0,,,0,,,1,2885.56,1,499.24,-8,,1,3384.8,1,164.9,-8,,1,164.9,1,162.35,1,166.93,1,17.77,1,20.28,1
202408,JOB272812916350,ID5998519393,EMP4960266765,-9,202311,,0,999909,-9,1,0,0,0,0,0,,1,202401,8.0,0,,,1,3778.51,-8,,-8,,1,3778.51,1,167.65,-8,,1,167.65,1,169.31,1,168.22,1,22.32,1,22.46,1
202401,JOB439044890932,ID8019290221,EMP2533320235,-9,202506,,0,999909,-9,0,0,0,0,0,0,,1,202509,12.0,0,,,1,4604.43,-8,,-8,,1,4604.43,1,161.48,-8,,1,161.48,1,159.71,1,160.43,1,28.83,1,28.7,1
202410,JOB332436296208,ID8019290221,EMP0598312441,-9,202407,202411,1,202411,3,0,0,0,0,0,0,,1,202408,4.0,0,,,1,5176.54,1,513.81,-8,,1,5690.35,1,167.81,1,5.85,1,173.66,1,165.42,1,176.91,1,31.29,1,32.17,1
202410,JOB536264752864,ID5919226713,EMP6120961730,-9,202305,,0,999909,-9,0,0,0,0,0,0,,1,202307,8.0,0,,,1,6559.55,-8,,-8,,1,6559.55,1,163.52,-8,,1,163.52,1,164.86,1,160.66,1,39.79,1,40.83,1
202604,JOB422188345819,ID7797247925,-9,-9,201803,201808,-9,201808,4,2,-8,-9,0,0,0,,-9,,,-9,,,-9,,-9,,-9,,-9,,-9,,-9,,-9,,-9,,-9,,-9,,-9,,1
202607,JOB825672620846,ID4640858588,EMP7292543551,-9,201706,,0,999909,-9,0,0,0,0,0,0,,1,201712,26.0,1,1551.62,50.08,1,5172.08,-8,,-8,,1,5172.08,1,166.93,-8,,1,166.93,1,168.91,1,169.83,1,30.62,1,30.45,1
202412,JOB966270266045,ID2341499290,EMP0956321740,-9,201610,,0,999909,-9,0,0,0,0,1,0,,0,,,0,,,1,7606.18,1,954.67,-8,,1,8560.86,1,169.92,-8,,1,169.92,1,167.73,1,167.61,1,45.35,1,51.08,1
202411,JOB850095372346,ID4616076264,-9,-9,202405,202408,-9,202408,4,2,-8,-9,0,0,0,,-9,,,-9,,,-9,,-9,,-9,,-9,,-9,,-9,,-9,,-9,,-9,,-9,,-9,,1
202610,JOB063494290461,ID1372776857,EMP7551887017,-9,201701,202109,0,999909,-9,0,0,0,0,0,1,CIE - Contrat d'initiation à l'emploi,1,201704,12.0,0,,,1,3876.66,1,485.56,-8,,1,4362.23,1,165.79,-8,,1,165.79,1,164.25,1,167.57,1,23.6,1,26.03,1
202606,JOB362689047238,ID1372776857,EMP6410095385,-9,201702,201706,2,201706,4,0,1,0,0,0,0,,-9,,,0,,,1,2593.52,-8,,-8,,1,2593.52,1,163.05,-8,,1,163.05,1,163.72,1,165.23,1,15.84,1,15.7,1
202401,JOB187564672636,ID3788443706,EMP8154185899,-9,201710,,0,999909,-9,0,0,0,0,0,0,,1,201801,12.0,0,,,1,7640.93,-8,,1,1323.65,1,8964.58,1,170.1,1,19.644394990375773,1,189.74439499037578,1,166.98,1,186.62439499037578,1,45.76,1,48.04,1
202508,JOB222667941908,ID3067730671,EMP7886538590,-9,202407,,0,999909,-9,1,1,0,0,0,1,PAN - Projet d'activité national,0,,,0,,,1,5728.67,-8,,-8,,1,5728.67,1,170.57,-8,,1,170.57,1,171.89,1,173.09,1,33.33,1,33.1,1
202603,JOB632016290739,ID1704861867,EMP9289198271,-9,201804,,0,999909,-9,0,1,0,0,0,0,,1,201810,26.0,0,,,1,3281.48,1,464.7,-8,,1,3746.19,1,169.59,-8,,1,169.59,1,169.82,1,171.77,1,19.32,1,21.81,1
202611,JOB921958730549,ID9014599670,EMP8243884302,-9,201608,,0,999909,-9,1,0,0,0,0,0,,1,201610,8.0,0,,,1,5072.32,-8,,-8,,1,5072.32,1,165.39,-8,,1,165.39,1,168.21,1,164.63,1,30.15,1,30.81,1
202611,JOB492815037017,ID9014599670,EMP0926407030,-9,201608,,0,999909,-9,0,0,0,0,0,0,,0,,,0,,,1,7649.96,1,369.23,-8,,1,8019.19,1,166.87,-8,,1,166.87,1,166.3,1,164.7,1,46.0,1,48.69,0
202605,JOB961276620808,ID2741168069,EMP2039170263,-9,202407,,0,999909,-9,0,0,0,0,0,0,,1,202408,6.0,1,1692.2,50.5,1,5640.68,1,260.78,-8,,1,5901.46,1,168.35,-8,,1,168.35,1,168.49,1,170.51,1,33.48,1,34.61,1
202506,JOB039670243652,ID3753028497,EMP4055364818,-9,201911,,0,999909,-9,1,0,0,0,0,0,,1,202002,12.0,0,,,1,5780.05,1,417.05,-8,,1,6197.11,1,171.36,-8,,1,171.36,1,169.8,1,173.94,1,34.04,1,35.63,1
202507,JOB259497220429,ID6066799864,EMP8622699206,-9,202410,,0,999909,-9,0,0,0,0,0,0,,0,,,0,,,1,8294.36,-8,,-8,,1,8294.36,1,171.6,-8,,1,171.6,1,174.93,1,174.41,1,47.42,1,47.56,1
202401,JOB134820849315,ID6887779256,EMP3983912260,-9,201905,,0,999909,-9,1,1,0,0,0,0,,1,201906,4.0,0,,,1,6624.7,1,813.17,-8,,1,7437.86,1,169.08,-8,,1,169.08,1,166.69,1,169.87,1,39.74,1,43.79,1
202410,JOB564224059208,ID7528720998,-9,-9,202310,202402,-9,202402,2,2,-8,-9,0,0,0,,-9,,,-9,,,-9,,-9,,-9,,-9,,-9,,-9,,-9,,-9,,-9,,-9,,-9,,1
202610,JOB618695724043,ID6820175307,EMP4741253137,-9,201501,,0,999909,-9,0,1,0,0,0,0,,0,,,0,,,1,2645.72,-8,,-8,,1,2645.72,1,162.55,-8,,1,162.55,1,162.53,1,165.61,1,16.28,1,15.98,1
202502,JOB444748904760,ID9387337034,EMP7862351076,-9,202402,,0,999909,-9,1,1,0,0,0,0,,1,202408,26.0,0,,,1,4848.09,-8,,-8,,1,4848.09,1,160.44,-8,,1,160.44,1,160.81,1,162.25,1,30.15,1,29.88,1
202501,JOB965391607700,ID5805581157,-9,-9,201810,201904,-9,201904,4,2,-8,-9,0,1,0,,-9,,,-9,,,-9,,-9,,-9,,-9,,-9,,-9,,-9,,-9,,-9,,-9,,-9,,1
202505,JOB026529516469,ID0385886407,EMP3335623039,-9,202301,,0,999909,-9,0,1,0,0,0,0,,0,,,0,,,1,4641.72,1,251.37,-8,,1,4893.09,1,166.34,-8,,1,166.34,1,169.43,1,166.72,1,27.4,1,29.35,1
202511,JOB858052632119,ID3113266115,EMP6047220539,-9,201906,,0,999909,-9,0,1,0,0,0,0,,1,201909,12.0,0,,,1,3987.47,-8,,1,525.61,1,4513.07,1,166.24,1,14.60858653061837,1,180.84858653061838,1,168.17,1,182.77858653061836,1,23.71,1,24.69,1
202407,JOB053026184025,ID6766262359,EMP7870368605,-9,201807,,0,999909,-9,0,0,0,0,0,0,,1,201808,6.0,0,,,1,6144.24,1,107.21,-8,,1,6251.46,1,160.57,-8,,1,160.57,1,163.06,1,157.92,1,37.68,1,39.59,1
202401,JOB953192600986,ID2094523759,EMP0275745449,-9,202405,202502,1,202502,4,0,0,0,0,0,0,,1,202407,8.0,0,,,1,5790.01,-8,,-8,,1,5790.01,1,162.93,1,13.36,1,176.29,1,163.78,1,173.61,1,35.35,1,33.35,1
202501,JOB616248607047,ID5217970566,EMP2660235158,-9,202501,,3,202701,5,0,1,0,0,0,0,,-9,,,0,,,1,3780.34,-8,,1,495.53,1,4275.87,1,147.6,1,12.89838955998842,1,160.49838955998842,1,150.27,1,163.16838955998844,1,25.16,1,26.21,1
202610,JOB571918986646,ID9406453157,EMP9365618335,-9,202308,,0,999909,-9,0,0,0,0,0,0,,0,,,0,,,1,8210.9,-8,,-8,,1,8210.9,1,164.87,-8,,1,164.87,1,166.66,1,167.97,1,49.27,1,48.88,1
202504,JOB239644028253,ID5673332973,EMP2676992427,-9,201809,202003,1,202003,5,0,1,0,0,0,0,,0,,,0,,,1,3901.6,1,480.95,-8,,1,4382.55,1,161.83,1,15.29,1,177.12,1,158.73,1,174.24,1,24.58,1,25.15,1
202612,JOB607569991383,ID2907551545,EMP1006433226,-9,201708,,0,999909,-9,1,1,0,0,1,0,,0,,,1,1861.09,48.85,1,6203.62,1,458.58,-8,,1,6662.2,1,162.84,-8,,1,162.84,1,162.28,1,164.31,1,38.23,1,40.55,1
202412,JOB402740675826,ID9529842410,EMP7625906200,-9,202506,,1,202603,4,0,1,0,0,0,0,,1,202512,26.0,0,,,1,3263.96,-8,,-8,,1,3263.96,1,171.48,-8,,1,171.48,1,174.54,1,173.05,1,18.7,1,18.86,1
202612,JOB550493266432,ID8491498609,-9,-9,202311,202312,-9,202312,4,2,-8,-9,0,0,0,,-9,,,-9,,,-9,,-9,,-9,,-9,,-9,,-9,,-9,,-9,,-9,,-9,,-9,,1
202509,JOB256787188822,ID7622398474,EMP3788705841,-9,201805,,0,999909,-9,0,0,0,0,0,0,,0,,,0,,,1,8114.94,-8,,-8,,1,8114.94,1,165.21,-8,,1,165.21,1,168.38,1,165.87,1,48.19,1,48.92,1
202506,JOB092616620165,ID8309723610,EMP5578645786,-9,202008,,0,999909,-9,1,0,0,0,0,0,,1,202102,26.0,0,,,1,5560.19,-8,,-8,,1,5560.19,1,163.31,-8,,1,163.31,1,160.08,1,160.39,1,34.73,1,34.67,1
202404,JOB338686083570,ID2444189974,EMP1703630944,-9,201701,,0,999909,-9,0,0,0,0,0,0,,1,201703,8.0,0,,,1,8383.93,-8,,-8,,1,8383.93,1,169.51,-8,,1,169.51,1,171.11,1,167.63,1,49.0,1,50.01,1
202510,JOB948045073567,ID9724528413,EMP4809573940,-9,202301,,0,999909,-9,1,1,0,0,0,0,,0,,,0,,,1,6729.06,-8,,-8,,1,6729.06,1,160.01,-8,,1,160.01,1,158.42,1,157.76,1,42.48,1,42.65,1
202512,JOB867595141864,ID7342031977,EMP8230882958,-9,201610,201702,2,201702,2,0,0,0,0,0,0,,-9,,,0,,,1,7002.24,-8,,-8,,1,7002.24,1,168.41,-8,,1,168.41,1,171.58,1,167.93,1,40.81,1,41.7,1
202512,JOB817882426559,ID7306629315,EMP4698906232,-9,201608,,0,999909,-9,0,0,0,0,0,0,,0,,,0,,,1,7132.49,1,737.59,-8,,1,7870.08,1,160.35,-8,,1,160.35,1,158.24,1,160.17,1,45.07,1,49.14,1
202506,JOB398188907378,ID4779541767,EMP1591579089,-9,202507,,0,999909,-9,0,1,0,0,0,0,,1,202510,12.0,0,,,1,3590.48,-8,,-8,,1,3590.48,1,162.73,-8,,1,162.73,1,162.81,1,162.15,1,22.05,1,22.14,1
202610,JOB182070669010,ID0518812988,EMP7923729826,-9,201805,202611,0,999909,-9,1,1,0,0,0,0,,1,201811,26.0,0,,,1,6477.36,1,541.75,-8,,1,7019.11,1,168.6,-8,,1,168.6,1,168.29,1,165.54,1,38.49,1,42.4,1
202405,JOB570521879938,ID7312315550,EMP4440458831,-9,201511,201705,1,201705,5,0,0,0,0,0,0,,1,201602,12.0,0,,,1,7678.57,1,582.18,-8,,1,8260.75,1,169.78,-8,,1,169.78,1,173.03,1,171.77,1,44.38,1,48.09,1
202406,JOB467940366401,ID9780234456,EMP6329573783,-9,202203,,0,999909,-9,0,1,0,0,0,0,,1,202204,4.0,0,,,1,3642.09,-8,,-8,,1,3642.09,1,161.91,-8,,1,161.91,1,159.35,1,161.23,1,22.86,1,22.59,1
202502,JOB607344674621,ID4165185483,EMP5958417491,-9,201703,,0,999909,-9,0,1,0,0,0,0,,0,,,0,,,1,3076.64,-8,,-8,,1,3076.64,1,161.22,-8,,1,161.22,1,158.46,1,163.38,1,19.42,1,18.83,1
202507,JOB330265099621,ID7740292864,-9,-9,201503,201506,-9,201506,4,2,-8,-9,0,0,0,,-9,,,-9,,,-9,,-9,,-9,,-9,,-9,,-9,,-9,,-9,,-9,,-9,,-9,,1
202406,JOB675901779152,ID3499801376,EMP4461440923,-9,202106,,0,999909,-9,0,1,0,0,0,0,,1,202108,8.0,0,,,1,3284.4,-8,,1,251.86,1,3536.26,1,161.82,1,8.272779256085048,1,170.09277925608504,1,163.85,1,172.12277925608504,1,20.05,1,20.54,1
202504,JOB850255134448,ID7764149003,-9,-9,201605,201608,-9,201608,3,2,-8,-9,0,0,0,,-9,,,-9,,,-9,,-9,,-9,,-9,,-9,,-9,,-9,,-9,,-9,,-9,,-9,,1
202502,JOB149788795312,ID7764149003,EMP0409543776,-9,202306,,0,999909,-9,0,0,0,0,0,0,,0,,,0,,,1,4513.92,-8,,-8,,1,4513.92,1,161.3,-8,,1,161.3,1,161.17,1,159.64,1,28.01,1,28.28,1
202401,JOB257068026933,ID8187109685,EMP1542306002,-9,202011,,0,999909,-9,0,0,0,0,0,0,,1,202101,8.0,0,,,1,7166.83,1,809.44,1,696.51,1,8672.77,1,171.83,1,11.132864931270436,1,182.96286493127045,1,174.1,1,185.23286493127043,1,41.17,1,46.82,1
202404,JOB392220562019,ID3382222400,EMP0113484339,-9,201709,,0,999909,-9,0,0,0,0,0,0,,1,201711,8.0,0,,,1,7604.35,-8,,-8,,1,7604.35,1,170.36,-8,,1,170.36,1,171.94,1,168.68,1,44.23,1,45.08,1
202406,JOB986634209536,ID3382222400,EMP7734985297,-9,202003,202209,1,202209,6,0,1,0,0,0,0,,0,,,0,,,1,4128.8,-8,,-8,,1,4128.8,1,164.82,-8,,1,164.82,1,167.11,1,163.29,1,24.71,1,25.29,1
202406,JOB665353896298,ID5336952474,EMP5324367924,-9,202211,,0,999909,-9,0,1,0,0,0,0,,1,202305,26.0,0,,,1,3256.43,-8,,-8,,1,3256.43,1,172.36,-8,,1,172.36,1,172.69,1,170.46,1,18.86,1,19.1,1
202408,JOB979399816153,ID5336952474,EMP8116837103,-9,202203,,0,999909,-9,1,1,0,0,0,0,,0,,,0,,,1,4781.97,-8,,-8,,1,4781.97,1,168.98,-8,,1,168.98,1,170.83,1,171.98,1,27.99,1,27.81,1
202602,JOB292645633917,ID1463947625,-9,TMP8335391016,201603,201609,-9,201609,3,2,-8,-9,0,0,0,,-9,,,-9,,,-9,,-9,,-9,,-9,,-9,,-9,,-9,,-9,,-9,,-9,,-9,,1
202508,JOB133344376734,ID5901639949,EMP8140984101,-9,201909,,0,999909,-9,0,1,0,0,0,0,,0,,,0,,,1,3798.71,-8,,1,344.19,1,4142.9,1,160.14,1,9.673257878738326,1,169.8132578787383,1,161.12,1,170.79325787873833,1,23.58,1,24.26,1
202607,JOB348548420353,ID6801990342,EMP1607917913,-9,202202,202210,0,999909,-9,0,0,0,0,0,0,,1,202203,4.0,0,,,1,7338.82,1,221.82,-8,,1,7560.64,1,162.64,1,15.58,1,178.22,1,163.18,1,176.87,1,44.97,1,42.75,1
202603,JOB576463913810,ID7452719367,EMP7491619423,-9,201502,,0,999909,-9,0,0,0,0,0,0,,1,201504,8.0,0,,,1,5479.84,-8,,-8,,1,5479.84,1,171.96,-8,,1,171.96,1,168.88,1,172.63,1,32.45,1,31.74,1
202406,JOB488566948993,ID0254717989,EMP0051956756,-9,201703,,0,999909,-9,0,0,0,0,0,0,,1,201705,8.0,1,1541.21,49.78,1,5137.38,1,444.5,1,247.94,1,5829.82,1,165.92,1,5.3383302312348215,1,171.25833023123482,1,163.49,1,168.82833023123484,1,31.42,1,34.53,1
202403,JOB904172820762,ID6240871006,EMP3811522328,-9,201509,,0,999909,-9,0,0,0,0,0,0,,1,201603,26.0,0,,,1,6346.19,1,345.63,1,904.33,1,7596.14,1,171.26,1,16.269639755142272,1,187.52963975514226,1,170.29,1,186.55963975514226,1,37.27,1,40.72,1
202405,JOB641578097830,ID5357228920,EMP2801041945,-9,201709,,0,999909,-9,0,0,0,0,0,0,,1,201710,6.0,1,1679.54,51.63,1,5598.47,-8,,-8,,1,5598.47,1,172.09,-8,,1,172.09,1,171.88,1,171.47,1,32.57,1,32.65,1
202612,JOB974369905585,ID8037891213,EMP5759940842,-9,202110,,0,999909,-9,0,1,0,0,0,1,CIE - Contrat d'initiation à l'emploi,1,202111,6.0,0,,,1,2582.79,1,143.62,-8,,1,2726.42,1,164.67,-8,,1,164.67,1,165.38,1,164.96,1,15.62,1,16.53,1
202412,JOB084376992964,ID3681498025,EMP4477250842,-9,201805,,0,999909,-9,0,0,0,0,0,0,,1,201807,8.0,0,,,1,4676.48,1,885.79,-8,,1,5562.27,1,163.56,-8,,1,163.56,1,161.11,1,161.01,1,29.03,1,34.55,1
202412,JOB295945231582,ID6024257033,EMP8630402966,-9,201702,,0,999909,-9,0,0,0,0,0,0,,1,201703,6.0,0,,,1,5511.95,-8,,-8,,1,5511.95,1,167.8,-8,,1,167.8,1,164.62,1,165.03,1,33.48,1,33.4,1
202401,JOB502206190193,ID2503139280,EMP3359379719,-9,202411,,0,999909,-9,0,0,0,0,0,0,,1,202505,26.0,0,,,1,6540.67,-8,,1,957.86,1,7498.54,1,164.9,1,16.09942920898641,1,180.9994292089864,1,163.85,1,179.9494292089864,1,39.92,1,41.67,1
202503,JOB647437019453,ID5323167781,EMP9117766650,-9,202102,,0,999909,-9,0,0,0,0,0,0,,1,202103,4.0,0,,,1,5027.23,1,749.23,1,324.78,1,6101.23,1,162.08,1,6.9806814096018455,1,169.06068140960187,1,160.92,1,167.90068140960184,1,31.24,1,36.34,1
202504,JOB126848563711,ID3532237185,EMP4294300037,-9,201704,,0,999909,-9,0,0,0,0,0,0,,1,201707,12.0,0,,,1,5542.94,-8,,-8,,1,5542.94,1,162.69,-8,,1,162.69,1,161.68,1,163.73,1,34.28,1,33.85,1
202511,JOB065266426735,ID5915382011,EMP1272455337,-9,202110,202202,2,202202,3,0,1,0,0,0,0,,-9,,,0,,,1,3167.97,-8,,-8,,1,3167.97,1,166.88,-8,,1,166.88,1,167.47,1,164.6,1,18.92,1,19.25,1
202403,JOB767293509793,ID9656851206,EMP4421291465,-9,202208,,0,999909,-9,0,1,0,0,0,0,,0,,,0,,,1,3609.38,-8,,-8,,1,3609.38,1,169.49,1,18.66,1,188.15,1,172.69,1,189.83,1,20.9,1,19.01,1
202605,JOB676706363286,ID7823372094,EMP3011220084,-9,202304,202305,1,202305,2,0,0,0,0,0,0,,1,202305,4.0,0,,,1,7162.75,1,979.58,-8,,1,8142.33,1,165.5,-8,,1,165.5,1,166.0,1,162.34,1,43.15,1,50.16,1
202409,JOB249519350011,ID9208564901,EMP5461758080,-9,202411,,0,999909,-9,1,0,0,0,0,0,,1,202412,4.0,0,,,1,4513.07,-8,,-8,,1,4513.07,1,163.72,-8,,1,163.72,1,160.84,1,160.84,1,28.06,1,28.06,1
202612,JOB685647177840,ID4755803090,EMP1902716988,-9,202102,202103,1,202103,1,0,1,0,0,0,0,,0,,,0,,,1,2909.58,-8,,-8,,1,2909.58,1,172.06,-8,,1,172.06,1,174.12,1,175.35,1,16.71,1,16.59,1
202408,JOB195657285353,ID0505835345,-9,-9,202206,202211,-9,202211,2,2,-8,-9,0,0,0,,-9,,,-9,,,-9,,-9,,-9,,-9,,-9,,-9,,-9,,-9,,-9,,-9,,-9,,1
202409,JOB698345150252,ID3028532727,-9,-9,202203,202209,-9,202209,2,2,-8,-9,0,0,0,,-9,,,-9,,,-9,,-9,,-9,,-9,,-9,,-9,,-9,,-9,,-9,,-9,,-9,,1
202502,JOB309007121024,ID7118425278,EMP2344730577,TMP9522426537,202102,,0,999909,-9,1,0,0,0,0,0,,1,202108,26.0,0,,,1,5243.05,-8,,-8,,1,5243.05,1,168.2,1,10.47,1,178.67,1,168.94,1,177.6,1,31.03,1,29.52,1
202406,JOB221914390705,ID7118425278,EMP4736015791,-9,201502,201506,1,201506,3,0,0,0,0,0,0,,0,,,0,,,1,6778.25,-8,,-8,,1,6778.25,1,165.45,1,5.49,1,170.94,1,164.79,1,171.35,1,41.13,1,39.56,1
202606,JOB463866432031,ID5719214967,EMP7266528246,-9,201708,201805,1,201805,4,0,1,0,0,0,0,,0,,,0,,,1,3796.37,1,452.01,1,340.29,1,4588.67,1,160.03,1,9.562913142130489,1,169.5929131421305,1,161.25,1,170.8129131421305,1,23.54,1,26.86,1
202611,JOB301000908993,ID1630335636,-9,-9,201806,201812,-9,201812,3,2,-8,-9,0,0,0,,-9,,,-9,,,-9,,-9,,-9,,-9,,-9,,-9,,-9,,-9,,-9,,-9,,-9,,1
202411,JOB081226815947,ID4376613662,EMP4705311058,-9,201801,202408,0,999909,-9,1,0,0,0,0,0,,1,201804,12.0,0,,,1,5846.08,-8,,-8,,1,5846.08,1,167.86,-8,,1,167.86,1,166.45,1,165.44,1,35.12,1,35.34,1
202609,JOB363688501627,ID7671877628,EMP6292266678,-9,201808,,0,999909,-9,0,0,1,0,0,0,,1,201902,26.0,0,,,1,8158.03,-8,,-8,,1,8158.03,1,172.34,-8,,1,172.34,1,171.14,1,170.19,1,47.67,1,47.93,1
202606,JOB838580501417,ID9777265976,EMP1657893912,-9,202002,,0,999909,-9,1,1,0,0,0,0,,0,,,0,,,1,6776.54,-8,,-8,,1,6776.54,1,161.04,1,19.65,1,180.7,1,161.21,1,177.37,1,42.04,1,38.21,1
202402,JOB250186074290,ID5703029301,EMP6952223369,-9,201701,,0,999909,-9,0,1,0,0,0,0,,1,201703,8.0,1,1025.57,50.49,1,3418.58,-8,,1,473.03,1,3891.61,1,168.31,1,15.526235268070941,1,183.83623526807094,1,166.7,1,182.22623526807092,1,20.51,1,21.36,1
202405,JOB873544534514,ID1446956740,EMP6688658348,-9,202506,,1,202603,4,0,1,0,0,0,0,,1,202507,4.0,1,1399.32,50.46,1,4664.41,-8,,-8,,1,4664.41,1,168.19,-8,,1,168.19,1,170.42,1,166.28,1,27.37,1,28.05,1
202410,JOB580504505092,ID3269834436,EMP8467200734,-9,202401,,0,999909,-9,1,1,0,0,0,0,,1,202402,4.0,0,,,1,5797.22,1,809.62,-8,,1,6606.84,1,162.95,-8,,1,162.95,1,165.61,1,165.2,1,35.01,1,39.99,1
202402,JOB204502814353,ID3269834436,EMP1279433795,-9,201602,,0,999909,-9,1,1,0,0,0,0,,1,201605,12.0,0,,,1,6970.48,-8,,-8,,1,6970.48,1,164.58,1,19.91,1,184.49,1,162.39,1,183.44,1,42.92,1,38.0,1
202404,JOB193511745553,ID8554514609,EMP7062728167,-9,201702,,0,999909,-9,0,1,0,0,0,0,,1,201705,12.0,0,,,1,2899.21,-8,,-8,,1,2899.21,1,164.87,-8,,1,164.87,1,166.33,1,167.31,1,17.43,1,17.33,1
202405,JOB399516704505,ID9069319630,EMP9982267312,-9,202309,,0,999909,-9,1,0,0,0,0,0,,1,202311,8.0,0,,,1,6060.97,1,432.37,-8,,1,6493.34,1,164.01,-8,,1,164.01,1,166.87,1,165.05,1,36.32,1,39.34,1
202611,JOB490443183436,ID5576729911,EMP9531029771,-9,201711,,0,999909,-9,0,1,0,0,0,0,,1,201802,12.0,0,,,1,3399.78,1,506.72,-8,,1,3906.5,1,172.17,-8,,1,172.17,1,171.41,1,174.11,1,19.83,1,22.44,1
202501,JOB671052987707,ID1983691573,EMP4599153044,-9,201503,201506,4,201506,1,0,1,0,0,0,0,,-9,,,0,,,1,1851.8,-8,,-8,,1,1851.8,1,74.64,-8,,1,74.64,1,74.98,1,75.8,1,24.7,1,24.43,1
202409,JOB236881013827,ID4093467541,EMP2105133460,-9,201604,,0,999909,-9,0,1,0,0,0,0,,1,201605,4.0,0,,,1,4014.92,-8,,1,604.61,1,4619.53,1,162.2,1,16.283913702381966,1,178.48391370238195,1,160.08,1,176.36391370238198,1,25.08,1,26.19,1
202611,JOB672000521410,ID1736907894,EMP7071634850,-9,201603,,0,999909,-9,0,0,0,0,0,0,,1,201605,8.0,0,,,1,6326.57,-8,,-8,,1,6326.57,1,166.88,1,6.65,1,173.53,1,168.75,1,175.29,1,37.49,1,36.09,1
202512,JOB639561266783,ID6713771886,EMP0557371388,-9,201703,201704,4,201704,2,0,1,0,0,0,0,,-9,,,0,,,1,1892.27,1,451.88,-8,,1,2344.15,1,115.66,-8,,1,115.66,1,114.68,1,115.11,1,16.5,1,20.36,1
202401,JOB863647046568,ID1421524831,EMP9698703688,-9,202211,,0,999909,-9,0,1,0,0,0,0,,1,202305,26.0,0,,,1,3227.66,-8,,-8,,1,3227.66,1,162.96,-8,,1,162.96,1,164.2,1,160.22,1,19.66,1,20.15,1
202505,JOB247183018179,ID4062911872,EMP6075789849,-9,202401,,0,999909,-9,0,0,0,0,0,1,CAE - Contrat d'appui-emploi,1,202407,26.0,0,,,1,8006.23,-8,,-8,,1,8006.23,1,161.38,1,9.19,1,170.57,1,163.67,1,172.55,1,48.92,1,46.4,1
202601,JOB557261694963,ID5631631297,EMP7881193899,-9,201701,201901,3,201901,5,0,0,0,0,0,0,,-9,,,0,,,1,7005.17,-8,,1,542.73,1,7547.9,1,161.22,1,8.327050932028412,1,169.5470509320284,1,164.39,1,172.7170509320284,1,42.61,1,43.7,1
202610,JOB549004903729,ID5631631297,-9,-9,202302,202304,-9,202304,3,2,-8,-9,0,0,0,,-9,,,-9,,,-9,,-9,,-9,,-9,,-9,,-9,,-9,,-9,,-9,,-9,,-9,,1
202507,JOB212360186399,ID7419258147,EMP4541384531,-9,201801,202510,0,999909,-9,0,1,0,0,0,0,,1,201807,26.0,0,,,1,3941.45,-8,,-8,,1,3941.45,1,166.78,-8,,1,166.78,1,168.61,1,167.59,1,23.38,1,23.52,1
202610,JOB339736707217,ID2177351668,EMP3402422241,-9,201801,201805,1,201805,3,0,0,0,0,0,0,,1,201803,8.0,0,,,1,3412.45,-8,,-8,,1,3412.45,1,162.4,-8,,1,162.4,1,161.19,1,165.01,1,21.17,1,20.68,1
202505,JOB861564099414,ID4350947651,EMP7539891370,-9,201705,,0,999909,-9,1,0,0,0,0,0,,1,201706,6.0,0,,,1,5213.52,1,911.64,-8,,1,6125.16,1,168.9,-8,,1,168.9,1,168.95,1,171.09,1,30.86,1,35.8,1
202407,JOB953386194118,ID2376669692,EMP3909342424,-9,201805,,0,999909,-9,0,0,0,0,0,1,CIE - Contrat d'initiation à l'emploi,0,,,0,,,1,4367.72,1,433.83,-8,,1,4801.56,1,170.48,-8,,1,170.48,1,170.74,1,168.64,1,25.58,1,28.47,1
202406,JOB435095288959,ID4382692855,EMP4703969645,-9,202207,202211,1,202211,3,0,1,0,0,0,0,,1,202301,26.0,0,,,1,4152.94,-8,,-8,,1,4152.94,1,165.95,-8,,1,165.95,1,166.11,1,162.66,1,25.0,1,25.53,1
202507,JOB170690149711,ID8667989947,EMP0384715675,-9,201511,,0,999909,-9,1,1,0,0,0,0,,1,201601,8.0,0,,,1,5643.37,1,606.68,-8,,1,6250.05,1,169.46,-8,,1,169.46,1,166.21,1,166.72,1,33.95,1,37.49,1
202512,JOB242861789257,ID4505669375,EMP1402503857,-9,201909,202011,0,999909,-9,0,1,0,0,0,0,,1,201912,12.0,0,,,1,4244.58,-8,,-8,,1,4244.58,1,169.89,-8,,1,169.89,1,170.89,1,170.38,1,24.84,1,24.91,1
202605,JOB485277586703,ID2789695193,EMP6562036344,-9,202109,,0,999909,-9,0,1,0,0,0,0,,1,202112,12.0,0,,,1,4060.87,1,300.12,-8,,1,4360.99,1,169.71,-8,,1,169.71,1,167.9,1,169.97,1,24.19,1,25.66,1
202512,JOB508989774759,ID5776262636,EMP4434852953,-9,201504,,0,999909,-9,0,1,0,0,0,0,,1,201506,8.0,0,,,1,2611.22,-8,,-8,,1,2611.22,1,165.46,-8,,1,165.46,1,162.32,1,167.92,1,16.09,1,15.55,1
202611,JOB565823445385,ID3099000940,-9,-9,202501,202502,-9,202502,3,2,-8,-9,0,0,0,,-9,,,-9,,,-9,,-9,,-9,,-9,,-9,,-9,,-9,,-9,,-9,,-9,,-9,,1
202601,JOB118158374661,ID5611998996,EMP4477618687,-9,202407,,0,999909,-9,0,1,0,0,1,0,,1,202409,8.0,1,1190.06,51.35,1,3966.87,-8,,-8,,1,3966.87,1,171.16,-8,,1,171.16,1,171.49,1,168.75,1,23.13,1,23.51,1
202404,JOB739862214051,ID3029276405,EMP3186604747,-9,201908,202005,1,202005,4,0,1,0,0,0,0,,1,201909,6.0,0,,,1,2811.83,1,645.14,-8,,1,3456.96,1,164.41,-8,,1,164.41,1,163.09,1,163.12,1,17.24,1,21.19,1
202509,JOB183025853465,ID6647741313,EMP8153988521,-9,202410,,0,999909,-9,0,0,0,0,0,0,,1,202412,8.0,0,,,1,7894.76,-8,,-8,,1,7894.76,1,166.79,-8,,1,166.79,1,167.98,1,169.95,1,47.0,1,46.45,1
202503,JOB831934891800,ID6647741313,EMP3814634292,-9,202010,,0,999909,-9,0,0,0,0,0,0,,1,202011,4.0,0,,,1,3670.32,1,382.96,-8,,1,4053.28,1,172.71,-8,,1,172.71,1,175.07,1,174.34,1,20.96,1,23.25,1
202603,JOB781109659845,ID3015303044,EMP5766345418,-9,202110,202505,0,999909,-9,0,0,0,0,0,0,,0,,,1,2301.34,48.6,1,7671.13,-8,,1,1390.51,1,9061.64,1,161.99,1,19.575484443974666,1,181.56548444397467,1,163.18,1,182.75548444397467,1,47.01,1,49.58,1
202604,JOB221756269962,ID8224216826,EMP0834791005,-9,202511,,1,202603,3,0,0,0,0,0,0,,0,,,0,,,1,3916.21,1,964.15,-8,,1,4880.36,1,169.88,-8,,1,169.88,1,169.58,1,171.26,1,23.09,1,28.5,1
202501,JOB028606048022,ID2951452058,EMP4065474769,-9,201505,202509,0,999909,-9,1,0,0,0,0,0,,0,,,0,,,1,3799.69,-8,,-8,,1,3799.69,1,166.57,-8,,1,166.57,1,169.65,1,164.96,1,22.4,1,23.03,1
202406,JOB229011386047,ID6569931360,EMP9471990380,-9,201909,202001,1,202001,3,0,0,0,0,0,0,,1,202003,26.0,0,,,1,4721.53,-8,,-8,,1,4721.53,1,169.49,-8,,1,169.49,1,172.54,1,169.96,1,27.36,1,27.78,1
202403,JOB848868656292,ID6730953267,EMP5822828018,-9,202109,,0,999909,-9,0,1,0,0,0,0,,1,202112,12.0,0,,,1,4480.05,-8,,-8,,1,4480.05,1,166.96,-8,,1,166.96,1,169.91,1,166.44,1,26.37,1,26.92,1
202608,JOB592897487411,ID7521353175,EMP4862675119,-9,201910,,0,999909,-9,0,0,0,0,0,0,,1,201911,4.0,0,,,1,3471.63,-8,,-8,,1,3471.63,1,160.94,-8,,1,160.94,1,161.85,1,159.72,1,21.45,1,21.74,1
202404,JOB848349276680,ID6301597224,-9,-9,202301,202302,-9,202302,3,2,-8,-9,0,0,0,,-9,,,-9,,,-9,,-9,,-9,,-9,,-9,,-9,,-9,,-9,,-9,,-9,,-9,,1
202508,JOB096746272053,ID5544605392,EMP6499119285,-9,202503,,0,999909,-9,1,0,0,0,0,1,CIE - Contrat d'initiation à l'emploi,0,,,0,,,1,5125.11,-8,,-8,,1,5125.11,1,169.59,-8,,1,169.59,1,166.78,1,172.18,1,30.73,1,29.77,1
202403,JOB844607890751,ID1262643956,EMP9919817755,-9,201902,,0,999909,-9,0,0,0,0,0,0,,1,201903,6.0,0,,,1,4563.25,-8,,-8,,1,4563.25,1,170.15,-8,,1,170.15,1,171.32,1,169.67,1,26.64,1,26.89,1
202406,JOB343687715692,ID5907055494,EMP2094907634,-9,202202,202204,0,999909,-9,0,0,0,0,0,0,,1,202204,8.0,0,,,1,7329.7,-8,,-8,,1,7329.7,1,172.35,-8,,1,172.35,1,172.09,1,174.82,1,42.59,1,41.93,1
202411,JOB573952328555,ID1354741685,EMP8095794758,-9,202305,,0,999909,-9,0,0,0,0,0,0,,1,202306,4.0,0,,,1,6628.19,-8,,-8,,1,6628.19,1,170.1,-8,,1,170.1,1,168.32,1,171.74,1,39.38,1,38.59,1
202408,JOB083745601703,ID7973418559,EMP9610175900,-9,202108,,0,999909,-9,1,1,0,0,0,0,,0,,,0,,,1,5586.65,-8,,-8,,1,5586.65,1,163.51,1,13.14,1,176.65,1,164.82,1,174.38,1,33.9,1,32.04,1
202405,JOB589607072288,ID9676353673,EMP3413351390,-9,201903,,0,999909,-9,0,1,0,0,0,0,,1,201906,12.0,0,,,1,3162.24,-8,,-8,,1,3162.24,1,172.68,-8,,1,172.68,1,172.03,1,173.87,1,18.38,1,18.19,1
202405,JOB825263794128,ID0073565826,EMP8669112232,-9,201707,,0,999909,-9,0,0,0,0,0,0,,1,201709,8.0,0,,,1,3804.06,-8,,-8,,1,3804.06,1,167.61,-8,,1,167.61,1,167.92,1,169.66,1,22.65,1,22.42,1
202507,JOB738052038819,ID5441181851,EMP3768418471,-9,201605,,0,999909,-9,0,0,1,1,0,0,,0,,,0,,,1,3505.44,-8,,-8,,1,3505.44,1,162.58,-8,,1,162.58,1,165.67,1,165.18,1,21.16,1,21.22,1
202607,JOB950767162172,ID9067618376,EMP0488868041,TMP4909703425,201801,,0,999909,-9,1,1,0,0,0,0,,1,201802,4.0,0,,,1,4523.26,-8,,-8,,1,4523.26,1,162.1,-8,,1,162.1,1,163.1,1,164.02,1,27.73,1,27.58,1
202403,JOB682967074215,ID1970181589,EMP3193625260,-9,201509,,0,999909,-9,0,1,0,0,0,0,,1,201603,26.0,1,1339.61,49.43,1,4465.38,1,795.43,-8,,1,5260.82,1,164.77,-8,,1,164.77,1,161.54,1,167.17,1,27.64,1,31.47,1
202502,JOB214012833195,ID5174546935,EMP5897990359,-9,202201,,0,999909,-9,0,0,0,0,0,0,,1,202204,12.0,0,,,1,3366.13,1,939.57,-8,,1,4305.7,1,165.34,-8,,1,165.34,1,162.41,1,165.82,1,20.73,1,25.97,1
202401,JOB434597317303,ID8418767760,EMP3249675745,-9,202301,,0,999909,-9,0,1,0,0,0,0,,1,202304,12.0,0,,,1,3355.64,1,406.81,-8,,1,3762.46,1,169.43,-8,,1,169.43,1,166.83,1,166.67,1,20.11,1,22.57,1
202410,JOB545657289722,ID6111079764,EMP6934854039,-9,202109,202409,3,202409,5,0,1,0,0,0,0,,-9,,,0,,,1,2495.25,-8,,-8,,1,2495.25,1,140.38,-8,,1,140.38,1,141.63,1,141.66,1,17.62,1,17.61,1
202601,JOB626377927110,ID7777957039,EMP7351289622,-9,202503,,3,202803,5,0,0,0,0,0,0,,-9,,,1,1884.92,43.62,1,6283.08,1,630.45,-8,,1,6913.53,1,145.41,-8,,1,145.41,1,147.98,1,143.91,1,42.46,1,48.04,1
202504,JOB652941285370,ID9430695235,EMP0644885487,-9,202509,,3,202709,5,0,1,0,0,0,0,,-9,,,0,,,1,3714.18,-8,,-8,,1,3714.18,1,145.5,-8,,1,145.5,1,144.4,1,143.42,1,25.72,1,25.9,1
202409,JOB221317019586,ID6887860203,EMP6399287987,TMP5102874512,201605,201702,1,201702,4,0,1,1,0,0,0,,1,201608,12.0,1,1075.77,50.21,1,3585.89,-8,,-8,,1,3585.89,1,167.38,-8,,1,167.38,1,165.19,1,169.5,1,21.71,1,21.16,1
202404,JOB879210466275,ID2201754541,EMP0152697442,-9,202101,,0,999909,-9,1,0,0,0,0,0,,1,202102,6.0,0,,,1,3654.07,-8,,-8,,1,3654.07,1,163.8,-8,,1,163.8,1,166.68,1,161.76,1,21.92,1,22.59,1
202603,JOB858197015019,ID5792326714,EMP6797209251,-9,201709,201806,1,201806,4,0,0,0,0,0,0,,0,,,0,,,1,7263.6,-8,,-8,,1,7263.6,1,161.64,-8,,1,161.64,1,159.38,1,162.06,1,45.57,1,44.82,1
202412,JOB075741424873,ID5511639714,EMP9626259188,-9,202408,,0,999909,-9,0,0,0,0,0,0,,1,202409,6.0,0,,,1,3992.05,-8,,-8,,1,3992.05,1,169.88,-8,,1,169.88,1,171.29,1,169.61,1,23.31,1,23.54,0
202606,JOB990348042479,ID6571564380,EMP6000940916,-9,201705,202307,0,999909,-9,0,0,0,0,0,0,,0,,,0,,,1,5043.64,-8,,1,767.93,1,5811.57,1,161.64,1,16.40711979022569,1,178.04711979022568,1,159.4,1,175.8071197902257,1,31.64,1,33.06,1
202511,JOB001842933598,ID1722641475,EMP4742298359,-9,202202,202310,0,999909,-9,0,0,0,0,0,0,,1,202203,4.0,0,,,1,4705.96,-8,,-8,,1,4705.96,1,170.27,-8,,1,170.27,1,172.1,1,167.97,1,27.34,1,28.02,1
202504,JOB554042316979,ID7614427873,EMP2067549393,-9,201505,,0,999909,-9,0,0,0,0,0,0,,1,201506,6.0,0,,,1,6791.94,1,521.93,-8,,1,7313.87,1,169.61,-8,,1,169.61,1,172.09,1,171.59,1,39.47,1,42.62,1
202401,JOB740985372033,ID5330236412,EMP5051602325,-9,202006,,0,999909,-9,0,1,0,0,0,0,,1,202008,8.0,0,,,1,3893.49,1,237.08,-8,,1,4130.57,1,160.7,-8,,1,160.7,1,163.7,1,161.57,1,23.78,1,25.57,1
202611,JOB505349419715,ID2538078191,EMP7557166328,-9,201801,,0,999909,-9,0,1,0,0,1,0,,0,,,0,,,1,3856.47,-8,,-8,,1,3856.47,1,161.56,-8,,1,161.56,1,163.8,1,158.81,1,23.54,1,24.28,1
202609,JOB714336080901,ID4205986856,EMP0146103927,-9,202404,,0,999909,-9,0,1,0,0,0,0,,0,,,0,,,1,3470.94,-8,,-8,,1,3470.94,1,168.53,-8,,1,168.53,1,166.8,1,168.69,1,20.81,1,20.58,1
202604,JOB072720814723,ID9656882672,EMP7356407830,-9,202209,,0,999909,-9,0,0,0,0,0,0,,1,202210,4.0,0,,,1,8284.42,-8,,-8,,1,8284.42,1,168.17,-8,,1,168.17,1,165.51,1,166.53,1,50.05,1,49.75,1
202404,JOB595634318073,ID5185711645,EMP9200258565,-9,202208,,0,999909,-9,1,0,0,0,0,0,,1,202211,12.0,1,2025.78,50.64,1,6752.61,-8,,-8,,1,6752.61,1,168.8,1,12.43,1,181.23,1,169.19,1,178.39,1,39.91,1,37.85,0
202409,JOB099839767388,ID4550054908,EMP7246163034,-9,201501,,0,999909,-9,0,1,0,0,0,0,,1,201504,12.0,0,,,1,4532.52,-8,,-8,,1,4532.52,1,162.9,-8,,1,162.9,1,161.65,1,165.75,1,28.04,1,27.35,1
202405,JOB973518962252,ID4550054908,EMP7560022302,-9,202208,202210,0,999909,-9,0,0,0,0,0,0,,1,202302,26.0,1,1275.11,48.31,1,4250.38,-8,,-8,,1,4250.38,1,161.02,-8,,1,161.02,1,161.44,1,158.08,1,26.33,1,26.89,1
202609,JOB098636152769,ID2392788447,EMP5844420224,-9,202104,,0,999909,-9,0,0,0,0,0,0,,1,202107,12.0,0,,,1,4323.98,1,852.02,1,492.07,1,5668.07,1,171.29,1,12.99520351345459,1,184.28520351345458,1,168.39,1,181.38520351345457,1,25.68,1,31.25,1
202404,JOB119925692476,ID9606104718,EMP8834103414,-9,202302,,0,999909,-9,1,1,0,0,0,0,,1,202305,12.0,0,,,1,4033.76,-8,,-8,,1,4033.76,1,168.24,-8,,1,168.24,1,171.26,1,167.17,1,23.55,1,24.13,1
202505,JOB314564572275,ID4067148783,EMP7940740337,-9,202308,,0,999909,-9,0,0,1,0,0,0,,1,202311,12.0,0,,,1,4446.78,1,667.07,-8,,1,5113.85,1,163.21,1,8.43,1,171.64,1,164.83,1,175.07,1,26.98,1,29.21,1
202511,JOB546125360640,ID0576310108,EMP0474867948,-9,202405,202409,1,202409,3,0,1,0,0,0,0,,1,202406,4.0,0,,,1,4481.52,-8,,-8,,1,4481.52,1,160.9,1,14.74,1,175.65,1,160.29,1,172.88,1,27.96,1,25.92,1
202511,JOB600490214441,ID3307811171,EMP5596743338,-9,202006,202110,0,999909,-9,0,0,0,0,0,0,,0,,,0,,,1,4908.43,-8,,-8,,1,4908.43,1,166.24,-8,,1,166.24,1,168.36,1,167.75,1,29.15,1,29.26,1
202405,JOB624872385865,ID6197731739,EMP3927687141,-9,202210,202302,1,202302,3,0,0,0,0,0,0,,1,202211,4.0,0,,,1,7605.48,-8,,-8,,1,7605.48,1,165.6,-8,,1,165.6,1,165.99,1,162.95,1,45.82,1,46.67,1
202501,JOB455703934271,ID4646398970,EMP8669255290,-9,201501,,0,999909,-9,0,0,0,0,0,0,,1,201507,26.0,0,,,1,3365.04,-8,,-8,,1,3365.04,1,170.19,-8,,1,170.19,1,167.54,1,172.03,1,20.08,1,19.56,1
202607,JOB699086723310,ID1300882384,EMP4481773655,-9,201609,,0,999909,-9,0,0,0,0,0,0,,0,,,0,,,1,4924.19,1,532.62,1,665.74,1,6122.55,1,160.27,1,14.445396657367622,1,174.71539665736762,1,157.59,1,172.0353966573676,1,31.25,1,35.59,1
202610,JOB323919325282,ID6835991676,EMP6712693794,-9,201703,201707,1,201707,3,0,0,0,0,0,0,,0,,,0,,,1,6999.94,1,929.62,-8,,1,7929.56,1,165.39,-8,,1,165.39,1,164.07,1,165.52,1,42.66,1,47.91,0
202503,JOB155590627879,ID3064098058,EMP0259120463,-9,202107,,0,999909,-9,0,0,0,0,0,0,,1,202201,26.0,0,,,1,2948.8,-8,,-8,,1,2948.8,1,161.89,-8,,1,161.89,1,160.58,1,162.12,1,18.36,1,18.19,1
202603,JOB111736703862,ID5795519247,EMP5676112584,-9,201509,,0,999909,-9,0,1,0,0,0,0,,0,,,0,,,1,3030.73,1,673.74,1,316.25,1,4020.73,1,172.43,1,11.995064678397583,1,184.42506467839758,1,173.81,1,185.80506467839757,1,17.44,1,21.64,1
202410,JOB201970842874,ID2736548522,EMP1627963651,-9,202006,,0,999909,-9,1,1,0,0,0,1,CAE - Contrat d'appui-emploi,0,,,0,,,1,6129.86,-8,,-8,,1,6129.86,1,169.22,1,10.45,1,179.67,1,166.38,1,179.77,1,36.84,1,34.1,1
202608,JOB437539169280,ID3502830342,EMP9166316696,-9,201901,,0,999909,-9,1,0,0,0,0,0,,1,201902,4.0,1,1516.79,48.99,1,5055.96,-8,,-8,,1,5055.96,1,163.31,-8,,1,163.31,1,161.69,1,166.2,1,31.27,1,30.42,1
202609,JOB115050969961,ID7642962809,-9,-9,202009,202102,-9,202102,2,2,-8,-9,0,0,0,,-9,,,-9,,,-9,,-9,,-9,,-9,,-9,,-9,,-9,,-9,,-9,,-9,,-9,,1
202401,JOB525586277888,ID4762539501,EMP2603174890,-9,202309,202509,3,202509,5,0,0,0,0,0,0,,-9,,,0,,,1,7028.15,-8,,-8,,1,7028.15,1,155.54,-8,,1,155.54,1,155.11,1,157.4,1,45.31,1,44.65,1
202610,JOB991137983045,ID5920559675,-9,-9,202009,202102,-9,202102,3,2,-8,-9,0,0,0,,-9,,,-9,,,-9,,-9,,-9,,-9,,-9,,-9,,-9,,-9,,-9,,-9,,-9,,1
202411,JOB128989930746,ID6896008347,-9,-9,202007,202008,-9,202008,2,2,-8,-9,0,0,0,,-9,,,-9,,,-9,,-9,,-9,,-9,,-9,,-9,,-9,,-9,,-9,,-9,,-9,,1
202507,JOB309007379499,ID8986818439,EMP9445744410,-9,202103,202107,1,202107,3,0,0,0,0,0,0,,0,,,0,,,1,8151.03,1,451.9,-8,,1,8602.93,1,163.7,-8,,1,163.7,1,165.46,1,165.87,1,49.26,1,51.87,1
202611,JOB375681678434,ID9079965857,EMP0730717761,-9,202011,,0,999909,-9,1,1,0,0,0,0,,1,202012,6.0,0,,,1,4067.66,1,740.44,-8,,1,4808.09,1,160.03,-8,,1,160.03,1,158.23,1,160.57,1,25.71,1,29.94,1
202604,JOB514972490322,ID3126532735,EMP3477146950,-9,202006,,0,999909,-9,1,1,0,0,0,0,,0,,,0,,,1,5671.6,1,476.29,-8,,1,6147.89,1,172.83,1,19.73,1,192.56,1,169.62,1,191.87,1,33.44,1,32.04,1
202501,JOB122283056446,ID3912706507,EMP8530455559,-9,202007,,0,999909,-9,0,1,0,0,0,0,,0,,,1,1268.42,49.9,1,4228.08,1,223.21,-8,,1,4451.29,1,166.33,-8,,1,166.33,1,168.34,1,165.08,1,25.12,1,26.96,1
202505,JOB975506179067,ID3696269022,EMP0151200393,-9,202408,202412,0,999909,-9,0,0,0,0,0,0,,1,202502,26.0,0,,,1,6772.06,1,761.22,-8,,1,7533.29,1,169.47,-8,,1,169.47,1,167.39,1,167.69,1,40.46,1,44.92,1
202412,JOB774270549857,ID7122600822,EMP8872820632,-9,201502,201708,1,201708,6,0,0,0,0,0,0,,1,201504,8.0,0,,,1,5181.28,-8,,-8,,1,5181.28,1,165.48,-8,,1,165.48,1,162.52,1,164.1,1,31.88,1,31.57,1
202610,JOB477884070946,ID4724525737,EMP5777061298,-9,202305,202307,2,202307,3,0,1,0,0,1,0,,-9,,,0,,,1,4288.5,-8,,1,586.41,1,4874.91,1,160.8,1,14.658517735737128,1,175.45851773573713,1,160.88,1,175.53851773573712,1,26.66,1,27.77,1
202501,JOB664795127983,ID6056688031,EMP1242853541,-9,202409,,0,999909,-9,0,1,0,0,0,0,,1,202410,4.0,0,,,1,2486.38,-8,,-8,,1,2486.38,1,160.26,-8,,1,160.26,1,163.02,1,157.81,1,15.25,1,15.76,1
202403,JOB246105110900,ID4336895796,EMP7017850205,-9,202203,,0,999909,-9,0,1,0,0,0,0,,0,,,0,,,1,4542.85,1,911.1,-8,,1,5453.95,1,162.99,-8,,1,162.99,1,160.87,1,160.26,1,28.24,1,34.03,1
202507,JOB942041641537,ID3965974425,EMP4051337937,-9,202510,,0,999909,-9,1,1,0,0,0,0,,1,202601,12.0,0,,,1,6663.83,-8,,-8,,1,6663.83,1,161.5,-8,,1,161.5,1,160.7,1,164.19,1,41.47,1,40.59,1
202402,JOB405744509998,ID4499080358,-9,-9,201601,201607,-9,201607,4,2,-8,-9,0,0,0,,-9,,,-9,,,-9,,-9,,-9,,-9,,-9,,-9,,-9,,-9,,-9,,-9,,-9,,1
202410,JOB307348002264,ID5932135961,EMP2597205548,-9,202209,202403,1,202403,5,0,0,0,0,0,0,,1,202210,4.0,0,,,1,4235.47,-8,,-8,,1,4235.47,1,161.83,1,16.38,1,178.21,1,160.42,1,181.58,1,26.4,1,23.33,1
202605,JOB452926769889,ID7214617275,EMP7988775445,-9,201902,,0,999909,-9,1,0,0,0,0,0,,0,,,0,,,1,5712.03,-8,,-8,,1,5712.03,1,161.5,-8,,1,161.5,1,164.7,1,162.94,1,34.68,1,35.06,0
202510,JOB844793656115,ID9346389012,EMP6862230706,-9,202004,,0,999909,-9,0,0,0,0,0,0,,0,,,0,,,1,4013.93,-8,,-8,,1,4013.93,1,161.71,1,14.53,1,176.24,1,160.41,1,174.47,1,25.02,1,23.01,1
202512,JOB782878066154,ID7563112138,EMP5985866356,-9,201609,201811,0,999909,-9,1,1,0,0,0,0,,1,201610,4.0,0,,,1,7267.64,-8,,-8,,1,7267.64,1,168.85,-8,,1,168.85,1,166.41,1,171.81,1,43.67,1,42.3,1
202607,JOB313298871232,ID4288284705,EMP0366864277,TMP2833455735,202506,202508,2,202508,3,0,0,0,0,0,0,,-9,,,0,,,1,3802.42,-8,,-8,,1,3802.42,1,166.88,-8,,1,166.88,1,170.09,1,168.36,1,22.36,1,22.59,1
202507,JOB597302732285,ID2327700453,EMP7042402555,-9,202504,,1,202710,6,0,1,0,0,0,0,,0,,,0,,,1,2882.88,-8,,-8,,1,2882.88,1,171.6,-8,,1,171.6,1,172.63,1,170.18,1,16.7,1,16.94,1
202610,JOB673322912489,ID8656904484,EMP5587700623,-9,202411,,0,999909,-9,0,0,0,0,0,0,,1,202505,26.0,0,,,1,4071.23,1,949.65,1,660.28,1,5681.15,1,165.48,1,17.891819472076207,1,183.3718194720762,1,166.38,1,184.2718194720762,1,24.47,1,30.83,1
202607,JOB015337435670,ID3356890581,EMP2772871565,-9,202411,202508,0,999909,-9,0,0,0,0,0,0,,1,202502,12.0,0,,,1,7785.82,-8,,-8,,1,7785.82,1,167.39,-8,,1,167.39,1,166.52,1,166.5,1,46.76,1,46.76,0
202411,JOB078821651192,ID4183952525,EMP1457445203,-9,202405,,0,999909,-9,0,0,0,0,0,0,,1,202406,4.0,1,1201.71,50.0,1,4005.7,-8,,-8,,1,4005.7,1,166.67,-8,,1,166.67,1,164.28,1,169.67,1,24.38,1,23.61,1
202409,JOB525795990047,ID6340941218,-9,-9,201602,201604,-9,201604,3,2,-8,-9,0,0,0,,-9,,,-9,,,-9,,-9,,-9,,-9,,-9,,-9,,-9,,-9,,-9,,-9,,-9,,1
202402,JOB276861273421,ID6340941218,EMP1202913813,-9,202301,202302,1,202302,2,0,1,0,0,0,0,,1,202302,4.0,0,,,1,3489.96,-8,,-8,,1,3489.96,1,172.36,1,13.18,1,185.54,1,172.56,1,182.35,1,20.22,1,19.14,1
202405,JOB417103891918,ID5683172366,-9,-9,201910,202001,-9,202001,3,2,-8,-9,0,0,0,,-9,,,-9,,,-9,,-9,,-9,,-9,,-9,,-9,,-9,,-9,,-9,,-9,,-9,,1
202610,JOB037811057039,ID7525723163,EMP9630667005,TMP6332343065,202107,202201,2,202201,4,0,0,1,0,0,0,,-9,,,0,,,1,3242.0,1,713.07,-8,,1,3955.07,1,171.2,1,16.49,1,187.68,1,169.27,1,187.39,1,19.15,1,21.11,1
202404,JOB909722858258,ID7448883923,-9,-9,202303,202305,-9,202305,3,2,-8,-9,0,0,0,,-9,,,-9,,,-9,,-9,,-9,,-9,,-9,,-9,,-9,,-9,,-9,,-9,,-9,,1
202608,JOB466486741637,ID2380043647,EMP1206317552,-9,201906,,0,999909,-9,0,0,0,0,0,0,,0,,,0,,,1,5343.64,-8,,-8,,1,5343.64,1,166.67,1,16.64,1,183.31,1,165.02,1,180.23,1,32.38,1,29.65,1
202510,JOB465426836843,ID3611892605,EMP7714034454,-9,202101,,0,999909,-9,0,0,0,0,0,0,,0,,,0,,,1,5797.46,1,298.49,-8,,1,6095.95,1,171.07,1,19.33,1,190.4,1,172.05,1,187.64,1,33.7,1,32.49,1
202504,JOB934099165081,ID3683850957,EMP1364034848,-9,202208,,0,999909,-9,1,1,0,0,0,0,,0,,,0,,,1,5720.49,-8,,-8,,1,5720.49,1,162.25,-8,,1,162.25,1,162.7,1,163.62,1,35.16,1,34.96,1
202512,JOB161734479459,ID1756275280,EMP2351638326,-9,201611,201612,0,999909,-9,0,0,0,0,0,0,,1,201702,12.0,0,,,1,6607.79,-8,,-8,,1,6607.79,1,165.78,-8,,1,165.78,1,168.87,1,163.15,1,39.13,1,40.5,1
202411,JOB484142355283,ID1756275280,EMP3728756798,-9,202106,202110,2,202110,3,0,1,0,0,0,0,,-9,,,0,,,1,3645.59,1,755.88,-8,,1,4401.47,1,165.93,-8,,1,165.93,1,163.25,1,163.16,1,22.33,1,26.98,1
202512,JOB446119830975,ID1079116114,EMP4247388523,-9,202311,202611,3,202611,5,0,1,0,0,0,0,,-9,,,0,,,1,2430.08,1,400.9,1,163.8,1,2994.78,1,140.16,1,6.29819259989608,1,146.45819259989608,1,140.5,1,146.79819259989608,1,17.3,1,20.4,1
202402,JOB909666028653,ID1079116114,EMP8395716468,-9,201501,,0,999909,-9,1,1,0,0,0,0,,0,,,0,,,1,5169.22,-8,,-8,,1,5169.22,1,160.13,-8,,1,160.13,1,160.73,1,163.22,1,32.16,1,31.67,1
202507,JOB926748762965,ID9320709834,EMP0744565726,-9,202409,,0,999909,-9,0,0,0,0,0,0,,0,,,0,,,1,3003.11,-8,,1,261.08,1,3264.19,1,165.81,1,9.609969221112614,1,175.4199692211126,1,165.8,1,175.40996922111262,1,18.11,1,18.61,1
202408,JOB074063516852,ID2645257330,EMP2476751258,-9,202410,202412,0,999909,-9,1,0,0,0,0,0,,0,,,0,,,1,4371.72,-8,,-8,,1,4371.72,1,165.19,-8,,1,165.19,1,164.59,1,168.04,1,26.56,1,26.02,1
202409,JOB370089423403,ID2372259310,EMP7043333188,-9,201603,,0,999909,-9,0,1,0,0,0,0,,1,201605,8.0,0,,,1,3602.94,-8,,-8,,1,3602.94,1,171.58,-8,,1,171.58,1,168.24,1,171.34,1,21.42,1,21.03,1
202609,JOB837926405327,ID6455442157,EMP3968859342,-9,201504,201601,1,201601,4,0,0,0,0,0,0,,1,201505,4.0,0,,,1,7835.49,-8,,1,723.98,1,8559.47,1,171.83,1,10.584416727295956,1,182.41441672729596,1,174.69,1,185.27441672729594,1,44.85,1,46.2,1
202503,JOB734767149986,ID0250666860,EMP3289591038,-9,202103,202104,1,202104,2,0,0,0,0,0,1,PAN - Projet d'activité national,1,202109,26.0,0,,,1,4515.85,-8,,-8,,1,4515.85,1,164.58,-8,,1,164.58,1,162.88,1,165.75,1,27.73,1,27.24,1
202604,JOB021027366325,ID6565317087,EMP6732234874,-9,202507,,0,999909,-9,0,0,0,0,0,0,,1,202508,6.0,0,,,1,6875.83,-8,,-8,,1,6875.83,1,167.54,1,5.16,1,172.7,1,167.87,1,172.22,1,40.96,1,39.92,1
202504,JOB909371645810,ID7859541760,EMP4573466944,-9,202308,202508,3,202508,5,0,0,0,0,0,0,,-9,,,0,,,1,4614.74,-8,,1,377.51,1,4992.25,1,144.32,1,7.870737289171895,1,152.1907372891719,1,141.6,1,149.4707372891719,1,32.59,1,33.4,1
202505,JOB380625023089,ID3743450968,EMP9646924343,-9,201702,,0,999909,-9,0,0,0,0,0,0,,1,201708,26.0,1,1015.14,50.68,1,3383.79,-8,,1,299.03,1,3682.82,1,168.92,1,9.951762169724114,1,178.8717621697241,1,171.1,1,181.0517621697241,1,19.78,1,20.34,1
202503,JOB503965586819,ID4769116122,EMP0041589333,-9,202111,,0,999909,-9,1,0,1,0,0,0,,1,202205,26.0,0,,,1,7137.48,1,404.86,-8,,1,7542.34,1,170.59,-8,,1,170.59,1,169.34,1,167.18,1,42.15,1,45.12,1
202501,JOB913650551919,ID1815806194,EMP3968718671,-9,202403,,0,999909,-9,0,0,1,0,0,0,,0,,,0,,,1,7956.92,-8,,-8,,1,7956.92,1,169.19,-8,,1,169.19,1,172.22,1,171.56,1,46.2,1,46.38,1
202603,JOB400371775885,ID2134952209,-9,-9,201701,201707,-9,201707,2,2,-8,-9,0,0,0,,-9,,,-9,,,-9,,-9,,-9,,-9,,-9,,-9,,-9,,-9,,-9,,-9,,-9,,1
202509,JOB399330255987,ID1186018112,EMP9206231459,-9,202402,,0,999909,-9,0,0,0,0,0,0,,1,202403,4.0,1,1802.58,50.74,1,6008.6,-8,,-8,,1,6008.6,1,169.15,-8,,1,169.15,1,169.63,1,168.5,1,35.42,1,35.66,1
202608,JOB140834695449,ID1804460819,EMP5060958062,-9,202409,,0,999909,-9,0,0,0,0,0,0,,1,202410,4.0,0,,,1,5652.45,1,984.52,1,360.03,1,6997.01,1,168.29,1,7.1461275963286575,1,175.43612759632865,1,167.27,1,174.41612759632866,1,33.79,1,40.12,1
202407,JOB164728617468,ID3847669195,EMP5902629761,-9,202307,202311,1,202311,3,0,0,0,0,0,0,,0,,,0,,,1,7550.39,-8,,-8,,1,7550.39,1,164.01,-8,,1,164.01,1,162.5,1,166.9,1,46.46,1,45.24,1
202503,JOB423525600858,ID4021572312,EMP9496172150,-9,201806,,0,999909,-9,0,0,0,0,0,1,CAE - Contrat d'appui-emploi,1,201807,6.0,0,,,1,6108.74,-8,,-8,,1,6108.74,1,162.45,1,9.08,1,171.53,1,165.17,1,168.22,1,36.98,1,36.31,1
202602,JOB377982402116,ID4314140878,EMP8231379981,-9,202510,,3,202810,5,0,0,0,0,0,0,,-9,,,0,,,1,5830.74,-8,,-8,,1,5830.74,1,168.43,-8,,1,168.43,1,167.81,1,171.75,1,34.75,1,33.95,1
202504,JOB254422535117,ID2634888237,EMP8828050345,-9,202308,,0,999909,-9,0,1,0,0,0,0,,1,202402,26.0,0,,,1,2660.67,1,591.38,-8,,1,3252.05,1,165.74,-8,,1,165.74,1,164.94,1,164.93,1,16.13,1,19.72,1
202505,JOB074144301061,ID3685931526,-9,-9,201802,201807,-9,201807,4,2,-8,-9,0,0,0,,-9,,,-9,,,-9,,-9,,-9,,-9,,-9,,-9,,-9,,-9,,-9,,-9,,-9,,1
202406,JOB434499758586,ID7296970100,EMP1888178602,-9,202405,,0,999909,-9,0,1,0,0,0,1,CIE - Contrat d'initiation à l'emploi,1,202406,6.0,1,1180.93,51.81,1,3936.43,1,927.84,-8,,1,4864.27,1,172.71,-8,,1,172.71,1,170.14,1,175.49,1,23.14,1,27.72,1
202409,JOB703666560076,ID4836874777,EMP2282128219,-9,201708,202008,3,202008,5,0,1,0,0,0,0,,-9,,,0,,,1,2594.98,1,369.43,-8,,1,2964.41,1,144.41,-8,,1,144.41,1,146.09,1,144.98,1,17.76,1,20.45,1
202611,JOB435849811846,ID6048531234,EMP5124210637,-9,201505,201509,1,201509,3,0,0,0,0,0,0,,0,,,0,,,1,6820.19,-8,,-8,,1,6820.19,1,170.26,-8,,1,170.26,1,173.32,1,167.5,1,39.35,1,40.72,1
202410,JOB276768777593,ID3793136365,EMP5861341749,-9,202301,202507,1,202507,6,0,1,0,0,0,0,,1,202304,12.0,0,,,1,2861.82,1,646.24,-8,,1,3508.06,1,167.08,-8,,1,167.08,1,166.63,1,167.02,1,17.17,1,21.0,1
202601,JOB499010861647,ID0442364792,EMP9049915738,-9,202407,,0,999909,-9,0,0,0,0,0,0,,1,202410,12.0,0,,,1,3594.6,-8,,-8,,1,3594.6,1,165.03,-8,,1,165.03,1,161.97,1,166.19,1,22.19,1,21.63,0
202609,JOB770115491773,ID4597155793,EMP2609685688,-9,202509,,0,999909,-9,1,0,0,0,0,0,,0,,,0,,,1,4269.69,-8,,-8,,1,4269.69,1,160.45,-8,,1,160.45,1,159.45,1,161.13,1,26.78,1,26.5,1
202506,JOB765964587669,ID6447026327,EMP4947155347,-9,201705,201705,1,201705,0,0,0,0,0,0,0,,1,201707,8.0,0,,,1,6721.24,-8,,-8,,1,6721.24,1,163.14,-8,,1,163.14,1,163.79,1,159.91,1,41.04,1,42.03,1
202406,JOB569329136964,ID8078053833,EMP8040737304,-9,201803,201812,1,201812,4,0,1,0,0,0,0,,1,201809,26.0,0,,,1,2950.49,-8,,-8,,1,2950.49,1,170.9,-8,,1,170.9,1,167.8,1,172.53,1,17.58,1,17.1,1
202509,JOB159209410102,ID6603327399,EMP7607819516,-9,202210,202307,1,202307,4,0,0,0,0,0,0,,1,202212,8.0,1,1039.97,50.02,1,3466.56,1,900.5,-8,,1,4367.07,1,166.74,-8,,1,166.74,1,169.16,1,163.55,1,20.49,1,26.7,1
202610,JOB707181292361,ID2602706875,EMP3912377459,-9,202502,,0,999909,-9,0,0,0,0,0,0,,0,,,0,,,1,3142.14,-8,,-8,,1,3142.14,1,171.82,-8,,1,171.82,1,171.21,1,171.82,1,18.35,1,18.29,1
202409,JOB478483034857,ID0640707838,EMP3654044927,-9,201608,,0,999909,-9,0,1,0,0,0,0,,0,,,0,,,1,3030.47,-8,,-8,,1,3030.47,1,163.18,-8,,1,163.18,1,162.46,1,166.36,1,18.65,1,18.22,1
202406,JOB526990152302,ID9593032075,EMP9996633092,-9,202106,,0,999909,-9,1,0,0,0,0,0,,1,202109,12.0,0,,,1,4893.0,-8,,-8,,1,4893.0,1,172.72,1,13.96,1,186.68,1,173.36,1,188.94,1,28.22,1,25.9,1
202504,JOB682048109305,ID5004231820,EMP4847385779,-9,201705,,0,999909,-9,0,0,0,0,0,0,,0,,,0,,,1,7650.36,-8,,-8,,1,7650.36,1,168.3,-8,,1,168.3,1,168.47,1,165.64,1,45.41,1,46.19,1
202609,JOB155903081969,ID1852557688,EMP5448761504,-9,202001,202005,1,202005,3,0,0,0,0,0,0,,0,,,0,,,1,7980.36,1,939.5,-8,,1,8919.86,1,168.51,-8,,1,168.51,1,169.94,1,165.41,1,46.96,1,53.93,1
202401,JOB777459254123,ID1082277547,EMP8724937979,-9,202006,202010,1,202010,3,0,1,0,0,0,0,,1,202009,12.0,0,,,1,4462.91,-8,,-8,,1,4462.91,1,167.12,-8,,1,167.12,1,168.37,1,166.56,1,26.51,1,26.79,1
202505,JOB064122727653,ID9350276749,-9,-9,202009,202011,-9,202011,3,2,-8,-9,0,0,0,,-9,,,-9,,,-9,,-9,,-9,,-9,,-9,,-9,,-9,,-9,,-9,,-9,,-9,,1
202612,JOB950491086043,ID8335766808,EMP1715578521,-9,201807,,0,999909,-9,0,0,0,0,0,0,,0,,,1,2009.97,51.04,1,6699.9,-8,,-8,,1,6699.9,1,170.12,-8,,1,170.12,1,173.29,1,172.64,1,38.66,1,38.81,1
202609,JOB400933396379,ID8391115320,EMP0203887821,-9,201908,,0,999909,-9,0,1,0,0,0,0,,1,201910,8.0,0,,,1,4507.77,-8,,-8,,1,4507.77,1,170.05,-8,,1,170.05,1,168.34,1,172.65,1,26.78,1,26.11,1
202507,JOB663795818774,ID6440478327,EMP4992468714,-9,201810,,0,999909,-9,1,0,0,0,1,0,,1,201901,12.0,0,,,1,4758.76,1,653.55,-8,,1,5412.3,1,163.24,-8,,1,163.24,1,162.13,1,162.83,1,29.35,1,33.24,1
202508,JOB232468722037,ID9666811822,-9,-9,202306,202310,-9,202310,4,2,-8,-9,0,0,0,,-9,,,-9,,,-9,,-9,,-9,,-9,,-9,,-9,,-9,,-9,,-9,,-9,,-9,,1
202503,JOB267644943632,ID7657868005,EMP7056146534,-9,201611,,0,999909,-9,0,1,0,0,0,0,,1,201612,4.0,0,,,1,3039.63,1,616.99,-8,,1,3656.63,1,163.25,-8,,1,163.25,1,165.64,1,160.88,1,18.35,1,22.73,1
202410,JOB327904233810,ID8143229876,EMP6089170052,-9,202211,,0,999909,-9,0,1,0,0,0,0,,1,202302,12.0,0,,,1,3295.83,1,117.05,-8,,1,3412.88,1,167.54,-8,,1,167.54,1,166.62,1,168.21,1,19.78,1,20.29,1
202505,JOB221689745371,ID0775130610,EMP4732043192,-9,202107,,0,999909,-9,0,1,0,0,0,0,,1,202108,6.0,0,,,1,3537.73,-8,,-8,,1,3537.73,1,171.13,-8,,1,171.13,1,169.08,1,168.3,1,20.92,1,21.02,1
202410,JOB687069057112,ID6702751005,EMP1816793235,-9,201801,,0,999909,-9,1,0,0,0,0,0,,0,,,0,,,1,3905.94,-8,,-8,,1,3905.94,1,163.54,-8,,1,163.54,1,164.09,1,162.36,1,23.8,1,24.06,1
202410,JOB264685519020,ID6702751005,EMP4115488051,-9,202004,,0,999909,-9,0,1,1,0,0,0,,0,,,0,,,1,3269.68,-8,,-8,,1,3269.68,1,162.64,-8,,1,162.64,1,161.44,1,164.0,1,20.25,1,19.94,1
202602,JOB592833971785,ID7021704701,EMP6817697505,-9,202404,202404,1,202404,0,0,0,0,0,0,0,,1,202405,6.0,0,,,1,6369.15,-8,,-8,,1,6369.15,1,172.75,-8,,1,172.75,1,174.28,1,175.47,1,36.55,1,36.3,1
202501,JOB570765094620,ID9440654525,EMP7856227192,TMP8170032762,202511,,0,999909,-9,1,0,0,1,0,0,,0,,,0,,,1,3991.58,-8,,-8,,1,3991.58,1,161.58,-8,,1,161.58,1,163.91,1,158.47,1,24.35,1,25.19,1
202603,JOB682119569646,ID5877770149,EMP0773595691,-9,201604,,0,999909,-9,0,0,0,0,0,0,,1,201605,4.0,0,,,1,5596.66,1,577.58,-8,,1,6174.24,1,171.12,-8,,1,171.12,1,171.59,1,172.75,1,32.62,1,35.74,1
202406,JOB747793599584,ID7358182177,EMP3835699971,-9,201610,,0,999909,-9,0,1,0,0,0,0,,1,201611,6.0,0,,,1,4396.94,1,180.14,-8,,1,4577.08,1,171.6,-8,,1,171.6,1,172.13,1,169.19,1,25.54,1,27.05,1
202512,JOB526202948747,ID0568287533,EMP8112826993,-9,202403,,0,999909,-9,0,0,0,0,0,0,,1,202406,12.0,0,,,1,8015.72,-8,,-8,,1,8015.72,1,167.53,1,14.67,1,182.2,1,167.6,1,181.0,1,47.83,1,44.29,1
202612,JOB535381157509,ID7917431243,EMP2720948036,-9,202211,,0,999909,-9,1,1,0,0,0,0,,1,202212,4.0,0,,,1,5093.42,-8,,-8,,1,5093.42,1,162.42,-8,,1,162.42,1,160.46,1,162.92,1,31.74,1,31.26,1
202508,JOB935492101818,ID4410104279,-9,-9,202004,202009,-9,202009,3,2,-8,-9,0,0,0,,-9,,,-9,,,-9,,-9,,-9,,-9,,-9,,-9,,-9,,-9,,-9,,-9,,-9,,1
202405,JOB462021354692,ID6016426245,EMP2394071734,-9,202406,202409,2,202409,3,0,1,0,0,0,0,,-9,,,0,,,1,2991.59,-8,,-8,,1,2991.59,1,160.64,-8,,1,160.64,1,160.11,1,162.55,1,18.68,1,18.4,1
202404,JOB120224175616,ID6016426245,EMP8095641854,-9,202106,,0,999909,-9,0,0,0,0,0,0,,0,,,0,,,1,3261.65,-8,,-8,,1,3261.65,1,161.83,-8,,1,161.83,1,164.68,1,163.77,1,19.81,1,19.92,1
202407,JOB299948141401,ID5249221911,EMP3856993914,-9,201603,,0,999909,-9,0,0,0,0,0,0,,1,201609,26.0,0,,,1,7564.73,-8,,-8,,1,7564.73,1,161.4,-8,,1,161.4,1,158.45,1,158.51,1,47.74,1,47.72,1
202405,JOB491532180113,ID2913675916,EMP0852315682,TMP2939876674,201503,,0,999909,-9,0,1,0,0,0,1,CIE - Contrat d'initiation à l'emploi,1,201505,8.0,0,,,1,3060.47,-8,,1,197.15,1,3257.62,1,165.13,1,7.091563378997302,1,172.2215633789973,1,164.97,1,172.0615633789973,1,18.55,1,18.93,1
202611,JOB003305109724,ID8772107524,-9,-9,202411,202501,-9,202501,4,2,-8,-9,0,0,0,,-9,,,-9,,,-9,,-9,,-9,,-9,,-9,,-9,,-9,,-9,,-9,,-9,,-9,,1
202412,JOB278680704235,ID2381828936,EMP7318995931,-9,201711,,0,999909,-9,0,0,0,1,0,0,,1,201802,12.0,0,,,1,2990.43,-8,,-8,,1,2990.43,1,164.14,-8,,1,164.14,1,163.93,1,161.24,1,18.24,1,18.55,1
202412,JOB138059519484,ID9963576866,EMP5422595513,-9,201606,,0,999909,-9,0,0,0,0,0,0,,1,201607,4.0,0,,,1,6702.52,-8,,1,678.49,1,7381.01,1,165.38,1,11.160815227540308,1,176.5408152275403,1,164.41,1,175.5708152275403,1,40.77,1,42.04,1
202611,JOB678703238128,ID5041737223,EMP1718993547,-9,202003,202005,0,999909,-9,1,0,0,0,0,0,,1,202009,26.0,1,2073.53,49.72,1,6911.77,-8,,-8,,1,6911.77,1,165.74,-8,,1,165.74,1,166.28,1,164.04,1,41.57,1,42.13,1
202605,JOB036485100218,ID3065940038,-9,-9,201607,201701,-9,201701,4,2,-8,-9,0,0,0,,-9,,,-9,,,-9,,-9,,-9,,-9,,-9,,-9,,-9,,-9,,-9,,-9,,-9,,1
202512,JOB442106510046,ID0320434743,EMP0104131355,-9,201508,,0,999909,-9,0,0,0,0,0,0,,1,201509,4.0,0,,,1,7691.71,-8,,1,428.73,1,8120.44,1,168.9,1,6.276296245581059,1,175.17629624558106,1,172.01,1,178.28629624558104,1,44.72,1,45.55,1
202506,JOB123981893972,ID7767751387,EMP0487304519,-9,202302,,0,999909,-9,0,1,0,0,0,0,,1,202304,8.0,0,,,1,4110.41,-8,,-8,,1,4110.41,1,170.77,-8,,1,170.77,1,168.13,1,171.15,1,24.45,1,24.02,1
202608,JOB449339271954,ID5939185362,-9,-9,201606,201608,-9,201608,3,2,-8,-9,0,0,0,,-9,,,-9,,,-9,,-9,,-9,,-9,,-9,,-9,,-9,,-9,,-9,,-9,,-9,,1
202412,JOB888922100720,ID3544078967,EMP4094711246,-9,202301,202502,0,999909,-9,0,0,0,0,0,0,,1,202304,12.0,1,1066.25,51.71,1,3554.17,-8,,-8,,1,3554.17,1,172.38,-8,,1,172.38,1,172.74,1,171.75,1,20.58,1,20.69,1
202504,JOB570443073246,ID7110187703,EMP6899749030,-9,202208,,0,999909,-9,0,1,0,0,0,0,,1,202209,4.0,0,,,1,3014.27,-8,,-8,,1,3014.27,1,172.14,-8,,1,172.14,1,170.49,1,174.49,1,17.68,1,17.27,1
202611,JOB170034374325,ID1456518127,EMP6740536251,-9,202005,,0,999909,-9,0,0,0,0,0,0,,1,202006,6.0,0,,,1,3050.13,1,192.21,-8,,1,3242.34,1,161.48,-8,,1,161.48,1,164.07,1,162.38,1,18.59,1,19.97,1
202412,JOB615999442618,ID6735384256,EMP4553758268,-9,202302,,0,999909,-9,0,0,0,0,0,0,,1,202304,8.0,0,,,1,7300.21,1,412.6,-8,,1,7712.81,1,167.55,-8,,1,167.55,1,166.28,1,164.41,1,43.9,1,46.91,1
202507,JOB735442524777,ID8050750781,EMP7444964930,-9,202101,,0,999909,-9,0,1,0,0,0,0,,0,,,0,,,1,2925.77,-8,,-8,,1,2925.77,1,171.36,-8,,1,171.36,1,170.61,1,171.68,1,17.15,1,17.04,1
202511,JOB545396016099,ID4609121040,-9,-9,201608,201611,-9,201611,2,2,-8,-9,0,0,0,,-9,,,-9,,,-9,,-9,,-9,,-9,,-9,,-9,,-9,,-9,,-9,,-9,,-9,,1
202604,JOB523617949645,ID9439884427,EMP4959578127,-9,202205,,0,999909,-9,1,1,0,0,0,0,,1,202206,6.0,0,,,1,7080.56,-8,,-8,,1,7080.56,1,170.41,-8,,1,170.41,1,167.73,1,168.56,1,42.21,1,42.01,1
202507,JOB638110502289,ID4040465511,EMP2074595282,-9,201704,201801,1,201801,4,0,0,0,0,0,0,,1,201707,12.0,0,,,1,8426.25,-8,,-8,,1,8426.25,1,169.09,-8,,1,169.09,1,170.79,1,171.25,1,49.34,1,49.2,1
202409,JOB486965371557,ID0026077214,EMP3105208983,-9,202406,,0,999909,-9,0,0,0,0,0,0,,0,,,0,,,1,4114.79,-8,,-8,,1,4114.79,1,162.72,-8,,1,162.72,1,162.39,1,164.87,1,25.34,1,24.96,1
202402,JOB722087121894,ID7590826800,EMP5239596023,-9,202410,,0,999909,-9,1,1,0,0,0,0,,1,202501,12.0,0,,,1,4453.79,1,942.35,-8,,1,5396.14,1,172.3,1,10.41,1,182.71,1,174.29,1,179.27,1,25.55,1,30.1,1
202511,JOB875585095914,ID4130078867,EMP5049723669,-9,202307,202312,0,999909,-9,0,0,0,0,0,0,,1,202308,4.0,0,,,1,7761.84,-8,,-8,,1,7761.84,1,163.74,-8,,1,163.74,1,160.73,1,165.67,1,48.29,1,46.85,1
202608,JOB788698585749,ID4939416674,EMP1106672641,-9,202209,,0,999909,-9,0,0,0,0,0,0,,1,202303,26.0,0,,,1,5926.6,-8,,1,879.49,1,6806.09,1,162.82,1,16.108027465563623,1,178.92802746556362,1,160.03,1,176.13802746556362,1,37.03,1,38.64,1
202504,JOB704079365187,ID4939416674,-9,TMP5789591532,202202,202204,-9,202204,3,2,-8,-9,0,0,0,,-9,,,-9,,,-9,,-9,,-9,,-9,,-9,,-9,,-9,,-9,,-9,,-9,,-9,,1
202610,JOB836903034136,ID2566009805,-9,-9,202208,202209,-9,202209,4,2,-8,-9,0,1,0,,-9,,,-9,,,-9,,-9,,-9,,-9,,-9,,-9,,-9,,-9,,-9,,-9,,-9,,1
202508,JOB370049174436,ID2566009805,EMP8716387621,-9,201901,,0,999909,-9,1,1,0,0,0,0,,1,201903,8.0,0,,,1,4390.67,-8,,-8,,1,4390.67,1,172.64,-8,,1,172.64,1,172.2,1,170.03,1,25.5,1,25.82,1
202502,JOB399821590071,ID8726349212,EMP3204484567,-9,201902,201911,1,201911,4,0,1,0,0,0,0,,0,,,0,,,1,3764.98,-8,,-8,,1,3764.98,1,168.45,-8,,1,168.45,1,165.13,1,167.21,1,22.8,1,22.52,1
202603,JOB520852964552,ID7657666476,EMP1750499887,TMP6724663903,201708,,0,999909,-9,0,1,0,0,0,0,,0,,,0,,,1,2590.64,-8,,-8,,1,2590.64,1,161.84,1,6.16,1,168.0,1,163.14,1,167.07,1,15.88,1,15.51,1
202607,JOB011184065488,ID1430318393,EMP5587552452,-9,201807,,0,999909,-9,0,1,0,0,0,0,,1,201901,26.0,0,,,1,4477.4,-8,,-8,,1,4477.4,1,164.5,-8,,1,164.5,1,164.66,1,163.3,1,27.19,1,27.42,1
202609,JOB825601999162,ID6338958641,EMP4694762936,-9,202002,,0,999909,-9,0,0,0,0,0,0,,0,,,0,,,1,7694.48,1,831.39,1,1031.05,1,9556.91,1,165.95,1,14.824684074675575,1,180.77468407467558,1,166.38,1,181.20468407467558,1,46.25,1,52.74,1
202409,JOB904562446220,ID2038721215,EMP1656633935,-9,201707,,0,999909,-9,0,0,0,0,0,0,,1,201709,8.0,0,,,1,4732.73,-8,,-8,,1,4732.73,1,168.76,1,9.15,1,177.9,1,166.97,1,178.92,1,28.34,1,26.45,1
202612,JOB999702440431,ID5074509332,EMP0907718235,-9,202208,202302,2,202302,4,0,0,0,0,0,0,,-9,,,0,,,1,5323.9,-8,,-8,,1,5323.9,1,166.36,-8,,1,166.36,1,164.75,1,165.68,1,32.32,1,32.13,1
202508,JOB702150134339,ID6615393929,EMP0627989582,-9,202402,,0,999909,-9,0,0,0,0,0,0,,1,202404,8.0,0,,,1,6855.93,1,987.76,-8,,1,7843.69,1,171.24,-8,,1,171.24,1,169.33,1,174.11,1,40.49,1,45.05,1
202507,JOB364364443296,ID2206591004,EMP9142200722,-9,201806,,0,999909,-9,1,1,0,0,0,1,PAN - Projet d'activité national,1,201807,6.0,1,2081.51,48.18,1,6938.36,-8,,-8,,1,6938.36,1,160.61,-8,,1,160.61,1,163.2,1,163.31,1,42.51,1,42.49,1
202512,JOB172847034463,ID2586775465,EMP3246568415,-9,201608,,0,999909,-9,0,0,0,0,0,0,,1,201702,26.0,0,,,1,4877.51,-8,,-8,,1,4877.51,1,164.08,-8,,1,164.08,1,161.24,1,167.29,1,30.25,1,29.16,1
202405,JOB210922251455,ID0337522964,EMP7953723766,-9,202105,,0,999909,-9,0,0,0,0,0,0,,1,202106,6.0,0,,,1,5641.79,1,603.61,1,720.11,1,6965.51,1,168.04,1,14.299004612024488,1,182.33900461202447,1,168.35,1,182.64900461202447,1,33.51,1,38.14,1
202510,JOB390878347679,ID4962840769,EMP0078244666,-9,202111,,0,999909,-9,0,1,0,0,0,0,,0,,,0,,,1,3017.49,-8,,-8,,1,3017.49,1,172.58,-8,,1,172.58,1,170.58,1,171.95,1,17.69,1,17.55,1
202612,JOB468927047233,ID6692325727,EMP4466610514,-9,201609,,0,999909,-9,1,1,0,0,0,0,,0,,,0,,,1,6754.46,-8,,-8,,1,6754.46,1,171.31,-8,,1,171.31,1,171.33,1,171.65,1,39.42,1,39.35,1
202604,JOB440883318380,ID3951869561,EMP1693476912,-9,201811,202601,0,999909,-9,0,0,0,0,0,0,,1,201812,6.0,0,,,1,3479.52,1,551.06,-8,,1,4030.58,1,170.09,-8,,1,170.09,1,167.77,1,172.13,1,20.74,1,23.42,1
202412,JOB318967201295,ID3140982127,EMP9031775690,-9,202411,202602,0,999909,-9,0,1,0,0,0,0,,1,202501,8.0,0,,,1,4117.63,-8,,-8,,1,4117.63,1,164.89,-8,,1,164.89,1,167.92,1,163.0,1,24.52,1,25.26,1
202611,JOB728204009380,ID7469117087,EMP8349123216,-9,202404,,0,999909,-9,0,0,0,0,0,0,,1,202405,6.0,0,,,1,5063.16,-8,,-8,,1,5063.16,1,167.1,1,16.04,1,183.14,1,166.1,1,184.69,1,30.48,1,27.41,0
202410,JOB678629025153,ID3267011678,EMP8642673022,-9,202506,,0,999909,-9,0,0,0,1,0,0,,1,202508,8.0,0,,,1,6132.55,1,166.83,-8,,1,6299.38,1,163.68,-8,,1,163.68,1,162.77,1,161.7,1,37.68,1,38.96,1
202412,JOB830764405835,ID0378467970,EMP5017272797,-9,201502,,0,999909,-9,0,1,0,0,0,1,CIE - Contrat d'initiation à l'emploi,1,201503,4.0,1,1331.29,51.54,1,4437.63,1,484.46,-8,,1,4922.09,1,171.8,1,10.42,1,182.22,1,168.98,1,179.72,1,26.26,1,27.39,1
202601,JOB796886312407,ID7471170648,-9,-9,201605,201608,-9,201608,4,2,-8,-9,0,0,0,,-9,,,-9,,,-9,,-9,,-9,,-9,,-9,,-9,,-9,,-9,,-9,,-9,,-9,,1
202603,JOB517702238045,ID9601709217,EMP3478277253,-9,202510,202604,2,202604,4,0,0,0,0,0,0,,-9,,,0,,,1,4931.54,-8,,-8,,1,4931.54,1,166.92,-8,,1,166.92,1,167.29,1,168.81,1,29.48,1,29.21,1
202609,JOB984648442739,ID0240939866,EMP8356523918,-9,201703,,0,999909,-9,0,0,0,0,0,0,,1,201704,4.0,0,,,1,8052.14,-8,,-8,,1,8052.14,1,172.65,-8,,1,172.65,1,174.94,1,175.12,1,46.03,1,45.98,1
202510,JOB233570444551,ID6345263628,EMP4344211175,-9,202008,202011,4,202011,1,0,0,0,0,0,0,,-9,,,0,,,1,4026.52,-8,,-8,,1,4026.52,1,105.92,1,13.31,1,119.23,1,106.84,1,117.7,1,37.69,1,34.21,1
202405,JOB735399875915,ID9246429987,EMP3007514518,-9,202504,,0,999909,-9,0,1,0,0,0,0,,1,202505,6.0,0,,,1,4770.93,1,552.85,1,464.35,1,5788.13,1,170.57,1,11.067529392953096,1,181.6375293929531,1,168.93,1,179.9975293929531,1,28.24,1,32.16,1
202601,JOB963749121879,ID1460669610,EMP0650614715,-9,202001,202003,2,202003,4,0,0,0,0,0,0,,-9,,,0,,,1,7964.58,1,935.52,-8,,1,8900.1,1,161.06,1,18.65,1,179.7,1,162.74,1,177.46,1,48.94,1,50.15,1
202503,JOB966997842001,ID8614984250,EMP4144246073,-9,202102,202111,1,202111,4,0,0,0,0,0,0,,1,202104,8.0,0,,,1,6981.52,-8,,-8,,1,6981.52,1,167.52,-8,,1,167.52,1,168.9,1,169.82,1,41.34,1,41.11,1
202406,JOB367607410593,ID9305577979,-9,TMP9635476075,202101,202103,-9,202103,4,2,-8,-9,0,0,0,,-9,,,-9,,,-9,,-9,,-9,,-9,,-9,,-9,,-9,,-9,,-9,,-9,,-9,,1
202508,JOB418024594085,ID2101842622,EMP9356535243,-9,202406,,0,999909,-9,1,1,0,0,0,0,,0,,,0,,,1,6742.72,-8,,-8,,1,6742.72,1,169.4,-8,,1,169.4,1,170.63,1,168.46,1,39.52,1,40.03,1
202411,JOB227929496523,ID2584679017,EMP9674999020,-9,202201,,0,999909,-9,0,1,0,0,0,0,,1,202203,8.0,0,,,1,3233.62,-8,,-8,,1,3233.62,1,169.87,-8,,1,169.87,1,171.33,1,172.87,1,18.87,1,18.71,1
202409,JOB204085206334,ID6352946142,EMP6118978737,-9,202010,202111,0,999909,-9,0,0,0,0,0,0,,0,,,0,,,1,3501.63,-8,,-8,,1,3501.63,1,168.99,1,6.54,1,175.53,1,172.06,1,172.48,1,20.35,1,20.3,1
202506,JOB788021093676,ID8436602093,EMP7777365764,-9,201504,,0,999909,-9,0,1,0,0,0,0,,1,201510,26.0,0,,,1,3225.22,-8,,1,555.17,1,3780.39,1,161.44,1,18.526139451249158,1,179.96613945124915,1,163.77,1,182.29613945124916,1,19.69,1,20.74,1
202402,JOB070264062606,ID3313514855,-9,-9,202105,202110,-9,202110,2,2,-8,-9,0,0,0,,-9,,,-9,,,-9,,-9,,-9,,-9,,-9,,-9,,-9,,-9,,-9,,-9,,-9,,1
202407,JOB589377125828,ID0695725202,EMP4889199495,-9,202402,,0,999909,-9,0,0,1,0,0,0,,1,202408,26.0,0,,,1,8171.32,-8,,-8,,1,8171.32,1,163.59,-8,,1,163.59,1,162.9,1,166.86,1,50.16,1,48.97,1
202602,JOB779501467093,ID8678554701,EMP6725028004,-9,201511,201603,2,201603,2,0,1,0,0,0,0,,-9,,,0,,,1,2827.82,-8,,1,308.77,1,3136.59,1,169.11,1,12.309909230553222,1,181.41990923055323,1,170.28,1,182.58990923055322,1,16.61,1,17.18,1
202605,JOB851506688155,ID7542832867,-9,-9,202404,202408,-9,202408,4,2,-8,-9,0,1,0,,-9,,,-9,,,-9,,-9,,-9,,-9,,-9,,-9,,-9,,-9,,-9,,-9,,-9,,1
202608,JOB182569619212,ID1339563224,EMP6974869784,-9,202510,,1,202804,6,0,0,0,0,0,0,,0,,,1,1635.06,48.33,1,5450.21,1,737.76,-8,,1,6187.97,1,161.11,-8,,1,161.11,1,159.33,1,160.13,1,34.21,1,38.64,1
202606,JOB127469017631,ID1339563224,EMP9198637085,-9,202103,,0,999909,-9,0,0,0,0,0,0,,0,,,0,,,1,4843.54,-8,,-8,,1,4843.54,1,165.37,-8,,1,165.37,1,165.18,1,166.31,1,29.32,1,29.12,1
202607,JOB746352356118,ID0327303248,-9,-9,202502,202507,-9,202507,3,2,-8,-9,0,0,0,,-9,,,-9,,,-9,,-9,,-9,,-9,,-9,,-9,,-9,,-9,,-9,,-9,,-9,,1
202501,JOB947281326598,ID1779036666,EMP4503379029,-9,202206,,0,999909,-9,1,1,0,0,0,0,,1,202208,8.0,0,,,1,6477.77,-8,,-8,,1,6477.77,1,168.95,-8,,1,168.95,1,166.3,1,166.93,1,38.95,1,38.81,1
202510,JOB652494891852,ID0568780712,EMP9838820151,-9,201910,,0,999909,-9,0,1,0,0,0,0,,0,,,0,,,1,3359.95,-8,,-8,,1,3359.95,1,169.44,-8,,1,169.44,1,168.43,1,168.85,1,19.95,1,19.9,1
202604,JOB457766138865,ID9029484943,EMP5009159567,TMP2033881120,202506,202510,0,999909,-9,0,0,0,0,0,0,,1,202509,12.0,0,,,1,5626.38,-8,,1,815.7,1,6442.07,1,172.01,1,16.62501823088295,1,188.63501823088293,1,170.53,1,187.15501823088294,1,32.99,1,34.42,1
202508,JOB734483656707,ID9966763720,EMP1905657439,-9,202108,,0,999909,-9,0,0,0,0,0,0,,0,,,1,2017.18,48.3,1,6723.95,-8,,-8,,1,6723.95,1,160.99,-8,,1,160.99,1,161.61,1,161.57,1,41.61,1,41.62,0
202601,JOB662547800958,ID6810253129,EMP0401461597,-9,202411,,0,999909,-9,0,0,0,0,0,0,,1,202502,12.0,0,,,1,5326.24,-8,,-8,,1,5326.24,1,165.86,-8,,1,165.86,1,168.77,1,164.25,1,31.56,1,32.43,1
202605,JOB321305428425,ID4131985967,EMP1119035940,-9,201603,,0,999909,-9,0,1,0,0,0,0,,1,201606,12.0,0,,,1,3084.83,-8,,-8,,1,3084.83,1,168.08,-8,,1,168.08,1,168.68,1,169.62,1,18.29,1,18.19,1
202507,JOB783874430818,ID8951340399,EMP3632939702,-9,201508,,0,999909,-9,0,1,0,0,0,0,,1,201511,12.0,0,,,1,4405.73,1,522.91,-8,,1,4928.64,1,167.27,-8,,1,167.27,1,164.71,1,165.42,1,26.75,1,29.79,1
202603,JOB405892303606,ID8920302875,EMP7787192497,-9,202202,,0,999909,-9,0,1,0,0,0,0,,1,202204,8.0,0,,,1,3280.34,-8,,-8,,1,3280.34,1,163.66,-8,,1,163.66,1,163.51,1,162.08,1,20.06,1,20.24,1
202410,JOB111567338515,ID8252699018,EMP7646705068,-9,201802,202105,0,999909,-9,0,1,0,0,0,0,,0,,,0,,,1,2651.21,-8,,-8,,1,2651.21,1,164.21,1,16.39,1,180.6,1,163.02,1,183.87,1,16.26,1,14.42,1
202605,JOB826388032427,ID5245705155,EMP1618628697,-9,201704,201801,1,201801,4,0,0,0,0,0,0,,1,201710,26.0,0,,,1,5846.29,-8,,-8,,1,5846.29,1,162.72,-8,,1,162.72,1,163.7,1,161.28,1,35.71,1,36.25,1
202507,JOB941854554189,ID4123280625,EMP2588314003,-9,201709,,0,999909,-9,0,1,0,0,0,0,,0,,,0,,,1,4516.65,-8,,-8,,1,4516.65,1,162.48,-8,,1,162.48,1,164.89,1,159.29,1,27.39,1,28.35,1
202504,JOB347608823092,ID2508628685,EMP5872894673,-9,201509,,0,999909,-9,0,0,0,0,0,0,,1,201603,26.0,0,,,1,5558.61,1,950.21,-8,,1,6508.83,1,161.34,-8,,1,161.34,1,160.66,1,163.87,1,34.6,1,39.72,1
202411,JOB662284554140,ID6343031016,EMP8579622951,-9,202102,,0,999909,-9,0,1,0,0,0,0,,1,202104,8.0,0,,,1,3456.91,1,476.96,1,200.38,1,4134.25,1,169.72,1,6.558558058984303,1,176.2785580589843,1,171.69,1,178.24855805898432,1,20.13,1,23.19,1
202608,JOB732165024238,ID4410667884,EMP9354407110,-9,202409,,0,999909,-9,1,0,0,0,0,0,,1,202503,26.0,0,,,1,6400.78,-8,,-8,,1,6400.78,1,163.17,-8,,1,163.17,1,166.37,1,164.08,1,38.47,1,39.01,1
202406,JOB028815208952,ID5541298249,-9,-9,202001,202005,-9,202005,4,2,-8,-9,0,0,0,,-9,,,-9,,,-9,,-9,,-9,,-9,,-9,,-9,,-9,,-9,,-9,,-9,,-9,,1
202404,JOB383844037654,ID3250274962,-9,-9,202307,202401,-9,202401,3,2,-8,-9,0,0,0,,-9,,,-9,,,-9,,-9,,-9,,-9,,-9,,-9,,-9,,-9,,-9,,-9,,-9,,1
202512,JOB237721090744,ID5048715905,EMP4793911717,-9,201906,,0,999909,-9,0,1,0,0,0,0,,1,201908,8.0,0,,,1,3366.1,-8,,-8,,1,3366.1,1,171.57,-8,,1,171.57,1,174.42,1,171.77,1,19.3,1,19.6,1
202606,JOB893825289404,ID4741208180,EMP3935160269,-9,201707,,0,999909,-9,0,1,0,0,0,0,,1,201708,6.0,0,,,1,3591.27,-8,,-8,,1,3591.27,1,172.31,-8,,1,172.31,1,170.36,1,173.97,1,21.08,1,20.64,1
202512,JOB608853298734,ID8393039539,EMP0114997475,TMP3405736891,202508,202511,0,999909,-9,0,0,0,0,0,0,,0,,,0,,,1,4813.3,-8,,-8,,1,4813.3,1,172.39,1,19.74,1,192.13,1,172.1,1,188.81,1,27.97,1,25.49,1
202405,JOB218877169916,ID8041756943,EMP5872363411,-9,202307,,0,999909,-9,0,0,0,0,0,0,,1,202308,4.0,0,,,1,6127.07,1,971.92,-8,,1,7098.99,1,172.23,-8,,1,172.23,1,174.36,1,173.57,1,35.14,1,40.9,1
202407,JOB585537304376,ID4991960841,EMP3185596707,TMP9729682288,201905,,0,999909,-9,1,0,0,0,0,0,,1,201906,6.0,0,,,1,4619.4,-8,,-8,,1,4619.4,1,163.52,-8,,1,163.52,1,160.28,1,165.13,1,28.82,1,27.97,1
202612,JOB925197366547,ID5427344979,EMP5878371053,-9,202401,,0,999909,-9,0,1,0,0,0,0,,1,202402,4.0,1,1249.66,49.79,1,4165.54,1,360.53,-8,,1,4526.07,1,165.97,-8,,1,165.97,1,163.95,1,165.32,1,25.41,1,27.38,1
202512,JOB797176350642,ID6677527071,EMP7299043881,-9,201708,,0,999909,-9,0,0,0,0,0,0,,1,201711,12.0,0,,,1,4171.77,1,559.25,-8,,1,4731.02,1,164.06,-8,,1,164.06,1,163.38,1,167.23,1,25.53,1,28.29,1
202601,JOB036906155026,ID6677527071,EMP1340973122,-9,202107,,0,999909,-9,1,1,0,0,0,0,,1,202110,12.0,0,,,1,6318.09,1,664.49,-8,,1,6982.58,1,172.61,-8,,1,172.61,1,169.19,1,170.78,1,37.34,1,40.89,1
202606,JOB732136788645,ID1780581380,EMP5526151070,-9,201506,201507,4,201507,2,0,0,0,0,0,0,,-9,,,0,,,1,1694.59,1,271.86,-8,,1,1966.45,1,62.17,-8,,1,62.17,1,62.15,1,62.91,1,27.27,1,31.26,1
202604,JOB869263560062,ID1780581380,EMP5515179751,-9,202406,,0,999909,-9,0,0,0,0,0,0,,0,,,0,,,1,7595.34,-8,,1,411.47,1,8006.81,1,165.91,1,5.992060336218662,1,171.90206033621865,1,167.67,1,173.66206033621864,1,45.3,1,46.11,1
202505,JOB708101481297,ID1526532224,EMP1988408943,-9,202502,202511,1,202511,4,0,1,0,0,0,0,,0,,,0,,,1,4100.46,-8,,1,469.5,1,4569.97,1,166.7,1,12.724775881525856,1,179.42477588152585,1,169.54,1,182.26477588152585,1,24.19,1,25.07,1
202407,JOB334050810563,ID1526532224,EMP5869902131,-9,202405,,0,999909,-9,1,0,0,0,0,0,,1,202406,4.0,0,,,1,7614.43,-8,,-8,,1,7614.43,1,172.49,1,18.69,1,191.18,1,175.11,1,194.28,1,43.48,1,39.19,1
202405,JOB609203314656,ID7498849591,-9,-9,202406,202407,-9,202407,3,2,-8,-9,0,0,0,,-9,,,-9,,,-9,,-9,,-9,,-9,,-9,,-9,,-9,,-9,,-9,,-9,,-9,,1
202604,JOB487641261395,ID6295322307,EMP5745861805,-9,201509,,0,999909,-9,0,1,0,0,0,0,,0,,,0,,,1,3604.18,-8,,-8,,1,3604.18,1,168.24,-8,,1,168.24,1,170.53,1,169.42,1,21.14,1,21.27,1
202606,JOB962762236831,ID6295322307,-9,-9,202508,202601,-9,202601,4,2,-8,-9,0,0,0,,-9,,,-9,,,-9,,-9,,-9,,-9,,-9,,-9,,-9,,-9,,-9,,-9,,-9,,1
202510,JOB694473534143,ID7710629450,EMP9103231866,-9,202111,202203,1,202203,3,0,1,0,0,0,0,,1,202205,26.0,1,1349.76,49.84,1,4499.19,1,885.23,-8,,1,5384.42,1,166.12,-8,,1,166.12,1,163.7,1,163.14,1,27.48,1,33.0,1
202503,JOB392242577727,ID7795334225,EMP7457502188,-9,201909,201912,2,201912,3,0,0,0,0,0,0,,-9,,,0,,,1,4999.23,-8,,-8,,1,4999.23,1,162.95,-8,,1,162.95,1,163.16,1,163.49,1,30.64,1,30.58,1
202611,JOB693928532025,ID5983589477,EMP4616794677,-9,202310,,0,999909,-9,1,1,0,0,0,0,,0,,,0,,,1,6838.21,-8,,-8,,1,6838.21,1,162.8,-8,,1,162.8,1,165.53,1,165.23,1,41.31,1,41.39,1
202611,JOB626389654997,ID2350194737,EMP7917822008,-9,201605,201606,1,201606,2,0,1,0,0,0,0,,1,201611,26.0,0,,,1,3293.08,-8,,-8,,1,3293.08,1,168.68,-8,,1,168.68,1,167.97,1,167.47,1,19.61,1,19.66,1
202411,JOB274966529483,ID0800458724,EMP0517197251,TMP1049791407,201804,201807,2,201807,2,0,1,0,0,0,0,,-9,,,0,,,1,3014.67,-8,,-8,,1,3014.67,1,166.02,-8,,1,166.02,1,167.22,1,166.01,1,18.03,1,18.16,1
202504,JOB666974721712,ID1280619907,EMP4356683032,-9,202406,202409,4,202409,0,0,0,0,0,0,0,,-9,,,0,,,1,1958.78,-8,,-8,,1,1958.78,1,79.56,-8,,1,79.56,1,80.31,1,79.17,1,24.39,1,24.74,1
202504,JOB936319627564,ID7646126149,-9,-9,201511,201603,-9,201603,2,2,-8,-9,0,0,0,,-9,,,-9,,,-9,,-9,,-9,,-9,,-9,,-9,,-9,,-9,,-9,,-9,,-9,,1
202612,JOB739652729598,ID8704811353,EMP6777055489,-9,202202,202610,0,999909,-9,1,1,0,0,0,0,,1,202203,6.0,0,,,1,5814.92,-8,,-8,,1,5814.92,1,167.92,-8,,1,167.92,1,165.2,1,166.52,1,35.2,1,34.92,1
202403,JOB577129184251,ID7460213688,EMP9561765589,-9,201709,,0,999909,-9,0,1,0,0,0,0,,0,,,0,,,1,4267.51,1,233.06,-8,,1,4500.57,1,168.69,-8,,1,168.69,1,171.37,1,166.63,1,24.9,1,27.01,1
202506,JOB474645507283,ID1535964726,EMP1018508808,-9,202001,,0,999909,-9,0,0,0,0,0,0,,1,202004,12.0,0,,,1,3015.14,-8,,-8,,1,3015.14,1,167.06,-8,,1,167.06,1,165.86,1,163.79,1,18.18,1,18.41,1
202504,JOB774963379226,ID8663646533,EMP2819150237,-9,201805,201808,0,999909,-9,0,0,0,0,0,0,,0,,,0,,,1,4211.91,1,475.04,-8,,1,4686.95,1,161.5,-8,,1,161.5,1,160.33,1,162.36,1,26.27,1,28.87,1
202411,JOB473665397885,ID6609859198,EMP8748955713,-9,201905,202502,0,999909,-9,0,1,0,0,0,0,,1,201906,4.0,0,,,1,3502.78,-8,,-8,,1,3502.78,1,163.16,-8,,1,163.16,1,161.08,1,163.02,1,21.75,1,21.49,1
202406,JOB832290005905,ID9189875579,EMP4517365854,-9,201610,,0,999909,-9,1,1,0,0,0,0,,1,201611,4.0,0,,,1,7225.91,1,221.26,-8,,1,7447.17,1,172.03,-8,,1,172.03,1,169.46,1,173.12,1,42.64,1,43.02,1
202410,JOB196087875788,ID9759809628,EMP2737630977,-9,201807,,0,999909,-9,0,1,0,0,0,0,,0,,,0,,,1,4109.8,-8,,-8,,1,4109.8,1,160.35,-8,,1,160.35,1,160.8,1,160.34,1,25.56,1,25.63,1
202506,JOB265278254630,ID6290107932,EMP5941567117,-9,202203,,0,999909,-9,0,1,0,0,0,0,,1,202205,8.0,0,,,1,3487.85,1,555.42,-8,,1,4043.27,1,164.1,1,18.19,1,182.29,1,165.99,1,184.83,1,21.01,1,21.88,1
202408,JOB306967212815,ID7268395070,EMP6838702785,-9,201702,201703,1,201703,2,0,0,0,0,0,0,,0,,,0,,,1,7521.12,-8,,-8,,1,7521.12,1,162.22,1,12.1,1,174.32,1,162.09,1,170.85,1,46.4,1,44.02,0
202403,JOB606775595735,ID6816723866,EMP4105772504,-9,202311,202408,1,202408,4,0,1,0,0,1,0,,1,202402,12.0,0,,,1,3525.51,1,535.99,-8,,1,4061.5,1,167.13,1,13.11,1,180.23,1,165.92,1,178.98,1,21.25,1,22.69,1
202609,JOB611556613404,ID0749316608,EMP7500045840,-9,202201,,0,999909,-9,0,0,0,0,0,1,PAN - Projet d'activité national,0,,,0,,,1,6381.43,-8,,-8,,1,6381.43,1,168.1,1,14.76,1,182.86,1,166.82,1,184.98,1,38.25,1,34.5,1
202410,JOB170833514244,ID3647224558,-9,-9,202301,202304,-9,202304,4,2,-8,-9,0,0,0,,-9,,,-9,,,-9,,-9,,-9,,-9,,-9,,-9,,-9,,-9,,-9,,-9,,-9,,1
202404,JOB961709987317,ID3647224558,EMP0981668813,-9,202305,,0,999909,-9,1,0,0,0,0,0,,1,202306,6.0,0,,,1,4694.28,1,467.97,-8,,1,5162.25,1,168.83,-8,,1,168.83,1,167.92,1,166.14,1,27.96,1,31.07,1
202407,JOB098971733157,ID2295794745,EMP1604261447,-9,201902,201906,1,201906,3,0,1,0,0,0,0,,0,,,0,,,1,3825.34,-8,,-8,,1,3825.34,1,163.4,-8,,1,163.4,1,164.59,1,163.4,1,23.24,1,23.41,1
202407,JOB383739652427,ID3780498762,EMP6074146440,-9,201805,,0,999909,-9,0,0,0,0,1,0,,0,,,0,,,1,3762.05,1,580.03,-8,,1,4342.08,1,164.44,1,7.96,1,172.4,1,166.53,1,171.92,1,22.59,1,25.26,0
202508,JOB482072712633,ID5275056880,EMP4029378132,-9,201707,,0,999909,-9,0,1,0,0,0,0,,1,201709,8.0,0,,,1,3386.07,-8,,-8,,1,3386.07,1,171.91,-8,,1,171.91,1,170.47,1,174.53,1,19.86,1,19.4,1
202408,JOB726684905366,ID9449931367,EMP7832031613,-9,201805,,0,999909,-9,0,0,0,0,0,0,,0,,,1,1414.83,50.16,1,4716.11,-8,,-8,,1,4716.11,1,167.21,-8,,1,167.21,1,165.13,1,164.55,1,28.56,1,28.66,1
202607,JOB439781573415,ID0193889531,EMP9106608623,-9,201503,,0,999909,-9,0,1,0,0,0,0,,1,201509,26.0,0,,,1,2782.58,-8,,-8,,1,2782.58,1,162.27,1,17.94,1,180.21,1,162.23,1,181.21,1,17.15,1,15.36,1
202604,JOB799706298109,ID5062108401,EMP9752686650,-9,202109,202603,0,999909,-9,0,0,0,0,0,1,CAE - Contrat d'appui-emploi,0,,,1,969.19,49.13,1,3230.62,-8,,-8,,1,3230.62,1,163.78,-8,,1,163.78,1,161.99,1,166.96,1,19.94,1,19.35,1
202608,JOB579888921327,ID6260702474,EMP3815229322,-9,202005,,0,999909,-9,0,1,0,0,0,0,,1,202006,4.0,0,,,1,4372.27,1,793.77,-8,,1,5166.04,1,167.7,-8,,1,167.7,1,166.02,1,168.94,1,26.34,1,30.58,1
202402,JOB555045838750,ID9246366983,EMP0770990317,-9,201806,202601,0,999909,-9,0,1,0,0,0,0,,1,201807,4.0,0,,,1,3373.33,-8,,1,178.46,1,3551.79,1,162.51,1,5.73141337373064,1,168.24141337373064,1,164.5,1,170.23141337373065,1,20.51,1,20.86,1
202508,JOB663316140823,ID6226093164,-9,TMP5673526359,201901,201904,-9,201904,2,2,-8,-9,0,1,0,,-9,,,-9,,,-9,,-9,,-9,,-9,,-9,,-9,,-9,,-9,,-9,,-9,,-9,,1
202601,JOB867106656024,ID7635241302,EMP9235777414,-9,202004,,0,999909,-9,0,1,0,0,0,0,,1,202005,4.0,0,,,1,4139.7,-8,,-8,,1,4139.7,1,171.23,-8,,1,171.23,1,172.04,1,173.53,1,24.06,1,23.86,1
202510,JOB241248454673,ID1683171511,EMP1371741906,TMP1273831817,202011,202012,2,202012,4,0,0,0,0,1,0,,-9,,,0,,,1,3641.31,-8,,1,407.36,1,4048.67,1,166.18,1,12.39380792565461,1,178.57380792565462,1,164.14,1,176.5338079256546,1,22.18,1,22.93,1
202505,JOB154260782411,ID3579656400,EMP6434241147,-9,201705,201710,2,201710,2,0,0,0,0,0,0,,-9,,,0,,,1,7534.73,1,165.96,1,1304.38,1,9005.07,1,162.97,1,18.808479440720376,1,181.7784794407204,1,163.91,1,182.7184794407204,1,45.97,1,49.28,1
202411,JOB746453316495,ID5923466521,EMP0605411371,-9,201811,,0,999909,-9,0,1,0,0,0,0,,1,201901,8.0,0,,,1,3761.47,-8,,-8,,1,3761.47,1,160.15,-8,,1,160.15,1,160.79,1,161.33,1,23.39,1,23.32,1
202501,JOB973697016852,ID5447473343,EMP5317504093,-9,202306,202403,1,202403,4,0,1,0,0,0,0,,0,,,0,,,1,3345.6,-8,,-8,,1,3345.6,1,167.44,-8,,1,167.44,1,168.41,1,169.03,1,19.87,1,19.79,1
202602,JOB611954062789,ID2668063992,EMP0880683112,-9,202403,202406,0,999909,-9,0,0,0,0,0,0,,1,202405,8.0,0,,,1,2948.57,-8,,-8,,1,2948.57,1,163.14,1,9.94,1,173.08,1,163.05,1,170.57,1,18.08,1,17.29,0
202612,JOB374214209420,ID1342773235,EMP7937415871,-9,201511,,0,999909,-9,0,0,0,0,0,0,,0,,,0,,,1,7415.04,-8,,-8,,1,7415.04,1,161.77,-8,,1,161.77,1,163.67,1,160.0,1,45.3,1,46.34,0
202511,JOB381612921351,ID9364273795,EMP1133010753,-9,202110,202111,1,202111,2,0,1,0,0,0,0,,0,,,0,,,1,3011.84,1,756.36,-8,,1,3768.19,1,170.82,-8,,1,170.82,1,172.26,1,173.39,1,17.48,1,21.73,1
202406,JOB878379213168,ID0943913708,EMP2260809937,-9,202209,,0,999909,-9,0,0,0,0,0,0,,1,202210,6.0,0,,,1,4062.54,-8,,-8,,1,4062.54,1,167.08,-8,,1,167.08,1,169.11,1,167.35,1,24.02,1,24.28,1
202411,JOB455407700535,ID0943913708,EMP5882348118,-9,202504,,0,999909,-9,0,0,0,0,0,0,,1,202506,8.0,0,,,1,5425.14,-8,,-8,,1,5425.14,1,160.75,-8,,1,160.75,1,162.23,1,160.98,1,33.44,1,33.7,1
202601,JOB633119161195,ID3307066670,EMP5309373134,-9,201608,,0,999909,-9,0,0,0,0,0,1,CAE - Contrat d'appui-emploi,0,,,0,,,1,7308.33,-8,,-8,,1,7308.33,1,166.31,-8,,1,166.31,1,164.39,1,165.74,1,44.46,1,44.1,1
202611,JOB506529905367,ID7424684732,-9,-9,201504,201507,-9,201507,4,2,-8,-9,0,0,0,,-9,,,-9,,,-9,,-9,,-9,,-9,,-9,,-9,,-9,,-9,,-9,,-9,,-9,,1
202604,JOB205405155674,ID4456578174,EMP0920167599,-9,201604,201606,4,201606,2,0,0,0,0,0,0,,-9,,,0,,,1,2605.3,-8,,-8,,1,2605.3,1,78.19,1,16.07,1,94.26,1,78.31,1,93.84,1,33.27,1,27.76,1
202404,JOB348752560489,ID4004645497,EMP9246625760,TMP1741647763,202406,,0,999909,-9,0,0,0,0,1,0,,1,202407,4.0,0,,,1,5062.99,-8,,-8,,1,5062.99,1,172.84,1,15.01,1,187.85,1,170.12,1,190.22,1,29.76,1,26.62,1
202409,JOB546168444696,ID1032319767,EMP4589244183,-9,201602,201908,0,999909,-9,1,1,0,0,0,0,,1,201608,26.0,0,,,1,5389.67,-8,,-8,,1,5389.67,1,161.65,-8,,1,161.65,1,162.83,1,160.22,1,33.1,1,33.64,1
202406,JOB639248878073,ID8940094658,EMP7676497378,-9,202002,202006,1,202006,3,0,1,0,0,0,0,,1,202005,12.0,0,,,1,3207.48,-8,,-8,,1,3207.48,1,165.91,-8,,1,165.91,1,168.21,1,166.39,1,19.07,1,19.28,1
202501,JOB085675910563,ID4259931769,EMP9670447771,-9,202201,,0,999909,-9,0,0,0,0,0,0,,0,,,0,,,1,8441.13,1,353.96,-8,,1,8795.09,1,172.95,-8,,1,172.95,1,174.31,1,171.98,1,48.43,1,51.14,1
202606,JOB633542050953,ID7448455576,EMP0727728276,-9,202201,202307,1,202307,5,0,1,0,0,0,0,,1,202204,12.0,0,,,1,4443.01,-8,,-8,,1,4443.01,1,167.55,-8,,1,167.55,1,170.49,1,165.26,1,26.06,1,26.88,1
202405,JOB448294350079,ID7448455576,EMP6165377784,-9,201910,202007,0,999909,-9,0,0,0,0,0,0,,1,201911,4.0,0,,,1,6886.2,-8,,-8,,1,6886.2,1,172.28,-8,,1,172.28,1,171.14,1,174.73,1,40.24,1,39.41,1
202602,JOB902374326924,ID3070081334,EMP9418016959,-9,202405,,0,999909,-9,0,1,0,0,0,0,,1,202406,4.0,0,,,1,3690.83,1,491.18,-8,,1,4182.01,1,160.51,1,6.6,1,167.12,1,158.3,1,166.86,1,23.32,1,25.06,1
202603,JOB438375428846,ID5966694239,EMP3773485030,-9,202203,,0,999909,-9,1,0,0,0,0,0,,1,202206,12.0,0,,,1,5227.67,-8,,-8,,1,5227.67,1,172.94,-8,,1,172.94,1,175.11,1,172.26,1,29.85,1,30.35,1
202505,JOB372687793889,ID5966694239,EMP4912867287,TMP0410719129,202402,,0,999909,-9,0,0,0,0,0,0,,1,202404,8.0,1,1495.27,49.73,1,4984.23,-8,,-8,,1,4984.23,1,165.76,-8,,1,165.76,1,168.13,1,163.54,1,29.65,1,30.48,1
202402,JOB496355019353,ID4337026578,EMP1101584567,-9,202201,,0,999909,-9,1,0,0,1,0,0,,1,202204,12.0,0,,,1,7400.47,-8,,-8,,1,7400.47,1,172.83,-8,,1,172.83,1,171.28,1,170.69,1,43.21,1,43.36,0
202407,JOB373397010149,ID4337026578,EMP2621892240,TMP0450153119,202005,,0,999909,-9,0,0,0,0,0,0,,1,202006,4.0,0,,,1,7509.81,-8,,-8,,1,7509.81,1,165.54,-8,,1,165.54,1,163.36,1,166.54,1,45.97,1,45.09,1
202605,JOB966054856257,ID9602769347,EMP5042246406,-9,202102,,0,999909,-9,0,1,0,0,0,0,,1,202108,26.0,1,1071.81,49.32,1,3572.69,-8,,-8,,1,3572.69,1,164.39,-8,,1,164.39,1,161.8,1,164.51,1,22.08,1,21.72,1
202607,JOB557082678650,ID9602769347,EMP4441442942,-9,202309,,0,999909,-9,0,0,0,0,0,0,,1,202311,8.0,0,,,1,6678.95,-8,,-8,,1,6678.95,1,171.02,1,17.29,1,188.31,1,169.16,1,189.59,1,39.48,1,35.23,1
202406,JOB068143659723,ID8142076817,EMP9766105417,-9,202101,202102,1,202102,1,0,1,0,0,0,0,,1,202102,6.0,0,,,1,2562.33,-8,,-8,,1,2562.33,1,164.52,-8,,1,164.52,1,165.91,1,164.76,1,15.44,1,15.55,1
202601,JOB491430921527,ID0667219228,EMP2597833674,-9,202510,,0,999909,-9,1,1,0,0,0,0,,1,202604,26.0,0,,,1,4860.79,-8,,-8,,1,4860.79,1,170.01,-8,,1,170.01,1,170.59,1,168.43,1,28.49,1,28.86,1
202512,JOB016206370355,ID0836108802,EMP9591516761,-9,202106,202109,4,202109,1,0,0,0,0,0,0,,-9,,,0,,,1,4106.46,-8,,-8,,1,4106.46,1,83.15,-8,,1,83.15,1,81.92,1,82.68,1,50.13,1,49.67,1
202507,JOB871834100066,ID0694097873,EMP5848439300,-9,202011,202108,1,202108,4,0,0,0,0,0,0,,0,,,0,,,1,7852.26,-8,,-8,,1,7852.26,1,169.22,-8,,1,169.22,1,171.6,1,170.09,1,45.76,1,46.17,1
202409,JOB276451300501,ID5830470278,EMP9857547388,-9,201507,,0,999909,-9,0,0,0,0,0,0,,1,201509,8.0,0,,,1,4189.35,1,724.12,-8,,1,4913.48,1,166.52,-8,,1,166.52,1,166.15,1,165.48,1,25.21,1,29.69,1
202403,JOB418051412007,ID8875051391,EMP4045156993,TMP1241373949,201707,201711,1,201711,3,0,0,0,0,0,0,,1,201708,6.0,0,,,1,3162.0,-8,,-8,,1,3162.0,1,163.45,-8,,1,163.45,1,163.22,1,164.18,1,19.37,1,19.26,1
202602,JOB365314594568,ID5819366943,EMP1508951463,-9,202408,202410,0,999909,-9,0,1,0,0,0,0,,1,202502,26.0,0,,,1,3144.22,1,566.33,-8,,1,3710.55,1,169.88,1,5.12,1,174.99,1,167.54,1,177.27,1,18.77,1,20.93,1
202609,JOB726027578966,ID0043866684,-9,-9,201704,201706,-9,201706,2,2,-8,-9,0,0,0,,-9,,,-9,,,-9,,-9,,-9,,-9,,-9,,-9,,-9,,-9,,-9,,-9,,-9,,1
202405,JOB636782816896,ID7518621098,EMP0066881279,-9,201706,,0,999909,-9,1,1,0,0,0,0,,1,201708,8.0,0,,,1,6514.46,-8,,-8,,1,6514.46,1,163.46,-8,,1,163.46,1,166.27,1,162.95,1,39.18,1,39.98,1
202609,JOB878904833465,ID0834809854,EMP8672602131,-9,202107,,0,999909,-9,0,0,1,0,0,0,,0,,,0,,,1,4766.97,-8,,-8,,1,4766.97,1,171.98,-8,,1,171.98,1,172.52,1,172.92,1,27.63,1,27.57,1
202605,JOB155781373142,ID3712688704,EMP1756247994,-9,202209,202210,1,202210,2,0,0,0,0,0,0,,0,,,1,1134.01,50.82,1,3780.04,-8,,-8,,1,3780.04,1,169.39,1,14.74,1,184.13,1,170.18,1,183.46,1,22.21,1,20.6,1
202503,JOB466219978565,ID3712688704,EMP2554245866,-9,201508,,0,999909,-9,0,1,0,0,0,0,,1,201509,6.0,0,,,1,3228.17,-8,,1,371.65,1,3599.82,1,166.14,1,12.751460577954447,1,178.89146057795443,1,165.7,1,178.45146057795444,1,19.48,1,20.17,1
202504,JOB661035657480,ID9862254686,EMP8437149262,-9,202101,,0,999909,-9,0,0,1,0,0,0,,1,202102,4.0,0,,,1,6213.95,1,819.44,1,810.06,1,7843.45,1,161.93,1,14.073025820760606,1,176.00302582076063,1,164.28,1,178.3530258207606,1,37.83,1,43.98,1
202602,JOB742052258987,ID4300178462,EMP3073216656,-9,202509,,0,999909,-9,0,1,0,0,0,0,,1,202510,6.0,0,,,1,4568.36,1,232.14,1,215.42,1,5015.92,1,169.76,1,5.3367046721814955,1,175.0967046721815,1,169.73,1,175.0667046721815,1,26.92,1,28.65,1
202405,JOB411602859538,ID6526505347,EMP8755987592,-9,202506,202511,0,999909,-9,1,0,0,0,0,0,,0,,,0,,,1,6585.47,1,692.98,-8,,1,7278.45,1,169.92,1,17.93,1,187.85,1,169.23,1,191.17,1,38.91,1,38.07,1
202509,JOB772464972834,ID2945786740,EMP1906710099,-9,202409,202410,4,202410,2,0,0,0,0,0,0,,-9,,,0,,,1,2551.86,-8,,-8,,1,2551.86,1,74.86,-8,,1,74.86,1,74.14,1,73.72,1,34.42,1,34.62,1
202604,JOB843456512343,ID1055799915,EMP4407080631,-9,201904,,0,999909,-9,0,1,0,0,0,0,,1,201905,4.0,0,,,1,3881.92,-8,,-8,,1,3881.92,1,167.02,-8,,1,167.02,1,169.8,1,169.4,1,22.86,1,22.92,1
202506,JOB707050709506,ID8154478893,EMP2632762432,-9,202210,,0,999909,-9,0,1,0,0,0,0,,1,202212,8.0,0,,,1,3987.27,-8,,-8,,1,3987.27,1,169.6,1,12.7,1,182.3,1,172.99,1,184.07,1,23.05,1,21.66,1
202612,JOB579282629016,ID1845441983,-9,-9,201606,201612,-9,201612,3,2,-8,-9,0,0,0,,-9,,,-9,,,-9,,-9,,-9,,-9,,-9,,-9,,-9,,-9,,-9,,-9,,-9,,1
202511,JOB347561961765,ID1845441983,EMP0210002786,-9,202311,202601,0,999909,-9,0,0,0,0,0,0,,1,202312,4.0,0,,,1,7688.11,1,684.7,-8,,1,8372.81,1,164.56,-8,,1,164.56,1,167.47,1,162.77,1,45.91,1,51.44,1
202610,JOB753115243872,ID7927462268,EMP0757931444,-9,201610,201707,1,201707,4,0,1,0,1,0,0,,1,201611,6.0,0,,,1,4213.98,-8,,-8,,1,4213.98,1,168.58,-8,,1,168.58,1,169.78,1,171.75,1,24.82,1,24.54,1
202502,JOB182511031867,ID1573685070,EMP2075914456,-9,202211,202303,1,202303,3,0,0,0,0,0,0,,1,202301,8.0,0,,,1,4609.46,1,173.06,-8,,1,4782.51,1,172.59,-8,,1,172.59,1,169.52,1,171.01,1,27.19,1,27.97,1
202504,JOB506859023309,ID6573297741,EMP4621470616,-9,202204,,0,999909,-9,1,0,0,0,0,0,,1,202207,12.0,0,,,1,5864.45,-8,,-8,,1,5864.45,1,164.19,-8,,1,164.19,1,166.64,1,161.99,1,35.19,1,36.2,1
202610,JOB705904117977,ID1066169036,EMP9631994670,-9,202205,,0,999909,-9,0,0,0,0,0,0,,0,,,0,,,1,6750.35,-8,,-8,,1,6750.35,1,171.22,1,17.94,1,189.16,1,171.3,1,185.52,1,39.41,1,36.39,1
202508,JOB300971547595,ID6868627482,EMP0133672115,-9,202302,,0,999909,-9,1,1,0,0,0,0,,0,,,0,,,1,5077.89,-8,,-8,,1,5077.89,1,162.07,-8,,1,162.07,1,164.97,1,163.71,1,30.78,1,31.02,1
202405,JOB231596378131,ID6868627482,-9,-9,202401,202404,-9,202404,3,2,-8,-9,0,0,0,,-9,,,-9,,,-9,,-9,,-9,,-9,,-9,,-9,,-9,,-9,,-9,,-9,,-9,,1
202511,JOB268900986068,ID3942789119,EMP1441666117,-9,201701,,0,999909,-9,0,1,0,0,0,0,,1,201703,8.0,0,,,1,4455.34,-8,,-8,,1,4455.34,1,160.65,-8,,1,160.65,1,159.64,1,160.77,1,27.91,1,27.71,1
202608,JOB003031518617,ID3942789119,EMP5989622494,-9,201610,,0,999909,-9,0,0,0,0,0,0,,0,,,0,,,1,6364.74,1,109.02,-8,,1,6473.76,1,171.23,-8,,1,171.23,1,169.05,1,170.29,1,37.65,1,38.02,1
202404,JOB554344821380,ID7085942682,EMP1155769415,-9,202006,202103,1,202103,4,0,0,0,0,0,0,,1,202007,6.0,0,,,1,6847.65,-8,,-8,,1,6847.65,1,162.04,-8,,1,162.04,1,161.85,1,158.89,1,42.31,1,43.1,1
202406,JOB335006455804,ID3957965628,EMP8294078286,-9,202308,,0,999909,-9,1,0,0,0,0,0,,0,,,0,,,1,6849.79,1,675.82,-8,,1,7525.61,1,162.46,-8,,1,162.46,1,162.15,1,164.19,1,42.24,1,45.83,1
202501,JOB270341477568,ID2316750115,EMP8637137998,-9,202004,202008,1,202008,3,0,1,0,0,0,0,,0,,,0,,,1,4184.47,-8,,-8,,1,4184.47,1,172.16,-8,,1,172.16,1,175.57,1,174.21,1,23.83,1,24.02,1
202610,JOB208346442996,ID7644512562,EMP1380718606,-9,201810,,0,999909,-9,1,0,0,0,1,0,,0,,,0,,,1,5461.73,1,226.8,-8,,1,5688.53,1,160.97,-8,,1,160.97,1,161.98,1,161.15,1,33.72,1,35.3,1
202409,JOB103630569562,ID7644512562,EMP5096941235,-9,202501,,0,999909,-9,0,1,0,0,0,0,,1,202502,6.0,0,,,1,2725.77,1,895.96,1,154.72,1,3776.44,1,171.56,1,6.491933533811265,1,178.05193353381128,1,171.69,1,178.18193353381128,1,15.88,1,21.19,1
202506,JOB267763831918,ID5884443721,-9,-9,202109,202203,-9,202203,3,2,-8,-9,0,0,1,PAN - Projet d'activité national,-9,,,-9,,,-9,,-9,,-9,,-9,,-9,,-9,,-9,,-9,,-9,,-9,,-9,,1
202402,JOB030231217817,ID9131126597,EMP0423275888,-9,201701,,0,999909,-9,0,0,0,0,1,0,,1,201703,8.0,1,1575.16,51.34,1,5250.54,-8,,-8,,1,5250.54,1,171.14,1,10.16,1,181.3,1,173.64,1,178.89,1,30.24,1,29.35,1
202503,JOB702098194014,ID5136223801,EMP6961360772,TMP9461730515,202001,202010,1,202010,4,0,0,0,0,0,0,,1,202002,4.0,0,,,1,8000.31,-8,,-8,,1,8000.31,1,172.43,1,16.04,1,188.46,1,175.16,1,189.9,1,45.67,1,42.13,1
202410,JOB074135966533,ID3209673092,EMP9036385743,-9,202301,,0,999909,-9,0,0,0,0,0,0,,1,202302,4.0,0,,,1,5726.93,1,742.03,-8,,1,6468.96,1,170.34,-8,,1,170.34,1,169.6,1,171.58,1,33.77,1,37.7,1
202506,JOB902320165198,ID5584642018,EMP8906091750,-9,202403,202405,4,202405,1,0,1,0,0,0,0,,-9,,,0,,,1,1999.34,1,230.83,-8,,1,2230.18,1,98.04,-8,,1,98.04,1,97.18,1,96.45,1,20.57,1,23.12,1
202606,JOB365347641442,ID8720204871,EMP7197453145,-9,201501,201701,3,201701,5,0,1,0,0,0,0,,-9,,,0,,,1,2878.24,-8,,-8,,1,2878.24,1,160.37,1,11.4,1,171.77,1,160.9,1,170.43,1,17.89,1,16.89,1
202611,JOB647023607417,ID9098245081,EMP0602252553,-9,201608,,0,999909,-9,0,0,0,0,0,0,,0,,,0,,,1,5637.48,1,128.42,-8,,1,5765.9,1,167.1,-8,,1,167.1,1,166.07,1,169.95,1,33.95,1,33.93,1
202501,JOB561206464676,ID3396910829,EMP4785625084,-9,201611,202004,0,999909,-9,1,0,0,0,0,0,,1,201612,6.0,0,,,1,5921.34,-8,,-8,,1,5921.34,1,167.54,-8,,1,167.54,1,167.33,1,164.3,1,35.39,1,36.04,1
202605,JOB198052839053,ID5203286591,EMP0673083038,-9,202508,202512,1,202512,3,0,1,0,0,0,0,,0,,,0,,,1,3954.98,-8,,-8,,1,3954.98,1,167.7,-8,,1,167.7,1,170.19,1,168.25,1,23.24,1,23.51,1
202412,JOB738431556769,ID5406914387,EMP5979296263,-9,201904,,0,999909,-9,0,0,0,0,0,0,,1,201905,4.0,1,2418.94,48.74,1,8063.13,-8,,-8,,1,8063.13,1,162.48,-8,,1,162.48,1,163.23,1,162.94,1,49.4,1,49.49,1
202504,JOB191702423637,ID3298768160,EMP4373801318,-9,202508,,0,999909,-9,0,1,0,0,0,0,,1,202510,8.0,0,,,1,3609.66,-8,,-8,,1,3609.66,1,169.74,1,6.87,1,176.61,1,167.09,1,180.13,1,21.6,1,20.04,1
202605,JOB556473116885,ID3298768160,EMP9266370088,-9,201605,,0,999909,-9,0,0,0,0,0,0,,0,,,0,,,1,7786.78,1,576.56,1,1066.19,1,9429.53,1,166.16,1,15.167371234916502,1,181.32737123491648,1,168.75,1,183.91737123491652,1,46.14,1,51.27,1
202411,JOB873631493181,ID2882617346,EMP3722938045,-9,202509,,1,202606,4,0,0,0,0,0,0,,1,202512,12.0,0,,,1,5984.52,-8,,-8,,1,5984.52,1,163.6,1,6.21,1,169.82,1,162.2,1,169.22,1,36.9,1,35.37,1
202409,JOB883021367160,ID7818155392,EMP3384178760,-9,201508,,0,999909,-9,0,1,0,0,0,0,,1,201511,12.0,0,,,1,3037.01,1,532.69,1,361.8,1,3931.5,1,163.26,1,12.966286336339484,1,176.22628633633948,1,160.02,1,172.9862863363395,1,18.98,1,22.73,1
202607,JOB953698232072,ID0822781469,EMP4861156230,-9,202510,,0,999909,-9,0,1,0,0,0,0,,0,,,0,,,1,4267.78,1,365.37,1,788.51,1,5421.66,1,160.49,1,19.767899165336587,1,180.2578991653366,1,157.77,1,177.5378991653366,1,27.05,1,30.54,1
202511,JOB760639513689,ID2378861732,EMP9065741698,-9,202104,202201,1,202201,4,0,1,0,0,0,0,,1,202107,12.0,0,,,1,4454.39,1,299.29,-8,,1,4753.68,1,169.64,-8,,1,169.64,1,169.07,1,166.83,1,26.35,1,28.49,1
202602,JOB604244502567,ID8837448923,-9,-9,201601,201603,-9,201603,3,2,-8,-9,0,0,0,,-9,,,-9,,,-9,,-9,,-9,,-9,,-9,,-9,,-9,,-9,,-9,,-9,,-9,,1
202501,JOB865510861997,ID0437412698,EMP0783931329,TMP5605573841,202010,,0,999909,-9,0,0,0,0,0,0,,1,202104,26.0,0,,,1,4845.76,-8,,-8,,1,4845.76,1,171.72,1,19.11,1,190.83,1,170.85,1,189.8,1,28.36,1,25.53,1
202610,JOB600661615317,ID0437412698,EMP6602445697,-9,201804,,0,999909,-9,0,1,0,0,0,0,,1,201805,6.0,0,,,1,4350.44,1,806.78,-8,,1,5157.22,1,171.27,-8,,1,171.27,1,170.09,1,170.12,1,25.58,1,30.32,1
202601,JOB880414036348,ID9696608187,EMP7451261937,-9,201711,,0,999909,-9,1,0,0,0,0,1,CAE - Contrat d'appui-emploi,1,201801,8.0,0,,,1,7095.55,-8,,-8,,1,7095.55,1,162.71,1,14.7,1,177.41,1,161.35,1,175.39,1,43.98,1,40.46,1
202607,JOB371510413677,ID8723063657,EMP7679593224,-9,202407,,0,999909,-9,0,0,0,0,0,0,,1,202408,6.0,0,,,1,7621.74,-8,,-8,,1,7621.74,1,170.13,-8,,1,170.13,1,167.54,1,167.63,1,45.49,1,45.47,1
202412,JOB886899690878,ID6976941366,EMP6391418359,-9,202405,,0,999909,-9,1,1,0,0,0,0,,1,202411,26.0,0,,,1,3801.14,1,370.14,-8,,1,4171.28,1,163.66,-8,,1,163.66,1,163.44,1,161.61,1,23.26,1,25.81,1
202501,JOB378280356899,ID0751939146,EMP1085877707,-9,202510,,0,999909,-9,0,0,0,0,0,0,,1,202512,8.0,0,,,1,7533.7,-8,,-8,,1,7533.7,1,168.16,-8,,1,168.16,1,167.45,1,171.18,1,44.99,1,44.01,1
202510,JOB863813032624,ID6266786163,EMP9864094665,-9,202004,,0,999909,-9,0,1,0,0,0,0,,1,202005,4.0,0,,,1,4075.67,1,218.76,-8,,1,4294.44,1,172.53,-8,,1,172.53,1,174.72,1,175.74,1,23.33,1,24.44,1
202502,JOB504568696900,ID8280092053,-9,-9,202508,202511,-9,202511,4,2,-8,-9,0,0,0,,-9,,,-9,,,-9,,-9,,-9,,-9,,-9,,-9,,-9,,-9,,-9,,-9,,-9,,1
202502,JOB018445766162,ID7933335694,EMP9506410318,-9,202204,202210,2,202210,2,0,1,0,0,0,0,,-9,,,1,1033.97,49.59,1,3446.56,-8,,-8,,1,3446.56,1,165.3,-8,,1,165.3,1,163.4,1,166.19,1,21.09,1,20.74,1
202511,JOB672644019892,ID7933335694,EMP8914353542,-9,202103,,0,999909,-9,1,1,0,0,0,0,,1,202109,26.0,0,,,1,6402.12,-8,,-8,,1,6402.12,1,168.69,-8,,1,168.69,1,170.36,1,165.33,1,37.58,1,38.72,1
202504,JOB055465120690,ID7491850582,EMP6119597372,-9,201802,,0,999909,-9,1,1,0,0,0,0,,1,201804,8.0,0,,,1,4657.95,-8,,-8,,1,4657.95,1,164.92,-8,,1,164.92,1,166.66,1,166.79,1,27.95,1,27.93,1
202512,JOB034329262055,ID5078730539,-9,-9,202304,202306,-9,202306,4,2,-8,-9,0,0,1,PAN - Projet d'activité national,-9,,,-9,,,-9,,-9,,-9,,-9,,-9,,-9,,-9,,-9,,-9,,-9,,-9,,1
202411,JOB839783018986,ID5787828095,EMP5984607456,-9,202508,202508,1,202508,0,0,0,0,0,0,0,,1,202602,26.0,0,,,1,5884.9,-8,,-8,,1,5884.9,1,171.86,-8,,1,171.86,1,174.88,1,173.97,1,33.65,1,33.83,1
202402,JOB847739202444,ID4690743906,EMP0731971890,-9,202108,202302,1,202302,5,0,0,0,0,0,0,,1,202111,12.0,0,,,1,6444.39,-8,,-8,,1,6444.39,1,168.85,-8,,1,168.85,1,170.44,1,169.65,1,37.81,1,37.99,1
202501,JOB016183215290,ID7565208313,EMP0741664308,-9,201709,202002,0,999909,-9,1,1,0,0,0,0,,1,201712,12.0,0,,,1,6862.48,1,352.7,-8,,1,7215.18,1,166.38,-8,,1,166.38,1,168.72,1,165.05,1,40.67,1,43.72,1
202412,JOB479801170564,ID1418100729,EMP7658575790,-9,202011,,0,999909,-9,0,1,0,0,0,0,,1,202012,6.0,0,,,1,2678.89,-8,,-8,,1,2678.89,1,169.99,-8,,1,169.99,1,173.23,1,172.25,1,15.46,1,15.55,1
202603,JOB820700026755,ID0804533430,EMP4753964163,-9,201711,,0,999909,-9,0,0,0,0,0,0,,1,201712,4.0,0,,,1,8316.83,-8,,-8,,1,8316.83,1,170.95,-8,,1,170.95,1,168.66,1,170.78,1,49.31,1,48.7,1
202406,JOB306577211271,ID0886112580,EMP6810981766,-9,202108,,0,999909,-9,0,1,0,0,0,0,,0,,,0,,,1,3421.9,-8,,-8,,1,3421.9,1,165.87,1,11.78,1,177.65,1,162.6,1,176.9,1,21.04,1,19.34,1
202512,JOB689977395166,ID9537425257,EMP0323701409,-9,202211,,0,999909,-9,0,0,0,0,0,0,,1,202301,8.0,1,2086.54,50.51,1,6955.14,-8,,-8,,1,6955.14,1,168.37,-8,,1,168.37,1,169.19,1,171.38,1,41.11,1,40.58,1
202604,JOB062881566030,ID9533841629,EMP9805183434,-9,202301,,0,999909,-9,0,1,0,0,0,0,,0,,,0,,,1,3098.25,-8,,-8,,1,3098.25,1,166.48,-8,,1,166.48,1,169.28,1,169.59,1,18.3,1,18.27,1
202508,JOB487092951628,ID9647429326,-9,-9,201802,201804,-9,201804,3,2,-8,-9,0,0,0,,-9,,,-9,,,-9,,-9,,-9,,-9,,-9,,-9,,-9,,-9,,-9,,-9,,-9,,1
202505,JOB246968516921,ID0419744765,EMP7517135284,-9,202506,,0,999909,-9,0,0,0,0,0,0,,1,202508,8.0,0,,,1,5736.57,1,474.39,-8,,1,6210.96,1,164.61,-8,,1,164.61,1,163.03,1,163.51,1,35.19,1,37.99,1
202602,JOB881603534176,ID3594822452,EMP5461411910,-9,201810,201907,1,201907,4,0,1,0,0,0,0,,1,201904,26.0,0,,,1,4057.27,-8,,-8,,1,4057.27,1,171.53,-8,,1,171.53,1,173.78,1,171.57,1,23.35,1,23.65,1
202506,JOB744794080308,ID7156853909,EMP9229064199,-9,201710,,0,999909,-9,0,1,0,0,0,0,,1,201801,12.0,0,,,1,2794.97,1,251.74,-8,,1,3046.71,1,163.27,1,11.24,1,174.51,1,162.09,1,174.18,1,17.24,1,17.49,1
202610,JOB782868722030,ID1888003005,EMP7108169223,-9,202103,202104,2,202104,3,0,1,0,0,0,0,,-9,,,0,,,1,4489.38,1,102.35,-8,,1,4591.73,1,160.9,-8,,1,160.9,1,162.16,1,163.96,1,27.68,1,28.01,1
202410,JOB286358349263,ID1888003005,EMP8987495591,-9,201804,201808,1,201808,3,0,1,0,0,0,1,CIE - Contrat d'initiation à l'emploi,0,,,0,,,1,3933.62,1,689.32,-8,,1,4622.93,1,166.55,-8,,1,166.55,1,169.66,1,169.17,1,23.19,1,27.33,1
202603,JOB679520279891,ID0296149909,EMP4548118917,-9,202305,,0,999909,-9,0,1,0,0,0,0,,1,202311,26.0,1,867.25,49.06,1,2890.85,1,920.18,-8,,1,3811.03,1,163.52,-8,,1,163.52,1,165.75,1,164.02,1,17.44,1,23.24,1
202405,JOB292555680846,ID0570197435,EMP9001581236,-9,201910,,0,999909,-9,1,1,0,0,0,0,,1,201911,6.0,0,,,1,7032.6,1,723.36,-8,,1,7755.96,1,163.71,-8,,1,163.71,1,160.68,1,161.32,1,43.77,1,48.08,1
202411,JOB835728909100,ID2487747630,EMP6347418042,-9,202010,,0,999909,-9,0,0,0,0,0,0,,1,202101,12.0,0,,,1,5935.43,-8,,-8,,1,5935.43,1,165.94,-8,,1,165.94,1,167.78,1,165.49,1,35.38,1,35.87,1
202505,JOB685066487826,ID2487747630,EMP4871300025,-9,201804,,0,999909,-9,0,0,0,0,0,0,,1,201805,4.0,1,1360.22,49.99,1,4534.08,1,836.43,-8,,1,5370.52,1,166.63,1,8.98,1,175.61,1,167.47,1,175.67,1,27.07,1,30.57,1
202601,JOB595594229813,ID1181961387,EMP3241997711,-9,202108,,0,999909,-9,1,1,0,0,0,0,,1,202202,26.0,0,,,1,5659.77,-8,,-8,,1,5659.77,1,163.83,-8,,1,163.83,1,163.04,1,165.99,1,34.71,1,34.1,1
202601,JOB618776458084,ID9347688938,EMP3196521790,-9,201811,,0,999909,-9,1,1,0,0,0,0,,0,,,0,,,1,4041.54,-8,,-8,,1,4041.54,1,160.26,-8,,1,160.26,1,162.48,1,158.97,1,24.87,1,25.42,1
202508,JOB318359412345,ID9126813078,EMP9232580245,-9,202103,,0,999909,-9,0,1,0,0,0,0,,1,202104,4.0,1,1126.33,49.05,1,3754.45,-8,,-8,,1,3754.45,1,163.51,-8,,1,163.51,1,160.91,1,165.36,1,23.33,1,22.7,1
202611,JOB026335641629,ID6076344334,-9,-9,201806,201807,-9,201807,3,2,-8,-9,0,0,0,,-9,,,-9,,,-9,,-9,,-9,,-9,,-9,,-9,,-9,,-9,,-9,,-9,,-9,,1
202405,JOB240553061139,ID8526023547,EMP0045892752,TMP5573380792,202007,,0,999909,-9,0,1,0,0,0,0,,1,202008,6.0,0,,,1,3562.3,-8,,1,542.84,1,4105.14,1,162.93,1,16.552062349823167,1,179.48206234982317,1,165.86,1,182.41206234982317,1,21.48,1,22.5,1
202401,JOB505665589906,ID6094044750,EMP5869722324,-9,202104,,0,999909,-9,0,0,0,0,0,0,,1,202110,26.0,0,,,1,3424.81,-8,,-8,,1,3424.81,1,161.37,1,11.44,1,172.81,1,161.78,1,175.15,1,21.17,1,19.55,1
202404,JOB140245422492,ID2861223286,EMP2430232000,-9,202403,,0,999909,-9,0,1,0,0,0,0,,1,202404,6.0,0,,,1,4206.59,-8,,-8,,1,4206.59,1,162.09,-8,,1,162.09,1,161.01,1,163.01,1,26.13,1,25.81,1
202402,JOB795361408307,ID4846764089,EMP0906336027,-9,202007,,0,999909,-9,1,0,0,0,0,0,,0,,,0,,,1,5274.58,-8,,-8,,1,5274.58,1,165.48,-8,,1,165.48,1,168.34,1,167.34,1,31.33,1,31.52,1
202611,JOB283381385223,ID4382146292,EMP5906270940,-9,201603,,0,999909,-9,0,0,0,0,0,0,,1,201604,6.0,0,,,1,5224.54,1,698.81,-8,,1,5923.34,1,162.41,-8,,1,162.41,1,160.8,1,161.57,1,32.49,1,36.66,1
202603,JOB878959190530,ID3374153583,EMP9458759508,-9,201704,201706,2,201706,4,0,1,0,0,0,0,,-9,,,0,,,1,3650.83,-8,,-8,,1,3650.83,1,162.48,1,5.07,1,167.55,1,161.97,1,170.15,1,22.54,1,21.46,1
202609,JOB270252541105,ID1483565086,EMP5624126676,-9,202405,202606,0,999909,-9,0,0,0,0,0,0,,1,202406,6.0,0,,,1,4383.94,-8,,-8,,1,4383.94,1,165.23,-8,,1,165.23,1,163.57,1,164.73,1,26.8,1,26.61,0
202505,JOB431091568309,ID1434037152,EMP5312252649,-9,202108,,0,999909,-9,0,1,0,0,0,0,,1,202109,4.0,0,,,1,4348.97,1,984.4,-8,,1,5333.37,1,164.96,-8,,1,164.96,1,165.0,1,165.8,1,26.36,1,32.17,1
202607,JOB900449100723,ID0569421187,EMP1492049930,-9,201603,201604,1,201604,1,0,1,0,0,0,1,CIE - Contrat d'initiation à l'emploi,1,201605,8.0,1,764.01,48.16,1,2546.69,-8,,-8,,1,2546.69,1,160.52,-8,,1,160.52,1,161.71,1,158.64,1,15.75,1,16.05,0
202608,JOB951427702153,ID5141483515,EMP8611511162,-9,201904,,0,999909,-9,1,0,0,0,0,0,,0,,,1,1437.69,48.75,1,4792.29,-8,,-8,,1,4792.29,1,162.51,1,10.89,1,173.4,1,163.46,1,172.86,1,29.32,1,27.72,1
202410,JOB240886096925,ID2207250845,-9,-9,201901,201902,-9,201902,4,2,-8,-9,0,0,0,,-9,,,-9,,,-9,,-9,,-9,,-9,,-9,,-9,,-9,,-9,,-9,,-9,,-9,,0
202602,JOB492543450266,ID9228874159,EMP4273869664,-9,201506,,0,999909,-9,1,0,0,0,0,0,,1,201512,26.0,0,,,1,6834.82,1,762.33,-8,,1,7597.15,1,167.35,-8,,1,167.35,1,168.68,1,167.14,1,40.52,1,45.45,1
202411,JOB792082366162,ID4089351331,EMP0172951266,-9,202407,202504,1,202504,4,0,0,0,0,0,0,,1,202410,12.0,0,,,1,7142.28,1,689.68,-8,,1,7831.97,1,171.06,1,9.06,1,180.12,1,172.25,1,181.02,1,41.46,1,43.27,1
202511,JOB950666760550,ID4089351331,EMP8005090830,-9,202409,,0,999909,-9,0,0,0,0,0,0,,1,202410,6.0,0,,,1,4833.31,1,616.52,-8,,1,5449.83,1,172.79,-8,,1,172.79,1,175.49,1,175.74,1,27.54,1,31.01,1
202506,JOB498367849032,ID9907619181,EMP1774911767,-9,202501,,0,999909,-9,0,1,0,0,0,0,,0,,,0,,,1,4230.53,-8,,-8,,1,4230.53,1,164.41,-8,,1,164.41,1,165.97,1,161.81,1,25.49,1,26.15,1
202601,JOB753515347439,ID9036748675,EMP2708120780,-9,201502,,0,999909,-9,0,1,0,0,0,0,,1,201505,12.0,0,,,1,3028.97,1,791.59,1,428.93,1,4249.49,1,161.86,1,15.28039849711782,1,177.14039849711784,1,161.88,1,177.16039849711782,1,18.71,1,23.99,1
202506,JOB461622277261,ID0764449043,EMP0540260284,-9,202403,202609,0,999909,-9,1,0,0,0,0,0,,0,,,0,,,1,6908.06,-8,,-8,,1,6908.06,1,164.12,-8,,1,164.12,1,166.15,1,166.77,1,41.58,1,41.42,1
202412,JOB373609085753,ID3848761444,EMP7947631834,-9,201910,,0,999909,-9,0,1,0,0,0,0,,0,,,0,,,1,3422.04,-8,,1,185.7,1,3607.74,1,166.98,1,6.040883040744006,1,173.020883040744,1,164.69,1,170.730883040744,1,20.78,1,21.13,1
202409,JOB242565829385,ID6010665897,EMP4044503986,-9,201805,,0,999909,-9,1,1,0,0,0,0,,1,201806,6.0,0,,,1,5202.72,1,644.52,-8,,1,5847.24,1,167.83,1,6.8,1,174.63,1,166.21,1,175.38,1,31.3,1,33.34,1
202509,JOB015083345129,ID0791904878,EMP8294541833,-9,202205,,0,999909,-9,0,0,0,0,0,0,,0,,,0,,,1,3567.23,-8,,-8,,1,3567.23,1,160.31,-8,,1,160.31,1,159.08,1,160.48,1,22.42,1,22.23,1
202604,JOB614247415163,ID0535760367,EMP2956614824,-9,201608,,0,999909,-9,0,1,0,0,0,0,,1,201609,4.0,0,,,1,3433.82,1,921.17,1,377.9,1,4732.89,1,168.86,1,12.389012612741316,1,181.24901261274132,1,168.68,1,181.06901261274132,1,20.36,1,26.14,1
202607,JOB765402347145,ID8359627838,-9,-9,201710,201712,-9,201712,4,2,-8,-9,0,0,0,,-9,,,-9,,,-9,,-9,,-9,,-9,,-9,,-9,,-9,,-9,,-9,,-9,,-9,,1
202512,JOB642209470544,ID4989397595,EMP7658390187,-9,201708,,0,999909,-9,1,0,0,0,0,1,PAN - Projet d'activité national,1,201710,8.0,0,,,1,5657.39,1,888.41,-8,,1,6545.8,1,166.65,-8,,1,166.65,1,168.13,1,169.09,1,33.65,1,38.71,1
202502,JOB480468869890,ID3854424029,EMP8763427247,TMP3191666162,202204,,0,999909,-9,0,1,0,0,0,0,,0,,,1,843.93,48.33,1,2813.1,-8,,-8,,1,2813.1,1,161.11,-8,,1,161.11,1,158.67,1,163.58,1,17.73,1,17.2,1
202510,JOB247922476867,ID6988967621,EMP0716714895,-9,202003,,0,999909,-9,0,0,0,0,0,0,,1,202005,8.0,0,,,1,7458.85,1,782.62,-8,,1,8241.47,1,172.96,-8,,1,172.96,1,169.88,1,176.4,1,43.91,1,46.72,1
202406,JOB907067769313,ID5822181951,EMP1645383364,-9,201806,,0,999909,-9,0,0,0,0,0,0,,1,201812,26.0,0,,,1,5273.58,-8,,-8,,1,5273.58,1,170.6,1,6.5,1,177.1,1,169.49,1,175.69,1,31.11,1,30.02,1
202602,JOB435456367988,ID7056825832,EMP3686364449,-9,201803,,0,999909,-9,0,1,0,0,0,0,,1,201809,26.0,0,,,1,4140.68,1,226.54,-8,,1,4367.22,1,169.9,-8,,1,169.9,1,170.81,1,169.06,1,24.24,1,25.83,0
202505,JOB872112038299,ID5069782099,EMP8399015059,-9,202109,202112,0,999909,-9,0,1,0,0,0,0,,1,202111,8.0,0,,,1,4247.11,-8,,1,722.51,1,4969.62,1,172.7,1,19.58630964086172,1,192.2863096408617,1,175.81,1,195.39630964086172,1,24.16,1,25.43,1
202502,JOB115495992917,ID3360574321,EMP9196909136,-9,202403,,0,999909,-9,0,0,1,0,0,0,,1,202409,26.0,0,,,1,3247.46,-8,,1,512.5,1,3759.96,1,172.72,1,18.171865454359015,1,190.89186545435902,1,173.65,1,191.82186545435903,1,18.7,1,19.6,1
202612,JOB200960153530,ID9643945349,EMP5325624888,-9,202301,202510,0,999909,-9,1,1,0,0,0,0,,1,202302,6.0,0,,,1,4724.03,-8,,-8,,1,4724.03,1,160.56,-8,,1,160.56,1,160.89,1,161.85,1,29.36,1,29.19,1
202601,JOB916677095218,ID4119353910,EMP5868043942,-9,202511,,1,202603,3,0,0,0,0,1,0,,0,,,0,,,1,5500.76,-8,,-8,,1,5500.76,1,164.25,-8,,1,164.25,1,164.51,1,165.13,1,33.44,1,33.31,1
202405,JOB781340951405,ID8869485307,EMP0181361700,-9,202502,,0,999909,-9,0,0,0,0,0,0,,1,202504,8.0,0,,,1,7766.33,-8,,-8,,1,7766.33,1,168.87,-8,,1,168.87,1,168.91,1,166.19,1,45.98,1,46.73,1
202407,JOB294176111483,ID2987010932,EMP2409652612,-9,202110,,0,999909,-9,1,0,0,0,0,0,,1,202204,26.0,0,,,1,4433.48,1,979.41,-8,,1,5412.89,1,171.92,-8,,1,171.92,1,168.9,1,169.01,1,26.25,1,32.03,1
202509,JOB228074905389,ID8368414344,EMP0595094281,-9,202208,,0,999909,-9,0,0,0,0,0,0,,0,,,0,,,1,3705.66,1,944.14,-8,,1,4649.8,1,169.1,-8,,1,169.1,1,168.88,1,172.17,1,21.94,1,27.01,1
202411,JOB352217328424,ID5518495529,-9,-9,201707,201710,-9,201710,2,2,-8,-9,0,0,0,,-9,,,-9,,,-9,,-9,,-9,,-9,,-9,,-9,,-9,,-9,,-9,,-9,,-9,,1
202506,JOB241300113146,ID3145625303,EMP4421437780,-9,201708,201710,0,999909,-9,0,1,0,0,0,0,,1,201711,12.0,0,,,1,3797.31,-8,,-8,,1,3797.31,1,160.69,-8,,1,160.69,1,160.47,1,161.48,1,23.66,1,23.52,1
202501,JOB339680071194,ID0764996727,EMP7505220112,-9,201703,202210,0,999909,-9,1,0,0,0,0,0,,1,201704,4.0,0,,,1,3908.78,-8,,-8,,1,3908.78,1,163.06,-8,,1,163.06,1,160.7,1,164.78,1,24.32,1,23.72,1
202404,JOB111578723903,ID6970711989,EMP7155860264,-9,201906,,0,999909,-9,0,1,0,0,0,0,,1,201907,4.0,1,918.78,50.81,1,3062.6,1,353.04,-8,,1,3415.63,1,169.38,-8,,1,169.38,1,168.54,1,169.92,1,18.17,1,20.1,1
202407,JOB942443793666,ID7844400274,EMP0448671188,-9,202208,,0,999909,-9,0,1,0,0,0,0,,1,202209,6.0,0,,,1,3751.1,1,730.24,-8,,1,4481.33,1,170.71,-8,,1,170.71,1,171.31,1,170.28,1,21.9,1,26.32,1
202510,JOB079077045530,ID5413545579,EMP0173141272,-9,202411,,0,999909,-9,0,1,0,0,0,0,,1,202501,8.0,0,,,1,4466.99,1,866.14,1,486.4,1,5819.54,1,165.82,1,12.037194142719844,1,177.85719414271983,1,164.93,1,176.96719414271985,1,27.08,1,32.88,1
202503,JOB064960726520,ID7428220220,EMP1487609673,-9,201803,202307,0,999909,-9,0,0,0,0,0,0,,1,201805,8.0,0,,,1,6713.75,1,904.23,-8,,1,7617.98,1,162.54,-8,,1,162.54,1,161.72,1,159.29,1,41.51,1,47.82,1
202607,JOB040623215175,ID1100208967,EMP1967929605,-9,201911,,0,999909,-9,0,1,0,0,0,0,,1,201912,6.0,0,,,1,3276.52,1,716.33,-8,,1,3992.85,1,171.68,-8,,1,171.68,1,171.65,1,168.57,1,19.09,1,23.69,1
202408,JOB787388011130,ID6742860176,EMP5292383522,-9,201909,,0,999909,-9,0,1,0,0,0,0,,1,201910,4.0,0,,,1,3895.19,-8,,-8,,1,3895.19,1,168.49,-8,,1,168.49,1,166.9,1,168.83,1,23.34,1,23.07,1
202607,JOB793399702146,ID6742860176,EMP1690476102,-9,202005,,0,999909,-9,0,0,0,0,0,0,,0,,,0,,,1,7763.44,1,694.21,-8,,1,8457.65,1,169.73,-8,,1,169.73,1,168.13,1,169.65,1,46.18,1,49.85,1
202608,JOB906563226791,ID4645604851,EMP1178512592,-9,201607,201907,3,201907,5,0,0,0,0,0,0,,-9,,,0,,,1,5860.4,1,498.77,-8,,1,6359.17,1,165.17,1,17.72,1,182.89,1,162.81,1,181.78,1,36.0,1,34.98,1
202510,JOB408337836159,ID5883660798,EMP2668668080,-9,201501,,0,999909,-9,0,0,0,0,0,0,,1,201502,6.0,0,,,1,6500.41,1,523.31,1,429.83,1,7453.54,1,166.3,1,7.330826285516597,1,173.6308262855166,1,167.07,1,174.4008262855166,1,38.91,1,42.74,1
202609,JOB542762933698,ID7939226894,EMP3240728195,-9,202102,202108,2,202108,4,0,0,0,0,0,0,,-9,,,0,,,1,6029.36,1,117.47,-8,,1,6146.83,1,167.66,-8,,1,167.66,1,169.35,1,168.33,1,35.6,1,36.52,1
202602,JOB215532501699,ID5942673272,EMP3297451165,-9,201705,,0,999909,-9,0,0,0,0,0,0,,0,,,0,,,1,7043.58,-8,,-8,,1,7043.58,1,171.42,-8,,1,171.42,1,171.98,1,170.92,1,40.96,1,41.21,1
202410,JOB184655063698,ID1813207239,EMP5167655999,-9,202408,202412,1,202412,3,0,0,0,0,0,0,,0,,,0,,,1,5880.62,-8,,-8,,1,5880.62,1,161.79,-8,,1,161.79,1,164.92,1,162.26,1,35.66,1,36.24,1
202502,JOB422212421973,ID1626317774,EMP8190347317,-9,202009,,0,999909,-9,0,1,0,0,0,0,,1,202010,6.0,0,,,1,2753.49,1,286.54,-8,,1,3040.03,1,164.25,-8,,1,164.25,1,162.32,1,162.07,1,16.96,1,18.76,1
202612,JOB433825417689,ID1916335471,EMP2206829945,-9,201906,201910,2,201910,2,0,1,0,0,0,0,,-9,,,0,,,1,3771.66,-8,,-8,,1,3771.66,1,167.24,-8,,1,167.24,1,168.49,1,164.56,1,22.39,1,22.92,1
202407,JOB461616054337,ID6513386136,EMP0736712747,-9,202004,202005,2,202005,2,0,0,0,0,0,0,,-9,,,0,,,1,2988.19,-8,,-8,,1,2988.19,1,165.89,-8,,1,165.89,1,167.66,1,164.58,1,17.82,1,18.16,1
202512,JOB864740192553,ID2931916787,EMP1755046161,-9,201901,201902,1,201902,2,0,1,0,0,0,0,,1,201903,8.0,0,,,1,3350.12,-8,,1,292.69,1,3642.81,1,161.63,1,9.414089034014847,1,171.04408903401483,1,160.58,1,169.99408903401485,1,20.86,1,21.43,1
202403,JOB678343585991,ID5528823132,EMP9776385869,-9,201904,,0,999909,-9,0,1,0,0,0,0,,1,201906,8.0,0,,,1,3457.15,1,826.87,-8,,1,4284.02,1,162.55,-8,,1,162.55,1,162.57,1,159.93,1,21.27,1,26.79,1
202406,JOB099728554179,ID9895829486,EMP3943149142,-9,201510,201602,1,201602,3,0,1,0,0,0,1,CIE - Contrat d'initiation à l'emploi,1,201601,12.0,0,,,1,3510.66,1,120.33,-8,,1,3630.99,1,161.91,-8,,1,161.91,1,162.24,1,164.84,1,21.64,1,22.03,1
202403,JOB651940723461,ID3077997510,EMP5041170829,-9,202002,,0,999909,-9,0,0,0,0,0,0,,1,202005,12.0,0,,,1,6982.85,-8,,-8,,1,6982.85,1,168.04,1,13.78,1,181.81,1,167.07,1,178.64,1,41.8,1,39.09,1
202405,JOB442633338846,ID9049757456,EMP5190348308,-9,202101,,0,999909,-9,0,1,0,0,0,0,,0,,,0,,,1,3384.94,-8,,-8,,1,3384.94,1,168.6,-8,,1,168.6,1,170.65,1,165.5,1,19.84,1,20.45,1
202411,JOB307182182160,ID9049757456,EMP6392318678,-9,201509,201606,1,201606,4,0,0,0,0,0,0,,0,,,0,,,1,7516.35,-8,,-8,,1,7516.35,1,162.01,-8,,1,162.01,1,164.72,1,162.38,1,45.63,1,46.29,1
202602,JOB728639962402,ID5644119354,EMP3849203175,-9,201510,,0,999909,-9,0,1,0,0,0,0,,1,201511,4.0,0,,,1,4336.41,-8,,-8,,1,4336.41,1,162.49,-8,,1,162.49,1,164.22,1,160.14,1,26.41,1,27.08,1
202401,JOB534802496689,ID5644119354,EMP9238585520,-9,202511,,0,999909,-9,0,1,0,0,0,0,,0,,,0,,,1,2830.43,-8,,1,170.22,1,3000.65,1,163.94,1,6.5727220623051394,1,170.51272206230513,1,166.23,1,172.80272206230512,1,17.03,1,17.36,1
202508,JOB839103204103,ID7759902549,EMP7281029729,-9,201603,,0,999909,-9,0,1,0,0,0,0,,1,201604,4.0,0,,,1,3807.76,1,731.75,-8,,1,4539.51,1,160.73,1,16.44,1,177.17,1,160.25,1,180.19,1,23.76,1,25.19,1
202601,JOB621334595829,ID7759902549,EMP5656219295,-9,201905,201906,1,201906,1,0,1,0,0,0,0,,0,,,0,,,1,2988.25,-8,,-8,,1,2988.25,1,166.48,-8,,1,166.48,1,168.22,1,166.0,1,17.76,1,18.0,1
202405,JOB650679964511,ID7669557705,EMP5905925687,-9,202105,,0,999909,-9,1,0,0,0,0,0,,1,202108,12.0,0,,,1,6669.36,1,457.69,-8,,1,7127.05,1,166.49,-8,,1,166.49,1,168.81,1,166.8,1,39.51,1,42.73,1
202511,JOB238029446276,ID2750209225,EMP3514874971,-9,202005,,0,999909,-9,0,1,0,0,0,0,,0,,,0,,,1,3926.19,-8,,-8,,1,3926.19,1,167.78,-8,,1,167.78,1,168.09,1,165.92,1,23.36,1,23.66,1
202610,JOB090181749731,ID3595228751,EMP1149633609,-9,201506,,0,999909,-9,1,1,0,0,0,0,,1,201508,8.0,0,,,1,7009.6,-8,,-8,,1,7009.6,1,168.74,-8,,1,168.74,1,169.45,1,168.0,1,41.37,1,41.72,1
202601,JOB418286549078,ID4594210420,EMP7255054151,-9,202208,202510,0,999909,-9,0,1,0,0,0,0,,1,202302,26.0,0,,,1,3505.35,1,290.13,-8,,1,3795.47,1,168.55,1,17.86,1,186.41,1,167.88,1,189.45,1,20.88,1,20.03,1
202603,JOB691569490608,ID5827706992,EMP2761002351,-9,201906,202510,0,999909,-9,0,0,0,0,0,0,,1,201907,6.0,0,,,1,4332.81,1,411.48,-8,,1,4744.29,1,164.35,-8,,1,164.35,1,162.41,1,162.77,1,26.68,1,29.15,1
202504,JOB379523314324,ID7870188111,EMP1707127879,-9,202411,,0,999909,-9,0,1,0,0,0,0,,1,202505,26.0,0,,,1,2732.98,-8,,1,440.09,1,3173.07,1,169.42,1,18.18784963945054,1,187.60784963945054,1,172.45,1,190.63784963945054,1,15.85,1,16.64,1
202405,JOB599002842241,ID8164957104,EMP7018313774,-9,201506,201509,4,201509,2,0,1,0,0,0,0,,-9,,,0,,,1,1727.34,1,412.68,1,305.29,1,2445.32,1,94.44,1,11.127586793247625,1,105.56758679324763,1,95.6,1,106.72758679324762,1,18.07,1,22.91,1
202408,JOB796854621167,ID8164957104,EMP0062082124,-9,202507,,0,999909,-9,1,1,0,0,0,0,,1,202508,4.0,0,,,1,5927.46,1,726.5,-8,,1,6653.97,1,168.27,-8,,1,168.27,1,166.34,1,165.93,1,35.63,1,40.1,1
202504,JOB945494972547,ID9509291848,EMP2047442175,TMP8930431784,201907,,0,999909,-9,0,1,0,0,0,0,,1,202001,26.0,0,,,1,3174.66,1,363.17,-8,,1,3537.82,1,163.91,-8,,1,163.91,1,165.18,1,163.02,1,19.22,1,21.7,1
202403,JOB391369975483,ID9509291848,EMP9377727154,-9,202001,,0,999909,-9,0,1,0,0,0,0,,1,202004,12.0,0,,,1,2906.58,1,878.46,-8,,1,3785.04,1,168.81,-8,,1,168.81,1,166.09,1,167.37,1,17.5,1,22.61,1
202601,JOB521085837558,ID6323998877,EMP2632189451,TMP4339553433,202310,,0,999909,-9,0,0,0,0,0,0,,1,202311,4.0,0,,,1,3532.71,-8,,-8,,1,3532.71,1,166.71,-8,,1,166.71,1,163.99,1,164.19,1,21.54,1,21.52,1
202509,JOB243009173163,ID7197204093,EMP3243087244,-9,201508,,0,999909,-9,0,0,0,0,0,0,,0,,,0,,,1,5681.66,-8,,-8,,1,5681.66,1,161.09,-8,,1,161.09,1,160.22,1,161.86,1,35.46,1,35.1,1
202505,JOB152831197789,ID2449520769,EMP5166501800,-9,201708,,0,999909,-9,0,0,0,0,0,0,,1,201711,12.0,0,,,1,4662.14,-8,,1,854.83,1,5516.97,1,161.52,1,19.743731025639562,1,181.26373102563957,1,159.73,1,179.47373102563955,1,29.19,1,30.74,0
202602,JOB302129182363,ID3847184581,EMP7251129803,-9,201808,,0,999909,-9,0,0,0,0,0,0,,1,201809,6.0,0,,,1,3890.66,-8,,-8,,1,3890.66,1,164.99,-8,,1,164.99,1,163.63,1,166.46,1,23.78,1,23.37,1
202505,JOB036535423724,ID6316914559,EMP6676226761,-9,201906,202403,0,999909,-9,0,0,0,0,0,0,,1,201912,26.0,0,,,1,7047.21,1,988.82,-8,,1,8036.03,1,163.83,-8,,1,163.83,1,165.08,1,162.91,1,42.69,1,49.33,1
202503,JOB348973116015,ID6316914559,EMP6539952115,-9,201511,,0,999909,-9,0,0,0,0,0,0,,1,201605,26.0,0,,,1,5946.61,-8,,1,890.74,1,6837.34,1,170.93,1,17.06895144787341,1,187.99895144787342,1,174.18,1,191.24895144787342,1,34.14,1,35.75,1
202503,JOB429043682756,ID4875979974,EMP8497850786,-9,201801,,0,999909,-9,1,0,0,0,0,0,,1,201807,26.0,0,,,1,6555.15,-8,,-8,,1,6555.15,1,164.34,1,17.88,1,182.21,1,167.38,1,182.38,1,39.16,1,35.94,1
202411,JOB029596351875,ID9992752371,EMP7053209361,-9,201907,,0,999909,-9,0,0,0,0,0,0,,1,201908,4.0,0,,,1,6556.49,1,151.61,-8,,1,6708.1,1,168.08,-8,,1,168.08,1,169.5,1,170.31,1,38.68,1,39.39,1
202505,JOB718467908773,ID4011713037,EMP7316927592,-9,201501,202510,0,999909,-9,0,1,0,0,0,0,,1,201504,12.0,1,1088.76,51.18,1,3629.19,1,293.87,-8,,1,3923.07,1,170.59,-8,,1,170.59,1,167.53,1,171.24,1,21.66,1,22.91,1
202507,JOB126839051011,ID7007001022,EMP8169349106,-9,201601,201602,2,201602,3,0,0,0,0,0,0,,-9,,,0,,,1,7337.25,-8,,-8,,1,7337.25,1,163.96,1,17.05,1,181.01,1,165.78,1,180.47,1,44.26,1,40.66,1
202403,JOB449655024218,ID6167211702,EMP2548057595,-9,202503,,3,202803,5,0,0,0,0,0,0,,-9,,,0,,,1,5648.07,1,498.37,-8,,1,6146.44,1,148.09,-8,,1,148.09,1,146.47,1,149.03,1,38.56,1,41.24,1
202410,JOB228780739004,ID2031867674,EMP9630966676,-9,202407,202510,0,999909,-9,0,0,0,0,0,0,,0,,,0,,,1,5433.64,-8,,-8,,1,5433.64,1,160.91,-8,,1,160.91,1,157.96,1,162.79,1,34.4,1,33.38,1
202512,JOB789328732276,ID6577137153,EMP6548427494,-9,202501,,0,999909,-9,0,0,0,0,0,0,,0,,,0,,,1,5133.62,-8,,-8,,1,5133.62,1,169.36,-8,,1,169.36,1,166.65,1,168.01,1,30.8,1,30.56,1
202511,JOB896575492039,ID3453356682,EMP8013376191,-9,201605,201805,3,201805,5,0,0,0,0,0,0,,-9,,,0,,,1,5145.94,1,162.22,-8,,1,5308.16,1,170.54,-8,,1,170.54,1,172.39,1,167.86,1,29.85,1,31.62,1
202505,JOB916397505792,ID3453356682,EMP1510981009,-9,202208,,0,999909,-9,0,0,0,0,0,0,,0,,,0,,,1,6513.32,-8,,-8,,1,6513.32,1,168.81,-8,,1,168.81,1,169.25,1,166.42,1,38.48,1,39.14,1
202508,JOB714142642930,ID1143107539,EMP6461438381,-9,202310,202407,1,202407,4,0,1,0,0,0,0,,0,,,0,,,1,3182.91,-8,,-8,,1,3182.91,1,171.34,-8,,1,171.34,1,169.86,1,171.16,1,18.74,1,18.6,1
202606,JOB042100149961,ID7989822455,EMP1778545390,-9,202107,202607,0,999909,-9,0,0,0,0,0,0,,1,202108,6.0,0,,,1,4174.3,-8,,-8,,1,4174.3,1,162.3,-8,,1,162.3,1,160.59,1,161.25,1,25.99,1,25.89,1
202502,JOB701311175173,ID6377312524,EMP3583624921,-9,201904,,0,999909,-9,0,1,0,0,0,0,,1,201910,26.0,0,,,1,3996.83,-8,,-8,,1,3996.83,1,166.18,-8,,1,166.18,1,163.31,1,165.01,1,24.47,1,24.22,1
202511,JOB316120992868,ID2562739643,EMP7842775153,-9,202408,202606,0,999909,-9,0,0,0,0,0,0,,0,,,1,1973.84,51.23,1,6579.48,-8,,-8,,1,6579.48,1,170.75,-8,,1,170.75,1,171.38,1,172.01,1,38.39,1,38.25,1
202404,JOB218060363235,ID3111568540,EMP1852291656,-9,202204,,0,999909,-9,0,1,0,0,0,0,,1,202207,12.0,0,,,1,4726.69,-8,,-8,,1,4726.69,1,172.41,1,15.05,1,187.46,1,172.49,1,188.83,1,27.4,1,25.03,1
202507,JOB253363057578,ID4146518316,EMP6607025076,-9,202511,,0,999909,-9,0,1,0,0,0,0,,0,,,0,,,1,3574.38,-8,,-8,,1,3574.38,1,172.17,-8,,1,172.17,1,171.67,1,175.26,1,20.82,1,20.39,1
202611,JOB359600018208,ID1240439684,EMP7163881939,-9,201609,,0,999909,-9,0,0,0,0,0,1,PAN - Projet d'activité national,0,,,1,2308.72,50.18,1,7695.75,1,471.98,1,1222.54,1,9390.28,1,167.27,1,17.714939921133148,1,184.98493992113316,1,170.3,1,188.01493992113316,1,45.19,1,49.94,1
202503,JOB932816651773,ID5226249152,EMP1319749313,-9,202211,202306,0,999909,-9,1,0,0,0,0,0,,1,202302,12.0,0,,,1,4055.17,-8,,-8,,1,4055.17,1,168.02,-8,,1,168.02,1,167.5,1,167.14,1,24.21,1,24.26,1
202402,JOB503346074968,ID4836281341,EMP7574465448,-9,202204,202301,1,202301,4,0,1,0,0,0,0,,0,,,1,1127.29,50.57,1,3757.64,-8,,-8,,1,3757.64,1,168.57,1,6.91,1,175.48,1,167.43,1,174.26,1,22.44,1,21.56,1
202507,JOB447713412538,ID5086569963,EMP3410657299,-9,202007,,0,999909,-9,1,0,0,0,0,0,,1,202010,12.0,0,,,1,7287.11,1,981.06,-8,,1,8268.18,1,171.4,-8,,1,171.4,1,172.3,1,173.91,1,42.29,1,47.54,1
202509,JOB358271732031,ID7118200340,EMP0666465184,-9,202211,,0,999909,-9,1,1,0,0,0,0,,1,202305,26.0,0,,,1,6385.49,-8,,-8,,1,6385.49,1,167.14,-8,,1,167.14,1,166.13,1,167.14,1,38.44,1,38.2,1
202406,JOB327866868998,ID1906923951,-9,-9,201902,201903,-9,201903,3,2,-8,-9,0,0,0,,-9,,,-9,,,-9,,-9,,-9,,-9,,-9,,-9,,-9,,-9,,-9,,-9,,-9,,1
202507,JOB108492970453,ID9495760396,EMP8687612976,-9,201806,201809,2,201809,4,0,0,0,0,0,0,,-9,,,0,,,1,4795.94,1,698.63,-8,,1,5494.57,1,165.25,1,9.21,1,174.46,1,163.45,1,176.91,1,29.34,1,31.06,1
202409,JOB024170364237,ID3120085904,EMP3313424147,-9,202103,,0,999909,-9,0,1,0,0,0,0,,0,,,0,,,1,4198.79,-8,,-8,,1,4198.79,1,170.19,-8,,1,170.19,1,172.59,1,171.27,1,24.33,1,24.52,1
202506,JOB324049619651,ID2151750796,-9,-9,202307,202312,-9,202312,3,2,-8,-9,0,0,0,,-9,,,-9,,,-9,,-9,,-9,,-9,,-9,,-9,,-9,,-9,,-9,,-9,,-9,,1
202609,JOB707002279624,ID7121999391,EMP4527843003,-9,201507,201907,0,999909,-9,0,0,0,0,0,0,,0,,,0,,,1,7751.21,-8,,-8,,1,7751.21,1,170.84,-8,,1,170.84,1,171.5,1,171.92,1,45.2,1,45.09,1
202403,JOB578545765309,ID9226868703,EMP2464308132,-9,201505,,0,999909,-9,0,0,0,0,0,0,,1,201508,12.0,0,,,1,6849.13,1,353.12,-8,,1,7202.25,1,165.48,-8,,1,165.48,1,163.75,1,167.45,1,41.83,1,43.01,1
202604,JOB100245886417,ID4776038280,EMP9399697933,-9,201809,,0,999909,-9,0,1,0,0,0,0,,1,201812,12.0,0,,,1,3805.58,-8,,-8,,1,3805.58,1,167.2,-8,,1,167.2,1,168.67,1,166.52,1,22.56,1,22.85,1
202607,JOB352199806849,ID2350799378,EMP6033429950,-9,201707,201710,4,201710,2,0,1,0,0,0,0,,-9,,,0,,,1,1974.13,-8,,-8,,1,1974.13,1,71.11,1,5.85,1,76.95,1,70.83,1,76.82,1,27.87,1,25.7,1
202502,JOB905974689933,ID2350799378,EMP0537406242,-9,201705,202408,0,999909,-9,0,0,0,0,0,0,,1,201711,26.0,0,,,1,5804.94,-8,,-8,,1,5804.94,1,165.06,1,13.05,1,178.11,1,166.91,1,175.34,1,34.78,1,33.11,1
202601,JOB843858009998,ID9857268500,EMP6692450514,-9,201806,201903,1,201903,4,0,1,0,0,0,0,,1,201807,4.0,0,,,1,3039.48,-8,,-8,,1,3039.48,1,164.87,-8,,1,164.87,1,163.47,1,166.82,1,18.59,1,18.22,1
202601,JOB027507697693,ID2646153300,EMP8051453869,-9,201603,,0,999909,-9,0,0,0,0,0,0,,0,,,0,,,1,7570.64,-8,,-8,,1,7570.64,1,166.47,-8,,1,166.47,1,163.51,1,165.82,1,46.3,1,45.66,1
202507,JOB489441399951,ID2445565232,EMP7699330381,-9,201508,,0,999909,-9,0,1,0,0,0,0,,0,,,0,,,1,4386.66,-8,,-8,,1,4386.66,1,168.76,-8,,1,168.76,1,167.88,1,165.82,1,26.13,1,26.45,1
202409,JOB452878999962,ID1173069938,EMP8930284052,-9,201509,202602,0,999909,-9,0,0,0,0,0,0,,1,201511,8.0,0,,,1,5721.42,-8,,-8,,1,5721.42,1,161.25,-8,,1,161.25,1,158.37,1,162.55,1,36.13,1,35.2,1
202403,JOB748705662300,ID6547192705,EMP5609446150,-9,202504,202511,0,999909,-9,1,1,0,0,0,0,,1,202510,26.0,0,,,1,7510.9,-8,,-8,,1,7510.9,1,168.17,-8,,1,168.17,1,167.72,1,165.18,1,44.78,1,45.47,1
202611,JOB990352196091,ID7939194743,EMP0276471424,-9,201611,,0,999909,-9,0,0,0,0,1,0,,1,201612,6.0,0,,,1,5368.13,-8,,-8,,1,5368.13,1,165.68,-8,,1,165.68,1,166.83,1,163.92,1,32.18,1,32.75,1
202606,JOB287425656866,ID2378034633,-9,-9,201809,201810,-9,201810,3,2,-8,-9,0,0,0,,-9,,,-9,,,-9,,-9,,-9,,-9,,-9,,-9,,-9,,-9,,-9,,-9,,-9,,1
202507,JOB148815144661,ID5781807794,EMP9954171006,-9,202107,,0,999909,-9,1,1,0,0,0,0,,1,202110,12.0,0,,,1,6568.2,-8,,-8,,1,6568.2,1,164.71,-8,,1,164.71,1,163.48,1,163.6,1,40.18,1,40.15,1
202606,JOB849186146288,ID4238162266,EMP3635805331,-9,202504,,0,999909,-9,0,0,0,0,0,0,,1,202510,26.0,0,,,1,5837.28,-8,,-8,,1,5837.28,1,170.6,-8,,1,170.6,1,173.31,1,168.3,1,33.68,1,34.68,1
202508,JOB619682258858,ID4238162266,EMP4313574087,-9,201810,201902,1,201902,3,0,0,0,0,0,0,,0,,,1,1860.26,50.45,1,6200.87,-8,,1,380.0,1,6580.88,1,168.17,1,6.870580223216016,1,175.040580223216,1,167.55,1,174.42058022321604,1,37.01,1,37.73,1
202510,JOB401617064914,ID1924152863,EMP4533752015,TMP1957145149,202502,,0,999909,-9,0,1,0,0,0,0,,0,,,1,1079.97,51.88,1,3599.89,-8,,-8,,1,3599.89,1,172.92,-8,,1,172.92,1,172.74,1,170.76,1,20.84,1,21.08,1
202601,JOB729661808438,ID4955838736,EMP8168482723,-9,202401,,0,999909,-9,1,0,0,0,0,0,,1,202402,4.0,0,,,1,3757.84,1,106.17,-8,,1,3864.0,1,170.24,-8,,1,170.24,1,169.46,1,168.54,1,22.18,1,22.93,1
202604,JOB950432605904,ID7632722373,EMP7353522654,-9,202004,202210,1,202210,6,0,0,0,0,0,0,,1,202006,8.0,1,1207.39,49.83,1,4024.63,-8,,-8,,1,4024.63,1,166.09,-8,,1,166.09,1,164.79,1,165.22,1,24.42,1,24.36,1
202404,JOB199136564025,ID2740514316,EMP4260062892,-9,202210,202309,0,999909,-9,0,1,0,0,0,0,,1,202301,12.0,0,,,1,3779.41,1,393.43,-8,,1,4172.84,1,167.76,-8,,1,167.76,1,166.42,1,170.28,1,22.71,1,24.51,1
202505,JOB703101221338,ID8956383676,EMP7534214483,-9,202205,202209,1,202209,3,0,1,0,0,0,0,,1,202207,8.0,0,,,1,3047.1,-8,,-8,,1,3047.1,1,169.26,-8,,1,169.26,1,168.75,1,169.4,1,18.06,1,17.99,1
202410,JOB992471575610,ID1517346606,EMP8010302212,-9,201702,202310,0,999909,-9,0,1,0,0,0,0,,1,201703,6.0,0,,,1,2726.31,-8,,-8,,1,2726.31,1,162.92,-8,,1,162.92,1,163.28,1,165.6,1,16.7,1,16.46,1
202509,JOB150451967877,ID1517346606,EMP8801159132,-9,201711,,0,999909,-9,0,0,0,0,0,0,,0,,,0,,,1,3975.93,-8,,-8,,1,3975.93,1,164.62,-8,,1,164.62,1,165.35,1,161.59,1,24.05,1,24.61,1
202408,JOB260235640930,ID8154552787,EMP9998689195,-9,202407,,0,999909,-9,0,0,0,0,0,0,,1,202410,12.0,0,,,1,8358.3,1,905.18,-8,,1,9263.48,1,167.36,-8,,1,167.36,1,170.38,1,170.7,1,49.06,1,54.27,1
202402,JOB735332702899,ID4155175863,EMP6668685843,-9,201511,201605,2,201605,3,0,0,0,0,0,0,,-9,,,0,,,1,7697.36,1,652.28,-8,,1,8349.64,1,171.22,-8,,1,171.22,1,169.88,1,172.01,1,45.31,1,48.54,1
202602,JOB895869793584,ID0302759608,EMP3423149452,-9,202307,202307,1,202307,0,0,0,0,0,0,0,,0,,,0,,,1,3609.56,1,345.28,-8,,1,3954.85,1,168.36,-8,,1,168.36,1,170.08,1,171.02,1,21.22,1,23.13,1
202508,JOB405085013474,ID0302759608,EMP2963641226,-9,201810,,0,999909,-9,0,0,0,0,0,0,,1,201812,8.0,0,,,1,7385.29,1,123.55,-8,,1,7508.84,1,163.71,-8,,1,163.71,1,166.51,1,163.04,1,44.35,1,46.06,1
202604,JOB122466142809,ID5276820918,EMP7020979096,-9,202506,202511,2,202511,2,0,0,0,0,1,0,,-9,,,0,,,1,3708.81,-8,,-8,,1,3708.81,1,166.1,-8,,1,166.1,1,164.34,1,165.7,1,22.57,1,22.38,1
202410,JOB153330032569,ID7587253717,EMP6474133115,-9,201909,,0,999909,-9,0,1,0,0,0,0,,1,201910,6.0,0,,,1,3124.8,1,633.71,-8,,1,3758.5,1,162.05,-8,,1,162.05,1,161.61,1,159.37,1,19.34,1,23.58,1
202605,JOB351452282325,ID5366713646,EMP3485297993,-9,202208,,0,999909,-9,0,0,0,0,0,0,,1,202211,12.0,0,,,1,5860.28,-8,,-8,,1,5860.28,1,172.98,-8,,1,172.98,1,170.74,1,174.15,1,34.32,1,33.65,1
202602,JOB327034914105,ID2447830750,EMP2696364272,TMP1333279882,201911,202003,1,202003,3,0,1,0,0,0,0,,1,202002,12.0,0,,,1,3498.92,-8,,-8,,1,3498.92,1,162.64,-8,,1,162.64,1,162.7,1,165.53,1,21.51,1,21.14,1
202509,JOB949185147561,ID7026719961,EMP6038495260,-9,201709,,0,999909,-9,1,0,0,0,0,0,,1,201710,6.0,1,1561.15,50.77,1,5203.85,1,942.07,-8,,1,6145.92,1,169.24,1,16.68,1,185.92,1,170.95,1,186.41,1,30.44,1,32.97,1
202406,JOB027302385951,ID0690303471,EMP2920722303,-9,201704,,0,999909,-9,1,1,0,0,0,0,,1,201707,12.0,0,,,1,4628.14,-8,,-8,,1,4628.14,1,168.02,-8,,1,168.02,1,165.37,1,165.47,1,27.99,1,27.97,1
202605,JOB665144486574,ID7823608422,EMP3062068148,-9,202411,,0,999909,-9,1,1,0,0,0,0,,1,202412,6.0,0,,,1,4532.14,-8,,-8,,1,4532.14,1,169.14,1,7.6,1,176.74,1,169.75,1,173.76,1,26.7,1,26.08,1
202411,JOB504432719298,ID7963305074,-9,-9,201705,201706,-9,201706,4,2,-8,-9,0,0,0,,-9,,,-9,,,-9,,-9,,-9,,-9,,-9,,-9,,-9,,-9,,-9,,-9,,-9,,1
202505,JOB226594152583,ID1370574103,EMP8516357811,-9,201907,,0,999909,-9,1,1,0,0,0,0,,0,,,0,,,1,7024.52,1,911.54,-8,,1,7936.06,1,163.57,-8,,1,163.57,1,165.69,1,161.42,1,42.4,1,49.16,1
202407,JOB235359682890,ID1185811014,EMP1408123563,-9,201503,,0,999909,-9,0,1,0,0,0,0,,1,201506,12.0,0,,,1,3755.65,-8,,-8,,1,3755.65,1,167.29,-8,,1,167.29,1,167.48,1,168.18,1,22.42,1,22.33,1
202503,JOB821311482414,ID7051047308,EMP3044469789,-9,202407,,0,999909,-9,1,0,0,1,0,0,,1,202408,6.0,0,,,1,6125.26,-8,,-8,,1,6125.26,1,172.12,-8,,1,172.12,1,173.91,1,175.08,1,35.22,1,34.99,1
202603,JOB684648209872,ID3076617061,EMP8481818696,-9,201901,,0,999909,-9,0,1,0,0,0,0,,1,201904,12.0,0,,,1,2676.48,1,613.64,-8,,1,3290.11,1,161.85,-8,,1,161.85,1,161.84,1,161.6,1,16.54,1,20.36,1
202403,JOB668637218589,ID4172319017,EMP3584047057,TMP5893596792,202007,202312,0,999909,-9,1,1,0,0,0,1,PAN - Projet d'activité national,1,202008,4.0,0,,,1,3901.76,-8,,-8,,1,3901.76,1,161.31,-8,,1,161.31,1,160.63,1,160.79,1,24.29,1,24.27,1
202611,JOB335984808618,ID6255257615,EMP6830434229,-9,202306,,0,999909,-9,1,0,0,0,0,0,,1,202309,12.0,0,,,1,5914.38,1,608.59,-8,,1,6522.97,1,168.98,1,15.68,1,184.66,1,167.08,1,185.27,1,35.4,1,35.21,1
202604,JOB709095902799,ID0140565025,EMP0463691991,-9,202105,,0,999909,-9,1,1,0,0,0,0,,0,,,0,,,1,6190.73,-8,,-8,,1,6190.73,1,162.44,1,13.8,1,176.24,1,165.36,1,173.28,1,37.44,1,35.73,1
202509,JOB814124527705,ID4269154897,EMP0875505624,-9,202309,202406,1,202406,4,0,1,0,0,0,0,,1,202310,4.0,0,,,1,2779.09,-8,,1,343.45,1,3122.54,1,165.74,1,13.654984928768295,1,179.3949849287683,1,167.17,1,180.8249849287683,1,16.62,1,17.27,1
202511,JOB984382814046,ID4269154897,EMP2478635723,-9,201801,201806,2,201806,4,0,0,0,0,0,0,,-9,,,0,,,1,6241.0,1,912.6,-8,,1,7153.6,1,160.15,-8,,1,160.15,1,161.92,1,158.93,1,38.54,1,45.01,1
202512,JOB099199846761,ID9686177307,-9,TMP7955000444,202008,202102,-9,202102,3,2,-8,-9,0,0,0,,-9,,,-9,,,-9,,-9,,-9,,-9,,-9,,-9,,-9,,-9,,-9,,-9,,-9,,1
202608,JOB202175892839,ID6630572756,EMP0537013760,-9,201803,202209,0,999909,-9,0,0,0,0,0,0,,1,201805,8.0,0,,,1,7727.5,-8,,-8,,1,7727.5,1,162.51,-8,,1,162.51,1,160.74,1,162.29,1,48.07,1,47.62,1
202611,JOB746585785645,ID8426898807,EMP1924279346,-9,202509,202511,0,999909,-9,0,0,0,0,0,0,,1,202510,4.0,0,,,1,4603.8,1,520.23,-8,,1,5124.03,1,161.88,-8,,1,161.88,1,161.82,1,164.37,1,28.45,1,31.17,1
202504,JOB960688867420,ID9710318872,EMP5057846221,-9,201609,,0,999909,-9,0,0,0,0,0,0,,1,201703,26.0,0,,,1,7914.79,-8,,-8,,1,7914.79,1,170.03,-8,,1,170.03,1,167.22,1,167.07,1,47.33,1,47.37,1
202504,JOB967015522641,ID5146601705,-9,-9,201607,201612,-9,201612,2,2,-8,-9,0,0,0,,-9,,,-9,,,-9,,-9,,-9,,-9,,-9,,-9,,-9,,-9,,-9,,-9,,-9,,1
202507,JOB847555773432,ID8002149800,EMP8239132183,-9,201910,202002,1,202002,3,0,0,0,0,0,0,,1,202001,12.0,0,,,1,5785.31,-8,,-8,,1,5785.31,1,167.64,-8,,1,167.64,1,167.8,1,166.9,1,34.48,1,34.66,1
202609,JOB909066094783,ID0244698459,EMP0626465889,-9,201905,201907,4,201907,0,0,0,0,0,0,1,PAN - Projet d'activité national,-9,,,0,,,1,3271.01,-8,,-8,,1,3271.01,1,68.54,-8,,1,68.54,1,67.94,1,67.55,1,48.15,1,48.42,1
202412,JOB054165237008,ID2151285136,EMP7775190032,-9,201908,,0,999909,-9,0,1,0,0,0,0,,0,,,0,,,1,3159.59,1,672.24,1,172.23,1,4004.06,1,163.12,1,5.927974002477561,1,169.04797400247756,1,166.09,1,172.01797400247756,1,19.02,1,23.28,1
202412,JOB459968224312,ID6730585821,EMP1255889839,-9,201605,,0,999909,-9,0,0,0,0,0,0,,0,,,0,,,1,5637.25,-8,,-8,,1,5637.25,1,166.08,-8,,1,166.08,1,165.75,1,163.14,1,34.01,1,34.55,1
202410,JOB731024264596,ID7597113156,EMP3946845831,-9,202311,202403,1,202403,3,0,1,0,0,0,0,,1,202312,6.0,0,,,1,3214.92,-8,,-8,,1,3214.92,1,161.76,-8,,1,161.76,1,159.74,1,163.72,1,20.13,1,19.64,1
202608,JOB959901964335,ID8807366497,EMP6239502111,-9,201501,,0,999909,-9,0,0,0,0,0,0,,0,,,0,,,1,3788.21,-8,,-8,,1,3788.21,1,162.32,-8,,1,162.32,1,161.41,1,159.93,1,23.47,1,23.69,1
202407,JOB911739066506,ID1014782475,EMP8885760273,-9,202001,202002,1,202002,2,0,1,0,0,0,0,,0,,,0,,,1,3088.98,-8,,-8,,1,3088.98,1,171.7,-8,,1,171.7,1,170.97,1,174.91,1,18.07,1,17.66,0
202408,JOB469142840000,ID6945646866,EMP1374378471,-9,201803,201804,1,201804,1,0,1,0,0,0,0,,1,201804,6.0,0,,,1,4245.14,1,757.28,-8,,1,5002.43,1,168.91,-8,,1,168.91,1,167.04,1,168.42,1,25.41,1,29.7,1
202406,JOB186247939334,ID6610000591,-9,-9,202011,202102,-9,202102,4,2,-8,-9,0,0,0,,-9,,,-9,,,-9,,-9,,-9,,-9,,-9,,-9,,-9,,-9,,-9,,-9,,-9,,1
202508,JOB468501381385,ID3183823708,EMP4184293264,-9,202204,,0,999909,-9,0,1,0,0,0,0,,1,202207,12.0,0,,,1,3233.8,-8,,-8,,1,3233.8,1,168.59,1,11.33,1,179.93,1,166.52,1,176.65,1,19.42,1,18.31,1
202509,JOB960956611828,ID5699906041,EMP9210758643,-9,201510,,0,999909,-9,1,0,0,0,0,0,,1,201601,12.0,0,,,1,6101.57,-8,,-8,,1,6101.57,1,172.85,-8,,1,172.85,1,170.77,1,176.02,1,35.73,1,34.66,1
202601,JOB992558300358,ID3454964220,EMP0875634491,-9,201805,202604,0,999909,-9,0,0,0,0,0,0,,0,,,0,,,1,8518.03,-8,,-8,,1,8518.03,1,171.62,-8,,1,171.62,1,174.38,1,171.21,1,48.85,1,49.75,1
202401,JOB340207361745,ID8181671771,EMP7417918480,-9,201604,,0,999909,-9,0,1,0,0,0,0,,0,,,0,,,1,2647.43,-8,,1,375.16,1,3022.59,1,168.3,1,15.89961597557641,1,184.19961597557642,1,166.79,1,182.6896159755764,1,15.87,1,16.54,1
202405,JOB456184689158,ID1927724437,EMP3365974709,-9,201610,201611,1,201611,2,0,1,0,0,0,0,,1,201704,26.0,0,,,1,4466.68,-8,,-8,,1,4466.68,1,167.92,1,12.66,1,180.58,1,166.06,1,183.78,1,26.9,1,24.3,1
202506,JOB866574865977,ID9916992770,EMP5977673800,-9,202303,202304,1,202304,2,0,0,0,0,0,0,,0,,,0,,,1,4581.78,-8,,-8,,1,4581.78,1,170.14,-8,,1,170.14,1,172.87,1,170.59,1,26.5,1,26.86,1
202609,JOB330587892880,ID8546052173,EMP2295576930,-9,202501,,0,999909,-9,0,0,0,0,0,0,,1,202503,8.0,0,,,1,3104.79,1,716.49,-8,,1,3821.28,1,169.43,-8,,1,169.43,1,170.6,1,171.36,1,18.2,1,22.3,1
202409,JOB596343650941,ID8486711724,EMP6267240896,-9,201803,,0,999909,-9,0,0,0,0,0,0,,1,201805,8.0,1,2349.73,51.41,1,7832.42,1,518.58,-8,,1,8351.01,1,171.37,-8,,1,171.37,1,171.02,1,168.37,1,45.8,1,49.6,1
202404,JOB050346117341,ID9802213189,EMP7414655451,-9,202006,,0,999909,-9,1,1,0,0,0,0,,1,202007,6.0,1,1894.91,51.1,1,6316.36,-8,,-8,,1,6316.36,1,170.32,-8,,1,170.32,1,172.0,1,167.51,1,36.72,1,37.71,1
202602,JOB470669677813,ID3525019165,EMP4145244864,-9,202001,,0,999909,-9,0,1,0,0,0,0,,1,202007,26.0,0,,,1,3597.4,1,898.5,-8,,1,4495.91,1,163.45,-8,,1,163.45,1,164.99,1,160.68,1,21.8,1,27.98,1
202604,JOB470981920509,ID0049912643,EMP1633923625,-9,202008,,0,999909,-9,0,0,0,1,1,0,,0,,,0,,,1,4419.99,-8,,1,520.04,1,4940.02,1,161.44,1,12.662941154386942,1,174.10294115438694,1,164.1,1,176.76294115438694,1,26.93,1,27.95,1
202603,JOB924516791776,ID0049912643,EMP1960791172,-9,202010,202011,2,202011,2,0,0,0,0,0,0,,-9,,,0,,,1,6940.54,-8,,-8,,1,6940.54,1,164.7,1,10.6,1,175.3,1,163.72,1,172.97,1,42.39,1,40.13,0
202605,JOB982182446821,ID0941477168,EMP6362970386,-9,202511,,0,999909,-9,0,0,0,0,0,0,,0,,,0,,,1,3628.68,1,489.52,-8,,1,4118.2,1,161.84,-8,,1,161.84,1,160.01,1,159.5,1,22.68,1,25.82,0
202603,JOB176434410579,ID8784759044,EMP4065253293,TMP6625016220,202509,,1,202606,4,0,1,0,0,0,0,,1,202511,8.0,0,,,1,4222.47,-8,,-8,,1,4222.47,1,169.45,1,19.26,1,188.71,1,168.56,1,191.87,1,25.05,1,22.01,1
202609,JOB926152830568,ID7714948724,EMP2080820780,-9,201510,,0,999909,-9,0,0,0,0,0,0,,1,201511,4.0,0,,,1,3670.29,-8,,-8,,1,3670.29,1,162.3,1,14.7,1,177.0,1,164.26,1,175.4,1,22.34,1,20.93,1
202608,JOB257998835943,ID2510022798,EMP2603224080,-9,201808,,0,999909,-9,0,0,0,0,0,0,,0,,,1,1421.97,49.91,1,4739.9,1,112.15,-8,,1,4852.05,1,166.38,-8,,1,166.38,1,163.38,1,165.58,1,29.01,1,29.3,1
202407,JOB122866009997,ID2510022798,EMP4941171590,-9,202204,202208,2,202208,2,0,0,0,0,0,0,,-9,,,0,,,1,3808.39,-8,,-8,,1,3808.39,1,167.98,-8,,1,167.98,1,169.84,1,169.69,1,22.42,1,22.44,1
202603,JOB957194770071,ID7867154295,EMP9103533635,-9,201704,201707,2,201707,2,0,0,0,0,0,0,,-9,,,0,,,1,6564.6,-8,,-8,,1,6564.6,1,169.79,1,9.81,1,179.6,1,172.93,1,182.7,1,37.96,1,35.93,1
202501,JOB192659517336,ID5421188959,-9,-9,201502,201507,-9,201507,4,2,-8,-9,0,1,0,,-9,,,-9,,,-9,,-9,,-9,,-9,,-9,,-9,,-9,,-9,,-9,,-9,,-9,,1
202605,JOB819785517915,ID3265495189,EMP4369803459,-9,201505,,0,999909,-9,0,0,0,0,0,0,,1,201511,26.0,0,,,1,5225.6,-8,,-8,,1,5225.6,1,166.82,-8,,1,166.82,1,163.95,1,169.86,1,31.87,1,30.76,0
202603,JOB990640810671,ID2664030750,EMP0917965105,-9,201509,,0,999909,-9,1,0,0,0,0,0,,0,,,0,,,1,6504.77,1,269.39,-8,,1,6774.15,1,169.42,-8,,1,169.42,1,167.87,1,170.71,1,38.75,1,39.68,1
202602,JOB863201970307,ID8126888107,EMP8176232558,-9,202411,202412,1,202412,1,0,1,0,0,0,0,,1,202502,12.0,0,,,1,4643.34,-8,,-8,,1,4643.34,1,166.02,1,10.44,1,176.46,1,163.34,1,173.14,1,28.43,1,26.82,1
202510,JOB584795196149,ID5976571254,EMP9014090544,-9,202003,,0,999909,-9,0,1,0,0,0,0,,1,202004,4.0,0,,,1,4146.38,-8,,-8,,1,4146.38,1,164.54,-8,,1,164.54,1,166.68,1,164.26,1,24.88,1,25.24,1
202403,JOB581124507783,ID2031579970,EMP6350968019,-9,202107,202108,1,202108,2,0,0,0,0,0,0,,0,,,0,,,1,5516.04,-8,,-8,,1,5516.04,1,168.4,-8,,1,168.4,1,171.12,1,165.04,1,32.23,1,33.42,1
202609,JOB002530467407,ID4270182332,EMP1853311564,-9,201709,201903,1,201903,5,0,0,0,0,0,0,,1,201710,6.0,0,,,1,4156.61,-8,,-8,,1,4156.61,1,162.51,1,12.64,1,175.15,1,162.79,1,178.18,1,25.53,1,23.33,1
202604,JOB880701821557,ID6393032216,EMP4125121883,-9,201608,201612,1,201612,3,0,0,0,0,0,0,,0,,,0,,,1,6397.13,-8,,-8,,1,6397.13,1,167.71,-8,,1,167.71,1,171.02,1,169.11,1,37.41,1,37.83,1
202610,JOB592300224223,ID1203457417,EMP7166433351,-9,201702,,0,999909,-9,0,0,0,0,0,0,,1,201703,6.0,0,,,1,2956.43,-8,,-8,,1,2956.43,1,161.74,-8,,1,161.74,1,159.55,1,163.37,1,18.53,1,18.1,1
202511,JOB460052049566,ID1173101091,EMP8651038953,-9,202304,,0,999909,-9,0,0,0,0,0,0,,1,202307,12.0,0,,,1,5922.38,-8,,-8,,1,5922.38,1,169.59,1,10.11,1,179.7,1,167.65,1,178.32,1,35.33,1,33.21,1
202605,JOB453474911608,ID5928914631,EMP4781822234,-9,201908,202005,1,202005,4,0,1,0,0,0,0,,1,201910,8.0,0,,,1,3481.7,-8,,-8,,1,3481.7,1,170.35,-8,,1,170.35,1,170.53,1,172.3,1,20.42,1,20.21,1
202508,JOB827646123955,ID2607133914,EMP4525913720,-9,201801,201907,1,201907,5,0,1,0,0,0,0,,0,,,0,,,1,3403.49,-8,,1,374.71,1,3778.2,1,165.99,1,12.183157840035243,1,178.17315784003526,1,166.73,1,178.91315784003524,1,20.41,1,21.12,0
202402,JOB848550506815,ID8289183507,EMP1146278566,-9,202103,202109,2,202109,3,0,0,0,0,0,0,,-9,,,0,,,1,4553.58,-8,,-8,,1,4553.58,1,164.03,-8,,1,164.03,1,166.18,1,167.03,1,27.4,1,27.26,1
202609,JOB501222198848,ID0144633845,EMP1312059308,-9,202403,,0,999909,-9,0,0,0,0,0,0,,1,202404,4.0,0,,,1,7110.68,-8,,-8,,1,7110.68,1,161.97,1,15.76,1,177.73,1,164.71,1,180.41,1,43.17,1,39.41,1
202604,JOB496259590121,ID6674000977,EMP3553012534,-9,202110,,0,999909,-9,0,0,0,0,0,0,,1,202111,4.0,0,,,1,3100.87,-8,,-8,,1,3100.87,1,165.54,-8,,1,165.54,1,168.29,1,164.21,1,18.43,1,18.88,1
202609,JOB269450583607,ID5553216855,EMP2288499392,-9,202107,,0,999909,-9,0,1,0,0,0,0,,0,,,0,,,1,4259.71,1,410.04,-8,,1,4669.74,1,160.19,1,14.49,1,174.68,1,159.17,1,176.55,1,26.76,1,26.45,1
202406,JOB050294079939,ID1637072742,EMP7788104859,-9,201506,201705,0,999909,-9,1,1,0,0,0,0,,1,201512,26.0,0,,,1,6735.41,-8,,-8,,1,6735.41,1,169.84,-8,,1,169.84,1,170.75,1,168.54,1,39.45,1,39.96,1
202511,JOB901688404763,ID5699229137,-9,-9,202403,202408,-9,202408,3,2,-8,-9,0,0,0,,-9,,,-9,,,-9,,-9,,-9,,-9,,-9,,-9,,-9,,-9,,-9,,-9,,-9,,1
202406,JOB436111685952,ID7466785637,EMP4171687478,-9,201803,,0,999909,-9,0,0,0,0,0,0,,1,201804,4.0,0,,,1,5615.24,-8,,-8,,1,5615.24,1,161.59,1,7.48,1,169.08,1,164.33,1,172.02,1,34.17,1,32.64,1
202611,JOB423802124582,ID7481579619,EMP4708070927,-9,202205,,0,999909,-9,1,1,0,0,0,0,,1,202207,8.0,0,,,1,6357.81,1,255.01,-8,,1,6612.82,1,169.02,-8,,1,169.02,1,167.5,1,170.22,1,37.96,1,38.85,1
202409,JOB633445397508,ID2972231870,EMP2903856980,-9,201708,,0,999909,-9,0,1,0,0,0,0,,1,201710,8.0,0,,,1,4538.06,-8,,-8,,1,4538.06,1,169.0,-8,,1,169.0,1,169.35,1,171.75,1,26.8,1,26.42,1
202403,JOB002978067824,ID9260608238,EMP6553092222,-9,202401,,0,999909,-9,0,0,0,0,0,0,,1,202402,4.0,0,,,1,6986.51,1,249.78,1,587.98,1,7824.27,1,170.65,1,9.57454974864177,1,180.22454974864178,1,172.52,1,182.09454974864178,1,40.5,1,42.97,1
202611,JOB846619997108,ID4899482233,EMP1863213375,-9,201605,,0,999909,-9,1,0,0,0,0,0,,0,,,0,,,1,6561.43,-8,,-8,,1,6561.43,1,170.73,-8,,1,170.73,1,168.21,1,170.58,1,39.01,1,38.47,1
202609,JOB837432006083,ID5973037485,EMP0773667585,-9,201606,,0,999909,-9,0,0,0,0,0,0,,0,,,1,2077.86,48.88,1,6926.2,-8,,1,554.7,1,7480.9,1,162.94,1,8.699678130540935,1,171.63967813054094,1,161.13,1,169.82967813054094,1,42.99,1,44.05,1
202512,JOB624809952242,ID7619278120,EMP7561737201,-9,201602,201606,2,201606,3,0,1,0,0,0,0,,-9,,,0,,,1,3532.06,-8,,1,363.75,1,3895.81,1,164.29,1,11.279500736292118,1,175.5695007362921,1,163.99,1,175.26950073629212,1,21.54,1,22.23,0
202601,JOB492300833418,ID7167788030,EMP7155039303,-9,201802,,0,999909,-9,0,0,0,0,0,0,,1,201808,26.0,0,,,1,4940.86,-8,,-8,,1,4940.86,1,165.73,-8,,1,165.73,1,163.42,1,167.13,1,30.23,1,29.56,1
202407,JOB283986391062,ID9732292780,EMP0467863038,-9,201909,202001,2,202001,3,0,0,0,0,0,0,,-9,,,1,1545.67,49.82,1,5152.24,-8,,-8,,1,5152.24,1,166.08,-8,,1,166.08,1,166.83,1,166.33,1,30.88,1,30.98,1
202605,JOB258423022727,ID7255730180,EMP5215272311,-9,202107,202209,0,999909,-9,0,0,0,0,0,0,,0,,,0,,,1,3675.73,-8,,1,452.52,1,4128.26,1,165.43,1,13.57747795160061,1,179.0074779516006,1,164.54,1,178.1174779516006,1,22.34,1,23.18,1
202402,JOB987164629291,ID7409683486,EMP7736053908,-9,201501,,0,999909,-9,1,1,0,0,0,0,,1,201507,26.0,0,,,1,6870.06,1,467.76,-8,,1,7337.82,1,167.03,-8,,1,167.03,1,164.47,1,169.27,1,41.77,1,43.35,1
202510,JOB544727879244,ID9339227445,EMP7717406686,-9,201903,202502,0,999909,-9,1,0,0,0,0,1,CIE - Contrat d'initiation à l'emploi,0,,,0,,,1,5384.73,1,604.72,-8,,1,5989.45,1,166.14,-8,,1,166.14,1,166.35,1,163.92,1,32.37,1,36.54,1
202408,JOB815671026225,ID9128121263,EMP1933562844,-9,201709,201710,1,201710,2,0,0,0,0,0,0,,0,,,0,,,1,4537.29,1,606.26,1,292.06,1,5435.62,1,171.27,1,7.349694166369545,1,178.61969416636956,1,172.62,1,179.96969416636955,1,26.28,1,30.2,1
202410,JOB375137684814,ID8303172940,EMP1967991845,-9,201910,,0,999909,-9,0,0,0,0,0,0,,0,,,0,,,1,3143.32,-8,,-8,,1,3143.32,1,163.25,-8,,1,163.25,1,160.58,1,163.7,1,19.57,1,19.2,1
202601,JOB575022593122,ID7528799722,EMP7254495503,-9,201706,,0,999909,-9,0,1,0,0,0,1,CIE - Contrat d'initiation à l'emploi,0,,,0,,,1,3959.34,-8,,-8,,1,3959.34,1,166.1,-8,,1,166.1,1,164.36,1,165.27,1,24.09,1,23.96,1
202606,JOB176480361454,ID4099073722,EMP4029195650,-9,201909,,0,999909,-9,1,1,0,0,0,0,,1,202003,26.0,0,,,1,4831.4,-8,,-8,,1,4831.4,1,163.53,-8,,1,163.53,1,161.09,1,161.72,1,29.99,1,29.88,0
202602,JOB070435175931,ID6369380584,EMP7261084563,-9,201908,,0,999909,-9,1,1,0,0,0,0,,1,201910,8.0,0,,,1,6189.98,-8,,-8,,1,6189.98,1,161.35,-8,,1,161.35,1,160.29,1,161.53,1,38.62,1,38.32,1
202611,JOB887447321778,ID6809651198,EMP5457477060,-9,202009,,0,999909,-9,1,1,0,0,0,0,,0,,,0,,,1,6387.76,-8,,-8,,1,6387.76,1,162.48,-8,,1,162.48,1,161.66,1,161.92,1,39.51,1,39.45,1
202505,JOB701562669981,ID6809651198,EMP8052792008,-9,202105,202211,1,202211,5,0,1,0,0,0,0,,1,202111,26.0,0,,,1,4050.99,-8,,-8,,1,4050.99,1,160.51,-8,,1,160.51,1,159.88,1,159.28,1,25.34,1,25.43,1
202607,JOB666534797109,ID2548592820,EMP0028100032,-9,202209,202209,1,202209,0,0,1,0,0,0,0,,0,,,0,,,1,4148.83,-8,,-8,,1,4148.83,1,170.72,-8,,1,170.72,1,169.42,1,171.58,1,24.49,1,24.18,1
202407,JOB250122915353,ID2548592820,EMP7592719766,-9,201804,,0,999909,-9,0,0,0,0,0,0,,1,201805,4.0,0,,,1,5466.74,-8,,-8,,1,5466.74,1,170.66,1,16.27,1,186.93,1,173.27,1,183.52,1,31.55,1,29.79,1
202404,JOB762174103751,ID7831233153,EMP4164866898,-9,201811,,0,999909,-9,0,1,0,0,0,1,CAE - Contrat d'appui-emploi,0,,,1,1349.07,49.53,1,4496.91,-8,,-8,,1,4496.91,1,165.11,-8,,1,165.11,1,165.28,1,166.4,1,27.21,1,27.02,1
202401,JOB019654970594,ID1499525359,EMP4599145210,TMP0848654255,202311,,0,999909,-9,0,1,0,0,0,0,,1,202312,4.0,0,,,1,4328.76,-8,,1,757.16,1,5085.92,1,165.88,1,19.34312510316303,1,185.22312510316303,1,167.51,1,186.85312510316302,1,25.84,1,27.22,1
202509,JOB710567392936,ID8622290544,-9,-9,201809,201903,-9,201903,4,2,-8,-9,0,0,0,,-9,,,-9,,,-9,,-9,,-9,,-9,,-9,,-9,,-9,,-9,,-9,,-9,,-9,,1
202504,JOB255382743832,ID0048307627,-9,-9,202503,202505,-9,202505,2,2,-8,-9,0,0,0,,-9,,,-9,,,-9,,-9,,-9,,-9,,-9,,-9,,-9,,-9,,-9,,-9,,-9,,1
202412,JOB101044330509,ID0954185203,EMP8099340960,-9,202109,,0,999909,-9,0,1,0,0,0,0,,1,202112,12.0,0,,,1,3284.55,-8,,-8,,1,3284.55,1,165.1,-8,,1,165.1,1,166.23,1,162.82,1,19.76,1,20.17,1
202412,JOB494222166095,ID7501932526,EMP2381498714,-9,201811,201902,2,201902,3,0,1,0,0,0,0,,-9,,,0,,,1,3792.74,-8,,-8,,1,3792.74,1,165.84,-8,,1,165.84,1,163.7,1,162.86,1,23.17,1,23.29,1
202405,JOB582765469915,ID7347763065,EMP8973037858,TMP4981886961,202505,,0,999909,-9,0,0,0,0,0,0,,1,202506,4.0,0,,,1,5678.14,1,118.98,-8,,1,5797.12,1,172.28,-8,,1,172.28,1,173.73,1,171.65,1,32.68,1,33.77,1
202605,JOB889017187297,ID7347763065,EMP0126831562,-9,202011,202012,0,999909,-9,0,1,0,0,0,0,,1,202105,26.0,0,,,1,3164.15,-8,,-8,,1,3164.15,1,168.12,-8,,1,168.12,1,167.57,1,164.83,1,18.88,1,19.2,1
202601,JOB759212303489,ID0232710732,EMP9056431721,-9,202104,,0,999909,-9,0,0,0,0,0,0,,1,202105,6.0,0,,,1,5543.73,1,159.97,-8,,1,5703.69,1,170.28,-8,,1,170.28,1,169.5,1,172.92,1,32.71,1,32.98,1
202405,JOB135054076471,ID1254709973,EMP8629436813,-9,201810,,0,999909,-9,1,1,0,0,0,0,,0,,,1,1970.54,48.03,1,6568.48,-8,,-8,,1,6568.48,1,160.11,-8,,1,160.11,1,157.76,1,157.05,1,41.64,1,41.82,1
202412,JOB279344451906,ID7602180667,EMP7742108306,-9,202202,,0,999909,-9,0,1,0,0,0,0,,1,202203,6.0,0,,,1,3305.34,1,830.13,-8,,1,4135.47,1,166.74,-8,,1,166.74,1,166.37,1,168.26,1,19.87,1,24.58,1
202411,JOB746903384713,ID8322535022,EMP7058775222,-9,202503,202504,0,999909,-9,1,1,0,0,0,0,,1,202509,26.0,0,,,1,7080.37,-8,,-8,,1,7080.37,1,160.16,-8,,1,160.16,1,161.19,1,158.76,1,43.93,1,44.6,1
202603,JOB436586949199,ID0215638366,EMP7851344553,-9,201808,202203,0,999909,-9,0,1,0,0,0,0,,1,201810,8.0,0,,,1,2743.43,-8,,-8,,1,2743.43,1,162.72,-8,,1,162.72,1,163.0,1,163.74,1,16.83,1,16.75,1
202405,JOB406547651267,ID2497705491,-9,-9,202103,202108,-9,202108,2,2,-8,-9,0,0,0,,-9,,,-9,,,-9,,-9,,-9,,-9,,-9,,-9,,-9,,-9,,-9,,-9,,-9,,1
202511,JOB561249833441,ID3094760596,EMP4679693892,-9,201911,,0,999909,-9,0,1,0,0,0,0,,0,,,0,,,1,3993.95,-8,,-8,,1,3993.95,1,172.42,-8,,1,172.42,1,173.38,1,173.51,1,23.04,1,23.02,1
202406,JOB169441826971,ID7868732071,EMP8701539874,TMP5122858937,201610,,0,999909,-9,1,0,0,0,0,0,,0,,,0,,,1,4913.91,-8,,-8,,1,4913.91,1,167.58,-8,,1,167.58,1,168.91,1,167.81,1,29.09,1,29.28,1
202602,JOB004924601285,ID1035743189,EMP4997263150,-9,202201,,0,999909,-9,0,1,0,0,0,0,,1,202204,12.0,0,,,1,3908.77,-8,,-8,,1,3908.77,1,170.06,-8,,1,170.06,1,169.1,1,171.34,1,23.12,1,22.81,1
202604,JOB887691864841,ID1035743189,EMP2123496059,-9,201507,,0,999909,-9,1,0,0,0,0,0,,0,,,0,,,1,3918.83,1,958.35,-8,,1,4877.19,1,162.94,1,9.06,1,171.99,1,165.96,1,169.99,1,23.61,1,28.69,1
202504,JOB469948385601,ID7548700964,EMP6685867789,-9,201910,,0,999909,-9,1,0,0,0,0,0,,1,202001,12.0,0,,,1,7401.65,-8,,-8,,1,7401.65,1,170.39,-8,,1,170.39,1,167.26,1,171.35,1,44.25,1,43.2,1
202507,JOB717186588074,ID7423683780,EMP6120465456,-9,201807,,0,999909,-9,0,1,0,0,0,0,,0,,,0,,,1,2910.86,1,874.93,-8,,1,3785.79,1,168.68,1,18.75,1,187.42,1,166.27,1,188.62,1,17.51,1,20.07,1
202501,JOB579377590129,ID0487937012,EMP2992920133,-9,202008,202501,0,999909,-9,1,1,0,0,0,0,,0,,,0,,,1,6392.25,-8,,-8,,1,6392.25,1,167.18,-8,,1,167.18,1,170.02,1,170.1,1,37.6,1,37.58,1
202612,JOB033833673614,ID9382683138,EMP0476194561,-9,201611,,0,999909,-9,0,1,0,0,0,0,,1,201612,6.0,0,,,1,4309.15,-8,,-8,,1,4309.15,1,169.09,-8,,1,169.09,1,167.66,1,171.79,1,25.7,1,25.08,1
202503,JOB723227478301,ID9320108981,EMP9441088344,-9,201705,,0,999909,-9,0,1,0,0,0,0,,1,201706,4.0,0,,,1,4007.33,1,293.63,1,561.39,1,4862.35,1,161.2,1,15.055150051434545,1,176.25515005143453,1,160.11,1,175.16515005143455,1,25.03,1,27.76,1
202605,JOB979234102425,ID9320108981,EMP0596310626,-9,202308,,0,999909,-9,0,1,0,0,0,1,CAE - Contrat d'appui-emploi,1,202309,6.0,0,,,1,2824.73,-8,,-8,,1,2824.73,1,170.24,-8,,1,170.24,1,173.11,1,170.99,1,16.32,1,16.52,1
202501,JOB923065117682,ID8101410082,EMP5152880049,TMP8788752632,201907,,0,999909,-9,1,0,0,0,0,0,,0,,,0,,,1,5075.31,-8,,-8,,1,5075.31,1,170.96,-8,,1,170.96,1,171.94,1,171.55,1,29.52,1,29.59,1
202501,JOB103770023358,ID8441333580,EMP2350627415,-9,202304,,0,999909,-9,1,1,0,0,0,0,,0,,,0,,,1,5108.56,1,827.77,-8,,1,5936.33,1,171.09,-8,,1,171.09,1,170.27,1,169.8,1,30.0,1,34.96,1
202602,JOB058181585350,ID4643330403,-9,-9,202505,202507,-9,202507,3,2,-8,-9,0,0,0,,-9,,,-9,,,-9,,-9,,-9,,-9,,-9,,-9,,-9,,-9,,-9,,-9,,-9,,1
202403,JOB556850220805,ID4643330403,-9,-9,201907,201910,-9,201910,2,2,-8,-9,0,0,0,,-9,,,-9,,,-9,,-9,,-9,,-9,,-9,,-9,,-9,,-9,,-9,,-9,,-9,,1
202506,JOB160108317349,ID4079834007,EMP9632155339,-9,202003,,0,999909,-9,0,1,0,0,0,0,,1,202004,6.0,0,,,1,4614.93,-8,,-8,,1,4614.93,1,164.88,-8,,1,164.88,1,167.75,1,162.63,1,27.51,1,28.38,1
202604,JOB784235180264,ID0228740897,-9,-9,201905,201909,-9,201909,3,2,-8,-9,0,0,0,,-9,,,-9,,,-9,,-9,,-9,,-9,,-9,,-9,,-9,,-9,,-9,,-9,,-9,,1
202608,JOB330434948159,ID9205515704,-9,-9,201802,201805,-9,201805,4,2,-8,-9,0,0,0,,-9,,,-9,,,-9,,-9,,-9,,-9,,-9,,-9,,-9,,-9,,-9,,-9,,-9,,1
202603,JOB621634844305,ID9111407559,EMP3447550823,-9,201607,,0,999909,-9,0,1,0,0,0,0,,1,201610,12.0,0,,,1,4415.59,1,303.16,-8,,1,4718.75,1,168.49,-8,,1,168.49,1,167.32,1,168.59,1,26.39,1,27.99,1
202601,JOB227049432740,ID6387203238,EMP2655859245,-9,201802,201802,1,201802,0,0,0,0,0,0,0,,1,201808,26.0,0,,,1,7356.66,-8,,-8,,1,7356.66,1,166.56,-8,,1,166.56,1,168.03,1,168.09,1,43.78,1,43.77,1
202609,JOB621461335473,ID9447181324,EMP3702555634,-9,202506,,0,999909,-9,0,1,0,0,0,0,,0,,,0,,,1,3144.35,1,776.37,-8,,1,3920.72,1,168.63,-8,,1,168.63,1,165.64,1,168.3,1,18.98,1,23.3,1
202504,JOB599250763373,ID1908274574,EMP6435371214,-9,201510,202304,0,999909,-9,0,0,0,0,0,0,,1,201512,8.0,0,,,1,4992.22,1,159.62,-8,,1,5151.84,1,163.35,-8,,1,163.35,1,165.86,1,166.11,1,30.1,1,31.01,1
202412,JOB897409393496,ID5216083402,EMP4793539562,-9,202103,,0,999909,-9,0,1,0,0,0,0,,1,202104,6.0,0,,,1,4556.25,-8,,-8,,1,4556.25,1,170.99,-8,,1,170.99,1,171.25,1,173.23,1,26.61,1,26.3,1
202607,JOB775941447720,ID5216083402,EMP4533769791,-9,201904,,0,999909,-9,0,1,0,0,0,0,,1,201905,6.0,0,,,1,3662.36,-8,,-8,,1,3662.36,1,171.77,-8,,1,171.77,1,169.85,1,168.6,1,21.56,1,21.72,1
202410,JOB162698773510,ID5639211878,EMP5973446850,-9,201908,,0,999909,-9,0,0,0,0,0,1,CIE - Contrat d'initiation à l'emploi,1,201909,6.0,0,,,1,7762.07,-8,,-8,,1,7762.07,1,162.13,-8,,1,162.13,1,163.08,1,163.92,1,47.6,1,47.35,1
202402,JOB527360075504,ID8636776396,EMP0841383890,-9,202311,202401,2,202401,2,0,1,0,0,0,0,,-9,,,1,1181.39,49.83,1,3937.98,-8,,-8,,1,3937.98,1,166.1,1,12.46,1,178.56,1,168.44,1,181.56,1,23.38,1,21.69,1
202410,JOB661651758666,ID2802802224,EMP2657043883,-9,202509,202511,4,202511,0,0,0,0,0,0,0,,-9,,,0,,,1,2931.65,1,602.03,-8,,1,3533.69,1,94.67,1,16.62,1,111.29,1,96.15,1,109.41,1,30.49,1,32.3,0
202408,JOB652967947189,ID7054720926,EMP1668073100,-9,202111,,0,999909,-9,0,0,0,0,0,0,,1,202112,6.0,0,,,1,6926.51,1,250.08,-8,,1,7176.58,1,162.08,1,18.79,1,180.87,1,163.31,1,180.37,1,42.41,1,39.79,1
202611,JOB396545255176,ID1202540941,EMP5698364950,-9,202103,,0,999909,-9,1,0,0,0,1,0,,0,,,0,,,1,7549.79,-8,,-8,,1,7549.79,1,170.52,-8,,1,170.52,1,173.74,1,168.15,1,43.45,1,44.9,1
202601,JOB981892371044,ID5899470990,EMP9071136468,-9,202109,202409,0,999909,-9,1,0,0,0,0,0,,1,202203,26.0,0,,,1,6731.88,-8,,-8,,1,6731.88,1,167.01,1,13.98,1,180.99,1,164.62,1,183.18,1,40.89,1,36.75,1
202509,JOB800414326944,ID4297039773,EMP1042320086,-9,201804,,0,999909,-9,0,1,0,0,0,0,,1,201807,12.0,0,,,1,2780.01,-8,,-8,,1,2780.01,1,166.81,-8,,1,166.81,1,165.47,1,164.59,1,16.8,1,16.89,1
202504,JOB792476174035,ID6173124321,EMP3005684172,-9,202206,,0,999909,-9,0,0,0,0,0,0,,0,,,0,,,1,8160.18,-8,,-8,,1,8160.18,1,172.86,-8,,1,172.86,1,170.74,1,174.31,1,47.79,1,46.81,1
202502,JOB503860729430,ID8309221337,EMP6287345129,-9,201709,,0,999909,-9,0,0,0,0,0,0,,1,201711,8.0,0,,,1,7840.66,1,950.18,-8,,1,8790.85,1,167.06,-8,,1,167.06,1,168.53,1,164.51,1,46.52,1,53.44,1
202609,JOB953161566785,ID2806955211,EMP9713411292,-9,201505,,0,999909,-9,0,0,0,0,0,0,,1,201507,8.0,0,,,1,6325.35,-8,,-8,,1,6325.35,1,167.16,-8,,1,167.16,1,168.01,1,165.51,1,37.65,1,38.22,1
202410,JOB999498440602,ID0690439878,EMP6909594052,-9,201701,,0,999909,-9,0,1,0,0,0,0,,1,201702,6.0,0,,,1,4397.89,-8,,1,776.56,1,5174.45,1,166.04,1,19.54584843440825,1,185.58584843440823,1,166.26,1,185.80584843440823,1,26.45,1,27.85,1
202605,JOB325888404162,ID3841279132,EMP7422121154,-9,202001,202003,2,202003,4,0,1,0,0,0,0,,-9,,,0,,,1,3457.89,-8,,-8,,1,3457.89,1,169.83,-8,,1,169.83,1,166.56,1,171.13,1,20.76,1,20.21,1
202501,JOB032404401217,ID9514607372,EMP8563436145,-9,201904,,0,999909,-9,0,0,0,0,0,0,,1,201910,26.0,0,,,1,5346.2,-8,,-8,,1,5346.2,1,166.88,-8,,1,166.88,1,169.36,1,166.39,1,31.57,1,32.13,1
202503,JOB701461870273,ID1685319990,EMP9246783146,-9,202303,,0,999909,-9,0,1,0,0,0,0,,1,202306,12.0,0,,,1,3925.34,-8,,-8,,1,3925.34,1,168.22,-8,,1,168.22,1,170.47,1,167.76,1,23.03,1,23.4,1
202404,JOB946056927450,ID2133240618,EMP5695826169,-9,202311,,0,999909,-9,0,0,0,0,0,0,,1,202401,8.0,0,,,1,5190.26,1,498.2,-8,,1,5688.46,1,169.94,-8,,1,169.94,1,166.86,1,168.72,1,31.11,1,33.72,1
202405,JOB766053139783,ID1604643007,EMP7476693777,-9,201705,,0,999909,-9,1,1,0,0,0,0,,0,,,0,,,1,5463.86,-8,,-8,,1,5463.86,1,164.05,-8,,1,164.05,1,161.93,1,164.31,1,33.74,1,33.25,1
202602,JOB068127561040,ID8779994819,EMP8673258684,-9,201908,201909,1,201909,1,0,1,0,0,0,0,,0,,,0,,,1,3986.62,-8,,-8,,1,3986.62,1,164.52,-8,,1,164.52,1,162.5,1,166.85,1,24.53,1,23.89,1
202504,JOB023362706538,ID8647701696,EMP1378956235,-9,201710,201711,2,201711,3,0,0,0,0,0,1,CIE - Contrat d'initiation à l'emploi,-9,,,0,,,1,4900.23,-8,,-8,,1,4900.23,1,167.08,-8,,1,167.08,1,166.52,1,168.47,1,29.43,1,29.09,1
202403,JOB066605880959,ID8647701696,-9,-9,202201,202203,-9,202203,2,2,-8,-9,0,0,0,,-9,,,-9,,,-9,,-9,,-9,,-9,,-9,,-9,,-9,,-9,,-9,,-9,,-9,,1
202405,JOB917815483611,ID2814989656,EMP5383366449,-9,201504,,0,999909,-9,0,0,0,0,0,0,,0,,,0,,,1,7284.75,-8,,-8,,1,7284.75,1,165.59,-8,,1,165.59,1,165.91,1,167.42,1,43.91,1,43.51,1
202402,JOB178296147307,ID9640578766,EMP4802797273,-9,202407,,0,999909,-9,1,0,0,0,0,0,,1,202501,26.0,0,,,1,4005.71,1,434.7,-8,,1,4440.41,1,163.96,-8,,1,163.96,1,165.9,1,165.96,1,24.15,1,26.76,1
202504,JOB738156799728,ID0684145795,EMP1561302327,-9,202510,,0,999909,-9,0,0,0,0,0,0,,1,202601,12.0,0,,,1,5785.46,-8,,-8,,1,5785.46,1,166.49,-8,,1,166.49,1,168.64,1,166.16,1,34.31,1,34.82,1
202401,JOB340961997511,ID0684145795,EMP7563440602,-9,201707,201804,1,201804,4,0,0,0,0,0,0,,0,,,0,,,1,7455.65,-8,,-8,,1,7455.65,1,172.5,-8,,1,172.5,1,170.17,1,174.4,1,43.81,1,42.75,1
202606,JOB789726715691,ID8243698120,EMP4701298394,-9,202105,202109,1,202109,3,0,1,0,0,0,0,,1,202106,6.0,0,,,1,4049.5,-8,,-8,,1,4049.5,1,168.92,-8,,1,168.92,1,165.55,1,169.86,1,24.46,1,23.84,1
202405,JOB977414420180,ID5922220065,EMP3420687217,-9,202107,,0,999909,-9,1,1,0,0,0,0,,1,202110,12.0,0,,,1,4171.65,-8,,-8,,1,4171.65,1,168.35,1,14.93,1,183.28,1,169.81,1,184.53,1,24.57,1,22.61,1
202605,JOB136622208610,ID5998016658,EMP2130509639,-9,201909,,0,999909,-9,0,1,0,0,0,0,,1,201911,8.0,0,,,1,3096.71,-8,,1,453.11,1,3549.82,1,165.15,1,16.109892964558668,1,181.25989296455867,1,168.35,1,184.45989296455866,1,18.39,1,19.24,1
202606,JOB950197610321,ID6196213239,EMP6580872670,-9,202404,202501,1,202501,4,0,1,0,0,0,0,,1,202405,4.0,1,1139.47,48.83,1,3798.25,1,698.86,-8,,1,4497.11,1,162.78,-8,,1,162.78,1,163.45,1,161.29,1,23.24,1,27.88,1
202604,JOB052731187656,ID6196213239,-9,-9,202305,202306,-9,202306,2,2,-8,-9,0,0,0,,-9,,,-9,,,-9,,-9,,-9,,-9,,-9,,-9,,-9,,-9,,-9,,-9,,-9,,1
202402,JOB922209764861,ID4924440661,EMP8382559143,-9,202203,,0,999909,-9,1,1,1,0,0,0,,1,202209,26.0,0,,,1,5786.57,1,472.52,-8,,1,6259.08,1,169.57,-8,,1,169.57,1,166.7,1,167.36,1,34.71,1,37.4,1
202411,JOB592570727929,ID3242057036,-9,-9,202201,202203,-9,202203,4,2,-8,-9,0,0,0,,-9,,,-9,,,-9,,-9,,-9,,-9,,-9,,-9,,-9,,-9,,-9,,-9,,-9,,1
202408,JOB832091431938,ID2410262108,EMP4153118923,-9,201604,,0,999909,-9,1,0,0,0,0,0,,1,201605,6.0,1,2178.55,50.21,1,7261.85,1,923.04,-8,,1,8184.89,1,167.38,-8,,1,167.38,1,169.5,1,167.58,1,42.84,1,48.84,1
202505,JOB852539913854,ID7796427709,EMP1317448519,-9,201804,,0,999909,-9,0,0,0,0,0,0,,1,201805,4.0,0,,,1,7038.35,-8,,1,837.6,1,7875.95,1,162.28,1,12.874769263675727,1,175.15476926367572,1,163.27,1,176.14476926367573,1,43.11,1,44.71,1
202402,JOB775388176835,ID9964608725,-9,-9,202310,202402,-9,202402,3,2,-8,-9,0,0,0,,-9,,,-9,,,-9,,-9,,-9,,-9,,-9,,-9,,-9,,-9,,-9,,-9,,-9,,1
202405,JOB451964923066,ID5164919070,EMP1901748425,-9,202202,,0,999909,-9,1,0,0,0,0,0,,1,202208,26.0,0,,,1,7418.26,-8,,-8,,1,7418.26,1,164.98,-8,,1,164.98,1,165.97,1,163.63,1,44.7,1,45.34,0
202405,JOB432324693551,ID5951333169,EMP6978837772,-9,202202,,0,999909,-9,0,1,0,0,0,0,,1,202203,6.0,0,,,1,3514.77,-8,,-8,,1,3514.77,1,168.83,1,17.69,1,186.51,1,170.43,1,188.19,1,20.62,1,18.68,1
202612,JOB942532836930,ID9645440668,EMP8011872139,-9,201701,,0,999909,-9,0,0,0,0,0,0,,1,201704,12.0,0,,,1,4013.77,1,485.94,1,558.41,1,5058.12,1,172.56,1,16.00487985249682,1,188.56487985249683,1,171.47,1,187.47487985249683,1,23.41,1,26.98,1
202605,JOB640695805184,ID9645440668,EMP0477350318,-9,201607,201608,1,201608,2,0,0,0,1,0,0,,0,,,0,,,1,4346.11,-8,,-8,,1,4346.11,1,172.78,-8,,1,172.78,1,172.13,1,175.71,1,25.25,1,24.73,1
202410,JOB051027190581,ID1792118289,EMP4796056233,-9,202207,202606,0,999909,-9,0,1,0,0,0,0,,1,202208,6.0,1,922.88,48.77,1,3076.26,-8,,-8,,1,3076.26,1,162.57,-8,,1,162.57,1,161.82,1,164.9,1,19.01,1,18.66,1
202405,JOB012819400112,ID7166234253,EMP9520781874,-9,202111,,0,999909,-9,0,0,0,0,0,0,,1,202112,6.0,0,,,1,6508.29,1,932.74,-8,,1,7441.03,1,166.42,-8,,1,166.42,1,168.2,1,164.66,1,38.69,1,45.19,1
202509,JOB909126193581,ID8476600974,-9,-9,202106,202110,-9,202110,2,2,-8,-9,0,0,0,,-9,,,-9,,,-9,,-9,,-9,,-9,,-9,,-9,,-9,,-9,,-9,,-9,,-9,,1
202403,JOB152290401507,ID9775561234,EMP6294201217,-9,201903,,0,999909,-9,0,1,0,0,0,0,,0,,,0,,,1,3953.91,-8,,-8,,1,3953.91,1,172.01,-8,,1,172.01,1,174.52,1,169.16,1,22.66,1,23.37,1
202407,JOB978953525853,ID7357136187,-9,-9,201904,201909,-9,201909,3,2,-8,-9,0,0,0,,-9,,,-9,,,-9,,-9,,-9,,-9,,-9,,-9,,-9,,-9,,-9,,-9,,-9,,1
202606,JOB757901550880,ID4144250969,EMP6395845450,-9,202511,,0,999909,-9,1,0,0,0,0,0,,1,202605,26.0,1,1378.95,49.52,1,4596.5,-8,,-8,,1,4596.5,1,165.06,-8,,1,165.06,1,162.06,1,167.48,1,28.36,1,27.45,1
202609,JOB429503369368,ID4402755470,EMP3402110454,-9,202505,,0,999909,-9,0,1,0,0,0,0,,0,,,0,,,1,3829.05,-8,,-8,,1,3829.05,1,164.67,-8,,1,164.67,1,165.56,1,162.78,1,23.13,1,23.52,0
202602,JOB931210811038,ID9045543623,EMP7738007789,-9,202109,,0,999909,-9,1,1,0,0,0,0,,1,202110,6.0,0,,,1,5482.01,-8,,-8,,1,5482.01,1,171.92,-8,,1,171.92,1,171.35,1,171.13,1,31.99,1,32.03,1
202406,JOB934698984738,ID7249014054,EMP4395372580,-9,202506,,0,999909,-9,1,0,0,0,0,0,,1,202512,26.0,0,,,1,4492.55,1,200.49,-8,,1,4693.04,1,165.37,-8,,1,165.37,1,162.3,1,163.27,1,27.68,1,28.74,1
202406,JOB662443677041,ID5505181761,EMP1080026491,-9,202310,,0,999909,-9,0,1,0,0,0,0,,1,202312,8.0,0,,,1,2717.98,-8,,-8,,1,2717.98,1,163.46,-8,,1,163.46,1,163.4,1,165.06,1,16.63,1,16.47,1
202502,JOB002420127760,ID4348891900,EMP6625957874,-9,201909,201910,1,201910,2,0,0,0,0,0,0,,1,201910,4.0,0,,,1,7087.31,-8,,1,1260.9,1,8348.21,1,166.29,1,19.723133412353683,1,186.01313341235368,1,169.59,1,189.3131334123537,1,41.79,1,44.1,1
202410,JOB899126382794,ID3671616849,-9,-9,202201,202203,-9,202203,4,2,-8,-9,0,0,0,,-9,,,-9,,,-9,,-9,,-9,,-9,,-9,,-9,,-9,,-9,,-9,,-9,,-9,,1
202404,JOB965913110152,ID7344463464,EMP2181595881,-9,202309,202609,3,202609,5,0,1,0,0,0,0,,-9,,,0,,,1,2605.17,-8,,1,411.27,1,3016.44,1,141.09,1,14.848912200219521,1,155.93891220021953,1,143.8,1,158.64891220021954,1,18.12,1,19.01,1
202402,JOB073081414237,ID3176810132,EMP5745451733,-9,201909,,0,999909,-9,0,0,0,0,0,0,,1,201910,4.0,1,1517.92,49.75,1,5059.75,-8,,-8,,1,5059.75,1,165.83,1,17.52,1,183.35,1,167.4,1,180.22,1,30.23,1,28.08,1
202401,JOB196516441805,ID1714722294,EMP4008538094,-9,202210,,0,999909,-9,1,0,0,0,0,0,,0,,,1,1805.14,50.72,1,6017.14,-8,,-8,,1,6017.14,1,169.05,-8,,1,169.05,1,171.49,1,169.83,1,35.09,1,35.43,1
202508,JOB567098667885,ID7815749167,EMP1682038528,-9,201606,201712,1,201712,5,0,1,0,0,0,0,,1,201609,12.0,0,,,1,3927.28,-8,,1,455.03,1,4382.32,1,172.14,1,13.2966443122579,1,185.4366443122579,1,168.82,1,182.1166443122579,1,23.26,1,24.06,0
202611,JOB695402313426,ID8514966757,EMP8396995713,-9,201501,,0,999909,-9,0,1,0,0,0,0,,0,,,0,,,1,3262.23,-8,,1,235.64,1,3497.87,1,172.73,1,8.31767009785457,1,181.04767009785456,1,173.59,1,181.90767009785458,1,18.79,1,19.23,1
202508,JOB225953762109,ID7604096262,EMP8532727206,-9,202411,,0,999909,-9,0,0,0,0,0,0,,0,,,0,,,1,4284.27,-8,,-8,,1,4284.27,1,166.47,-8,,1,166.47,1,164.74,1,165.3,1,26.01,1,25.92,1
202512,JOB294817049672,ID7604096262,EMP9427919163,-9,201501,201502,1,201502,2,0,1,0,1,0,0,,0,,,0,,,1,3636.04,1,292.21,-8,,1,3928.25,1,161.9,-8,,1,161.9,1,163.38,1,164.73,1,22.26,1,23.85,1
202601,JOB210367400925,ID2424431029,EMP4270983181,-9,201508,,0,999909,-9,0,1,0,0,0,0,,1,201511,12.0,0,,,1,4226.02,-8,,1,668.99,1,4895.01,1,170.17,1,17.95880304172624,1,188.12880304172623,1,172.77,1,190.72880304172625,1,24.46,1,25.66,1
202407,JOB232864250464,ID9748846748,EMP7174265884,TMP6926216847,201705,,0,999909,-9,0,0,0,0,0,0,,0,,,0,,,1,6175.4,-8,,-8,,1,6175.4,1,160.91,-8,,1,160.91,1,162.91,1,158.7,1,37.91,1,38.91,1
202604,JOB432954056864,ID0206314109,EMP2961724727,-9,202408,202408,1,202408,0,0,0,0,0,0,0,,1,202409,4.0,0,,,1,7838.88,-8,,-8,,1,7838.88,1,164.01,-8,,1,164.01,1,160.85,1,163.64,1,48.73,1,47.9,1
202611,JOB929070383942,ID1140781366,EMP7134247064,-9,201706,,0,999909,-9,0,0,0,0,0,0,,1,201707,6.0,0,,,1,7481.14,-8,,-8,,1,7481.14,1,165.48,-8,,1,165.48,1,162.49,1,162.35,1,46.04,1,46.08,1
202507,JOB063357599794,ID4663971801,EMP9756756466,-9,201910,,0,999909,-9,0,0,0,0,0,0,,1,201911,6.0,0,,,1,8121.27,-8,,-8,,1,8121.27,1,163.94,-8,,1,163.94,1,163.23,1,164.49,1,49.75,1,49.37,1
202408,JOB359005819836,ID4421461004,EMP5146905918,-9,202210,,0,999909,-9,0,0,0,0,0,0,,1,202211,4.0,0,,,1,3044.51,1,422.13,-8,,1,3466.64,1,164.17,-8,,1,164.17,1,162.31,1,162.57,1,18.76,1,21.32,1
202504,JOB031215595995,ID4029422085,EMP9241971665,-9,202302,,0,999909,-9,0,1,0,0,0,0,,1,202304,8.0,0,,,1,2955.68,-8,,-8,,1,2955.68,1,169.97,-8,,1,169.97,1,170.3,1,171.13,1,17.36,1,17.27,1
202504,JOB261173702153,ID5148111468,EMP8450355996,-9,201702,,0,999909,-9,0,0,0,0,0,0,,1,201708,26.0,0,,,1,7019.97,-8,,-8,,1,7019.97,1,172.61,-8,,1,172.61,1,170.44,1,170.53,1,41.19,1,41.17,1
202412,JOB849844753936,ID4060146120,EMP0074813353,-9,202405,,0,999909,-9,0,1,0,0,0,0,,1,202406,6.0,0,,,1,3270.09,-8,,1,577.68,1,3847.77,1,164.55,1,19.379023834457755,1,183.92902383445778,1,165.69,1,185.06902383445777,1,19.74,1,20.79,1
202404,JOB907294856366,ID5879050730,EMP6731396286,-9,201908,,0,999909,-9,0,1,0,0,0,0,,1,201911,12.0,0,,,1,4103.38,1,656.2,-8,,1,4759.58,1,161.03,1,7.95,1,168.99,1,162.39,1,169.72,1,25.27,1,28.04,1
202501,JOB447706481335,ID5659604028,EMP7829924423,-9,201810,,0,999909,-9,0,0,0,0,0,0,,1,201904,26.0,0,,,1,5151.68,1,480.05,-8,,1,5631.72,1,168.66,-8,,1,168.66,1,170.67,1,167.92,1,30.19,1,33.54,1
202612,JOB659279948129,ID5456031868,EMP6454827719,-9,202502,,0,999909,-9,0,0,0,0,0,0,,1,202508,26.0,0,,,1,6493.62,-8,,-8,,1,6493.62,1,163.42,-8,,1,163.42,1,161.64,1,162.1,1,40.17,1,40.06,1
202411,JOB828442718045,ID8231961725,EMP5912899512,-9,202205,,0,999909,-9,1,1,0,0,1,0,,1,202211,26.0,0,,,1,6747.0,-8,,-8,,1,6747.0,1,171.85,-8,,1,171.85,1,174.81,1,175.0,1,38.6,1,38.55,1
202503,JOB358139795196,ID1250682120,EMP2452405589,-9,202402,202411,1,202411,4,0,0,0,0,0,0,,1,202408,26.0,0,,,1,7400.28,-8,,-8,,1,7400.28,1,172.84,-8,,1,172.84,1,174.94,1,176.07,1,42.3,1,42.03,1
202611,JOB554220548729,ID1250682120,EMP1298967335,-9,202507,,0,999909,-9,0,0,0,0,0,0,,0,,,0,,,1,6753.2,-8,,-8,,1,6753.2,1,162.68,1,6.11,1,168.79,1,159.98,1,172.0,1,42.21,1,39.26,1
202409,JOB030366386026,ID1567486374,EMP8717584053,-9,202306,,0,999909,-9,0,1,0,0,0,0,,1,202307,4.0,0,,,1,3546.62,-8,,1,277.3,1,3823.92,1,166.69,1,8.68858421716055,1,175.37858421716055,1,168.24,1,176.92858421716056,1,21.08,1,21.61,1
202601,JOB097064407125,ID5171994974,EMP3461155524,-9,202209,,0,999909,-9,1,0,0,0,0,0,,1,202211,8.0,0,,,1,3646.57,-8,,-8,,1,3646.57,1,160.7,-8,,1,160.7,1,157.9,1,158.96,1,23.09,1,22.94,1
202604,JOB713766708060,ID2234508960,EMP6050640511,-9,201502,201511,1,201511,4,0,1,0,0,0,0,,1,201503,4.0,0,,,1,4480.08,-8,,-8,,1,4480.08,1,160.53,-8,,1,160.53,1,159.07,1,163.18,1,28.16,1,27.45,1
202506,JOB892658352738,ID4113414812,EMP3968856069,-9,202311,,0,999909,-9,1,1,0,0,0,0,,1,202312,4.0,0,,,1,4919.8,-8,,-8,,1,4919.8,1,160.67,-8,,1,160.67,1,158.84,1,157.98,1,30.97,1,31.14,1
202408,JOB844902307714,ID9493078457,EMP6502860118,-9,201601,,0,999909,-9,0,1,0,0,0,0,,1,201603,8.0,0,,,1,3623.59,1,199.73,-8,,1,3823.32,1,169.25,-8,,1,169.25,1,170.57,1,170.99,1,21.24,1,22.36,1
202608,JOB452658216551,ID5672119511,EMP4620008888,-9,201605,,0,999909,-9,0,1,0,0,0,0,,1,201607,8.0,1,1015.23,48.65,1,3384.1,-8,,-8,,1,3384.1,1,162.15,-8,,1,162.15,1,161.3,1,165.02,1,20.98,1,20.51,1
202507,JOB102537593358,ID7619903777,EMP5151494007,-9,202203,,0,999909,-9,1,1,0,0,0,0,,0,,,0,,,1,7545.41,1,971.56,-8,,1,8516.97,1,170.04,-8,,1,170.04,1,173.01,1,170.19,1,43.61,1,50.04,0
202601,JOB769673254966,ID9558704253,EMP0702873723,-9,201702,,0,999909,-9,0,1,0,0,0,0,,1,201703,4.0,0,,,1,4075.37,1,305.97,-8,,1,4381.34,1,162.34,-8,,1,162.34,1,164.92,1,162.48,1,24.71,1,26.97,1
202405,JOB133044217953,ID6889589932,EMP4856450446,-9,202511,202512,1,202512,2,0,0,0,0,0,0,,0,,,1,2034.99,49.58,1,6783.29,-8,,-8,,1,6783.29,1,165.26,-8,,1,165.26,1,164.76,1,166.32,1,41.17,1,40.78,1
202401,JOB856902891708,ID4212066058,-9,-9,202308,202312,-9,202312,2,2,-8,-9,0,0,0,,-9,,,-9,,,-9,,-9,,-9,,-9,,-9,,-9,,-9,,-9,,-9,,-9,,-9,,1
202607,JOB491465167921,ID8601500858,EMP2719526171,-9,202109,,0,999909,-9,0,1,0,0,0,0,,1,202110,6.0,0,,,1,4281.13,-8,,-8,,1,4281.13,1,161.82,1,6.02,1,167.84,1,161.42,1,168.12,1,26.52,1,25.46,1
202606,JOB393058187624,ID0043625691,EMP0466101061,-9,201607,,0,999909,-9,1,0,0,0,0,0,,1,201608,4.0,0,,,1,5178.57,-8,,-8,,1,5178.57,1,162.64,1,15.44,1,178.08,1,162.19,1,175.89,1,31.93,1,29.44,1
202603,JOB891241521219,ID3612514261,EMP3387300603,-9,202310,,0,999909,-9,1,0,0,0,0,0,,1,202312,8.0,0,,,1,5517.42,-8,,-8,,1,5517.42,1,172.31,-8,,1,172.31,1,173.99,1,172.05,1,31.71,1,32.07,0
202505,JOB594037649413,ID3612514261,-9,-9,202405,202407,-9,202407,2,2,-8,-9,0,0,0,,-9,,,-9,,,-9,,-9,,-9,,-9,,-9,,-9,,-9,,-9,,-9,,-9,,-9,,1
202402,JOB131113723679,ID5586133330,EMP0821352211,TMP0828968181,202409,,0,999909,-9,0,0,0,0,0,0,,1,202410,4.0,0,,,1,3247.81,-8,,1,372.66,1,3620.48,1,166.6,1,12.744090386341528,1,179.34409038634152,1,164.69,1,177.43409038634152,1,19.72,1,20.4,1
202606,JOB887796807687,ID3586283588,-9,-9,202311,202405,-9,202405,3,2,-8,-9,0,0,0,,-9,,,-9,,,-9,,-9,,-9,,-9,,-9,,-9,,-9,,-9,,-9,,-9,,-9,,1
202501,JOB014768983639,ID2907542248,EMP1596586681,-9,201909,202405,0,999909,-9,1,0,0,0,0,0,,1,201912,12.0,0,,,1,6035.22,1,474.93,-8,,1,6510.15,1,163.14,-8,,1,163.14,1,165.21,1,165.38,1,36.53,1,39.36,1
202506,JOB957107061140,ID1446658490,EMP2235960658,-9,202406,202406,1,202406,0,0,1,0,0,0,0,,1,202409,12.0,0,,,1,3634.87,-8,,-8,,1,3634.87,1,163.91,-8,,1,163.91,1,160.76,1,165.45,1,22.61,1,21.97,1
202501,JOB303659077467,ID2636900897,EMP4334097055,-9,201804,202004,3,202004,5,0,1,0,0,0,0,,-9,,,0,,,1,3601.96,1,715.86,-8,,1,4317.82,1,168.52,-8,,1,168.52,1,170.18,1,171.77,1,21.17,1,25.14,1
202507,JOB261015852632,ID2636900897,EMP3107857788,-9,201903,,0,999909,-9,0,0,0,0,0,0,,1,201909,26.0,0,,,1,3750.53,1,373.07,1,441.21,1,4564.81,1,161.17,1,12.64000589538967,1,173.81000589538965,1,163.59,1,176.23000589538967,1,22.93,1,25.9,1
202504,JOB882763439463,ID2715131948,EMP5718868354,-9,201906,,0,999909,-9,1,1,0,0,0,0,,1,201912,26.0,0,,,1,7452.4,-8,,-8,,1,7452.4,1,170.84,-8,,1,170.84,1,170.48,1,170.49,1,43.71,1,43.71,1
202508,JOB041458861364,ID1554237399,EMP3235906328,-9,201909,,0,999909,-9,0,0,0,0,0,0,,1,201912,12.0,0,,,1,5967.48,-8,,-8,,1,5967.48,1,163.68,1,5.06,1,168.73,1,166.63,1,169.98,1,35.81,1,35.11,1
202405,JOB798909789207,ID9399278360,EMP9833810136,TMP4678848805,201610,201702,1,201702,3,0,1,0,0,0,0,,1,201611,6.0,0,,,1,3485.57,-8,,-8,,1,3485.57,1,161.95,-8,,1,161.95,1,161.16,1,163.73,1,21.63,1,21.29,1
202510,JOB371424388013,ID4742002892,EMP7249288409,-9,202008,,0,999909,-9,1,1,0,0,0,1,CIE - Contrat d'initiation à l'emploi,1,202010,8.0,1,1261.45,51.47,1,4204.84,-8,,-8,,1,4204.84,1,171.56,-8,,1,171.56,1,171.33,1,173.91,1,24.54,1,24.18,1
202603,JOB840964293855,ID7032133780,EMP5079320082,-9,201905,,0,999909,-9,1,0,0,1,0,0,,1,201906,6.0,0,,,1,4735.63,-8,,-8,,1,4735.63,1,161.58,1,10.75,1,172.33,1,159.0,1,172.41,1,29.78,1,27.47,1
202403,JOB102323213992,ID1822241329,EMP8581427350,-9,202402,,0,999909,-9,0,0,0,0,0,0,,1,202408,26.0,0,,,1,4637.67,-8,,-8,,1,4637.67,1,160.68,-8,,1,160.68,1,161.32,1,162.91,1,28.75,1,28.47,1
202511,JOB981763019115,ID1435194199,-9,TMP8327365293,202309,202311,-9,202311,2,2,-8,-9,0,0,0,,-9,,,-9,,,-9,,-9,,-9,,-9,,-9,,-9,,-9,,-9,,-9,,-9,,-9,,1
202501,JOB671279440130,ID2520565679,EMP5972533249,TMP0261668450,202109,,0,999909,-9,0,1,0,0,0,0,,0,,,0,,,1,3778.87,-8,,-8,,1,3778.87,1,166.62,-8,,1,166.62,1,168.89,1,168.81,1,22.37,1,22.39,1
202510,JOB459827814705,ID6225848190,EMP6497172912,-9,201804,,0,999909,-9,0,0,0,0,0,0,,1,201805,6.0,0,,,1,6253.12,-8,,-8,,1,6253.12,1,162.93,-8,,1,162.93,1,165.0,1,159.81,1,37.9,1,39.13,1
202505,JOB585659519743,ID0564598034,EMP9504449209,-9,202402,,0,999909,-9,0,1,0,0,0,0,,1,202403,6.0,0,,,1,3682.66,1,901.92,-8,,1,4584.57,1,162.74,-8,,1,162.74,1,164.73,1,165.27,1,22.36,1,27.74,1
202402,JOB509478641638,ID4279630495,EMP8281059251,-9,202405,202409,2,202409,2,0,0,0,0,0,1,PAN - Projet d'activité national,-9,,,0,,,1,5151.29,-8,,-8,,1,5151.29,1,172.78,-8,,1,172.78,1,172.33,1,175.5,1,29.89,1,29.35,1
202607,JOB569414673592,ID5901564075,EMP8396257741,-9,202106,202110,1,202110,3,0,1,0,0,0,0,,1,202109,12.0,0,,,1,3082.66,-8,,-8,,1,3082.66,1,169.77,-8,,1,169.77,1,169.1,1,166.46,1,18.23,1,18.52,1
202401,JOB285156283794,ID2496234436,-9,-9,202307,202311,-9,202311,3,2,-8,-9,0,0,0,,-9,,,-9,,,-9,,-9,,-9,,-9,,-9,,-9,,-9,,-9,,-9,,-9,,-9,,1
202403,JOB648760857646,ID1654980618,EMP0363242866,-9,202503,202504,2,202504,3,0,0,0,0,0,0,,-9,,,0,,,1,5393.98,-8,,1,914.85,1,6308.83,1,165.33,1,18.694007807999036,1,184.02400780799906,1,164.25,1,182.94400780799904,1,32.84,1,34.49,1
202505,JOB716402261234,ID3657614766,EMP9457244917,-9,202102,202105,2,202105,4,0,1,0,0,1,0,,-9,,,0,,,1,3793.0,-8,,1,474.71,1,4267.71,1,160.95,1,13.428973173080776,1,174.37897317308077,1,163.56,1,176.98897317308078,1,23.19,1,24.11,1
202608,JOB838606962498,ID6670533085,EMP9569110308,-9,202307,,0,999909,-9,1,1,0,1,0,0,,1,202308,4.0,0,,,1,4785.63,-8,,-8,,1,4785.63,1,169.93,-8,,1,169.93,1,166.91,1,168.55,1,28.67,1,28.39,1
202511,JOB987584024938,ID0480880574,EMP7138992793,-9,201911,201912,1,201912,2,0,1,0,0,0,0,,1,201912,4.0,0,,,1,4239.71,-8,,-8,,1,4239.71,1,171.77,-8,,1,171.77,1,172.58,1,170.69,1,24.57,1,24.84,1
202408,JOB824566363051,ID0480880574,EMP2816379963,-9,201809,201906,1,201906,4,0,1,0,0,0,0,,1,201810,4.0,0,,,1,3525.82,-8,,-8,,1,3525.82,1,167.16,-8,,1,167.16,1,167.64,1,168.06,1,21.03,1,20.98,1
202501,JOB712057492138,ID2356213433,EMP6068289728,-9,202105,,0,999909,-9,0,0,0,0,0,0,,1,202106,4.0,0,,,1,5666.99,-8,,-8,,1,5666.99,1,171.45,-8,,1,171.45,1,168.84,1,173.8,1,33.56,1,32.61,1
202508,JOB633606101323,ID5934571615,EMP1230367268,-9,202302,202304,4,202304,2,0,0,0,0,0,0,,-9,,,0,,,1,2214.09,-8,,-8,,1,2214.09,1,71.86,1,15.87,1,87.73,1,71.21,1,86.43,1,31.09,1,25.62,0
202408,JOB367858733466,ID1168839211,EMP7668293007,-9,202208,202211,2,202211,3,0,1,0,0,0,0,,-9,,,0,,,1,2867.27,-8,,1,237.04,1,3104.31,1,163.02,1,8.98474491011704,1,172.00474491011704,1,159.87,1,168.85474491011703,1,17.94,1,18.38,1
202507,JOB479489830186,ID7421094380,EMP0807539398,TMP5363471678,202101,202307,1,202307,6,0,1,0,0,0,0,,1,202103,8.0,0,,,1,4497.62,1,843.66,-8,,1,5341.28,1,162.36,1,12.72,1,175.08,1,163.02,1,174.46,1,27.59,1,30.62,1
202509,JOB249148087459,ID7805445292,EMP2189310587,-9,201907,,0,999909,-9,0,1,0,0,0,1,CIE - Contrat d'initiation à l'emploi,1,201909,8.0,0,,,1,2872.03,-8,,-8,,1,2872.03,1,170.99,-8,,1,170.99,1,172.59,1,168.0,1,16.64,1,17.1,1
202508,JOB357866673603,ID2463025786,EMP2112458615,-9,201905,202105,3,202105,5,0,1,0,0,0,0,,-9,,,0,,,1,3493.12,-8,,1,562.6,1,4055.72,1,162.39,1,17.43613942538846,1,179.82613942538845,1,162.47,1,179.90613942538846,1,21.5,1,22.54,1
202402,JOB327224375811,ID9602339804,EMP6259697185,-9,202208,202212,2,202212,2,0,1,0,0,0,0,,-9,,,0,,,1,2623.33,-8,,1,388.0,1,3011.33,1,162.63,1,16.03563516244088,1,178.66563516244088,1,163.38,1,179.41563516244088,1,16.06,1,16.78,1
202507,JOB889743540858,ID8344026083,-9,-9,202506,202510,-9,202510,3,2,-8,-9,0,0,0,,-9,,,-9,,,-9,,-9,,-9,,-9,,-9,,-9,,-9,,-9,,-9,,-9,,-9,,1
202603,JOB408194448902,ID9241337332,EMP0842735991,-9,202509,,0,999909,-9,0,1,0,0,0,0,,1,202603,26.0,0,,,1,4620.46,1,250.96,-8,,1,4871.41,1,169.16,-8,,1,169.16,1,171.37,1,166.88,1,26.96,1,29.19,1
202611,JOB212256244376,ID9241337332,EMP2920665456,-9,201808,202501,0,999909,-9,0,0,0,0,0,0,,0,,,0,,,1,5120.35,-8,,-8,,1,5120.35,1,170.73,-8,,1,170.73,1,173.56,1,173.8,1,29.5,1,29.46,1
202408,JOB691178188758,ID8437117185,EMP1589186239,-9,202508,,0,999909,-9,0,0,0,0,0,0,,1,202511,12.0,0,,,1,3932.03,1,957.59,-8,,1,4889.62,1,166.2,-8,,1,166.2,1,165.55,1,168.39,1,23.75,1,29.04,1
202403,JOB463910274237,ID5900370861,EMP8376231470,-9,202007,202503,0,999909,-9,0,0,0,0,0,0,,1,202008,6.0,0,,,1,3603.43,-8,,-8,,1,3603.43,1,161.67,-8,,1,161.67,1,159.49,1,159.95,1,22.59,1,22.53,1
202607,JOB628118031968,ID5900370861,EMP8535913582,-9,201908,202001,2,202001,4,0,1,0,0,0,0,,-9,,,0,,,1,3966.38,-8,,1,285.78,1,4252.17,1,171.72,1,8.24846672415946,1,179.96846672415947,1,172.99,1,181.23846672415948,1,22.93,1,23.46,1
202602,JOB544054755324,ID9275413870,EMP1369070249,-9,202202,,0,999909,-9,0,1,0,0,0,0,,0,,,0,,,1,2995.18,-8,,1,247.4,1,3242.58,1,165.97,1,9.139318931874907,1,175.1093189318749,1,165.94,1,175.0793189318749,1,18.05,1,18.52,1
202504,JOB497122695143,ID3732695372,EMP6920091258,-9,201503,,0,999909,-9,1,0,0,0,0,0,,1,201504,4.0,0,,,1,6371.6,-8,,-8,,1,6371.6,1,166.6,-8,,1,166.6,1,164.85,1,169.91,1,38.65,1,37.5,1
202404,JOB993180447940,ID6376924610,-9,-9,202111,202201,-9,202201,3,2,-8,-9,0,0,1,PAN - Projet d'activité national,-9,,,-9,,,-9,,-9,,-9,,-9,,-9,,-9,,-9,,-9,,-9,,-9,,-9,,0
202609,JOB988479753115,ID9537281774,EMP4516433982,-9,202201,202201,1,202201,0,0,1,0,0,0,0,,0,,,0,,,1,2811.07,-8,,-8,,1,2811.07,1,163.28,1,17.25,1,180.52,1,163.59,1,180.89,1,17.18,1,15.54,1
202407,JOB841300932206,ID3075578616,EMP4620667298,-9,202411,,0,999909,-9,1,0,0,0,0,0,,1,202412,4.0,0,,,1,4418.85,-8,,-8,,1,4418.85,1,169.41,1,17.86,1,187.27,1,170.77,1,188.75,1,25.88,1,23.41,1
202501,JOB772925783636,ID3151226581,EMP8123053252,-9,202311,,0,999909,-9,0,0,0,0,0,0,,1,202312,4.0,0,,,1,5990.23,-8,,-8,,1,5990.23,1,171.93,-8,,1,171.93,1,168.61,1,169.95,1,35.53,1,35.25,1
202403,JOB050099119715,ID6521010745,EMP8085111504,-9,202001,,0,999909,-9,1,0,0,0,0,0,,1,202002,4.0,0,,,1,5115.86,-8,,-8,,1,5115.86,1,172.69,-8,,1,172.69,1,172.39,1,174.52,1,29.68,1,29.31,1
202407,JOB688175610958,ID3719104514,EMP3483591275,-9,201908,,0,999909,-9,1,0,0,0,0,0,,1,202002,26.0,0,,,1,7405.66,-8,,-8,,1,7405.66,1,169.66,-8,,1,169.66,1,171.46,1,170.9,1,43.19,1,43.33,1
202408,JOB771707757662,ID4058588118,EMP7106104203,-9,202004,202008,1,202008,3,0,1,0,0,0,0,,1,202010,26.0,1,1036.11,48.56,1,3453.71,1,749.04,-8,,1,4202.75,1,161.87,-8,,1,161.87,1,160.72,1,164.01,1,21.49,1,25.62,1
202512,JOB394469266263,ID7550748144,EMP9519813833,-9,202505,202606,0,999909,-9,1,0,0,0,0,0,,1,202511,26.0,0,,,1,5498.17,-8,,-8,,1,5498.17,1,167.46,-8,,1,167.46,1,168.24,1,167.21,1,32.68,1,32.88,1
202605,JOB137871879789,ID7550748144,EMP2930907725,-9,202411,202411,1,202411,0,0,1,0,0,0,0,,1,202412,4.0,0,,,1,3255.66,-8,,-8,,1,3255.66,1,172.27,-8,,1,172.27,1,169.01,1,175.7,1,19.26,1,18.53,1
202401,JOB419024161772,ID8897378407,EMP3797309053,-9,202002,,0,999909,-9,0,1,0,0,0,0,,1,202005,12.0,0,,,1,4277.9,-8,,-8,,1,4277.9,1,172.77,-8,,1,172.77,1,169.45,1,172.97,1,25.25,1,24.73,1
202512,JOB838268201202,ID6503715007,EMP1526207679,-9,202011,,0,999909,-9,1,1,0,0,0,0,,1,202105,26.0,0,,,1,3703.72,1,864.55,-8,,1,4568.27,1,165.63,-8,,1,165.63,1,168.87,1,163.25,1,21.93,1,27.98,1
202407,JOB357190936617,ID1511081783,EMP6588188376,-9,201603,201809,1,201809,6,0,0,0,0,0,0,,1,201606,12.0,0,,,1,4099.49,1,703.07,-8,,1,4802.56,1,168.96,-8,,1,168.96,1,167.9,1,167.37,1,24.42,1,28.69,1
202604,JOB717566357903,ID0288559910,EMP8186832007,-9,202005,,0,999909,-9,0,0,0,0,0,0,,1,202006,4.0,0,,,1,6050.51,-8,,1,763.85,1,6814.36,1,161.37,1,13.581409780705464,1,174.95140978070546,1,161.98,1,175.56140978070545,1,37.35,1,38.81,1
202605,JOB157182652271,ID1310986245,EMP0684666565,-9,202402,,0,999909,-9,0,0,0,0,0,0,,1,202403,4.0,0,,,1,4708.87,-8,,-8,,1,4708.87,1,170.73,-8,,1,170.73,1,173.75,1,168.64,1,27.1,1,27.92,1
202507,JOB839028297672,ID5721319139,EMP2071135033,-9,201910,201911,1,201911,2,0,0,0,0,0,0,,0,,,0,,,1,5607.24,1,360.89,-8,,1,5968.13,1,166.43,-8,,1,166.43,1,166.27,1,164.96,1,33.72,1,36.18,1
202410,JOB276041281771,ID5721319139,EMP7169944428,-9,201705,201709,2,201709,2,0,0,0,0,0,1,CIE - Contrat d'initiation à l'emploi,-9,,,0,,,1,4643.8,-8,,-8,,1,4643.8,1,164.03,-8,,1,164.03,1,165.07,1,163.19,1,28.13,1,28.46,1
202605,JOB776753299983,ID0806824239,-9,-9,202411,202505,-9,202505,3,2,-8,-9,0,0,0,,-9,,,-9,,,-9,,-9,,-9,,-9,,-9,,-9,,-9,,-9,,-9,,-9,,-9,,1
202504,JOB847381063707,ID0346700616,EMP2185082261,-9,202105,,0,999909,-9,0,0,0,0,0,0,,1,202107,8.0,0,,,1,8501.03,-8,,1,1457.09,1,9958.11,1,172.87,1,19.753444977983293,1,192.6234449779833,1,174.64,1,194.39344497798328,1,48.68,1,51.23,1
202612,JOB839291238118,ID7701533879,EMP7400743262,-9,201811,,0,999909,-9,0,0,0,0,0,0,,1,201902,12.0,0,,,1,8435.27,-8,,-8,,1,8435.27,1,172.44,-8,,1,172.44,1,170.46,1,171.59,1,49.49,1,49.16,1
202504,JOB334326032227,ID7701533879,EMP5617583441,-9,202302,202311,1,202311,4,0,1,0,0,0,0,,1,202303,4.0,0,,,1,2935.66,-8,,-8,,1,2935.66,1,169.77,-8,,1,169.77,1,170.27,1,173.14,1,17.24,1,16.96,1
202611,JOB009293677851,ID8832093974,EMP4554944442,-9,201707,,0,999909,-9,0,0,0,0,0,0,,1,201708,6.0,0,,,1,4170.62,-8,,-8,,1,4170.62,1,170.3,-8,,1,170.3,1,172.35,1,170.52,1,24.2,1,24.46,1
202404,JOB570571715918,ID6531264569,EMP3333562550,-9,201601,,0,999909,-9,0,0,0,0,0,0,,1,201602,4.0,0,,,1,3803.56,-8,,-8,,1,3803.56,1,169.47,1,18.43,1,187.9,1,169.07,1,190.32,1,22.5,1,19.99,1
202401,JOB964886399875,ID0686866307,EMP6819299591,-9,201910,202004,2,202004,2,0,1,0,0,0,0,,-9,,,0,,,1,4651.07,-8,,1,643.33,1,5294.4,1,171.18,1,15.78497741988615,1,186.96497741988617,1,173.35,1,189.13497741988616,1,26.83,1,27.99,1
202510,JOB691186641151,ID1306533239,EMP6446592396,-9,202401,,0,999909,-9,0,0,0,0,0,0,,1,202402,6.0,0,,,1,3086.11,1,575.42,-8,,1,3661.52,1,160.05,-8,,1,160.05,1,158.12,1,157.87,1,19.52,1,23.19,1
202412,JOB044282361601,ID0538889312,EMP0972893821,-9,201601,,0,999909,-9,1,0,0,0,0,0,,1,201603,8.0,0,,,1,5651.16,-8,,-8,,1,5651.16,1,169.84,1,11.22,1,181.07,1,166.76,1,182.85,1,33.89,1,30.91,1
202501,JOB422365327147,ID6631009453,EMP2507623327,-9,201905,,0,999909,-9,0,0,1,0,0,0,,0,,,0,,,1,4521.75,-8,,-8,,1,4521.75,1,166.44,-8,,1,166.44,1,168.4,1,167.55,1,26.85,1,26.99,1
202603,JOB483639170138,ID6307372257,EMP9881029578,-9,201811,202309,0,999909,-9,0,1,0,0,0,0,,1,201901,8.0,0,,,1,2967.86,1,785.38,1,262.3,1,4015.55,1,161.77,1,9.531559282109615,1,171.30155928210962,1,164.12,1,173.65155928210962,1,18.08,1,23.12,1
202601,JOB421084398893,ID7760612517,EMP9031696466,-9,201707,,0,999909,-9,1,1,0,0,0,0,,0,,,0,,,1,4048.62,-8,,-8,,1,4048.62,1,166.18,-8,,1,166.18,1,165.15,1,167.04,1,24.51,1,24.24,1
202511,JOB590282774694,ID8597664692,EMP8254576344,-9,201502,,0,999909,-9,0,1,0,0,0,0,,1,201503,6.0,0,,,1,4559.95,-8,,-8,,1,4559.95,1,165.02,-8,,1,165.02,1,167.83,1,167.42,1,27.17,1,27.24,0
202401,JOB521705726779,ID8597664692,-9,-9,202208,202301,-9,202301,2,2,-8,-9,0,0,0,,-9,,,-9,,,-9,,-9,,-9,,-9,,-9,,-9,,-9,,-9,,-9,,-9,,-9,,1
202502,JOB106319854480,ID0995550627,EMP6676462906,-9,202106,202308,0,999909,-9,0,0,0,0,1,0,,1,202112,26.0,0,,,1,4606.94,-8,,-8,,1,4606.94,1,166.27,-8,,1,166.27,1,168.17,1,163.38,1,27.39,1,28.2,1
202509,JOB543360620376,ID9357633812,EMP0207073736,-9,202411,,0,999909,-9,0,0,0,0,0,0,,0,,,0,,,1,5275.07,1,401.71,-8,,1,5676.78,1,165.83,-8,,1,165.83,1,164.3,1,165.07,1,32.11,1,34.39,1
202501,JOB622555741945,ID6159028798,EMP0890660363,-9,202102,202504,0,999909,-9,0,0,0,0,0,0,,1,202103,6.0,0,,,1,4459.57,-8,,-8,,1,4459.57,1,163.19,-8,,1,163.19,1,161.22,1,162.39,1,27.66,1,27.46,1
202407,JOB915674079491,ID4946152868,EMP7906081257,-9,202303,202509,0,999909,-9,0,0,0,0,0,0,,1,202304,4.0,0,,,1,5338.77,-8,,-8,,1,5338.77,1,171.6,-8,,1,171.6,1,170.31,1,168.52,1,31.35,1,31.68,1
202403,JOB124662569512,ID6470486016,EMP5162802614,-9,202505,,0,999909,-9,1,1,0,0,0,0,,1,202507,8.0,0,,,1,7390.62,1,346.7,-8,,1,7737.32,1,167.62,-8,,1,167.62,1,170.21,1,165.68,1,43.42,1,46.7,1
202509,JOB290588841936,ID2729171411,EMP2631349460,-9,202406,202407,0,999909,-9,0,0,0,0,0,0,,1,202407,6.0,0,,,1,8021.29,1,956.44,-8,,1,8977.73,1,168.61,-8,,1,168.61,1,167.55,1,166.14,1,47.87,1,54.04,1
202401,JOB053954328451,ID0499883120,EMP2993878843,-9,201605,202408,0,999909,-9,0,1,0,0,0,0,,0,,,0,,,1,3896.97,1,777.68,-8,,1,4674.65,1,170.83,-8,,1,170.83,1,168.9,1,173.41,1,23.07,1,26.96,1
202601,JOB807328197507,ID2401162801,EMP7218890665,-9,202004,,0,999909,-9,0,0,0,0,0,0,,1,202005,6.0,0,,,1,5009.94,-8,,-8,,1,5009.94,1,160.65,-8,,1,160.65,1,161.83,1,160.61,1,30.96,1,31.19,1
202507,JOB185929300449,ID6118698142,EMP2294689761,-9,201609,,0,999909,-9,1,0,0,0,0,0,,0,,,0,,,1,7024.98,-8,,-8,,1,7024.98,1,169.7,1,5.31,1,175.0,1,170.2,1,171.92,1,41.27,1,40.86,0
202411,JOB517673727259,ID5729034138,-9,-9,201510,201603,-9,201603,4,2,-8,-9,0,0,0,,-9,,,-9,,,-9,,-9,,-9,,-9,,-9,,-9,,-9,,-9,,-9,,-9,,-9,,0
202605,JOB109120459387,ID1311035807,EMP9596384535,-9,202302,,0,999909,-9,1,1,0,0,0,0,,1,202304,8.0,1,1080.98,48.67,1,3603.28,-8,,-8,,1,3603.28,1,162.25,-8,,1,162.25,1,164.3,1,163.41,1,21.93,1,22.05,0
202405,JOB464557531002,ID0778336826,EMP6689742757,-9,201706,202006,3,202006,5,0,0,0,0,0,0,,-9,,,0,,,1,7094.92,-8,,-8,,1,7094.92,1,160.45,-8,,1,160.45,1,159.46,1,162.26,1,44.49,1,43.73,1
202411,JOB324023089122,ID8492725452,EMP9439715010,-9,201911,,0,999909,-9,0,0,0,0,0,0,,1,201912,4.0,0,,,1,7145.9,-8,,-8,,1,7145.9,1,160.73,-8,,1,160.73,1,159.46,1,158.3,1,44.81,1,45.14,1
202411,JOB347877629746,ID6702491169,EMP7930721782,-9,201708,,0,999909,-9,0,0,0,0,0,0,,1,201711,12.0,0,,,1,5178.72,1,549.64,-8,,1,5728.36,1,169.28,1,16.11,1,185.39,1,170.3,1,188.73,1,30.41,1,30.35,1
202409,JOB443132815613,ID3549258674,-9,TMP1879997179,202111,202205,-9,202205,3,2,-8,-9,0,0,0,,-9,,,-9,,,-9,,-9,,-9,,-9,,-9,,-9,,-9,,-9,,-9,,-9,,-9,,1
202612,JOB275073613204,ID8481527711,EMP0632236281,-9,202408,,0,999909,-9,1,0,0,0,0,0,,0,,,0,,,1,7631.63,-8,,-8,,1,7631.63,1,170.4,-8,,1,170.4,1,168.43,1,170.22,1,45.31,1,44.83,0
202607,JOB826597007321,ID7816266714,EMP2712151970,-9,202204,,0,999909,-9,1,1,0,0,0,0,,0,,,0,,,1,5773.65,1,488.19,-8,,1,6261.85,1,166.17,-8,,1,166.17,1,169.25,1,166.98,1,34.11,1,37.5,1
202410,JOB449877158927,ID2061268737,EMP8125983399,-9,202404,202408,1,202408,3,0,1,0,0,0,0,,0,,,0,,,1,4615.86,1,825.4,1,205.68,1,5646.94,1,171.78,1,5.103037348506315,1,176.88303734850632,1,169.15,1,174.25303734850633,1,27.29,1,32.41,1
202412,JOB266773014235,ID9837673264,EMP2794340716,-9,202209,,0,999909,-9,0,1,0,0,0,0,,1,202210,4.0,0,,,1,3063.46,-8,,-8,,1,3063.46,1,166.78,1,9.73,1,176.51,1,165.12,1,179.83,1,18.55,1,17.04,0
202603,JOB560990148068,ID9837673264,EMP1065950363,-9,202206,202406,3,202406,5,0,0,0,0,0,0,,-9,,,0,,,1,4135.14,-8,,-8,,1,4135.14,1,172.91,-8,,1,172.91,1,171.48,1,170.51,1,24.11,1,24.25,1
202601,JOB307105640067,ID8375945870,EMP4158679524,-9,201902,,0,999909,-9,0,1,0,0,0,0,,1,201903,6.0,0,,,1,3391.76,-8,,-8,,1,3391.76,1,172.61,-8,,1,172.61,1,175.99,1,169.28,1,19.27,1,20.04,1
202602,JOB600222656799,ID4043654519,EMP2662434178,-9,202311,,0,999909,-9,1,1,0,0,0,0,,1,202312,4.0,0,,,1,7274.66,-8,,-8,,1,7274.66,1,167.93,-8,,1,167.93,1,167.0,1,169.47,1,43.56,1,42.93,1
202409,JOB122876704447,ID4043654519,EMP1869413904,-9,201709,201803,2,201803,2,0,0,0,0,0,0,,-9,,,0,,,1,5582.09,-8,,-8,,1,5582.09,1,169.46,-8,,1,169.46,1,169.34,1,167.98,1,32.96,1,33.23,1
202403,JOB068566090288,ID3532412666,EMP5411112015,-9,201606,,0,999909,-9,1,1,0,0,0,0,,1,201608,8.0,0,,,1,7184.52,-8,,-8,,1,7184.52,1,169.37,-8,,1,169.37,1,172.26,1,169.0,1,41.71,1,42.51,1
202507,JOB854641372811,ID9049526051,EMP2231448863,-9,202006,,0,999909,-9,0,1,0,0,0,0,,1,202007,6.0,0,,,1,4585.07,-8,,-8,,1,4585.07,1,164.46,-8,,1,164.46,1,164.88,1,166.98,1,27.81,1,27.46,1
202406,JOB443290811609,ID9049526051,EMP6293956136,-9,201501,,0,999909,-9,1,1,0,0,0,0,,1,201504,12.0,0,,,1,4280.24,1,477.47,-8,,1,4757.71,1,168.16,-8,,1,168.16,1,169.41,1,165.63,1,25.27,1,28.72,1
202404,JOB914578590951,ID5623947646,EMP9809599056,-9,202107,,0,999909,-9,1,0,0,0,0,0,,1,202108,4.0,0,,,1,5147.65,1,558.27,-8,,1,5705.92,1,169.46,-8,,1,169.46,1,166.73,1,167.65,1,30.87,1,34.03,1
202602,JOB107299672248,ID8706410809,EMP5515703434,-9,202501,202502,1,202502,1,0,1,0,0,0,0,,0,,,0,,,1,3309.51,-8,,-8,,1,3309.51,1,168.15,-8,,1,168.15,1,168.1,1,168.99,1,19.69,1,19.58,1
202501,JOB369341152564,ID6368539928,EMP1650643305,-9,202110,,0,999909,-9,1,0,0,0,0,0,,1,202204,26.0,0,,,1,4874.57,-8,,-8,,1,4874.57,1,163.59,1,17.82,1,181.41,1,163.97,1,181.09,1,29.73,1,26.92,1
202606,JOB742115219269,ID1771553673,EMP3609970739,-9,201504,,0,999909,-9,0,0,0,0,0,0,,1,201507,12.0,0,,,1,4045.36,-8,,1,304.44,1,4349.8,1,167.0,1,8.37849672990608,1,175.3784967299061,1,167.14,1,175.51849672990608,1,24.2,1,24.78,1
202507,JOB312191442381,ID6422563851,EMP4540327415,-9,202010,,0,999909,-9,0,0,0,0,0,0,,1,202011,6.0,0,,,1,5502.47,1,703.72,-8,,1,6206.19,1,166.49,-8,,1,166.49,1,164.38,1,167.36,1,33.47,1,37.08,1
202401,JOB009893687017,ID5381291660,EMP2151847440,-9,201811,,0,999909,-9,0,1,0,0,0,0,,1,201901,8.0,0,,,1,4474.7,1,498.03,-8,,1,4972.73,1,162.1,-8,,1,162.1,1,164.22,1,160.8,1,27.25,1,30.92,1
202606,JOB226716484351,ID9952325377,EMP4546260553,-9,202009,,0,999909,-9,1,0,0,0,0,0,,1,202011,8.0,0,,,1,6612.8,1,937.91,-8,,1,7550.71,1,167.66,-8,,1,167.66,1,169.98,1,167.86,1,38.9,1,44.98,1
202609,JOB617625197310,ID1113083212,EMP2983312652,-9,202205,202208,4,202208,2,0,1,0,0,0,0,,-9,,,0,,,1,1863.35,1,346.58,-8,,1,2209.93,1,99.66,-8,,1,99.66,1,97.97,1,97.7,1,19.02,1,22.62,1
202403,JOB364695494659,ID1539362233,EMP2054888507,-9,202103,,0,999909,-9,0,0,0,0,0,0,,1,202109,26.0,0,,,1,6314.47,-8,,-8,,1,6314.47,1,168.87,-8,,1,168.87,1,171.56,1,166.61,1,36.81,1,37.9,1
202402,JOB012008407588,ID1539362233,EMP2227248599,-9,202308,202312,1,202312,3,0,1,0,0,0,0,,1,202311,12.0,0,,,1,3829.19,-8,,-8,,1,3829.19,1,172.09,-8,,1,172.09,1,169.01,1,171.06,1,22.66,1,22.39,1
202407,JOB650123578223,ID7280367199,EMP9497083406,-9,201807,,0,999909,-9,0,0,0,0,0,1,PAN - Projet d'activité national,1,201901,26.0,0,,,1,6260.04,-8,,-8,,1,6260.04,1,163.53,-8,,1,163.53,1,165.45,1,163.13,1,37.84,1,38.37,1
202608,JOB175525391255,ID0932079644,EMP2500308973,-9,201511,,0,999909,-9,1,1,0,0,0,0,,1,201512,6.0,0,,,1,7031.41,1,679.63,-8,,1,7711.04,1,166.16,-8,,1,166.16,1,169.23,1,164.5,1,41.55,1,46.88,1
202402,JOB362817506094,ID6743604898,EMP7188806951,-9,201903,201907,1,201907,3,0,1,0,0,0,0,,1,201906,12.0,0,,,1,4427.28,-8,,-8,,1,4427.28,1,172.97,-8,,1,172.97,1,172.6,1,172.21,1,25.65,1,25.71,1
202409,JOB988239162704,ID7794917655,EMP9141856233,-9,202504,,0,999909,-9,1,1,0,0,0,0,,1,202506,8.0,1,1414.99,48.7,1,4716.65,-8,,-8,,1,4716.65,1,162.33,1,8.52,1,170.85,1,160.0,1,173.04,1,29.48,1,27.26,1
202604,JOB900359205708,ID7794917655,EMP3922630307,-9,202507,,0,999909,-9,0,0,0,0,0,0,,1,202601,26.0,0,,,1,6470.6,-8,,-8,,1,6470.6,1,169.46,-8,,1,169.46,1,171.02,1,166.75,1,37.84,1,38.8,1
202609,JOB114021530804,ID0308992563,EMP0276177812,-9,201805,202203,0,999909,-9,0,1,0,0,0,0,,0,,,0,,,1,3475.72,-8,,1,348.57,1,3824.29,1,161.9,1,10.824454223106688,1,172.7244542231067,1,162.99,1,173.8144542231067,1,21.32,1,22.0,1
202506,JOB210611410645,ID6214163502,EMP5820094124,-9,202405,,0,999909,-9,0,0,0,0,0,0,,0,,,0,,,1,5610.0,-8,,-8,,1,5610.0,1,163.22,-8,,1,163.22,1,164.03,1,161.37,1,34.2,1,34.76,0
202502,JOB170135881215,ID7098953425,EMP5524899308,-9,202102,202208,1,202208,5,0,1,0,0,0,0,,1,202103,6.0,0,,,1,2896.28,-8,,-8,,1,2896.28,1,172.45,-8,,1,172.45,1,175.5,1,174.72,1,16.5,1,16.58,1
202408,JOB493163934835,ID2967469778,EMP5749085747,-9,202105,,0,999909,-9,0,1,0,0,0,0,,1,202111,26.0,0,,,1,3729.63,1,828.99,-8,,1,4558.61,1,163.29,-8,,1,163.29,1,164.68,1,165.11,1,22.65,1,27.61,1
202509,JOB015217381018,ID4309262048,-9,-9,202410,202503,-9,202503,4,2,-8,-9,0,0,0,,-9,,,-9,,,-9,,-9,,-9,,-9,,-9,,-9,,-9,,-9,,-9,,-9,,-9,,1
202612,JOB431908573469,ID2818858407,EMP8675897015,-9,201711,,0,999909,-9,1,1,0,0,0,0,,1,201712,4.0,0,,,1,5539.4,-8,,-8,,1,5539.4,1,168.17,1,19.4,1,187.57,1,169.66,1,186.58,1,32.65,1,29.69,1
202401,JOB767129441153,ID9643538201,-9,-9,202111,202201,-9,202201,3,2,-8,-9,0,0,1,PAN - Projet d'activité national,-9,,,-9,,,-9,,-9,,-9,,-9,,-9,,-9,,-9,,-9,,-9,,-9,,-9,,1
202412,JOB526555757681,ID4507162392,EMP1200565553,-9,201904,,0,999909,-9,0,0,0,0,0,0,,0,,,0,,,1,2977.91,-8,,-8,,1,2977.91,1,162.65,-8,,1,162.65,1,165.17,1,162.32,1,18.03,1,18.35,1
202404,JOB781186893839,ID2328901710,EMP5434571284,-9,201901,202601,0,999909,-9,1,1,0,0,0,0,,1,201902,6.0,0,,,1,6963.88,-8,,-8,,1,6963.88,1,171.29,-8,,1,171.29,1,173.87,1,171.76,1,40.05,1,40.54,1
202601,JOB378733580582,ID4059389833,EMP9989598148,TMP4891929447,201606,,0,999909,-9,0,1,0,0,0,0,,1,201608,8.0,0,,,1,3480.97,1,473.57,-8,,1,3954.54,1,163.56,-8,,1,163.56,1,165.83,1,166.04,1,20.99,1,23.82,1
202412,JOB377993804701,ID4059389833,EMP3037604919,-9,201506,,0,999909,-9,0,1,0,0,0,0,,1,201508,8.0,0,,,1,2714.52,1,479.94,-8,,1,3194.46,1,165.82,1,12.56,1,178.38,1,167.36,1,178.3,1,16.22,1,17.92,1
202504,JOB094195724168,ID3886918660,EMP5845369810,-9,201901,,0,999909,-9,1,1,0,0,0,0,,1,201902,4.0,0,,,1,6821.91,-8,,-8,,1,6821.91,1,166.46,-8,,1,166.46,1,164.35,1,168.61,1,41.51,1,40.46,1
202504,JOB962599917802,ID3907267453,-9,-9,202307,202308,-9,202308,3,2,-8,-9,0,0,0,,-9,,,-9,,,-9,,-9,,-9,,-9,,-9,,-9,,-9,,-9,,-9,,-9,,-9,,1
202510,JOB835421135796,ID8105245035,EMP1444005799,-9,202003,,0,999909,-9,0,0,0,0,0,0,,1,202004,4.0,0,,,1,3108.18,-8,,-8,,1,3108.18,1,161.1,1,11.99,1,173.09,1,160.68,1,171.99,1,19.34,1,18.07,1
202503,JOB485013672450,ID0422470428,EMP8932008587,-9,201707,,0,999909,-9,0,1,0,0,0,0,,1,201709,8.0,0,,,1,2857.92,-8,,1,342.27,1,3200.19,1,168.6,1,13.461204188619837,1,182.06120418861983,1,165.89,1,179.35120418861982,1,17.23,1,17.84,1
202503,JOB862089279979,ID0422470428,EMP3483294807,-9,201608,,0,999909,-9,0,0,0,0,0,0,,1,201702,26.0,1,1248.13,49.82,1,4160.44,1,476.38,-8,,1,4636.82,1,166.06,-8,,1,166.06,1,165.74,1,165.05,1,25.1,1,28.09,1
202410,JOB197047659544,ID8012003908,EMP0888850372,-9,201609,,0,999909,-9,0,1,0,0,0,0,,1,201610,6.0,0,,,1,4113.57,1,241.09,-8,,1,4354.66,1,168.49,-8,,1,168.49,1,169.07,1,167.87,1,24.33,1,25.94,0
202601,JOB474329955755,ID3976825238,-9,-9,202211,202302,-9,202302,3,2,-8,-9,0,0,0,,-9,,,-9,,,-9,,-9,,-9,,-9,,-9,,-9,,-9,,-9,,-9,,-9,,-9,,1
202611,JOB897026005206,ID2123703228,EMP1084106977,-9,201704,,0,999909,-9,0,0,0,0,0,0,,0,,,0,,,1,4630.35,1,591.78,-8,,1,5222.13,1,168.64,-8,,1,168.64,1,166.65,1,167.99,1,27.78,1,31.09,1
202502,JOB869191809817,ID3691742380,-9,-9,201704,201706,-9,201706,3,2,-8,-9,0,0,0,,-9,,,-9,,,-9,,-9,,-9,,-9,,-9,,-9,,-9,,-9,,-9,,-9,,-9,,1
202406,JOB657168897293,ID3893136490,EMP1901018554,-9,201905,,0,999909,-9,1,0,0,0,0,0,,1,201906,4.0,0,,,1,4156.4,-8,,-8,,1,4156.4,1,171.45,-8,,1,171.45,1,168.61,1,174.17,1,24.65,1,23.86,1
202605,JOB726693185852,ID3623057620,-9,-9,202308,202311,-9,202311,2,2,-8,-9,0,0,0,,-9,,,-9,,,-9,,-9,,-9,,-9,,-9,,-9,,-9,,-9,,-9,,-9,,-9,,1
202408,JOB105458960193,ID6926344483,EMP7728675668,-9,202202,,0,999909,-9,0,0,0,0,0,1,CIE - Contrat d'initiation à l'emploi,0,,,0,,,1,5256.78,-8,,1,292.31,1,5549.08,1,165.95,1,6.151811323475339,1,172.10181132347532,1,164.78,1,170.93181132347533,1,31.9,1,32.46,1
202611,JOB762369663786,ID6758134344,-9,-9,201901,201904,-9,201904,4,2,-8,-9,0,0,0,,-9,,,-9,,,-9,,-9,,-9,,-9,,-9,,-9,,-9,,-9,,-9,,-9,,-9,,1
202607,JOB813624804677,ID9115565292,-9,-9,201711,201803,-9,201803,2,2,-8,-9,0,0,0,,-9,,,-9,,,-9,,-9,,-9,,-9,,-9,,-9,,-9,,-9,,-9,,-9,,-9,,1
202409,JOB067736852374,ID7851412011,EMP7611558497,-9,201501,,0,999909,-9,1,0,0,0,0,0,,1,201507,26.0,0,,,1,3838.82,-8,,-8,,1,3838.82,1,170.77,-8,,1,170.77,1,168.32,1,168.5,1,22.81,1,22.78,1
202609,JOB310777353396,ID8373310747,EMP4144127579,-9,201701,,0,999909,-9,0,1,0,0,0,0,,1,201703,8.0,0,,,1,4458.89,-8,,-8,,1,4458.89,1,162.56,-8,,1,162.56,1,161.68,1,160.32,1,27.58,1,27.81,1
202501,JOB163861010830,ID0128087034,EMP1535278005,-9,202311,,0,999909,-9,0,0,0,0,0,0,,1,202405,26.0,0,,,1,3589.38,-8,,-8,,1,3589.38,1,167.81,-8,,1,167.81,1,170.29,1,166.55,1,21.08,1,21.55,1
202608,JOB624195178631,ID9576853893,EMP8927869856,-9,202407,202512,0,999909,-9,1,0,0,0,0,0,,1,202501,26.0,0,,,1,5694.21,-8,,-8,,1,5694.21,1,166.05,-8,,1,166.05,1,168.29,1,165.13,1,33.84,1,34.48,0
202609,JOB118426410220,ID4878648010,EMP5835957880,-9,201708,,0,999909,-9,0,1,0,0,0,0,,0,,,0,,,1,3601.78,-8,,1,225.63,1,3827.4,1,171.89,1,7.1785054020017975,1,179.0685054020018,1,171.18,1,178.3585054020018,1,21.04,1,21.46,0
202403,JOB232367365401,ID1980956069,EMP9731112027,-9,201608,,0,999909,-9,0,1,0,0,0,0,,0,,,0,,,1,3801.42,-8,,-8,,1,3801.42,1,168.14,-8,,1,168.14,1,170.51,1,171.49,1,22.29,1,22.17,1
202411,JOB639074266338,ID3266242996,EMP9122800237,-9,202507,,0,999909,-9,1,1,0,0,0,0,,1,202508,6.0,0,,,1,6804.87,-8,,-8,,1,6804.87,1,162.54,-8,,1,162.54,1,162.27,1,160.89,1,41.94,1,42.3,1
202612,JOB751523858972,ID3266242996,-9,-9,202401,202403,-9,202403,2,2,-8,-9,0,0,0,,-9,,,-9,,,-9,,-9,,-9,,-9,,-9,,-9,,-9,,-9,,-9,,-9,,-9,,1
202602,JOB901281848936,ID3395833265,EMP4590300679,-9,201907,201911,1,201911,3,0,0,0,0,0,0,,1,201908,6.0,0,,,1,3733.3,-8,,-8,,1,3733.3,1,164.96,-8,,1,164.96,1,164.2,1,164.27,1,22.74,1,22.73,1
202412,JOB707342180893,ID7727538668,EMP1698237995,-9,201506,,0,999909,-9,0,1,0,0,0,0,,1,201507,6.0,0,,,1,2829.0,-8,,-8,,1,2829.0,1,160.3,-8,,1,160.3,1,162.94,1,162.3,1,17.36,1,17.43,1
202510,JOB019950098726,ID0361004605,EMP4627167520,-9,202005,202006,1,202006,1,0,1,0,0,0,0,,1,202011,26.0,0,,,1,4311.84,-8,,1,376.98,1,4688.82,1,169.51,1,9.880151958111078,1,179.39015195811106,1,169.48,1,179.36015195811106,1,25.44,1,26.14,1
202601,JOB288894897894,ID9846563160,EMP1726352882,-9,201802,,0,999909,-9,0,1,0,0,0,0,,1,201808,26.0,0,,,1,4054.76,-8,,-8,,1,4054.76,1,171.34,1,19.48,1,190.83,1,170.31,1,187.31,1,23.81,1,21.65,1
202505,JOB061613121788,ID5346709978,EMP8816266698,-9,201703,202009,0,999909,-9,1,1,0,0,0,0,,0,,,0,,,1,6359.14,-8,,-8,,1,6359.14,1,163.96,-8,,1,163.96,1,161.13,1,163.7,1,39.47,1,38.85,1
202408,JOB831321816704,ID4415361451,-9,-9,202311,202402,-9,202402,2,2,-8,-9,0,0,0,,-9,,,-9,,,-9,,-9,,-9,,-9,,-9,,-9,,-9,,-9,,-9,,-9,,-9,,1
202505,JOB294289811664,ID0584451282,EMP9724832595,-9,201604,,0,999909,-9,0,1,0,0,0,0,,1,201607,12.0,0,,,1,4170.8,1,975.85,-8,,1,5146.65,1,164.57,-8,,1,164.57,1,162.59,1,162.96,1,25.65,1,31.58,1
202508,JOB292476807257,ID0584451282,EMP9751315463,-9,201604,201904,3,201904,5,0,0,0,0,0,0,,-9,,,0,,,1,7394.28,-8,,-8,,1,7394.28,1,154.3,-8,,1,154.3,1,156.28,1,154.86,1,47.31,1,47.75,1
202512,JOB639960144715,ID7511948933,EMP9977194459,-9,201510,202208,0,999909,-9,0,1,0,0,0,0,,1,201512,8.0,0,,,1,4347.08,1,125.97,-8,,1,4473.06,1,161.09,-8,,1,161.09,1,158.54,1,163.65,1,27.42,1,27.33,1
202508,JOB616917499394,ID0572186453,EMP5227918055,-9,202109,202201,1,202201,3,0,0,0,0,0,0,,1,202112,12.0,0,,,1,3203.52,-8,,-8,,1,3203.52,1,170.43,1,7.11,1,177.54,1,170.86,1,178.63,1,18.75,1,17.93,1
202504,JOB725407748816,ID2882631096,EMP8204328127,-9,202205,,0,999909,-9,0,0,0,0,0,1,CIE - Contrat d'initiation à l'emploi,1,202206,6.0,0,,,1,4061.28,-8,,-8,,1,4061.28,1,168.81,-8,,1,168.81,1,172.03,1,170.61,1,23.61,1,23.8,1
202411,JOB488753407328,ID0953164705,-9,-9,201601,201606,-9,201606,2,2,-8,-9,0,0,0,,-9,,,-9,,,-9,,-9,,-9,,-9,,-9,,-9,,-9,,-9,,-9,,-9,,-9,,1
202511,JOB454908678138,ID7593367835,EMP2311967647,-9,201804,201808,1,201808,3,0,1,0,0,0,0,,0,,,0,,,1,4376.32,1,501.9,-8,,1,4878.21,1,163.2,-8,,1,163.2,1,165.81,1,164.93,1,26.39,1,29.58,1
202611,JOB104636320154,ID2985077023,EMP6121491228,TMP3152180961,201611,,0,999909,-9,0,0,0,0,0,0,,1,201612,4.0,0,,,1,8314.49,-8,,-8,,1,8314.49,1,170.87,-8,,1,170.87,1,173.42,1,173.02,1,47.94,1,48.06,1
202505,JOB098065727380,ID9201843597,EMP1658456324,-9,202004,,0,999909,-9,1,1,0,0,0,0,,1,202005,6.0,0,,,1,3644.98,-8,,-8,,1,3644.98,1,164.25,-8,,1,164.25,1,165.91,1,162.68,1,21.97,1,22.41,1
202406,JOB327430766740,ID3467184461,EMP0184766995,-9,201603,,0,999909,-9,0,0,0,0,0,0,,1,201605,8.0,0,,,1,3835.36,1,708.0,-8,,1,4543.36,1,167.15,-8,,1,167.15,1,166.98,1,166.21,1,22.97,1,27.34,1
202409,JOB600750797522,ID4371045826,EMP1780667748,-9,202502,,0,999909,-9,0,1,0,0,0,0,,0,,,0,,,1,3266.33,-8,,-8,,1,3266.33,1,172.87,-8,,1,172.87,1,172.39,1,176.01,1,18.95,1,18.56,1
202412,JOB841476238026,ID9657272878,EMP7094618677,-9,201609,201610,1,201610,1,0,1,0,0,1,0,,0,,,0,,,1,2794.55,-8,,-8,,1,2794.55,1,160.68,-8,,1,160.68,1,161.79,1,161.18,1,17.27,1,17.34,1
202504,JOB866751965376,ID0134720967,-9,-9,201810,201902,-9,201902,4,2,-8,-9,0,0,0,,-9,,,-9,,,-9,,-9,,-9,,-9,,-9,,-9,,-9,,-9,,-9,,-9,,-9,,1
202404,JOB014671511888,ID0134720967,EMP8270322489,-9,201808,,0,999909,-9,0,0,0,0,0,0,,0,,,0,,,1,4297.43,-8,,1,243.98,1,4541.41,1,165.84,1,6.276786316674695,1,172.1167863166747,1,167.67,1,173.9467863166747,1,25.63,1,26.11,1
202506,JOB675957963371,ID9479227019,EMP1935170871,-9,201608,201608,1,201608,0,0,1,0,0,0,0,,0,,,0,,,1,3010.95,-8,,-8,,1,3010.95,1,172.96,-8,,1,172.96,1,171.0,1,170.63,1,17.61,1,17.65,1
202501,JOB920148292379,ID7244753987,EMP2599686506,-9,202106,202109,2,202109,4,0,1,0,0,0,0,,-9,,,0,,,1,3312.51,1,865.45,-8,,1,4177.96,1,164.6,1,19.63,1,184.23,1,161.5,1,182.93,1,20.51,1,22.84,1
202402,JOB380063993782,ID7721360084,EMP3691099787,-9,201811,201811,1,201811,0,0,1,0,0,1,0,,1,201901,8.0,0,,,1,3787.41,1,842.75,-8,,1,4630.16,1,169.88,-8,,1,169.88,1,169.42,1,167.1,1,22.36,1,27.71,1
202602,JOB890052994232,ID0200555018,-9,-9,202505,202507,-9,202507,2,2,-8,-9,0,0,0,,-9,,,-9,,,-9,,-9,,-9,,-9,,-9,,-9,,-9,,-9,,-9,,-9,,-9,,1
202604,JOB309811078087,ID2276904744,EMP6678453343,-9,202305,202306,1,202306,2,0,0,0,0,1,1,CAE - Contrat d'appui-emploi,1,202306,6.0,0,,,1,3312.61,1,985.01,-8,,1,4297.61,1,170.15,-8,,1,170.15,1,170.2,1,173.21,1,19.46,1,24.81,1
202403,JOB253034260273,ID1163784573,EMP2269927287,-9,201501,,0,999909,-9,0,1,0,0,0,0,,1,201502,4.0,0,,,1,3714.1,-8,,-8,,1,3714.1,1,164.29,-8,,1,164.29,1,161.47,1,166.13,1,23.0,1,22.36,1
202606,JOB928442213843,ID6459817130,EMP3213300042,-9,201710,,0,999909,-9,0,0,0,0,0,0,,1,201711,6.0,0,,,1,3926.51,-8,,-8,,1,3926.51,1,167.56,-8,,1,167.56,1,167.49,1,165.43,1,23.44,1,23.74,1
202505,JOB359627630097,ID1438744373,EMP6325273976,-9,202402,,0,999909,-9,0,0,0,0,0,0,,0,,,0,,,1,4551.4,-8,,-8,,1,4551.4,1,163.0,-8,,1,163.0,1,164.8,1,163.76,1,27.62,1,27.79,1
202602,JOB888563802852,ID3371894284,EMP1200416485,-9,202006,,0,999909,-9,1,1,0,0,0,0,,1,202012,26.0,0,,,1,6735.45,-8,,-8,,1,6735.45,1,163.4,-8,,1,163.4,1,165.54,1,161.36,1,40.69,1,41.74,1
202404,JOB681356362244,ID3594021698,EMP6265561577,-9,201608,,0,999909,-9,0,1,0,0,0,0,,0,,,0,,,1,3071.61,1,417.97,-8,,1,3489.58,1,172.36,-8,,1,172.36,1,172.06,1,173.02,1,17.85,1,20.17,1
202401,JOB287007110648,ID4706740912,EMP0232586998,-9,202302,,0,999909,-9,1,1,0,0,0,0,,0,,,0,,,1,4938.45,1,161.29,-8,,1,5099.74,1,167.03,-8,,1,167.03,1,166.28,1,169.97,1,29.7,1,30.0,1
202612,JOB823967567659,ID2172952186,EMP4863787855,-9,201609,,0,999909,-9,0,1,0,0,0,0,,1,201612,12.0,0,,,1,4166.47,1,490.12,-8,,1,4656.59,1,169.04,-8,,1,169.04,1,169.17,1,166.43,1,24.63,1,27.98,1
202603,JOB620282074959,ID8136159364,EMP6241324591,-9,201911,202008,1,202008,4,0,1,0,0,0,0,,0,,,0,,,1,4247.2,-8,,-8,,1,4247.2,1,162.2,-8,,1,162.2,1,162.34,1,161.18,1,26.16,1,26.35,1
202612,JOB159492834942,ID6992051034,EMP8352706077,-9,202207,,0,999909,-9,0,0,0,0,0,0,,1,202208,4.0,0,,,1,3218.45,-8,,1,222.13,1,3440.57,1,165.14,1,7.598258798814008,1,172.738258798814,1,165.1,1,172.698258798814,1,19.49,1,19.92,1
202402,JOB901271720984,ID1170052459,EMP0270943152,-9,202410,,0,999909,-9,1,0,0,0,0,0,,1,202501,12.0,0,,,1,7069.97,-8,,-8,,1,7069.97,1,166.14,-8,,1,166.14,1,165.58,1,164.03,1,42.7,1,43.1,1
202603,JOB674928187113,ID0456960628,EMP6354313311,-9,201507,,0,999909,-9,0,1,0,0,0,0,,1,201508,4.0,0,,,1,2964.75,-8,,-8,,1,2964.75,1,164.16,-8,,1,164.16,1,166.65,1,166.06,1,17.79,1,17.85,1
202406,JOB670644093057,ID7991618502,EMP7614069260,-9,201806,202201,0,999909,-9,0,1,0,0,0,0,,0,,,0,,,1,3199.64,-8,,-8,,1,3199.64,1,166.55,-8,,1,166.55,1,163.93,1,165.26,1,19.52,1,19.36,1
202501,JOB998904381006,ID2637338061,EMP3105950761,-9,202308,,0,999909,-9,0,1,0,0,0,0,,1,202309,4.0,0,,,1,3719.37,-8,,1,260.23,1,3979.6,1,165.64,1,7.726002229751398,1,173.3660022297514,1,163.92,1,171.6460022297514,1,22.69,1,23.18,1
202506,JOB469061096033,ID9894793983,EMP8223822353,-9,201708,,0,999909,-9,0,0,0,0,0,0,,1,201709,6.0,0,,,1,8125.88,-8,,-8,,1,8125.88,1,167.96,-8,,1,167.96,1,166.73,1,168.97,1,48.74,1,48.09,1
202511,JOB720066329568,ID7887130848,EMP9865748936,-9,202408,,1,202602,5,0,0,0,0,1,0,,1,202409,6.0,0,,,1,6199.49,1,887.51,-8,,1,7086.99,1,160.03,-8,,1,160.03,1,162.03,1,162.47,1,38.26,1,43.62,1
202405,JOB178437601832,ID4858425561,EMP5798169535,-9,202404,,0,999909,-9,0,1,0,0,0,0,,1,202410,26.0,0,,,1,3658.65,1,822.4,-8,,1,4481.05,1,160.67,-8,,1,160.67,1,158.64,1,161.14,1,23.06,1,27.81,1
202606,JOB259512286952,ID8432445743,EMP9382106286,TMP5958885573,201508,,0,999909,-9,0,0,0,0,0,0,,1,201509,4.0,0,,,1,7244.47,-8,,-8,,1,7244.47,1,160.42,-8,,1,160.42,1,161.92,1,161.32,1,44.74,1,44.91,1
202407,JOB625991435395,ID3974260855,EMP9569172070,-9,202409,,0,999909,-9,1,1,0,0,0,0,,0,,,0,,,1,6846.91,1,904.91,-8,,1,7751.82,1,167.8,-8,,1,167.8,1,165.74,1,165.92,1,41.31,1,46.72,1
202606,JOB900255878257,ID7890529184,EMP3130220373,-9,202011,202012,1,202012,2,0,1,0,0,0,0,,1,202105,26.0,1,1049.53,50.65,1,3498.44,-8,,-8,,1,3498.44,1,168.85,-8,,1,168.85,1,165.48,1,172.04,1,21.14,1,20.34,1
202510,JOB146548193220,ID7198658510,-9,-9,202210,202301,-9,202301,2,2,-8,-9,0,1,0,,-9,,,-9,,,-9,,-9,,-9,,-9,,-9,,-9,,-9,,-9,,-9,,-9,,-9,,1
202408,JOB092393604470,ID0177591748,EMP7066057965,-9,202304,202510,1,202510,6,0,0,0,0,0,0,,1,202307,12.0,0,,,1,3639.55,-8,,-8,,1,3639.55,1,162.08,-8,,1,162.08,1,162.68,1,164.43,1,22.37,1,22.13,1
202605,JOB978531502743,ID9613703408,-9,-9,201507,201509,-9,201509,2,2,-8,-9,0,0,0,,-9,,,-9,,,-9,,-9,,-9,,-9,,-9,,-9,,-9,,-9,,-9,,-9,,-9,,1
202403,JOB682205384528,ID0725093330,EMP1349785752,-9,201504,,0,999909,-9,0,0,0,0,0,0,,0,,,0,,,1,6819.45,-8,,-8,,1,6819.45,1,161.55,-8,,1,161.55,1,158.36,1,160.38,1,43.06,1,42.52,1
202601,JOB621555274216,ID2649770703,EMP9195759419,-9,202401,,0,999909,-9,0,1,0,0,0,0,,0,,,0,,,1,2935.48,1,653.35,-8,,1,3588.83,1,169.34,-8,,1,169.34,1,170.99,1,166.95,1,17.17,1,21.5,1
202507,JOB203155677521,ID0749890061,-9,-9,201908,202001,-9,202001,4,2,-8,-9,0,0,0,,-9,,,-9,,,-9,,-9,,-9,,-9,,-9,,-9,,-9,,-9,,-9,,-9,,-9,,1
202510,JOB037360014523,ID1425807422,EMP2329142041,-9,201809,,0,999909,-9,0,0,0,0,0,0,,1,201810,6.0,0,,,1,3225.11,-8,,1,255.14,1,3480.25,1,171.41,1,9.0401644554765,1,180.4501644554765,1,170.79,1,179.8301644554765,1,18.88,1,19.35,1
202503,JOB623865826301,ID5720731156,EMP6180303879,-9,201901,,0,999909,-9,0,1,0,0,0,0,,0,,,0,,,1,4038.12,-8,,-8,,1,4038.12,1,169.83,-8,,1,169.83,1,166.93,1,172.13,1,24.19,1,23.46,1
202605,JOB827717956785,ID0919177019,EMP8766121774,TMP1295584457,202106,,0,999909,-9,0,0,0,0,0,0,,1,202112,26.0,0,,,1,4953.99,-8,,-8,,1,4953.99,1,172.32,-8,,1,172.32,1,174.94,1,175.02,1,28.32,1,28.31,1
202506,JOB046527404564,ID5264071491,EMP5431290382,-9,201908,201909,1,201909,2,0,0,0,0,0,0,,1,201909,6.0,0,,,1,6298.33,-8,,-8,,1,6298.33,1,161.71,-8,,1,161.71,1,159.74,1,158.68,1,39.43,1,39.69,1
202608,JOB874223185831,ID7615842511,EMP3297570340,-9,202302,,0,999909,-9,1,1,0,0,0,0,,0,,,0,,,1,5292.2,-8,,-8,,1,5292.2,1,164.8,-8,,1,164.8,1,164.16,1,165.72,1,32.24,1,31.93,1
202610,JOB642846851926,ID7615842511,EMP1758692742,-9,201810,202402,0,999909,-9,0,0,0,0,0,0,,1,201901,12.0,0,,,1,4465.56,1,905.66,-8,,1,5371.22,1,161.79,1,18.5,1,180.3,1,164.68,1,180.22,1,27.12,1,29.8,1
202611,JOB958107719676,ID0739701631,EMP7416606485,-9,202309,,0,999909,-9,1,1,0,0,0,0,,1,202311,8.0,0,,,1,7282.52,-8,,-8,,1,7282.52,1,170.42,-8,,1,170.42,1,167.94,1,169.33,1,43.36,1,43.01,1
202606,JOB417832112681,ID5276673155,EMP8685063458,TMP0525136272,202208,,0,999909,-9,0,1,0,0,0,0,,1,202210,8.0,0,,,1,4371.83,1,925.36,-8,,1,5297.19,1,164.77,-8,,1,164.77,1,164.81,1,167.0,1,26.53,1,31.72,1
202502,JOB874261547121,ID6182114084,EMP6275733200,-9,202404,,0,999909,-9,0,0,0,0,0,0,,1,202405,6.0,0,,,1,7055.82,-8,,-8,,1,7055.82,1,164.49,-8,,1,164.49,1,165.77,1,166.45,1,42.56,1,42.39,1
202607,JOB638384607491,ID6182114084,EMP6981555613,-9,201511,,0,999909,-9,1,1,0,0,0,0,,1,201602,12.0,0,,,1,4309.86,-8,,-8,,1,4309.86,1,164.2,-8,,1,164.2,1,166.53,1,160.96,1,25.88,1,26.78,1
202608,JOB477279728092,ID6853849940,EMP7714004640,-9,202204,,0,999909,-9,0,1,0,0,0,0,,1,202205,6.0,0,,,1,3261.01,-8,,-8,,1,3261.01,1,172.7,-8,,1,172.7,1,172.36,1,171.62,1,18.92,1,19.0,1
202510,JOB594633381798,ID9548521121,EMP4276901770,-9,202004,202301,0,999909,-9,0,1,0,0,0,0,,1,202006,8.0,0,,,1,3996.04,-8,,-8,,1,3996.04,1,161.61,-8,,1,161.61,1,160.82,1,162.27,1,24.85,1,24.63,1
202501,JOB690545219092,ID9548521121,EMP6712584047,-9,201508,,0,999909,-9,0,1,0,0,0,0,,1,201510,8.0,0,,,1,3876.69,-8,,-8,,1,3876.69,1,165.46,1,12.32,1,177.78,1,165.2,1,176.03,1,23.47,1,22.02,0
202404,JOB022097646531,ID3348869546,EMP7595962742,-9,201709,,0,999909,-9,0,1,0,0,0,0,,1,201712,12.0,0,,,1,3629.67,1,880.7,-8,,1,4510.37,1,170.68,-8,,1,170.68,1,173.2,1,167.43,1,20.96,1,26.94,1
202410,JOB481172251257,ID9332766163,EMP4815324606,-9,201509,,0,999909,-9,0,1,0,0,0,0,,1,201510,4.0,0,,,1,3962.5,-8,,-8,,1,3962.5,1,162.23,-8,,1,162.23,1,159.01,1,163.06,1,24.92,1,24.3,0
202603,JOB134865796810,ID6177238207,EMP3202240173,-9,202506,,0,999909,-9,0,1,0,0,0,0,,0,,,0,,,1,3945.61,-8,,-8,,1,3945.61,1,162.72,1,8.9,1,171.62,1,162.12,1,169.9,1,24.34,1,23.22,1
202607,JOB572395327918,ID3606340513,-9,-9,202302,202308,-9,202308,3,2,-8,-9,0,0,0,,-9,,,-9,,,-9,,-9,,-9,,-9,,-9,,-9,,-9,,-9,,-9,,-9,,-9,,1
202608,JOB687927185513,ID2156023247,EMP7035979780,-9,201608,201612,1,201612,3,0,1,0,0,0,0,,0,,,1,1301.01,51.88,1,4336.7,1,636.49,-8,,1,4973.19,1,172.95,-8,,1,172.95,1,173.98,1,171.04,1,24.93,1,29.08,1
202502,JOB389331386349,ID2104811468,EMP2352493710,-9,202306,,0,999909,-9,0,0,0,0,0,0,,0,,,0,,,1,7565.07,-8,,-8,,1,7565.07,1,171.36,-8,,1,171.36,1,167.98,1,173.32,1,45.04,1,43.65,1
202410,JOB821991206244,ID8069043891,EMP1850166415,-9,202007,202012,2,202012,2,0,0,0,0,0,0,,-9,,,0,,,1,4022.74,1,184.41,-8,,1,4207.16,1,168.42,-8,,1,168.42,1,165.57,1,166.55,1,24.3,1,25.26,1
202606,JOB391652773087,ID6347262471,EMP2403648002,-9,202505,,0,999909,-9,1,1,0,0,0,0,,1,202506,6.0,0,,,1,6421.56,-8,,-8,,1,6421.56,1,171.73,-8,,1,171.73,1,172.61,1,172.9,1,37.2,1,37.14,1
202507,JOB159038240309,ID6556441493,EMP2283436445,-9,202501,,0,999909,-9,0,0,0,0,0,0,,1,202504,12.0,0,,,1,7801.29,-8,,-8,,1,7801.29,1,164.07,1,16.24,1,180.31,1,165.86,1,178.66,1,47.04,1,43.67,0
202509,JOB550742982803,ID0288349284,-9,-9,202408,202412,-9,202412,4,2,-8,-9,0,0,0,,-9,,,-9,,,-9,,-9,,-9,,-9,,-9,,-9,,-9,,-9,,-9,,-9,,-9,,1
202605,JOB979348596357,ID2169689286,EMP2231526057,-9,202009,,0,999909,-9,0,0,0,0,0,0,,1,202103,26.0,1,964.29,48.14,1,3214.3,1,434.1,-8,,1,3648.4,1,160.46,-8,,1,160.46,1,159.22,1,160.2,1,20.19,1,22.77,1
202503,JOB322509155732,ID8707896178,EMP2223260175,-9,202309,202509,3,202509,5,0,0,0,0,0,0,,-9,,,0,,,1,3173.97,1,379.78,-8,,1,3553.75,1,141.99,-8,,1,141.99,1,142.42,1,142.74,1,22.29,1,24.9,1
202403,JOB948477146733,ID7278573023,EMP9092137018,-9,201802,,0,999909,-9,0,1,0,0,0,0,,0,,,0,,,1,2789.38,-8,,-8,,1,2789.38,1,168.3,-8,,1,168.3,1,170.31,1,166.56,1,16.38,1,16.75,0
202504,JOB941517638618,ID5021864598,EMP9085403032,-9,202406,,0,999909,-9,0,1,0,0,0,0,,0,,,0,,,1,3175.0,-8,,1,330.45,1,3505.44,1,162.35,1,11.26464155039772,1,173.61464155039772,1,165.49,1,176.75464155039774,1,19.19,1,19.83,1
202508,JOB130322323543,ID9670710601,EMP3745365602,-9,201603,,0,999909,-9,1,1,0,0,0,0,,1,201606,12.0,0,,,1,5016.93,1,958.24,-8,,1,5975.17,1,162.87,-8,,1,162.87,1,161.24,1,163.41,1,31.11,1,36.57,1
202604,JOB150710816535,ID0996079391,EMP9851532092,-9,201711,,0,999909,-9,0,0,0,0,0,0,,1,201802,12.0,0,,,1,6725.32,-8,,-8,,1,6725.32,1,164.31,-8,,1,164.31,1,163.12,1,167.37,1,41.23,1,40.18,1
202505,JOB963899968012,ID9324696492,-9,-9,201705,201710,-9,201710,3,2,-8,-9,0,0,0,,-9,,,-9,,,-9,,-9,,-9,,-9,,-9,,-9,,-9,,-9,,-9,,-9,,-9,,1
202403,JOB126691782729,ID9324696492,-9,-9,202407,202409,-9,202409,2,2,-8,-9,0,0,0,,-9,,,-9,,,-9,,-9,,-9,,-9,,-9,,-9,,-9,,-9,,-9,,-9,,-9,,1
202512,JOB779386404704,ID3417609713,EMP2086647863,-9,201502,,0,999909,-9,0,0,0,0,0,0,,1,201504,8.0,1,1289.54,49.51,1,4298.46,1,553.98,-8,,1,4852.44,1,165.04,-8,,1,165.04,1,163.88,1,166.08,1,26.23,1,29.22,1
202511,JOB593224084074,ID3417609713,EMP9383416232,TMP4385512998,202308,,0,999909,-9,1,0,0,0,0,0,,1,202309,4.0,0,,,1,6749.52,-8,,-8,,1,6749.52,1,161.82,1,7.95,1,169.77,1,159.47,1,169.63,1,42.32,1,39.79,1
202612,JOB046350773188,ID3180583097,EMP5937753359,-9,202011,202104,0,999909,-9,0,0,0,0,0,0,,1,202105,26.0,0,,,1,4092.92,-8,,-8,,1,4092.92,1,168.38,-8,,1,168.38,1,170.0,1,171.65,1,24.08,1,23.84,1
202412,JOB678689268551,ID7127806644,EMP2701183606,-9,202506,202510,1,202510,3,0,0,0,0,0,0,,1,202508,8.0,0,,,1,7403.35,1,298.58,-8,,1,7701.92,1,165.32,-8,,1,165.32,1,164.23,1,166.15,1,45.08,1,46.36,1
202405,JOB442816458081,ID8140101190,EMP0635519726,TMP2684967776,202006,,0,999909,-9,1,1,0,0,0,0,,1,202009,12.0,0,,,1,6708.91,-8,,-8,,1,6708.91,1,162.06,-8,,1,162.06,1,162.43,1,163.3,1,41.3,1,41.08,1
202607,JOB579431936671,ID9202976377,EMP1625352293,-9,202502,202506,1,202506,3,0,1,0,0,0,0,,1,202503,6.0,0,,,1,3576.02,-8,,-8,,1,3576.02,1,167.6,-8,,1,167.6,1,169.22,1,168.84,1,21.13,1,21.18,1
202508,JOB079453934112,ID0713894778,EMP3646285069,-9,201507,201801,1,201801,6,0,1,0,0,0,0,,1,201510,12.0,0,,,1,3227.72,1,918.34,-8,,1,4146.06,1,165.99,1,10.11,1,176.1,1,167.37,1,174.15,1,19.28,1,23.81,1
202512,JOB296539990954,ID7287357685,EMP7177416867,TMP7603453007,202102,,0,999909,-9,0,0,0,0,1,0,,1,202104,8.0,0,,,1,3142.35,1,283.29,-8,,1,3425.64,1,171.0,-8,,1,171.0,1,170.54,1,167.7,1,18.43,1,20.43,1
202511,JOB309438018087,ID4152742128,EMP5374126002,-9,202205,,0,999909,-9,1,1,0,0,0,0,,0,,,0,,,1,4608.2,-8,,-8,,1,4608.2,1,165.02,-8,,1,165.02,1,165.48,1,166.07,1,27.85,1,27.75,1
202411,JOB848030251571,ID2536552205,EMP6195467239,-9,201902,,0,999909,-9,1,1,0,0,0,0,,1,201904,8.0,0,,,1,6627.06,-8,,-8,,1,6627.06,1,160.48,1,16.32,1,176.8,1,158.61,1,180.14,1,41.78,1,36.79,1
202502,JOB673702197617,ID5476206934,EMP4326417225,-9,202306,,0,999909,-9,0,1,0,0,0,0,,0,,,0,,,1,2536.67,1,253.57,-8,,1,2790.25,1,162.36,-8,,1,162.36,1,165.56,1,163.08,1,15.32,1,17.11,1
202610,JOB771872970345,ID4883403906,EMP0588202446,-9,201810,201907,1,201907,4,0,1,0,0,0,0,,1,201812,8.0,0,,,1,2991.47,-8,,-8,,1,2991.47,1,163.78,1,12.36,1,176.13,1,164.39,1,177.74,1,18.2,1,16.83,1
202409,JOB611943614756,ID9386822672,-9,-9,202511,202602,-9,202602,3,2,-8,-9,0,0,0,,-9,,,-9,,,-9,,-9,,-9,,-9,,-9,,-9,,-9,,-9,,-9,,-9,,-9,,1
202503,JOB869654065002,ID7168801771,EMP3564140771,TMP7858599192,202005,202006,4,202006,1,0,0,0,0,0,0,,-9,,,0,,,1,2638.72,-8,,-8,,1,2638.72,1,71.48,1,8.51,1,79.98,1,70.79,1,81.3,1,37.28,1,32.46,1
202608,JOB862646161501,ID2176960383,EMP8605035090,TMP7476219893,201605,,0,999909,-9,0,1,0,0,0,0,,0,,,0,,,1,3614.08,-8,,-8,,1,3614.08,1,165.6,1,9.52,1,175.12,1,166.64,1,171.76,1,21.69,1,21.04,1
202607,JOB071992575117,ID8359301684,EMP1440342875,-9,201602,201603,2,201603,2,0,1,0,0,0,0,,-9,,,0,,,1,2831.22,-8,,-8,,1,2831.22,1,164.99,1,17.71,1,182.71,1,164.6,1,179.72,1,17.2,1,15.75,1
202609,JOB393174221659,ID9348100334,EMP8115791367,-9,202210,,0,999909,-9,0,1,0,0,0,0,,1,202211,6.0,0,,,1,3587.81,1,166.99,-8,,1,3754.8,1,160.77,-8,,1,160.77,1,161.53,1,160.02,1,22.21,1,23.46,1
202403,JOB288291454705,ID8434211218,-9,-9,201905,201911,-9,201911,2,2,-8,-9,0,0,0,,-9,,,-9,,,-9,,-9,,-9,,-9,,-9,,-9,,-9,,-9,,-9,,-9,,-9,,1
202605,JOB723369351073,ID0898940816,EMP8515343567,-9,202501,202607,0,999909,-9,0,0,0,0,1,0,,0,,,0,,,1,5931.57,1,568.27,-8,,1,6499.84,1,165.78,-8,,1,165.78,1,165.18,1,167.73,1,35.91,1,38.75,1
202404,JOB157977642378,ID1299262361,EMP8507904755,-9,201504,,0,999909,-9,1,0,0,0,0,0,,1,201505,6.0,0,,,1,3896.27,1,204.71,-8,,1,4100.99,1,168.22,1,7.67,1,175.89,1,165.98,1,172.41,1,23.47,1,23.79,1
202610,JOB506659356140,ID2151108809,EMP0814528606,-9,201905,,0,999909,-9,0,0,0,0,0,0,,1,201911,26.0,1,1158.32,51.61,1,3861.08,-8,,-8,,1,3861.08,1,172.04,-8,,1,172.04,1,173.2,1,170.89,1,22.29,1,22.59,1
202403,JOB635416785304,ID1658701529,EMP4567598186,-9,201804,201808,1,201808,3,0,1,0,0,0,0,,1,201805,6.0,0,,,1,4609.17,1,561.0,-8,,1,5170.17,1,172.08,-8,,1,172.08,1,169.26,1,169.43,1,27.23,1,30.52,1
202602,JOB656382569028,ID0599932197,EMP7619768138,-9,202308,,0,999909,-9,0,0,0,0,0,0,,0,,,0,,,1,4649.33,-8,,1,645.35,1,5294.68,1,162.28,1,15.01674453924142,1,177.29674453924142,1,162.81,1,177.82674453924142,1,28.56,1,29.77,1
202508,JOB860256378116,ID4220865207,EMP9097273285,-9,202408,,0,999909,-9,1,1,0,0,0,0,,1,202411,12.0,0,,,1,5360.92,-8,,-8,,1,5360.92,1,169.7,1,10.41,1,180.11,1,171.4,1,177.81,1,31.28,1,30.15,1
202411,JOB680428878925,ID9672824197,EMP9867241954,-9,202103,,0,999909,-9,0,1,0,0,0,0,,1,202105,8.0,0,,,1,3319.62,-8,,-8,,1,3319.62,1,166.02,-8,,1,166.02,1,166.24,1,166.46,1,19.97,1,19.94,1
202502,JOB530586548338,ID0995321893,EMP8067191742,-9,202408,,0,999909,-9,0,1,0,0,0,0,,0,,,0,,,1,4391.45,-8,,-8,,1,4391.45,1,165.35,-8,,1,165.35,1,167.87,1,162.71,1,26.16,1,26.99,0
202509,JOB185006030798,ID3934749500,EMP4363486156,-9,201805,,0,999909,-9,0,1,0,0,0,0,,1,201808,12.0,0,,,1,3982.17,1,981.95,-8,,1,4964.12,1,163.34,-8,,1,163.34,1,166.12,1,161.69,1,23.97,1,30.7,1
202607,JOB646705742050,ID2606068217,EMP0800018260,-9,201610,201810,3,201810,5,0,1,0,0,0,0,,-9,,,0,,,1,3865.84,-8,,-8,,1,3865.84,1,167.48,-8,,1,167.48,1,170.05,1,169.16,1,22.73,1,22.85,1
202412,JOB220213952076,ID4504079425,EMP4359325618,-9,201502,,0,999909,-9,1,1,0,0,0,0,,0,,,0,,,1,7358.44,-8,,-8,,1,7358.44,1,170.94,-8,,1,170.94,1,169.65,1,171.89,1,43.37,1,42.81,1
202602,JOB681415501457,ID1693617568,EMP0040173375,-9,202507,,0,999909,-9,0,0,0,0,0,0,,1,202509,8.0,0,,,1,4610.74,1,477.96,1,269.51,1,5358.21,1,161.56,1,6.2956438206860454,1,167.85564382068605,1,161.66,1,167.95564382068605,1,28.52,1,31.9,1
202411,JOB709420659995,ID1693617568,EMP4408099589,-9,201611,,0,999909,-9,0,1,0,0,0,0,,1,201702,12.0,0,,,1,3564.31,-8,,-8,,1,3564.31,1,171.15,-8,,1,171.15,1,174.48,1,172.44,1,20.43,1,20.67,1
202612,JOB649354499707,ID9534910263,EMP5545388223,-9,202201,,0,999909,-9,0,0,0,0,0,0,,1,202207,26.0,0,,,1,4071.71,-8,,-8,,1,4071.71,1,164.17,-8,,1,164.17,1,167.38,1,162.89,1,24.33,1,25.0,1
202602,JOB993386345872,ID8105131469,EMP3636285849,-9,202008,,0,999909,-9,0,1,0,0,0,0,,1,202009,6.0,0,,,1,2585.51,1,512.62,-8,,1,3098.12,1,162.9,-8,,1,162.9,1,162.31,1,163.2,1,15.93,1,18.98,1
202609,JOB728632494878,ID0030035275,EMP3600298455,-9,201907,,0,999909,-9,0,1,0,0,0,0,,1,201908,6.0,1,850.47,51.41,1,2834.9,-8,,-8,,1,2834.9,1,171.36,-8,,1,171.36,1,173.69,1,171.15,1,16.32,1,16.56,1
202503,JOB884487949317,ID0030035275,EMP3322062480,-9,201904,,0,999909,-9,1,1,0,0,0,0,,0,,,0,,,1,4208.98,-8,,-8,,1,4208.98,1,168.82,-8,,1,168.82,1,166.87,1,170.82,1,25.22,1,24.64,1
202409,JOB450373509269,ID0240905083,-9,-9,202503,202509,-9,202509,2,2,-8,-9,0,0,0,,-9,,,-9,,,-9,,-9,,-9,,-9,,-9,,-9,,-9,,-9,,-9,,-9,,-9,,1
202502,JOB451227607866,ID9923239874,EMP0764420707,-9,202510,,0,999909,-9,0,0,1,0,0,0,,0,,,0,,,1,3580.18,-8,,-8,,1,3580.18,1,171.81,1,13.21,1,185.02,1,172.38,1,183.66,1,20.77,1,19.49,1
202406,JOB574894667465,ID9923239874,EMP5057519434,-9,202011,,0,999909,-9,0,1,0,0,1,0,,0,,,0,,,1,4187.34,-8,,-8,,1,4187.34,1,164.74,-8,,1,164.74,1,161.86,1,163.82,1,25.87,1,25.56,1
202502,JOB297480579687,ID2542288032,EMP3352018897,-9,202408,,0,999909,-9,0,0,0,0,0,0,,0,,,1,1638.37,51.87,1,5461.24,-8,,-8,,1,5461.24,1,172.89,-8,,1,172.89,1,173.02,1,175.97,1,31.56,1,31.04,1
202611,JOB823855151093,ID8579172148,EMP4667308804,-9,202203,,0,999909,-9,0,1,0,0,0,0,,1,202204,4.0,0,,,1,4461.41,-8,,-8,,1,4461.41,1,165.6,1,16.32,1,181.91,1,162.88,1,181.44,1,27.39,1,24.59,1
202504,JOB696484615910,ID3938124014,EMP1452971730,-9,201604,,0,999909,-9,0,1,0,0,0,0,,1,201606,8.0,0,,,1,3536.9,-8,,1,378.47,1,3915.37,1,171.41,1,12.228075551877737,1,183.63807555187773,1,168.48,1,180.70807555187773,1,20.99,1,21.67,1
202408,JOB547972808937,ID6401625953,EMP2595616898,-9,201909,201910,0,999909,-9,0,1,0,0,0,0,,1,201910,4.0,0,,,1,3298.05,-8,,-8,,1,3298.05,1,160.36,-8,,1,160.36,1,159.7,1,158.93,1,20.65,1,20.75,1
202410,JOB354778015260,ID6401625953,EMP7486993588,-9,201908,,0,999909,-9,0,1,0,0,0,0,,1,201909,6.0,0,,,1,3146.63,1,115.31,-8,,1,3261.94,1,165.25,-8,,1,165.25,1,164.08,1,166.19,1,19.18,1,19.63,1
202405,JOB458273720416,ID2742589159,EMP8939424185,-9,201507,201507,1,201507,0,0,1,0,0,0,0,,0,,,0,,,1,2735.37,1,999.03,-8,,1,3734.4,1,160.17,-8,,1,160.17,1,160.13,1,159.52,1,17.08,1,23.41,1
202409,JOB257157731753,ID8925702672,EMP6397869036,-9,201810,,0,999909,-9,1,1,0,0,1,0,,1,201901,12.0,1,1302.48,48.65,1,4341.61,-8,,-8,,1,4341.61,1,162.16,-8,,1,162.16,1,162.25,1,160.13,1,26.76,1,27.11,1
202607,JOB875833183902,ID1589689748,EMP1573208361,-9,201709,,0,999909,-9,1,1,0,0,0,0,,1,201710,4.0,0,,,1,5922.75,-8,,-8,,1,5922.75,1,166.14,-8,,1,166.14,1,169.28,1,168.53,1,34.99,1,35.14,1
202410,JOB526302669803,ID5701589671,EMP2739966629,-9,201902,,0,999909,-9,0,1,0,0,0,0,,1,201904,8.0,0,,,1,3580.88,-8,,-8,,1,3580.88,1,170.32,-8,,1,170.32,1,173.21,1,167.4,1,20.67,1,21.39,1
202503,JOB824183356720,ID3019249074,-9,-9,201701,201706,-9,201706,4,2,-8,-9,0,1,0,,-9,,,-9,,,-9,,-9,,-9,,-9,,-9,,-9,,-9,,-9,,-9,,-9,,-9,,1
202510,JOB898622068673,ID3019249074,EMP6438941523,-9,202501,,3,202701,5,0,0,0,0,0,0,,-9,,,0,,,1,3439.04,1,336.46,-8,,1,3775.5,1,160.88,1,10.91,1,171.8,1,162.58,1,170.89,1,21.15,1,22.09,1
202604,JOB468015276509,ID4798465033,EMP6030758569,-9,202411,,0,999909,-9,1,0,0,0,0,0,,1,202502,12.0,0,,,1,6172.61,-8,,-8,,1,6172.61,1,171.53,1,17.34,1,188.88,1,172.14,1,192.38,1,35.86,1,32.09,1
202503,JOB987801871669,ID6306193770,-9,-9,201903,201904,-9,201904,4,2,-8,-9,0,0,0,,-9,,,-9,,,-9,,-9,,-9,,-9,,-9,,-9,,-9,,-9,,-9,,-9,,-9,,1
202409,JOB364893617590,ID1375648671,EMP8870025188,-9,201503,201506,2,201506,2,0,0,0,0,0,0,,-9,,,0,,,1,3839.31,1,301.44,1,393.6,1,4534.35,1,163.41,1,11.168421360646853,1,174.57842136064684,1,165.19,1,176.35842136064684,1,23.24,1,25.71,1
202501,JOB300232852124,ID0997263329,EMP0062241748,-9,202411,,0,999909,-9,0,0,0,0,1,0,,1,202502,12.0,0,,,1,7981.37,-8,,-8,,1,7981.37,1,163.26,-8,,1,163.26,1,163.97,1,164.15,1,48.68,1,48.62,1
202606,JOB972539837453,ID8202692782,EMP7401268490,-9,202501,,0,999909,-9,0,0,0,0,0,0,,1,202504,12.0,0,,,1,4558.58,1,791.24,-8,,1,5349.82,1,172.43,-8,,1,172.43,1,170.55,1,169.99,1,26.73,1,31.47,1
202503,JOB162523081973,ID4854132366,EMP3494520452,-9,201707,,0,999909,-9,0,0,0,0,0,0,,1,201710,12.0,0,,,1,5410.64,-8,,1,331.32,1,5741.96,1,166.74,1,6.806924600042825,1,173.54692460004284,1,167.48,1,174.28692460004282,1,32.31,1,32.95,1
202604,JOB220267886951,ID4854132366,EMP2705702730,-9,201501,,0,999909,-9,0,0,0,0,0,0,,0,,,0,,,1,5887.17,1,603.18,-8,,1,6490.35,1,162.83,1,6.34,1,169.17,1,159.97,1,166.12,1,36.8,1,39.07,1
202611,JOB624295553870,ID4178926540,EMP9791542205,-9,202304,,0,999909,-9,0,0,0,0,0,0,,1,202307,12.0,0,,,1,6459.64,1,339.03,-8,,1,6798.67,1,172.16,-8,,1,172.16,1,170.98,1,170.47,1,37.78,1,39.88,1
202406,JOB970670430241,ID9001431016,EMP9350805423,-9,201609,,0,999909,-9,0,0,0,0,0,0,,1,201612,12.0,0,,,1,6000.75,-8,,-8,,1,6000.75,1,169.75,-8,,1,169.75,1,168.06,1,167.56,1,35.71,1,35.81,1
202604,JOB181628261362,ID9915572876,EMP4341917395,-9,201905,,0,999909,-9,0,0,0,0,0,0,,0,,,0,,,1,6566.64,1,263.93,1,1073.48,1,7904.04,1,164.36,1,17.912412780862965,1,182.27241278086296,1,166.19,1,184.10241278086295,1,39.51,1,42.93,1
202510,JOB989628674333,ID0844760779,EMP9898525880,-9,202003,,0,999909,-9,0,0,0,0,0,0,,0,,,0,,,1,6400.82,-8,,-8,,1,6400.82,1,171.46,1,8.71,1,180.17,1,168.81,1,178.93,1,37.92,1,35.77,1
202407,JOB973145726542,ID5174319262,EMP5866019461,-9,201508,,0,999909,-9,0,0,0,0,0,0,,0,,,0,,,1,8212.2,1,971.09,-8,,1,9183.29,1,171.78,-8,,1,171.78,1,172.74,1,172.1,1,47.54,1,53.36,1
202407,JOB578703713119,ID8030615471,EMP4271003666,-9,202210,,0,999909,-9,0,0,0,0,0,0,,0,,,0,,,1,5388.54,-8,,1,646.16,1,6034.71,1,169.89,1,13.581476357007519,1,183.4714763570075,1,171.34,1,184.92147635700752,1,31.45,1,32.63,1
202607,JOB644316230030,ID2750901615,EMP0452082350,-9,202311,202511,3,202511,5,0,0,0,0,0,0,,-9,,,0,,,1,4837.24,-8,,-8,,1,4837.24,1,142.88,-8,,1,142.88,1,141.16,1,142.94,1,34.27,1,33.84,1
202609,JOB603200390291,ID0622178942,EMP5425942839,-9,201506,,0,999909,-9,0,0,0,0,0,0,,1,201507,6.0,0,,,1,6952.4,1,106.51,1,681.9,1,7740.8,1,171.71,1,11.227630170801726,1,182.93763017080173,1,172.91,1,184.1376301708017,1,40.21,1,42.04,1
202511,JOB554093436886,ID0622178942,EMP9148030665,-9,201511,,0,999909,-9,0,0,0,0,0,0,,1,201512,6.0,0,,,1,7698.09,-8,,-8,,1,7698.09,1,166.61,-8,,1,166.61,1,167.55,1,166.04,1,45.95,1,46.36,1
202607,JOB541491611128,ID7142720513,EMP4256196232,-9,202103,,0,999909,-9,1,0,0,0,0,0,,1,202109,26.0,0,,,1,5034.62,-8,,-8,,1,5034.62,1,166.08,1,10.94,1,177.02,1,167.2,1,173.51,1,30.11,1,29.02,1
202406,JOB788890122699,ID4982097681,EMP5190629442,-9,201801,,0,999909,-9,0,0,0,0,0,0,,1,201803,8.0,1,1746.4,51.43,1,5821.34,-8,,-8,,1,5821.34,1,171.45,-8,,1,171.45,1,168.73,1,169.02,1,34.5,1,34.44,1
202510,JOB494742142548,ID4982097681,EMP2718980457,-9,201706,202108,0,999909,-9,0,1,0,0,0,0,,0,,,0,,,1,3599.96,-8,,-8,,1,3599.96,1,172.72,-8,,1,172.72,1,170.34,1,172.51,1,21.13,1,20.87,1
202607,JOB700974073397,ID1974063959,EMP3510909331,TMP7321895141,202510,,1,202602,3,0,0,0,0,0,0,,1,202604,26.0,0,,,1,7651.65,-8,,-8,,1,7651.65,1,167.48,-8,,1,167.48,1,168.76,1,168.28,1,45.34,1,45.47,1
202512,JOB348607177545,ID1974063959,-9,-9,202401,202407,-9,202407,2,2,-8,-9,0,0,0,,-9,,,-9,,,-9,,-9,,-9,,-9,,-9,,-9,,-9,,-9,,-9,,-9,,-9,,1
202604,JOB946696147979,ID1913921170,EMP3892694813,-9,201710,,0,999909,-9,1,1,0,0,0,0,,0,,,0,,,1,4977.69,1,220.69,-8,,1,5198.38,1,168.21,-8,,1,168.21,1,165.04,1,169.86,1,30.16,1,30.6,1
202406,JOB168783326210,ID9940364029,EMP0385894729,-9,201702,,0,999909,-9,0,0,0,0,0,0,,1,201703,4.0,0,,,1,6325.86,1,458.32,-8,,1,6784.18,1,165.31,1,18.7,1,184.0,1,162.18,1,180.92,1,39.01,1,37.5,1
202403,JOB401898926629,ID0727999949,EMP3674086560,-9,201710,,0,999909,-9,1,1,0,0,0,0,,1,201804,26.0,0,,,1,6281.83,1,205.76,-8,,1,6487.59,1,160.32,-8,,1,160.32,1,162.85,1,158.35,1,38.57,1,40.97,1
202605,JOB741546334419,ID9520984634,-9,-9,201701,201705,-9,201705,3,2,-8,-9,0,0,0,,-9,,,-9,,,-9,,-9,,-9,,-9,,-9,,-9,,-9,,-9,,-9,,-9,,-9,,1
202602,JOB670833888069,ID1926807500,EMP7338287899,-9,201704,201706,4,201706,0,0,1,0,0,0,0,,-9,,,0,,,1,2634.62,1,548.92,-8,,1,3183.54,1,104.57,1,18.39,1,122.96,1,102.88,1,122.63,1,25.61,1,25.96,1
202407,JOB832899710575,ID3134551638,EMP4981118098,TMP3359690070,201509,,0,999909,-9,0,1,0,0,0,0,,1,201511,8.0,0,,,1,3771.14,1,535.06,-8,,1,4306.2,1,172.54,-8,,1,172.54,1,169.83,1,169.9,1,22.21,1,25.35,1
202607,JOB683017762609,ID3096277186,EMP4927453795,-9,201707,,0,999909,-9,0,0,0,0,0,0,,1,201708,6.0,0,,,1,4707.59,-8,,-8,,1,4707.59,1,169.21,-8,,1,169.21,1,169.62,1,171.05,1,27.75,1,27.52,1
202401,JOB897317367231,ID8550384710,EMP0109459751,-9,202204,,0,999909,-9,0,1,0,0,0,0,,1,202206,8.0,0,,,1,2537.93,-8,,1,282.25,1,2820.18,1,161.01,1,11.937769401637642,1,172.94776940163763,1,159.65,1,171.58776940163764,1,15.9,1,16.44,1
202507,JOB436127358582,ID8550384710,-9,-9,201711,201801,-9,201801,3,2,-8,-9,0,0,0,,-9,,,-9,,,-9,,-9,,-9,,-9,,-9,,-9,,-9,,-9,,-9,,-9,,-9,,1
202408,JOB063572989820,ID4855256870,EMP5413728291,-9,201802,201808,2,201808,3,0,0,0,0,0,0,,-9,,,0,,,1,7079.09,-8,,1,986.51,1,8065.61,1,164.34,1,15.267858103989141,1,179.60785810398914,1,164.66,1,179.92785810398914,1,42.99,1,44.83,1
202512,JOB484893698022,ID2125847238,EMP5091357813,-9,201605,201702,1,201702,4,0,0,0,0,0,0,,1,201606,6.0,0,,,1,7163.85,-8,,1,906.35,1,8070.2,1,169.75,1,14.31750590387556,1,184.06750590387557,1,167.26,1,181.57750590387556,1,42.83,1,44.44,1
202506,JOB681945754523,ID1494340501,-9,-9,201902,201903,-9,201903,2,2,-8,-9,0,0,1,PAN - Projet d'activité national,-9,,,-9,,,-9,,-9,,-9,,-9,,-9,,-9,,-9,,-9,,-9,,-9,,-9,,1
202607,JOB545995726348,ID3466297254,EMP5500230972,TMP3011326339,201709,201801,1,201801,3,0,0,0,0,0,0,,1,201711,8.0,0,,,1,5258.69,1,674.91,-8,,1,5933.61,1,167.45,1,12.68,1,180.13,1,168.28,1,178.46,1,31.25,1,33.25,1
202512,JOB481539122190,ID6849666867,EMP4360569043,-9,201911,202008,1,202008,4,0,0,0,0,0,0,,1,201912,4.0,0,,,1,3015.09,-8,,1,287.87,1,3302.97,1,163.38,1,10.39940635212889,1,173.7794063521289,1,160.61,1,171.0094063521289,1,18.77,1,19.31,0
202502,JOB989228401449,ID7104044646,EMP7905735805,-9,202403,202506,0,999909,-9,0,0,0,0,0,0,,1,202404,4.0,0,,,1,8268.48,1,401.36,-8,,1,8669.85,1,169.93,-8,,1,169.93,1,171.12,1,172.25,1,48.32,1,50.33,1
202404,JOB937581301217,ID8179890330,EMP0994495718,-9,202401,,0,999909,-9,0,1,0,0,0,0,,1,202404,12.0,0,,,1,4588.59,1,996.93,1,513.64,1,6099.16,1,167.37,1,12.490130032781918,1,179.8601300327819,1,167.67,1,180.1601300327819,1,27.37,1,33.85,1
202608,JOB105289416863,ID7177326857,EMP1855256767,-9,202005,202006,2,202006,2,0,1,0,0,0,0,,-9,,,0,,,1,4535.55,1,118.71,-8,,1,4654.26,1,168.66,-8,,1,168.66,1,169.3,1,165.92,1,26.79,1,28.05,1
202502,JOB782816041379,ID9697686990,EMP6404970383,-9,201602,,0,999909,-9,0,1,0,0,0,0,,1,201603,4.0,0,,,1,2657.64,-8,,-8,,1,2657.64,1,169.78,-8,,1,169.78,1,166.75,1,170.04,1,15.94,1,15.63,1
202612,JOB354035713384,ID3201302239,EMP4727812196,-9,202508,,0,999909,-9,1,0,0,0,0,0,,1,202511,12.0,0,,,1,5283.84,-8,,-8,,1,5283.84,1,171.88,-8,,1,171.88,1,174.9,1,175.19,1,30.21,1,30.16,1
202603,JOB798005832697,ID8348549751,EMP3606301798,-9,201601,,0,999909,-9,1,0,0,0,0,0,,1,201607,26.0,0,,,1,7005.31,1,399.11,-8,,1,7404.42,1,162.31,-8,,1,162.31,1,160.64,1,163.71,1,43.61,1,45.23,0
202608,JOB936588349960,ID6515138222,EMP5204882526,TMP7661545806,201809,,0,999909,-9,0,0,0,0,0,0,,0,,,0,,,1,4535.92,-8,,-8,,1,4535.92,1,164.61,-8,,1,164.61,1,163.19,1,161.57,1,27.8,1,28.07,1
202603,JOB163576913647,ID8700136512,EMP2598568421,-9,202409,202412,2,202412,2,0,0,0,0,0,0,,-9,,,0,,,1,6556.75,-8,,-8,,1,6556.75,1,170.61,-8,,1,170.61,1,168.98,1,167.45,1,38.8,1,39.16,1
202411,JOB310025904754,ID1531043080,-9,-9,201907,201912,-9,201912,4,2,-8,-9,0,0,0,,-9,,,-9,,,-9,,-9,,-9,,-9,,-9,,-9,,-9,,-9,,-9,,-9,,-9,,1
202601,JOB065597613552,ID7241987833,EMP2022796177,TMP2564060564,202301,202305,1,202305,3,0,0,0,0,0,0,,0,,,0,,,1,6001.83,-8,,-8,,1,6001.83,1,168.98,-8,,1,168.98,1,170.0,1,167.43,1,35.3,1,35.85,1
202403,JOB727506362298,ID2900889509,EMP2250538653,-9,202305,,0,999909,-9,0,0,0,0,0,0,,1,202307,8.0,0,,,1,7067.17,-8,,1,1130.58,1,8197.75,1,167.43,1,17.85652505028623,1,185.28652505028623,1,165.93,1,183.78652505028623,1,42.59,1,44.6,1
202604,JOB807438572903,ID9211808293,EMP2165155673,-9,202203,,0,999909,-9,0,1,0,0,1,0,,1,202206,12.0,0,,,1,3493.25,-8,,-8,,1,3493.25,1,168.57,-8,,1,168.57,1,170.02,1,168.47,1,20.55,1,20.74,1
202409,JOB825170245526,ID2119250583,EMP7469344322,-9,201604,201604,1,201604,0,0,1,0,0,0,0,,1,201606,8.0,0,,,1,3718.26,1,122.35,-8,,1,3840.61,1,166.43,-8,,1,166.43,1,168.31,1,165.11,1,22.09,1,23.26,1
202608,JOB720484437628,ID2817272433,EMP2559948482,-9,202010,,0,999909,-9,0,1,0,0,0,0,,1,202104,26.0,0,,,1,4253.38,1,195.72,-8,,1,4449.1,1,170.05,-8,,1,170.05,1,171.74,1,171.86,1,24.77,1,25.89,1
202512,JOB956656602076,ID1693182446,EMP2451309612,-9,202008,202105,1,202105,4,0,1,0,0,0,0,,1,202009,6.0,0,,,1,3953.58,1,388.3,-8,,1,4341.88,1,164.02,-8,,1,164.02,1,161.23,1,164.39,1,24.52,1,26.41,1
202507,JOB518589768116,ID7449150222,EMP5508914908,-9,202008,,0,999909,-9,0,0,0,0,0,0,,1,202009,6.0,0,,,1,6864.26,-8,,-8,,1,6864.26,1,160.78,-8,,1,160.78,1,161.88,1,160.3,1,42.4,1,42.82,1
202402,JOB281551562499,ID3427497847,EMP3729952043,-9,202104,,0,999909,-9,0,1,0,0,0,0,,1,202110,26.0,0,,,1,4075.85,-8,,-8,,1,4075.85,1,164.81,-8,,1,164.81,1,166.56,1,164.68,1,24.47,1,24.75,1
202509,JOB188194054846,ID5759975392,EMP5291893580,-9,201508,,0,999909,-9,1,1,0,0,0,0,,0,,,0,,,1,4064.34,1,775.9,-8,,1,4840.23,1,161.78,-8,,1,161.78,1,164.39,1,160.17,1,24.72,1,30.22,1
202602,JOB422355044057,ID3684850701,EMP1062080201,-9,201902,,0,999909,-9,1,0,0,0,0,0,,1,201904,8.0,0,,,1,4784.68,-8,,-8,,1,4784.68,1,166.63,-8,,1,166.63,1,169.35,1,167.88,1,28.25,1,28.5,1
202606,JOB259279760402,ID6172827026,EMP7183010084,-9,201501,201507,2,201507,4,0,0,0,0,0,0,,-9,,,0,,,1,6465.31,-8,,-8,,1,6465.31,1,164.74,-8,,1,164.74,1,167.73,1,162.18,1,38.55,1,39.87,1
202609,JOB897926911616,ID6172827026,EMP4666326631,-9,202311,202611,3,202611,5,0,1,0,0,0,0,,-9,,,0,,,1,3045.74,-8,,1,331.36,1,3377.1,1,157.92,1,11.453740099970645,1,169.37374009997063,1,156.61,1,168.06374009997066,1,19.45,1,20.09,1
202403,JOB142147238032,ID5240541683,EMP7055440274,-9,201506,,0,999909,-9,0,1,0,0,0,0,,0,,,0,,,1,3819.59,-8,,-8,,1,3819.59,1,162.07,-8,,1,162.07,1,161.92,1,164.27,1,23.59,1,23.25,1
202403,JOB120132796855,ID8528529580,EMP9652117780,-9,202010,202304,1,202304,6,0,0,0,0,0,0,,1,202011,4.0,1,2061.44,50.36,1,6871.48,-8,,-8,,1,6871.48,1,167.86,-8,,1,167.86,1,164.87,1,166.6,1,41.68,1,41.25,1
202611,JOB098593060843,ID4010772502,-9,-9,202308,202310,-9,202310,3,2,-8,-9,0,0,0,,-9,,,-9,,,-9,,-9,,-9,,-9,,-9,,-9,,-9,,-9,,-9,,-9,,-9,,1
202603,JOB917808855763,ID6311596955,EMP4162531640,-9,202404,202409,0,999909,-9,0,0,0,0,0,0,,1,202405,6.0,0,,,1,6689.97,-8,,-8,,1,6689.97,1,169.27,-8,,1,169.27,1,172.44,1,167.78,1,38.8,1,39.87,1
202604,JOB170277721788,ID6311596955,EMP7287826500,-9,201806,202612,0,999909,-9,0,0,0,0,0,0,,0,,,0,,,1,3579.37,-8,,-8,,1,3579.37,1,165.65,-8,,1,165.65,1,163.85,1,164.83,1,21.85,1,21.72,1
202401,JOB507972281089,ID9315910518,EMP1887089850,-9,202510,,0,999909,-9,0,0,0,0,0,0,,0,,,0,,,1,4083.03,1,961.59,-8,,1,5044.62,1,161.67,1,10.99,1,172.66,1,162.08,1,169.41,1,25.19,1,29.78,1
202612,JOB193798044600,ID4469690910,EMP7919492359,-9,202204,202209,0,999909,-9,0,0,0,0,0,1,CIE - Contrat d'initiation à l'emploi,1,202205,4.0,0,,,1,7233.59,1,931.3,-8,,1,8164.89,1,169.79,-8,,1,169.79,1,172.21,1,168.63,1,42.0,1,48.42,1
202409,JOB375584912826,ID7535354236,EMP4249148596,-9,202011,202108,1,202108,4,0,0,0,0,0,0,,1,202102,12.0,0,,,1,5821.56,-8,,-8,,1,5821.56,1,163.31,-8,,1,163.31,1,161.5,1,164.08,1,36.05,1,35.48,1
202601,JOB217114675301,ID1150716892,EMP5705570143,-9,202108,,0,999909,-9,0,1,0,0,0,0,,1,202109,6.0,0,,,1,2682.79,-8,,1,303.82,1,2986.61,1,171.97,1,12.983655507687406,1,184.95365550768742,1,170.42,1,183.4036555076874,1,15.74,1,16.28,1
202412,JOB979676426333,ID1150716892,EMP1325621274,-9,202006,,0,999909,-9,0,1,0,0,0,0,,0,,,0,,,1,2958.1,1,211.33,-8,,1,3169.43,1,170.05,-8,,1,170.05,1,169.84,1,172.87,1,17.42,1,18.33,1
202505,JOB704648371530,ID8782079520,EMP3763174816,-9,201702,201711,1,201711,4,0,0,0,0,0,0,,1,201703,4.0,0,,,1,8154.87,-8,,-8,,1,8154.87,1,165.98,-8,,1,165.98,1,168.3,1,165.67,1,48.45,1,49.22,0
202411,JOB579614282342,ID7560915754,EMP8209788622,-9,201903,,0,999909,-9,0,0,0,0,0,0,,1,201905,8.0,0,,,1,5802.2,-8,,-8,,1,5802.2,1,171.72,-8,,1,171.72,1,172.11,1,174.62,1,33.71,1,33.23,0
202502,JOB947585989344,ID7560915754,EMP3280194094,-9,201608,,0,999909,-9,0,1,0,0,0,0,,0,,,0,,,1,2760.26,1,936.69,-8,,1,3696.95,1,170.64,-8,,1,170.64,1,171.09,1,172.22,1,16.13,1,21.47,1
202412,JOB157248956654,ID0685964652,EMP6439899793,TMP4091917066,201505,,0,999909,-9,0,1,0,0,0,0,,1,201506,6.0,0,,,1,3218.9,1,729.89,-8,,1,3948.79,1,160.77,-8,,1,160.77,1,163.4,1,162.8,1,19.7,1,24.26,1
202403,JOB915581673833,ID5489102114,EMP9970498356,-9,202102,,0,999909,-9,0,0,0,0,0,0,,1,202108,26.0,0,,,1,5500.94,-8,,-8,,1,5500.94,1,162.87,-8,,1,162.87,1,164.86,1,163.8,1,33.37,1,33.58,1
202611,JOB916849598263,ID9752542171,EMP4945905375,-9,201910,,0,999909,-9,1,1,0,0,0,0,,1,202004,26.0,1,1403.59,50.36,1,4678.62,-8,,-8,,1,4678.62,1,167.87,-8,,1,167.87,1,165.31,1,164.95,1,28.3,1,28.36,1
202405,JOB598183703947,ID7137392666,EMP3125497075,-9,202108,202112,1,202112,3,0,0,0,0,0,0,,1,202202,26.0,0,,,1,5391.62,1,508.02,-8,,1,5899.63,1,172.33,-8,,1,172.33,1,172.23,1,173.92,1,31.3,1,33.92,1
202405,JOB612824082872,ID7137392666,-9,-9,202402,202408,-9,202408,3,2,-8,-9,0,0,0,,-9,,,-9,,,-9,,-9,,-9,,-9,,-9,,-9,,-9,,-9,,-9,,-9,,-9,,1
202405,JOB943659607545,ID7943205000,EMP4223360694,-9,202110,,0,999909,-9,0,0,0,0,0,0,,1,202111,4.0,0,,,1,5891.13,-8,,-8,,1,5891.13,1,162.05,1,9.95,1,172.0,1,162.53,1,172.54,1,36.25,1,34.14,1
202511,JOB633034584094,ID4909412547,EMP3089436664,-9,202202,,0,999909,-9,0,0,0,0,0,0,,1,202205,12.0,0,,,1,7429.06,-8,,-8,,1,7429.06,1,167.42,1,16.25,1,183.68,1,169.93,1,184.95,1,43.72,1,40.17,1
202401,JOB171711882213,ID2724406953,EMP1723613280,-9,202406,,0,999909,-9,1,1,0,0,0,0,,1,202409,12.0,0,,,1,6241.34,1,283.11,-8,,1,6524.45,1,172.03,-8,,1,172.03,1,173.35,1,171.85,1,36.0,1,37.97,1
202412,JOB802882398843,ID9562094846,EMP7721183185,-9,201510,,0,999909,-9,0,0,0,0,0,0,,1,201511,4.0,0,,,1,5332.84,-8,,-8,,1,5332.84,1,172.21,-8,,1,172.21,1,170.54,1,173.63,1,31.27,1,30.71,1
202409,JOB863146870411,ID6983214456,EMP5166955392,-9,202503,202605,0,999909,-9,0,1,0,0,0,0,,1,202504,6.0,0,,,1,4398.45,-8,,1,229.5,1,4627.95,1,166.8,1,5.802129893837908,1,172.6021298938379,1,163.78,1,169.5821298938379,1,26.86,1,27.29,1
202401,JOB193225717791,ID0215234841,EMP8506419773,-9,202202,,0,999909,-9,0,0,0,0,0,0,,0,,,0,,,1,8413.32,-8,,-8,,1,8413.32,1,169.21,-8,,1,169.21,1,166.08,1,167.2,1,50.66,1,50.32,1
202509,JOB223947800050,ID3141319299,EMP6715663685,-9,201601,,0,999909,-9,0,0,0,0,0,0,,1,201603,8.0,1,2032.09,51.31,1,6773.63,-8,,-8,,1,6773.63,1,171.02,-8,,1,171.02,1,172.91,1,169.4,1,39.17,1,39.99,1
202603,JOB884583160496,ID9722370914,EMP0913307726,-9,202001,202204,0,999909,-9,0,1,0,0,0,0,,0,,,0,,,1,3121.35,-8,,-8,,1,3121.35,1,161.9,-8,,1,161.9,1,162.1,1,164.01,1,19.26,1,19.03,1
202606,JOB172885518955,ID3972510896,EMP3945345238,-9,201602,201701,0,999909,-9,0,0,0,0,0,0,,1,201603,6.0,0,,,1,4441.62,1,955.09,-8,,1,5396.71,1,164.51,-8,,1,164.51,1,166.06,1,166.12,1,26.75,1,32.49,1
202602,JOB356619739964,ID6519565456,EMP1765707794,-9,201706,202307,0,999909,-9,0,0,0,0,0,0,,0,,,0,,,1,5751.93,1,158.83,-8,,1,5910.76,1,166.29,-8,,1,166.29,1,165.7,1,166.72,1,34.71,1,35.45,1
202408,JOB797130271513,ID6519565456,EMP3269018736,-9,201903,,0,999909,-9,0,1,0,0,0,0,,0,,,0,,,1,3859.95,-8,,1,528.27,1,4388.22,1,160.62,1,14.654837357009962,1,175.27483735700997,1,161.42,1,176.07483735700995,1,23.91,1,24.92,1
202508,JOB203147548806,ID2317484874,EMP1747383669,-9,201905,202002,1,202002,4,0,1,0,1,0,0,,1,201907,8.0,0,,,1,3057.93,-8,,-8,,1,3057.93,1,164.59,-8,,1,164.59,1,164.35,1,163.63,1,18.61,1,18.69,0
202503,JOB312928503413,ID2516913068,EMP5907067151,-9,202307,,0,999909,-9,1,1,0,0,0,0,,0,,,0,,,1,6828.75,1,763.91,-8,,1,7592.66,1,171.87,-8,,1,171.87,1,168.53,1,171.65,1,40.52,1,44.23,1
202601,JOB984058273459,ID2516913068,EMP9865989892,-9,201705,,0,999909,-9,0,0,0,0,0,0,,1,201706,6.0,0,,,1,3581.7,-8,,-8,,1,3581.7,1,170.37,-8,,1,170.37,1,167.06,1,168.24,1,21.44,1,21.29,1
202611,JOB824104207101,ID2537698482,EMP5633918075,-9,201905,,0,999909,-9,0,1,0,0,0,0,,0,,,0,,,1,3864.53,-8,,-8,,1,3864.53,1,162.25,-8,,1,162.25,1,164.2,1,160.22,1,23.54,1,24.12,1
202610,JOB366159282249,ID0694406372,EMP6382569716,-9,202011,202012,1,202012,2,0,0,0,0,0,0,,1,202105,26.0,0,,,1,4125.95,1,136.21,-8,,1,4262.17,1,163.15,1,6.62,1,169.77,1,164.3,1,166.85,1,25.11,1,25.54,1
202512,JOB663907387565,ID2494156135,EMP6191129490,-9,201705,,0,999909,-9,0,0,0,0,0,0,,1,201711,26.0,0,,,1,3942.01,-8,,-8,,1,3942.01,1,172.48,-8,,1,172.48,1,174.83,1,171.46,1,22.55,1,22.99,0
202502,JOB733726568372,ID5777783218,EMP0045165591,-9,201708,,0,999909,-9,0,0,0,0,0,0,,1,201711,12.0,0,,,1,5948.71,-8,,-8,,1,5948.71,1,160.69,1,7.45,1,168.15,1,160.59,1,165.37,1,37.04,1,35.97,1
202505,JOB072324844440,ID0712230253,EMP5137488705,-9,202301,,0,999909,-9,1,1,0,0,0,0,,1,202307,26.0,0,,,1,6263.84,1,654.26,-8,,1,6918.11,1,169.64,-8,,1,169.64,1,171.44,1,171.79,1,36.54,1,40.27,1
202501,JOB162645609807,ID3282332018,EMP8721138470,-9,202205,202311,1,202311,5,0,0,0,0,0,0,,1,202207,8.0,0,,,1,4055.79,-8,,-8,,1,4055.79,1,160.12,-8,,1,160.12,1,157.26,1,161.71,1,25.79,1,25.08,1
202501,JOB603336063599,ID3703885772,EMP9906702317,-9,201601,,0,999909,-9,1,0,0,0,0,0,,1,201602,4.0,0,,,1,5703.4,-8,,-8,,1,5703.4,1,161.76,1,19.9,1,181.66,1,164.68,1,178.96,1,34.63,1,31.87,1
202610,JOB253613818487,ID1812916860,EMP8677711090,-9,201701,202411,0,999909,-9,0,1,0,0,0,0,,1,201707,26.0,0,,,1,3985.34,-8,,-8,,1,3985.34,1,172.92,-8,,1,172.92,1,172.79,1,170.06,1,23.06,1,23.43,1
202604,JOB910036675808,ID1812916860,EMP2733779979,-9,202310,,0,999909,-9,0,1,0,0,0,0,,1,202311,6.0,0,,,1,3615.03,-8,,-8,,1,3615.03,1,164.22,-8,,1,164.22,1,164.33,1,164.3,1,22.0,1,22.0,1
202409,JOB686211375964,ID3414293991,EMP8872067972,-9,201609,,0,999909,-9,0,1,0,0,0,0,,0,,,0,,,1,2725.87,-8,,1,445.44,1,3171.31,1,167.66,1,18.265240441115893,1,185.92524044111588,1,166.25,1,184.5152404411159,1,16.4,1,17.19,1
202406,JOB927403392132,ID6330297399,EMP8390684005,-9,202002,,0,999909,-9,0,0,0,0,0,0,,0,,,0,,,1,3156.99,-8,,-8,,1,3156.99,1,163.03,-8,,1,163.03,1,165.17,1,160.68,1,19.11,1,19.65,1
202405,JOB484645569903,ID1824325650,EMP3654531574,-9,202105,,0,999909,-9,0,0,0,0,0,0,,1,202106,4.0,1,2428.27,49.85,1,8094.22,1,872.34,-8,,1,8966.56,1,166.17,-8,,1,166.17,1,168.26,1,166.95,1,48.11,1,53.71,1
202506,JOB749097827698,ID6508433724,EMP1716420743,-9,202208,,0,999909,-9,0,1,0,0,0,0,,1,202209,4.0,0,,,1,3402.43,-8,,-8,,1,3402.43,1,172.33,1,6.76,1,179.09,1,173.7,1,176.15,1,19.59,1,19.32,1
202603,JOB316279706699,ID6508433724,EMP9551540328,-9,201705,,0,999909,-9,1,0,0,0,0,0,,1,201707,8.0,0,,,1,7494.98,1,946.67,-8,,1,8441.66,1,170.3,-8,,1,170.3,1,172.36,1,170.71,1,43.48,1,49.45,1
202604,JOB956462956723,ID5958398215,EMP0855443644,-9,202210,202211,4,202211,2,0,1,0,0,0,0,,-9,,,0,,,1,2204.29,-8,,-8,,1,2204.29,1,90.31,-8,,1,90.31,1,91.78,1,91.75,1,24.02,1,24.02,1
202503,JOB335186264778,ID1576289480,EMP8093676617,TMP0372247242,201704,,0,999909,-9,0,0,0,0,0,0,,1,201707,12.0,0,,,1,3513.79,-8,,-8,,1,3513.79,1,168.03,-8,,1,168.03,1,165.75,1,164.82,1,21.2,1,21.32,1
202609,JOB300679928463,ID3056960580,EMP9555642260,-9,202010,202102,1,202102,3,0,0,0,0,0,0,,1,202012,8.0,0,,,1,3128.43,1,876.68,-8,,1,4005.11,1,172.54,-8,,1,172.54,1,174.64,1,175.64,1,17.91,1,22.8,1
202410,JOB811416895065,ID2581202725,EMP7313285155,-9,202307,,0,999909,-9,0,1,0,0,0,0,,1,202310,12.0,0,,,1,2883.51,-8,,-8,,1,2883.51,1,161.52,-8,,1,161.52,1,158.58,1,159.54,1,18.18,1,18.07,1
202605,JOB086392776984,ID9472052917,EMP3112409860,-9,202410,,0,999909,-9,0,0,0,0,0,0,,0,,,0,,,1,4142.61,-8,,-8,,1,4142.61,1,163.69,1,10.52,1,174.21,1,162.56,1,172.47,1,25.48,1,24.02,1
202512,JOB638124057926,ID0875986078,EMP8248375160,-9,201901,202206,0,999909,-9,0,0,0,0,0,0,,1,201907,26.0,0,,,1,5558.38,-8,,-8,,1,5558.38,1,167.63,-8,,1,167.63,1,165.77,1,164.29,1,33.53,1,33.83,0
202505,JOB013859864684,ID4533495692,EMP8085228248,TMP0679471991,201704,201708,1,201708,3,0,0,0,0,0,0,,1,201705,4.0,0,,,1,6539.11,-8,,1,1099.27,1,7638.38,1,172.25,1,19.30431564465469,1,191.55431564465468,1,173.24,1,192.5443156446547,1,37.75,1,39.67,0
202612,JOB201116282055,ID4533495692,-9,-9,202201,202204,-9,202204,4,2,-8,-9,0,0,0,,-9,,,-9,,,-9,,-9,,-9,,-9,,-9,,-9,,-9,,-9,,-9,,-9,,-9,,1
202501,JOB359944725121,ID9975254707,EMP2086550990,-9,201506,,0,999909,-9,0,1,0,0,0,0,,0,,,0,,,1,2760.31,1,449.56,1,389.2,1,3599.06,1,163.94,1,15.41012929617849,1,179.3501292961785,1,162.48,1,177.8901292961785,1,16.99,1,20.23,1
202407,JOB402635688795,ID8270917602,EMP5299100629,-9,201509,,0,999909,-9,0,0,0,0,0,1,PAN - Projet d'activité national,1,201512,12.0,0,,,1,5934.85,-8,,1,904.98,1,6839.83,1,167.06,1,16.982796160195146,1,184.04279616019514,1,164.6,1,181.58279616019513,1,36.06,1,37.67,1
202508,JOB326124433749,ID8270917602,EMP5688968273,-9,201907,,0,999909,-9,0,0,0,0,0,0,,1,201909,8.0,1,1758.26,50.43,1,5860.86,-8,,-8,,1,5860.86,1,168.09,-8,,1,168.09,1,168.66,1,168.52,1,34.75,1,34.78,1
202401,JOB770287489282,ID2339199862,EMP3131979912,-9,202004,,0,999909,-9,0,0,0,0,0,0,,1,202010,26.0,0,,,1,7393.21,-8,,-8,,1,7393.21,1,165.83,-8,,1,165.83,1,166.39,1,167.13,1,44.43,1,44.24,1
202405,JOB161724053947,ID2339199862,EMP7231333614,-9,201909,,0,999909,-9,0,1,0,0,0,1,CIE - Contrat d'initiation à l'emploi,1,201910,6.0,0,,,1,3354.9,-8,,-8,,1,3354.9,1,166.43,-8,,1,166.43,1,163.72,1,164.35,1,20.49,1,20.41,1
202512,JOB540570136324,ID9501427552,EMP9384571596,TMP9066131212,201910,,0,999909,-9,0,0,0,0,0,0,,0,,,0,,,1,3289.43,1,886.55,-8,,1,4175.98,1,160.75,-8,,1,160.75,1,163.93,1,158.21,1,20.07,1,26.4,1
202604,JOB123461192633,ID8874668351,EMP9309065822,-9,201501,,0,999909,-9,1,1,0,0,0,0,,1,201502,4.0,0,,,1,7213.9,-8,,-8,,1,7213.9,1,165.02,-8,,1,165.02,1,165.22,1,165.37,1,43.66,1,43.62,1
202403,JOB082736365675,ID0889921203,EMP6965420958,-9,201511,201603,1,201603,3,0,1,0,0,0,0,,0,,,0,,,1,2915.61,-8,,1,356.48,1,3272.1,1,172.55,1,14.064810444999921,1,186.61481044499993,1,175.24,1,189.30481044499993,1,16.64,1,17.28,1
202610,JOB605257349985,ID1658491441,EMP0308389244,-9,201501,,0,999909,-9,1,0,0,0,0,1,CIE - Contrat d'initiation à l'emploi,0,,,0,,,1,7609.54,-8,,-8,,1,7609.54,1,172.12,-8,,1,172.12,1,170.45,1,169.81,1,44.64,1,44.81,1
202510,JOB573597280466,ID5340107490,EMP7464932516,-9,201903,,0,999909,-9,0,0,0,0,0,0,,1,201905,8.0,0,,,1,7536.77,-8,,-8,,1,7536.77,1,171.6,-8,,1,171.6,1,172.4,1,173.24,1,43.72,1,43.5,1
202502,JOB730400095365,ID8853034686,-9,-9,201709,201802,-9,201802,3,2,-8,-9,0,0,0,,-9,,,-9,,,-9,,-9,,-9,,-9,,-9,,-9,,-9,,-9,,-9,,-9,,-9,,1
202504,JOB359446342853,ID6908877578,EMP5746206652,-9,202106,,0,999909,-9,0,1,0,0,0,0,,0,,,0,,,1,3432.37,-8,,-8,,1,3432.37,1,167.35,1,5.78,1,173.12,1,164.53,1,173.11,1,20.86,1,19.83,1
202506,JOB759257977668,ID6908877578,-9,-9,201706,201709,-9,201709,4,2,-8,-9,0,0,0,,-9,,,-9,,,-9,,-9,,-9,,-9,,-9,,-9,,-9,,-9,,-9,,-9,,-9,,1
202410,JOB779447749205,ID1199064369,EMP0318273692,-9,202108,,0,999909,-9,1,1,0,0,0,0,,0,,,0,,,1,4569.71,-8,,-8,,1,4569.71,1,161.08,1,10.95,1,172.03,1,163.29,1,173.81,1,27.99,1,26.29,1
202412,JOB045129799167,ID8952786903,EMP1613701811,-9,202003,202012,1,202012,4,0,1,0,0,0,0,,1,202009,26.0,0,,,1,2660.84,-8,,-8,,1,2660.84,1,163.33,-8,,1,163.33,1,161.0,1,164.85,1,16.53,1,16.14,1
202401,JOB847625996723,ID9415679780,EMP3461789177,-9,202503,,0,999909,-9,1,1,0,0,0,0,,1,202509,26.0,0,,,1,6302.1,-8,,-8,,1,6302.1,1,166.95,-8,,1,166.95,1,169.83,1,167.23,1,37.11,1,37.69,1
202606,JOB131277315281,ID2469871685,EMP5904361291,-9,201810,202206,0,999909,-9,0,0,0,0,0,0,,0,,,0,,,1,8423.99,1,103.98,-8,,1,8527.97,1,168.83,-8,,1,168.83,1,167.74,1,168.95,1,50.22,1,50.48,1
202608,JOB067416712398,ID5987248343,EMP8913997968,-9,201705,,0,999909,-9,0,1,0,0,0,0,,1,201707,8.0,0,,,1,3382.46,-8,,-8,,1,3382.46,1,161.63,-8,,1,161.63,1,164.61,1,163.58,1,20.55,1,20.68,1
202503,JOB973356130852,ID5987248343,EMP4719535307,-9,201609,,0,999909,-9,1,1,0,0,0,0,,1,201610,6.0,0,,,1,6753.1,-8,,-8,,1,6753.1,1,168.62,-8,,1,168.62,1,171.09,1,170.89,1,39.47,1,39.52,1
202506,JOB012471010383,ID2346929783,EMP3311297974,-9,202507,,1,202604,4,0,1,0,0,0,0,,1,202508,6.0,0,,,1,3759.43,1,492.05,-8,,1,4251.49,1,172.02,-8,,1,172.02,1,173.08,1,170.67,1,21.72,1,24.91,1
202603,JOB454827395481,ID8689433836,EMP6614987108,-9,202109,202210,0,999909,-9,1,0,0,0,0,0,,1,202110,6.0,0,,,1,5380.54,1,408.4,-8,,1,5788.94,1,164.05,-8,,1,164.05,1,164.68,1,164.62,1,32.67,1,35.17,1
202604,JOB049098731331,ID5821240238,EMP2568096348,-9,201906,,0,999909,-9,0,1,0,0,0,0,,0,,,0,,,1,3913.13,1,558.7,-8,,1,4471.83,1,164.54,-8,,1,164.54,1,161.77,1,165.97,1,24.19,1,26.94,1
202406,JOB018101290021,ID7364149286,EMP0796366902,-9,202411,202611,3,202611,5,0,0,0,0,0,0,,-9,,,0,,,1,3657.41,-8,,-8,,1,3657.41,1,164.22,-8,,1,164.22,1,161.62,1,165.57,1,22.63,1,22.09,1
202604,JOB786796302359,ID2833882855,EMP8860000046,-9,201902,,0,999909,-9,0,0,0,0,0,0,,0,,,0,,,1,6853.02,1,281.31,-8,,1,7134.33,1,165.94,-8,,1,165.94,1,167.25,1,167.53,1,40.97,1,42.59,1
202403,JOB129676424954,ID5152701274,EMP7671922478,-9,202503,,0,999909,-9,0,1,0,0,0,0,,1,202504,6.0,0,,,1,3883.66,1,530.09,-8,,1,4413.74,1,170.1,-8,,1,170.1,1,169.45,1,171.33,1,22.92,1,25.76,1
202406,JOB983587474412,ID7928148022,EMP4043842883,-9,202502,,0,999909,-9,1,1,0,0,0,0,,1,202504,8.0,0,,,1,6148.09,-8,,-8,,1,6148.09,1,168.52,-8,,1,168.52,1,170.16,1,166.2,1,36.13,1,36.99,1
202611,JOB396319010762,ID1194701172,EMP3785567123,-9,201904,202102,0,999909,-9,0,0,0,0,0,0,,0,,,0,,,1,5529.38,-8,,-8,,1,5529.38,1,172.82,-8,,1,172.82,1,172.15,1,170.54,1,32.12,1,32.42,1
202612,JOB328233177736,ID6412663059,EMP4933546817,-9,202008,202209,0,999909,-9,0,1,0,0,0,0,,1,202010,8.0,0,,,1,2723.26,-8,,-8,,1,2723.26,1,168.45,1,10.67,1,179.11,1,169.49,1,178.24,1,16.07,1,15.28,1
202510,JOB804956603562,ID3388410179,EMP3802555781,-9,201711,,0,999909,-9,0,0,0,0,0,1,CIE - Contrat d'initiation à l'emploi,0,,,0,,,1,3397.94,1,283.44,-8,,1,3681.38,1,172.04,-8,,1,172.04,1,171.74,1,171.73,1,19.79,1,21.44,1
202602,JOB624167497489,ID3388410179,EMP9583960483,-9,201602,201607,2,201607,2,0,1,0,0,0,1,PAN - Projet d'activité national,-9,,,1,1126.47,50.02,1,3754.9,-8,,-8,,1,3754.9,1,166.74,-8,,1,166.74,1,169.91,1,164.1,1,22.1,1,22.88,1
202608,JOB309917922939,ID8247922297,EMP8908553277,-9,202501,202509,0,999909,-9,0,0,1,0,0,0,,1,202507,26.0,0,,,1,4784.39,-8,,-8,,1,4784.39,1,171.81,1,15.14,1,186.96,1,175.17,1,186.07,1,27.31,1,25.71,1
202408,JOB545623217914,ID4451015984,EMP0186435716,-9,202203,,0,999909,-9,0,0,0,0,0,0,,0,,,0,,,1,7486.44,-8,,-8,,1,7486.44,1,160.72,-8,,1,160.72,1,158.36,1,159.16,1,47.27,1,47.04,1
202507,JOB694465517372,ID7572308961,EMP3423823892,-9,202104,,0,999909,-9,0,1,0,0,0,0,,1,202110,26.0,0,,,1,4642.52,-8,,-8,,1,4642.52,1,169.11,-8,,1,169.11,1,169.29,1,167.58,1,27.42,1,27.7,1
202611,JOB273872488635,ID5808499476,EMP9221693375,-9,201807,202204,0,999909,-9,1,0,0,0,0,0,,0,,,0,,,1,5597.39,-8,,-8,,1,5597.39,1,170.7,-8,,1,170.7,1,172.38,1,169.82,1,32.47,1,32.96,1
202611,JOB993192649928,ID2295470348,EMP9821744945,-9,202204,202310,1,202310,5,0,0,0,0,0,0,,1,202205,4.0,0,,,1,4070.03,-8,,-8,,1,4070.03,1,169.62,1,6.65,1,176.27,1,168.88,1,176.41,1,24.1,1,23.07,1
202410,JOB446750750461,ID2295470348,EMP2247141167,-9,201906,,0,999909,-9,0,1,0,0,0,0,,0,,,0,,,1,4752.52,-8,,-8,,1,4752.52,1,170.88,1,9.61,1,180.48,1,170.23,1,181.88,1,27.92,1,26.13,1
202502,JOB741304504744,ID8397395273,-9,-9,201807,201901,-9,201901,3,2,-8,-9,0,0,0,,-9,,,-9,,,-9,,-9,,-9,,-9,,-9,,-9,,-9,,-9,,-9,,-9,,-9,,1
202402,JOB923595510725,ID5496944710,EMP4570278929,-9,201709,,0,999909,-9,0,1,0,0,0,0,,1,201803,26.0,0,,,1,2627.5,-8,,-8,,1,2627.5,1,167.41,-8,,1,167.41,1,168.67,1,165.23,1,15.58,1,15.9,1
202409,JOB281889667271,ID9938788858,EMP8508146358,-9,202011,,0,999909,-9,1,0,0,0,0,1,CAE - Contrat d'appui-emploi,1,202105,26.0,0,,,1,6064.3,-8,,-8,,1,6064.3,1,165.66,-8,,1,165.66,1,166.27,1,163.54,1,36.47,1,37.08,1
202407,JOB575184238149,ID3865030666,EMP0066632258,-9,201704,201708,2,201708,4,0,1,0,0,0,0,,-9,,,0,,,1,3357.64,1,724.0,-8,,1,4081.63,1,167.57,-8,,1,167.57,1,166.58,1,164.6,1,20.16,1,24.8,1
202601,JOB277513093732,ID6794220585,EMP9729140226,-9,202104,202306,0,999909,-9,0,0,0,0,0,0,,1,202107,12.0,0,,,1,8463.9,-8,,-8,,1,8463.9,1,171.48,-8,,1,171.48,1,171.0,1,174.7,1,49.5,1,48.45,1
202506,JOB132723566257,ID6794220585,EMP8321684456,-9,201804,201805,1,201805,2,0,0,0,0,0,0,,1,201805,4.0,0,,,1,7926.33,-8,,-8,,1,7926.33,1,166.36,-8,,1,166.36,1,164.39,1,166.15,1,48.22,1,47.71,1
202401,JOB927265755293,ID1646082821,EMP2767330229,-9,202002,202008,2,202008,2,0,0,0,0,0,0,,-9,,,0,,,1,7588.42,-8,,1,644.57,1,8232.98,1,165.24,1,9.357075163310375,1,174.5970751633104,1,166.82,1,176.17707516331038,1,45.49,1,46.73,1
202505,JOB682155671920,ID2524485317,-9,-9,201810,201902,-9,201902,2,2,-8,-9,0,0,0,,-9,,,-9,,,-9,,-9,,-9,,-9,,-9,,-9,,-9,,-9,,-9,,-9,,-9,,1
202604,JOB205853748580,ID3726995191,EMP4827642336,-9,201605,201702,1,201702,4,0,0,0,0,0,0,,1,201608,12.0,0,,,1,4756.14,1,671.74,-8,,1,5427.88,1,160.31,-8,,1,160.31,1,157.38,1,157.61,1,30.22,1,34.44,1
202502,JOB356502671534,ID5256705534,EMP5574044992,-9,201808,,0,999909,-9,0,1,0,0,0,0,,1,201810,8.0,0,,,1,2650.08,-8,,-8,,1,2650.08,1,165.89,-8,,1,165.89,1,168.56,1,168.13,1,15.72,1,15.76,1
202409,JOB321596360402,ID8800125390,EMP4517194945,-9,201606,,0,999909,-9,1,0,0,0,0,0,,1,201607,6.0,0,,,1,5099.21,-8,,-8,,1,5099.21,1,166.53,-8,,1,166.53,1,163.89,1,167.66,1,31.11,1,30.41,1
202508,JOB467781732265,ID4436322503,EMP7114187347,-9,202010,,0,999909,-9,0,1,0,0,0,0,,1,202012,8.0,0,,,1,2803.19,-8,,1,455.66,1,3258.85,1,171.32,1,18.565241148252326,1,189.8852411482523,1,170.49,1,189.05524114825232,1,16.44,1,17.24,1
202504,JOB236739636996,ID2603463178,EMP9178700174,-9,201703,202608,0,999909,-9,0,1,0,0,0,0,,1,201704,4.0,0,,,1,4363.55,1,298.61,-8,,1,4662.16,1,160.0,-8,,1,160.0,1,157.74,1,157.29,1,27.66,1,29.64,1
202607,JOB795593665455,ID2538120446,EMP2180859544,-9,201609,,0,999909,-9,0,0,0,0,0,0,,1,201611,8.0,0,,,1,5756.99,1,942.49,1,747.44,1,7446.92,1,164.32,1,14.222605666262064,1,178.54260566626206,1,163.62,1,177.84260566626207,1,35.19,1,41.87,1
202510,JOB424350481485,ID8024274341,EMP3968318592,-9,201808,,0,999909,-9,0,1,0,0,0,0,,1,201811,12.0,0,,,1,3359.9,-8,,-8,,1,3359.9,1,165.77,1,8.49,1,174.26,1,164.93,1,175.21,1,20.37,1,19.18,1
202409,JOB891824553724,ID2576229782,EMP2009299695,-9,202211,202511,3,202511,5,0,0,0,0,0,0,,-9,,,0,,,1,3656.72,-8,,-8,,1,3656.72,1,157.18,1,12.95,1,170.13,1,157.45,1,171.41,1,23.22,1,21.33,1
202404,JOB496709738939,ID2576229782,EMP1128110180,-9,202509,,0,999909,-9,1,0,0,0,0,0,,0,,,0,,,1,7119.44,1,341.98,-8,,1,7461.42,1,164.71,1,11.23,1,175.94,1,163.65,1,173.39,1,43.5,1,43.03,1
202509,JOB228375198287,ID4722764391,-9,-9,201707,201708,-9,201708,4,2,-8,-9,0,0,0,,-9,,,-9,,,-9,,-9,,-9,,-9,,-9,,-9,,-9,,-9,,-9,,-9,,-9,,1
202412,JOB494979161710,ID5411847629,EMP2763090157,-9,201802,,0,999909,-9,0,0,0,0,0,0,,1,201804,8.0,0,,,1,7424.41,1,862.18,-8,,1,8286.59,1,163.33,-8,,1,163.33,1,163.25,1,165.4,1,45.48,1,50.1,1
202509,JOB209016744361,ID7073181442,EMP9353858240,-9,202411,202611,3,202611,5,0,1,0,0,0,0,,-9,,,0,,,1,4204.51,1,265.54,-8,,1,4470.05,1,164.13,-8,,1,164.13,1,163.04,1,165.94,1,25.79,1,26.94,1
202412,JOB220896958251,ID3836977910,EMP7491455925,-9,202311,,0,999909,-9,0,0,0,0,0,0,,1,202405,26.0,0,,,1,6918.45,-8,,-8,,1,6918.45,1,164.09,-8,,1,164.09,1,163.51,1,162.36,1,42.31,1,42.61,1
202512,JOB207708395406,ID6433114593,EMP3516098414,-9,201504,,0,999909,-9,0,0,0,0,0,0,,1,201507,12.0,0,,,1,3687.72,1,990.41,-8,,1,4678.13,1,169.55,-8,,1,169.55,1,168.7,1,167.12,1,21.86,1,27.99,1
202504,JOB258366824063,ID2433616063,EMP8346611749,-9,202210,,0,999909,-9,0,0,0,0,0,0,,1,202211,4.0,0,,,1,6716.82,-8,,-8,,1,6716.82,1,165.86,-8,,1,165.86,1,164.43,1,164.08,1,40.85,1,40.94,1
202508,JOB373350206723,ID1981025078,EMP8278146967,-9,201809,,0,999909,-9,0,1,0,0,0,0,,0,,,0,,,1,4582.96,-8,,-8,,1,4582.96,1,167.1,-8,,1,167.1,1,167.24,1,169.26,1,27.4,1,27.08,1
202608,JOB259681664017,ID6024912469,EMP4890901302,-9,201804,,0,999909,-9,0,0,0,0,0,0,,1,201805,4.0,0,,,1,6905.74,1,484.08,-8,,1,7389.82,1,170.39,-8,,1,170.39,1,171.4,1,171.47,1,40.29,1,43.1,1
202506,JOB214752528438,ID6024912469,EMP6322217050,-9,201908,,0,999909,-9,0,1,0,0,0,0,,1,201910,8.0,0,,,1,2930.95,-8,,-8,,1,2930.95,1,171.43,-8,,1,171.43,1,169.09,1,170.59,1,17.33,1,17.18,1
202505,JOB221471195266,ID1686181476,EMP5330677395,-9,202109,,0,999909,-9,0,0,0,0,0,1,CAE - Contrat d'appui-emploi,1,202110,4.0,0,,,1,7831.91,1,970.42,-8,,1,8802.33,1,171.07,-8,,1,171.07,1,170.85,1,173.36,1,45.84,1,50.77,1
202401,JOB640587342225,ID6480356761,EMP3861817314,-9,201503,201504,1,201504,1,0,1,0,0,0,0,,1,201504,6.0,0,,,1,3104.0,-8,,-8,,1,3104.0,1,166.63,-8,,1,166.63,1,166.15,1,164.1,1,18.68,1,18.92,1
202609,JOB138081813797,ID0243240504,EMP2417422654,-9,201601,201707,1,201707,5,0,0,0,0,0,0,,1,201604,12.0,0,,,1,4516.91,1,555.12,-8,,1,5072.03,1,169.77,-8,,1,169.77,1,171.77,1,170.92,1,26.3,1,29.67,1
202407,JOB386642974224,ID3559787996,-9,-9,201702,201703,-9,201703,2,2,-8,-9,0,0,0,,-9,,,-9,,,-9,,-9,,-9,,-9,,-9,,-9,,-9,,-9,,-9,,-9,,-9,,1
202408,JOB455014823479,ID7567077021,EMP9318457543,-9,202304,202607,0,999909,-9,0,0,0,0,0,0,,0,,,0,,,1,7071.63,-8,,-8,,1,7071.63,1,168.85,-8,,1,168.85,1,168.98,1,172.08,1,41.85,1,41.1,0
202504,JOB492224066606,ID9005431670,EMP4064627886,-9,201802,,0,999909,-9,0,1,0,0,0,0,,1,201803,4.0,0,,,1,3351.67,-8,,-8,,1,3351.67,1,164.77,-8,,1,164.77,1,164.8,1,164.52,1,20.34,1,20.37,1
202510,JOB139554340541,ID6489398861,EMP6255808178,-9,201709,201802,2,201802,3,0,0,0,0,0,0,,-9,,,0,,,1,4044.0,-8,,-8,,1,4044.0,1,165.62,-8,,1,165.62,1,167.41,1,162.32,1,24.16,1,24.91,1
202401,JOB166593735010,ID9631800986,EMP3800619587,-9,201911,,0,999909,-9,0,0,0,0,0,0,,1,201912,4.0,0,,,1,4054.9,1,366.56,1,522.28,1,4943.74,1,172.53,1,14.814736656436125,1,187.3447366564361,1,170.16,1,184.9747366564361,1,23.83,1,26.73,1
202501,JOB386861183949,ID5987119690,EMP7527129042,-9,201907,,0,999909,-9,0,1,0,0,0,0,,1,202001,26.0,0,,,1,3461.55,1,145.08,-8,,1,3606.63,1,161.59,-8,,1,161.59,1,160.28,1,159.69,1,21.6,1,22.59,1
202610,JOB091646191585,ID4063314767,EMP3089674631,-9,202504,202601,1,202601,4,0,0,0,0,0,0,,1,202506,8.0,0,,,1,7074.38,-8,,-8,,1,7074.38,1,172.84,-8,,1,172.84,1,170.7,1,172.22,1,41.44,1,41.08,1
202505,JOB352277480766,ID6345962635,EMP6096545925,-9,201608,201902,1,201902,6,0,1,1,0,0,0,,1,201609,4.0,0,,,1,2999.54,1,903.89,-8,,1,3903.43,1,162.16,-8,,1,162.16,1,162.74,1,160.1,1,18.43,1,24.38,0
202509,JOB728580208206,ID7069087131,EMP4602883685,-9,202009,202009,1,202009,0,0,0,0,0,1,0,,1,202103,26.0,0,,,1,5985.22,-8,,-8,,1,5985.22,1,168.07,-8,,1,168.07,1,169.94,1,168.3,1,35.22,1,35.56,1
202401,JOB739809988953,ID0772078028,EMP7747693045,-9,202304,,0,999909,-9,1,1,0,0,0,0,,1,202310,26.0,0,,,1,5139.14,-8,,-8,,1,5139.14,1,167.81,-8,,1,167.81,1,167.33,1,164.86,1,30.71,1,31.17,1
202601,JOB439950918149,ID0772078028,EMP8350265287,-9,202408,,0,999909,-9,1,1,0,0,0,1,CAE - Contrat d'appui-emploi,1,202410,8.0,0,,,1,4215.98,-8,,-8,,1,4215.98,1,171.88,-8,,1,171.88,1,171.49,1,175.08,1,24.58,1,24.08,1
202508,JOB424329429284,ID6213923816,EMP0645338452,-9,202410,202502,0,999909,-9,1,0,0,0,0,0,,1,202411,6.0,0,,,1,6880.39,-8,,-8,,1,6880.39,1,166.03,-8,,1,166.03,1,165.68,1,166.28,1,41.53,1,41.38,1
202501,JOB674090614356,ID5487897087,EMP3108232111,-9,201911,,0,999909,-9,0,1,0,0,0,0,,0,,,0,,,1,3257.4,-8,,-8,,1,3257.4,1,165.45,1,6.48,1,171.93,1,162.66,1,169.99,1,20.03,1,19.16,1
202612,JOB716344779873,ID7473558785,EMP3119757530,-9,202201,,0,999909,-9,0,1,0,0,0,0,,0,,,0,,,1,2873.51,1,984.67,-8,,1,3858.18,1,171.79,-8,,1,171.79,1,174.42,1,171.77,1,16.47,1,22.46,1
202602,JOB097414174501,ID7930750475,EMP1595931857,-9,201607,,0,999909,-9,0,1,0,0,1,0,,1,201608,4.0,0,,,1,3117.26,1,515.95,-8,,1,3633.21,1,166.91,-8,,1,166.91,1,167.22,1,165.59,1,18.64,1,21.94,1
202603,JOB951904771867,ID4854208481,EMP3085626239,-9,201604,201607,2,201607,4,0,0,0,0,0,0,,-9,,,0,,,1,3952.98,-8,,-8,,1,3952.98,1,161.08,-8,,1,161.08,1,162.16,1,160.84,1,24.38,1,24.58,1
202608,JOB786517938525,ID5081648773,EMP2747046571,-9,202508,,1,202702,5,0,1,0,0,0,0,,0,,,0,,,1,3047.78,-8,,1,134.77,1,3182.56,1,171.92,1,5.06821827790294,1,176.98821827790292,1,173.71,1,178.77821827790294,1,17.55,1,17.8,1
202604,JOB887022124464,ID2963553258,EMP1616694594,-9,201508,,0,999909,-9,1,0,0,0,0,0,,1,201511,12.0,0,,,1,4688.22,-8,,-8,,1,4688.22,1,167.59,-8,,1,167.59,1,168.87,1,168.84,1,27.76,1,27.77,1
202511,JOB662241656738,ID7139608389,-9,-9,202103,202107,-9,202107,4,2,-8,-9,0,0,0,,-9,,,-9,,,-9,,-9,,-9,,-9,,-9,,-9,,-9,,-9,,-9,,-9,,-9,,1
202505,JOB084384851596,ID7677379889,EMP9813221249,-9,202410,,0,999909,-9,0,0,0,0,0,0,,1,202412,8.0,0,,,1,5709.1,1,163.75,-8,,1,5872.84,1,164.34,-8,,1,164.34,1,163.1,1,162.52,1,35.0,1,36.14,1
202503,JOB232668086631,ID4665046382,EMP5271776746,-9,201504,,0,999909,-9,1,1,0,0,0,0,,1,201507,12.0,0,,,1,5548.65,-8,,-8,,1,5548.65,1,160.8,-8,,1,160.8,1,163.24,1,161.52,1,33.99,1,34.35,1
202504,JOB281087176821,ID1682968981,EMP5658868022,-9,201911,201912,1,201912,1,0,0,0,0,0,0,,1,202005,26.0,0,,,1,5367.86,-8,,-8,,1,5367.86,1,168.57,-8,,1,168.57,1,165.73,1,168.52,1,32.39,1,31.85,1
202507,JOB870145065804,ID1682968981,EMP6957555266,-9,202008,,0,999909,-9,0,0,0,0,0,0,,1,202010,8.0,1,1887.02,50.42,1,6290.08,-8,,-8,,1,6290.08,1,168.07,-8,,1,168.07,1,170.33,1,167.8,1,36.93,1,37.49,1
202512,JOB217841516617,ID0095639445,EMP5963136439,-9,202408,,0,999909,-9,0,0,0,0,0,0,,1,202409,4.0,0,,,1,3686.76,-8,,-8,,1,3686.76,1,162.53,-8,,1,162.53,1,164.8,1,165.06,1,22.37,1,22.34,1
202611,JOB669421700018,ID8965520862,EMP8947578621,-9,202507,,0,999909,-9,0,1,0,0,0,0,,1,202601,26.0,0,,,1,3598.68,-8,,1,297.57,1,3896.24,1,160.49,1,8.846987764244535,1,169.33698776424455,1,158.08,1,166.92698776424456,1,22.76,1,23.34,1
202601,JOB437881581410,ID0618516886,EMP8826525756,-9,201810,,0,999909,-9,0,1,0,0,0,0,,1,201901,12.0,0,,,1,4142.85,-8,,-8,,1,4142.85,1,169.34,-8,,1,169.34,1,170.61,1,170.25,1,24.28,1,24.33,1
202401,JOB580298251628,ID4634315208,EMP1672796641,-9,201905,202101,0,999909,-9,0,1,0,0,0,0,,1,201906,4.0,0,,,1,3029.81,-8,,1,438.85,1,3468.66,1,166.32,1,16.060122124825888,1,182.38012212482587,1,163.44,1,179.50012212482588,1,18.54,1,19.32,1
202406,JOB977689799032,ID6528445406,EMP3848195000,-9,202110,,0,999909,-9,0,1,0,0,0,0,,1,202112,8.0,0,,,1,4376.46,-8,,-8,,1,4376.46,1,164.59,1,12.6,1,177.19,1,162.68,1,180.18,1,26.9,1,24.29,1
202604,JOB872621788293,ID7157899370,EMP1448794769,TMP5352348471,202008,,0,999909,-9,1,0,0,0,0,0,,1,202009,4.0,0,,,1,4110.62,-8,,-8,,1,4110.62,1,163.68,-8,,1,163.68,1,164.4,1,160.61,1,25.0,1,25.59,1
202509,JOB505284304434,ID4977872685,EMP2464522039,-9,201804,,0,999909,-9,0,1,0,0,0,0,,1,201810,26.0,0,,,1,2937.12,-8,,-8,,1,2937.12,1,164.87,-8,,1,164.87,1,166.78,1,165.1,1,17.61,1,17.79,1
202509,JOB760244011432,ID5214957957,EMP0548803721,-9,201905,,0,999909,-9,0,0,0,0,0,0,,1,201908,12.0,0,,,1,8320.67,-8,,-8,,1,8320.67,1,170.66,1,11.02,1,181.68,1,172.28,1,179.05,1,48.3,1,46.47,1
202402,JOB275525893942,ID2839247208,EMP5962374111,-9,201602,,0,999909,-9,0,0,0,0,0,0,,1,201604,8.0,0,,,1,7616.24,1,666.09,-8,,1,8282.33,1,165.75,-8,,1,165.75,1,167.87,1,165.72,1,45.37,1,49.98,1
202605,JOB806209227515,ID7584374027,EMP8955230451,-9,202104,,0,999909,-9,0,0,0,0,0,0,,1,202105,4.0,1,1049.25,50.26,1,3497.51,1,947.83,-8,,1,4445.34,1,167.54,-8,,1,167.54,1,168.27,1,166.01,1,20.79,1,26.78,1
202412,JOB660380901317,ID2694111723,EMP1871803631,-9,201610,,0,999909,-9,0,0,0,0,0,0,,1,201612,8.0,1,2299.07,50.91,1,7663.55,1,381.4,1,1290.18,1,9335.13,1,169.71,1,19.0474809388733,1,188.7574809388733,1,171.61,1,190.6574809388733,1,44.66,1,48.96,1
202609,JOB106212889169,ID2010735583,EMP4049636508,-9,202401,,0,999909,-9,1,0,0,0,0,0,,0,,,0,,,1,5231.53,-8,,-8,,1,5231.53,1,167.16,1,17.05,1,184.21,1,164.23,1,185.33,1,31.85,1,28.23,1
202610,JOB851379727545,ID8109042985,EMP8143023459,-9,201708,,0,999909,-9,1,1,0,1,0,0,,1,201711,12.0,0,,,1,6804.9,-8,,-8,,1,6804.9,1,168.65,-8,,1,168.65,1,166.43,1,165.98,1,40.89,1,41.0,1
202406,JOB958064599631,ID9029640821,EMP8871879882,-9,201510,,0,999909,-9,0,1,0,0,0,0,,1,201511,6.0,1,1027.1,51.53,1,3423.65,1,696.12,-8,,1,4119.76,1,171.78,-8,,1,171.78,1,172.98,1,170.64,1,19.79,1,24.14,0
202403,JOB411097929362,ID5884902891,EMP5840409337,-9,201509,,0,999909,-9,0,1,0,0,0,0,,1,201511,8.0,0,,,1,4331.83,-8,,-8,,1,4331.83,1,172.14,-8,,1,172.14,1,172.39,1,171.24,1,25.13,1,25.3,1
202509,JOB685841651163,ID6958000489,EMP9931973308,-9,202208,,0,999909,-9,0,1,0,0,0,0,,1,202211,12.0,0,,,1,3856.99,-8,,-8,,1,3856.99,1,170.65,-8,,1,170.65,1,173.26,1,171.7,1,22.26,1,22.46,1
202403,JOB854345920213,ID1451873651,EMP4820246338,-9,202508,,0,999909,-9,0,0,0,0,0,0,,1,202602,26.0,0,,,1,6911.29,-8,,-8,,1,6911.29,1,163.02,-8,,1,163.02,1,160.56,1,162.64,1,43.04,1,42.49,0
202604,JOB053607433989,ID3311647896,EMP9809075043,-9,202410,202502,1,202502,3,0,1,0,0,0,1,PAN - Projet d'activité national,1,202501,12.0,0,,,1,3692.45,-8,,-8,,1,3692.45,1,166.51,-8,,1,166.51,1,164.95,1,164.03,1,22.39,1,22.51,1
202402,JOB606416681357,ID3311647896,EMP6311979218,-9,202308,,0,999909,-9,0,0,0,0,0,0,,1,202311,12.0,0,,,1,5203.2,-8,,-8,,1,5203.2,1,164.49,-8,,1,164.49,1,165.98,1,164.84,1,31.35,1,31.57,1
202412,JOB597488769704,ID5889053325,EMP2202445890,-9,201503,201506,2,201506,2,0,0,0,0,0,0,,-9,,,0,,,1,5770.22,-8,,-8,,1,5770.22,1,172.48,-8,,1,172.48,1,175.76,1,174.95,1,32.83,1,32.98,1
202606,JOB015988510118,ID6714916968,EMP4252640517,-9,202402,,0,999909,-9,0,0,0,0,0,0,,1,202408,26.0,0,,,1,3291.09,-8,,-8,,1,3291.09,1,167.52,1,6.62,1,174.14,1,170.29,1,171.71,1,19.33,1,19.17,1
202508,JOB007203225857,ID6714916968,EMP2828597121,-9,202505,,0,999909,-9,0,1,0,0,0,0,,1,202506,6.0,0,,,1,3905.18,1,811.65,1,241.49,1,4958.32,1,160.68,1,6.624230934536778,1,167.30423093453678,1,160.98,1,167.60423093453676,1,24.26,1,29.58,1
202404,JOB445170303687,ID9300617789,-9,-9,201805,201810,-9,201810,3,2,-8,-9,0,0,0,,-9,,,-9,,,-9,,-9,,-9,,-9,,-9,,-9,,-9,,-9,,-9,,-9,,-9,,1
202411,JOB880744880192,ID4143984010,EMP7637862825,TMP3886984759,201903,,0,999909,-9,0,1,0,0,0,0,,1,201909,26.0,0,,,1,3935.37,-8,,-8,,1,3935.37,1,172.69,-8,,1,172.69,1,170.49,1,174.95,1,23.08,1,22.49,1
202609,JOB060053258974,ID8656140354,EMP8697121069,-9,202008,,0,999909,-9,1,0,0,0,1,0,,1,202010,8.0,1,1437.25,51.39,1,4790.82,1,667.98,-8,,1,5458.8,1,171.31,-8,,1,171.31,1,174.45,1,169.32,1,27.46,1,32.24,1
202402,JOB172050465784,ID2965738733,EMP6662713124,TMP6750193344,202106,202107,1,202107,2,0,0,0,0,0,0,,1,202108,8.0,0,,,1,5143.77,1,495.23,-8,,1,5639.0,1,172.88,-8,,1,172.88,1,173.33,1,172.53,1,29.68,1,32.68,1
202609,JOB659153276395,ID2965738733,EMP6851423704,-9,201604,202004,0,999909,-9,0,1,0,0,0,0,,1,201606,8.0,0,,,1,3606.79,-8,,-8,,1,3606.79,1,164.95,-8,,1,164.95,1,162.15,1,164.02,1,22.24,1,21.99,1
202609,JOB950528589308,ID5998900111,-9,-9,202308,202311,-9,202311,3,2,-8,-9,0,0,0,,-9,,,-9,,,-9,,-9,,-9,,-9,,-9,,-9,,-9,,-9,,-9,,-9,,-9,,1
202403,JOB222742178277,ID0930633861,EMP1050183255,-9,202304,202510,1,202510,6,0,1,0,0,0,0,,1,202305,4.0,0,,,1,3411.48,1,882.74,1,161.78,1,4456.0,1,163.23,1,5.160335057958607,1,168.3903350579586,1,161.24,1,166.4003350579586,1,21.16,1,26.78,1
202608,JOB809956052440,ID8333670762,EMP8477100275,-9,202109,,0,999909,-9,0,1,0,0,0,0,,0,,,0,,,1,2693.44,-8,,-8,,1,2693.44,1,167.09,-8,,1,167.09,1,164.55,1,165.62,1,16.37,1,16.26,1
202403,JOB573182913133,ID7630728727,EMP8607927462,-9,202111,,0,999909,-9,0,0,0,0,1,0,,0,,,0,,,1,6233.14,1,470.07,1,692.35,1,7395.56,1,165.23,1,12.235335527396966,1,177.46533552739695,1,166.93,1,179.16533552739696,1,37.34,1,41.28,1
202411,JOB675694856483,ID8449679484,EMP0988908155,-9,201804,,0,999909,-9,0,0,0,0,0,0,,0,,,0,,,1,4551.1,-8,,-8,,1,4551.1,1,168.46,-8,,1,168.46,1,167.97,1,171.4,1,27.09,1,26.55,1
202501,JOB716977819767,ID2816059605,EMP3148124795,-9,201701,201705,1,201705,3,0,0,0,0,0,0,,0,,,0,,,1,4189.29,-8,,-8,,1,4189.29,1,160.82,-8,,1,160.82,1,158.5,1,157.77,1,26.43,1,26.55,1
202506,JOB819011707821,ID6905362566,EMP1764399606,-9,202001,,0,999909,-9,0,1,0,0,0,0,,0,,,0,,,1,3587.98,-8,,1,235.73,1,3823.71,1,160.91,1,7.047921529177158,1,167.95792152917716,1,161.93,1,168.97792152917717,1,22.16,1,22.63,1
202508,JOB044839173008,ID5674182943,EMP6578797041,-9,202405,202406,0,999909,-9,0,0,0,0,0,0,,1,202408,12.0,0,,,1,6074.94,-8,,-8,,1,6074.94,1,172.65,-8,,1,172.65,1,172.1,1,175.43,1,35.3,1,34.63,1
202504,JOB974993757927,ID8567584990,-9,-9,201909,201912,-9,201912,3,2,-8,-9,0,0,0,,-9,,,-9,,,-9,,-9,,-9,,-9,,-9,,-9,,-9,,-9,,-9,,-9,,-9,,1
202401,JOB202725752262,ID3024829813,EMP5548315229,-9,201602,,0,999909,-9,1,1,0,0,0,0,,1,201603,4.0,0,,,1,3904.05,-8,,-8,,1,3904.05,1,166.96,-8,,1,166.96,1,169.34,1,165.96,1,23.05,1,23.52,1
202501,JOB892044635852,ID5631437701,EMP1101799207,-9,201710,,0,999909,-9,0,0,0,0,0,0,,0,,,0,,,1,3948.34,1,374.79,1,719.21,1,5042.34,1,162.85,1,19.776017459097744,1,182.62601745909774,1,161.75,1,181.52601745909774,1,24.41,1,27.78,1
202609,JOB707279087333,ID9338947269,EMP8169750783,-9,202006,202010,1,202010,3,0,0,0,0,0,0,,1,202012,26.0,0,,,1,6896.93,-8,,-8,,1,6896.93,1,169.84,-8,,1,169.84,1,172.16,1,168.47,1,40.06,1,40.94,1
202501,JOB769971468989,ID6010256982,-9,-9,202311,202401,-9,202401,3,2,-8,-9,0,0,0,,-9,,,-9,,,-9,,-9,,-9,,-9,,-9,,-9,,-9,,-9,,-9,,-9,,-9,,1
202606,JOB689812118588,ID4792897092,EMP5339295786,-9,202406,,0,999909,-9,1,0,0,0,0,0,,1,202407,4.0,0,,,1,3631.61,-8,,-8,,1,3631.61,1,164.15,-8,,1,164.15,1,162.26,1,166.46,1,22.38,1,21.82,1
202501,JOB910312807299,ID4792897092,EMP4474622696,-9,202307,,0,999909,-9,0,0,0,0,0,1,CAE - Contrat d'appui-emploi,1,202308,4.0,0,,,1,4674.89,-8,,-8,,1,4674.89,1,166.64,-8,,1,166.64,1,165.01,1,168.1,1,28.33,1,27.81,1
202611,JOB887314503315,ID9790117621,EMP2352532208,-9,201910,,0,999909,-9,0,0,0,0,0,0,,0,,,0,,,1,6879.06,1,183.62,-8,,1,7062.68,1,161.02,-8,,1,161.02,1,163.91,1,162.55,1,41.97,1,43.45,1
202607,JOB779526890826,ID9790117621,EMP8154238291,-9,201505,,0,999909,-9,0,0,0,0,0,0,,1,201511,26.0,0,,,1,3039.03,1,961.19,-8,,1,4000.21,1,167.75,-8,,1,167.75,1,164.84,1,171.06,1,18.44,1,23.38,1
202503,JOB505642024464,ID4782173891,EMP2859525292,-9,202401,202402,1,202402,2,0,1,0,0,0,0,,0,,,0,,,1,2978.78,-8,,1,420.08,1,3398.87,1,168.28,1,15.82111968547189,1,184.1011196854719,1,169.7,1,185.5211196854719,1,17.55,1,18.32,1
202501,JOB506998758525,ID6332788459,EMP7249259876,-9,201507,,0,999909,-9,1,1,0,0,0,0,,0,,,0,,,1,4166.09,1,748.72,-8,,1,4914.81,1,165.67,1,17.41,1,183.08,1,165.07,1,181.44,1,25.24,1,27.09,1
202504,JOB876626909119,ID1775786123,EMP6323625378,-9,201611,,0,999909,-9,0,1,0,0,0,0,,0,,,0,,,1,3843.18,-8,,-8,,1,3843.18,1,171.42,1,16.31,1,187.73,1,173.25,1,189.6,1,22.18,1,20.27,1
202402,JOB146010995872,ID4917058030,EMP4411139730,-9,202002,,0,999909,-9,1,1,0,0,0,0,,0,,,0,,,1,7530.43,-8,,-8,,1,7530.43,1,169.86,1,9.66,1,179.52,1,172.38,1,181.37,1,43.69,1,41.52,1
202402,JOB515384102409,ID4243822442,EMP7526066543,TMP0623050478,201510,201602,1,201602,3,0,0,0,0,0,0,,1,201511,6.0,0,,,1,7826.53,-8,,-8,,1,7826.53,1,165.74,-8,,1,165.74,1,167.52,1,166.58,1,46.72,1,46.98,1
202510,JOB674998835199,ID7734573465,EMP1773766062,-9,201705,,0,999909,-9,0,1,1,0,0,0,,1,201707,8.0,0,,,1,3342.46,1,802.69,1,294.22,1,4439.37,1,163.44,1,9.59127312643891,1,173.03127312643892,1,161.54,1,171.1312731264389,1,20.69,1,25.94,1
202504,JOB134931675503,ID8736894561,EMP1093888295,-9,201807,201811,2,201811,4,0,0,0,0,0,0,,-9,,,0,,,1,6198.04,-8,,-8,,1,6198.04,1,168.68,-8,,1,168.68,1,170.48,1,171.6,1,36.36,1,36.12,1
202407,JOB111259667956,ID5340444407,-9,-9,201804,201809,-9,201809,3,2,-8,-9,0,0,0,,-9,,,-9,,,-9,,-9,,-9,,-9,,-9,,-9,,-9,,-9,,-9,,-9,,-9,,1
202401,JOB100969004181,ID6127651492,EMP3662066610,-9,201906,201907,1,201907,1,0,1,1,0,0,0,,1,201907,6.0,0,,,1,3550.24,1,151.89,1,172.86,1,3874.98,1,168.39,1,5.465762288047706,1,173.85576228804769,1,170.09,1,175.5557622880477,1,20.87,1,22.07,1
202508,JOB266509801705,ID4555195132,EMP6949045788,-9,202002,,0,999909,-9,0,0,0,0,0,0,,0,,,0,,,1,5607.9,-8,,-8,,1,5607.9,1,163.62,-8,,1,163.62,1,165.01,1,161.16,1,33.99,1,34.8,1
202502,JOB456185120540,ID4430278911,EMP4834576825,-9,201702,201703,1,201703,2,0,1,0,0,0,0,,0,,,0,,,1,4250.26,-8,,-8,,1,4250.26,1,160.46,-8,,1,160.46,1,160.86,1,163.34,1,26.42,1,26.02,1
202602,JOB313867823627,ID6505476744,EMP8423740517,-9,202008,202604,0,999909,-9,1,0,0,0,0,0,,1,202009,6.0,0,,,1,4710.63,1,802.06,-8,,1,5512.7,1,161.9,-8,,1,161.9,1,159.38,1,162.04,1,29.56,1,34.02,1
202407,JOB520826075981,ID5224293267,EMP7311601240,-9,202303,,0,999909,-9,0,0,0,0,0,0,,1,202304,6.0,0,,,1,4420.41,-8,,-8,,1,4420.41,1,164.55,-8,,1,164.55,1,165.96,1,165.85,1,26.64,1,26.65,1
202410,JOB586268503850,ID3896355231,EMP4486010163,-9,202503,,0,999909,-9,0,0,0,0,0,0,,1,202505,8.0,0,,,1,6236.15,-8,,1,438.8,1,6674.95,1,168.51,1,7.904679386715515,1,176.4146793867155,1,171.28,1,179.18467938671552,1,36.41,1,37.25,1
202504,JOB171152231284,ID0249988934,EMP1527765592,-9,201903,,0,999909,-9,1,1,0,0,0,0,,0,,,0,,,1,4391.66,-8,,-8,,1,4391.66,1,169.03,-8,,1,169.03,1,169.51,1,168.84,1,25.91,1,26.01,1
202511,JOB224316720838,ID2817026245,EMP8846108622,-9,202402,,0,999909,-9,1,0,0,0,0,0,,1,202403,6.0,0,,,1,4275.3,-8,,-8,,1,4275.3,1,170.18,-8,,1,170.18,1,169.75,1,172.48,1,25.19,1,24.79,1
202608,JOB846975384736,ID6219851553,EMP5927661131,-9,202011,202108,1,202108,4,0,1,0,0,0,0,,0,,,1,1078.05,49.43,1,3593.5,-8,,-8,,1,3593.5,1,164.76,-8,,1,164.76,1,167.32,1,166.13,1,21.48,1,21.63,0
202404,JOB187328565809,ID7645405602,EMP0538053465,-9,201801,201805,1,201805,3,0,0,0,0,0,0,,1,201807,26.0,0,,,1,7082.44,1,959.91,-8,,1,8042.36,1,169.13,1,12.51,1,181.64,1,170.38,1,182.68,1,41.57,1,44.02,1
202501,JOB746011084399,ID5608973654,-9,TMP4499195401,201706,201708,-9,201708,2,2,-8,-9,0,0,0,,-9,,,-9,,,-9,,-9,,-9,,-9,,-9,,-9,,-9,,-9,,-9,,-9,,-9,,1
202607,JOB749503544925,ID5608973654,EMP3058135512,-9,201901,,0,999909,-9,1,0,0,0,0,0,,1,201907,26.0,0,,,1,6154.14,-8,,-8,,1,6154.14,1,169.35,-8,,1,169.35,1,172.6,1,168.34,1,35.66,1,36.56,1
202608,JOB184817745584,ID7502787362,EMP8911661734,-9,201610,,0,999909,-9,0,1,0,0,0,0,,1,201611,4.0,0,,,1,3413.24,-8,,-8,,1,3413.24,1,162.56,-8,,1,162.56,1,165.25,1,163.69,1,20.66,1,20.85,1
202602,JOB189993284007,ID6183038628,EMP8269313241,-9,201703,202612,0,999909,-9,0,0,0,0,0,0,,1,201705,8.0,1,1228.27,49.62,1,4094.22,-8,,-8,,1,4094.22,1,165.41,-8,,1,165.41,1,166.73,1,163.82,1,24.56,1,24.99,1
202507,JOB440438075540,ID3052703441,EMP5558644526,TMP1026233329,201802,,0,999909,-9,0,0,0,0,0,0,,1,201804,8.0,0,,,1,5907.92,1,298.06,-8,,1,6205.99,1,171.38,1,6.47,1,177.85,1,170.94,1,181.27,1,34.56,1,34.24,1
202605,JOB473958008174,ID1930020790,EMP4117072308,-9,202409,,0,999909,-9,0,0,0,0,0,0,,0,,,0,,,1,4445.85,1,183.63,-8,,1,4629.48,1,166.0,-8,,1,166.0,1,164.97,1,166.93,1,26.95,1,27.73,1
202507,JOB652488265234,ID7198109844,EMP3040632529,-9,201806,,0,999909,-9,0,1,0,0,0,0,,1,201808,8.0,0,,,1,4155.81,-8,,-8,,1,4155.81,1,170.95,-8,,1,170.95,1,169.55,1,171.78,1,24.51,1,24.19,1
202410,JOB838429363176,ID1163470165,-9,-9,202510,202603,-9,202603,4,2,-8,-9,0,0,0,,-9,,,-9,,,-9,,-9,,-9,,-9,,-9,,-9,,-9,,-9,,-9,,-9,,-9,,1
202502,JOB042116334016,ID6490796184,EMP6331393373,-9,201905,,0,999909,-9,0,0,0,0,0,0,,1,201906,6.0,0,,,1,5649.91,-8,,-8,,1,5649.91,1,167.85,-8,,1,167.85,1,165.85,1,168.13,1,34.07,1,33.6,1
202502,JOB014913370947,ID6489704640,EMP2621631577,-9,201806,,0,999909,-9,0,0,0,0,0,0,,1,201808,8.0,0,,,1,3197.21,1,848.21,-8,,1,4045.42,1,172.57,-8,,1,172.57,1,174.55,1,170.77,1,18.32,1,23.69,1
202405,JOB701492791026,ID6489704640,EMP9742890669,-9,202105,202106,1,202106,2,0,1,0,0,0,0,,0,,,0,,,1,3413.61,-8,,-8,,1,3413.61,1,163.55,-8,,1,163.55,1,163.33,1,165.57,1,20.9,1,20.62,1
202411,JOB810098253343,ID0012800243,EMP6594702816,-9,202406,,0,999909,-9,0,0,0,0,0,0,,0,,,0,,,1,8299.59,-8,,-8,,1,8299.59,1,167.45,-8,,1,167.45,1,165.97,1,168.59,1,50.01,1,49.23,0
202612,JOB227355879772,ID2508336780,EMP9898725693,-9,202507,,0,999909,-9,0,1,0,1,0,0,,0,,,1,1083.74,49.08,1,3612.48,-8,,-8,,1,3612.48,1,163.61,1,9.74,1,173.34,1,163.52,1,173.37,1,22.09,1,20.84,1
202403,JOB490028807338,ID7150613806,EMP3040479416,-9,202310,,0,999909,-9,0,0,0,0,0,0,,1,202404,26.0,0,,,1,6793.39,-8,,-8,,1,6793.39,1,162.52,-8,,1,162.52,1,163.61,1,162.47,1,41.52,1,41.81,1
202501,JOB439345303951,ID7150613806,EMP9468787139,-9,202306,202307,1,202307,2,0,0,1,0,0,0,,0,,,0,,,1,6818.64,-8,,-8,,1,6818.64,1,165.51,-8,,1,165.51,1,167.81,1,168.64,1,40.63,1,40.43,1
202504,JOB508086105726,ID6857884347,EMP5284615965,-9,202002,202002,1,202002,0,0,0,0,0,0,0,,0,,,0,,,1,7806.38,-8,,-8,,1,7806.38,1,165.41,-8,,1,165.41,1,165.68,1,168.21,1,47.12,1,46.41,1
202505,JOB005166523431,ID9331299315,EMP9465749981,-9,202103,,0,999909,-9,0,0,0,0,0,0,,0,,,0,,,1,4408.87,1,346.64,-8,,1,4755.51,1,169.13,1,18.2,1,187.33,1,167.99,1,183.69,1,26.24,1,25.89,1
202501,JOB946748041145,ID9493055340,EMP7533951574,-9,202301,202304,4,202304,0,0,0,0,0,0,0,,-9,,,0,,,1,2961.64,-8,,-8,,1,2961.64,1,71.1,-8,,1,71.1,1,72.04,1,70.7,1,41.11,1,41.89,1
202607,JOB596841389288,ID2314889755,EMP8756999085,-9,201701,201907,1,201907,6,0,1,0,0,0,0,,1,201704,12.0,0,,,1,3641.73,-8,,-8,,1,3641.73,1,172.34,-8,,1,172.34,1,171.25,1,174.17,1,21.27,1,20.91,1
202509,JOB479685199076,ID2314889755,EMP5152035083,-9,202305,,0,999909,-9,0,1,0,1,0,0,,0,,,0,,,1,3819.28,-8,,-8,,1,3819.28,1,163.4,1,8.57,1,171.97,1,164.44,1,173.85,1,23.23,1,21.97,1
202504,JOB499815951774,ID0245076248,EMP3402197020,-9,202304,,0,999909,-9,1,1,0,0,0,0,,1,202307,12.0,0,,,1,5207.1,-8,,-8,,1,5207.1,1,171.22,-8,,1,171.22,1,169.14,1,174.22,1,30.79,1,29.89,1
202602,JOB616248438893,ID0713845684,EMP3044981895,-9,201704,,0,999909,-9,1,1,0,0,0,0,,1,201705,4.0,1,1805.5,50.65,1,6018.33,-8,,-8,,1,6018.33,1,168.82,-8,,1,168.82,1,168.09,1,166.93,1,35.8,1,36.05,1
202406,JOB671390885085,ID6312517769,EMP4240128273,-9,201706,,0,999909,-9,0,1,0,0,0,0,,1,201707,4.0,0,,,1,3839.68,-8,,-8,,1,3839.68,1,160.66,-8,,1,160.66,1,160.43,1,157.79,1,23.93,1,24.33,1
202605,JOB293541073720,ID5009851685,EMP8822574654,TMP3814590970,202505,,0,999909,-9,0,1,0,0,0,0,,1,202506,6.0,0,,,1,2959.46,-8,,-8,,1,2959.46,1,166.67,-8,,1,166.67,1,165.27,1,166.59,1,17.91,1,17.76,1
202411,JOB649649489709,ID8248149441,EMP6496545900,-9,202204,,0,999909,-9,0,0,0,0,0,0,,1,202206,8.0,0,,,1,6020.39,-8,,-8,,1,6020.39,1,164.29,-8,,1,164.29,1,162.83,1,162.88,1,36.97,1,36.96,1
202611,JOB278091191488,ID7029028013,EMP3773567194,-9,202303,,0,999909,-9,0,0,0,0,0,0,,1,202309,26.0,0,,,1,5855.84,-8,,-8,,1,5855.84,1,165.36,1,13.13,1,178.48,1,167.91,1,175.1,1,34.87,1,33.44,1
202502,JOB057937602885,ID5383779295,EMP5298002461,-9,202301,202302,1,202302,2,0,1,0,0,0,0,,0,,,0,,,1,2820.72,-8,,-8,,1,2820.72,1,166.6,-8,,1,166.6,1,167.05,1,168.19,1,16.89,1,16.77,1
202511,JOB926572444380,ID5678863216,EMP7744214950,-9,202211,,0,999909,-9,0,1,0,0,0,0,,1,202302,12.0,0,,,1,3923.5,-8,,-8,,1,3923.5,1,164.0,1,17.43,1,181.43,1,165.3,1,181.32,1,23.74,1,21.64,1
202404,JOB635784611384,ID1694442498,EMP5130299903,-9,202508,,0,999909,-9,1,0,0,0,0,0,,1,202602,26.0,1,1486.88,49.42,1,4956.26,-8,,-8,,1,4956.26,1,164.74,-8,,1,164.74,1,163.74,1,161.64,1,30.27,1,30.66,1
202605,JOB942022258852,ID6763760760,EMP3841649798,-9,201609,,0,999909,-9,0,1,0,0,0,0,,1,201610,4.0,0,,,1,4551.94,-8,,-8,,1,4551.94,1,166.77,1,8.44,1,175.21,1,168.06,1,172.19,1,27.09,1,26.44,1
202509,JOB731334117027,ID2361167747,EMP2935597328,-9,201608,,0,999909,-9,1,0,0,0,0,0,,1,201610,8.0,0,,,1,6082.19,1,133.6,-8,,1,6215.79,1,169.9,-8,,1,169.9,1,172.87,1,169.94,1,35.18,1,36.58,1
202606,JOB752235655151,ID2361167747,EMP9275410675,-9,201805,201809,1,201809,3,0,0,0,0,0,0,,1,201811,26.0,1,1094.33,50.7,1,3647.75,-8,,-8,,1,3647.75,1,169.01,1,6.69,1,175.7,1,170.81,1,172.69,1,21.36,1,21.12,1
202512,JOB804947953433,ID2620471489,-9,-9,202403,202405,-9,202405,4,2,-8,-9,0,0,1,CIE - Contrat d'initiation à l'emploi,-9,,,-9,,,-9,,-9,,-9,,-9,,-9,,-9,,-9,,-9,,-9,,-9,,-9,,1
202505,JOB894683053789,ID2620471489,EMP4098668198,-9,202105,202202,1,202202,4,0,1,0,0,0,0,,1,202106,6.0,0,,,1,3614.3,-8,,1,246.01,1,3860.31,1,164.06,1,7.444448857253569,1,171.50444885725358,1,163.17,1,170.61444885725356,1,22.15,1,22.63,1
202504,JOB922719670310,ID7373932501,EMP5371809820,-9,202508,202511,2,202511,2,0,0,0,0,0,0,,-9,,,1,1256.9,48.61,1,4189.66,1,774.24,1,429.33,1,5393.23,1,162.02,1,11.068538848396011,1,173.088538848396,1,161.68,1,172.748538848396,1,25.91,1,31.22,1
202409,JOB575836492896,ID1787830057,EMP6810630072,-9,202106,,0,999909,-9,1,0,0,0,0,0,,1,202108,8.0,0,,,1,4189.42,-8,,-8,,1,4189.42,1,171.09,-8,,1,171.09,1,168.78,1,173.95,1,24.82,1,24.08,1
202410,JOB877698796087,ID9354941097,EMP0999354276,-9,202508,,0,999909,-9,0,1,0,0,0,0,,1,202510,8.0,0,,,1,4820.01,-8,,-8,,1,4820.01,1,172.43,-8,,1,172.43,1,170.65,1,169.22,1,28.25,1,28.48,1
202604,JOB505035183860,ID3143059616,EMP4008198222,-9,202511,202605,2,202605,2,0,0,0,0,0,0,,-9,,,0,,,1,7042.34,-8,,1,753.98,1,7796.32,1,165.26,1,11.795552688853709,1,177.0555526888537,1,163.94,1,175.73555268885372,1,42.96,1,44.36,1
202504,JOB894452490541,ID2616733660,EMP3237153579,-9,202011,202403,0,999909,-9,0,1,0,0,0,0,,1,202012,6.0,0,,,1,4314.98,-8,,-8,,1,4314.98,1,168.13,-8,,1,168.13,1,169.44,1,171.13,1,25.47,1,25.21,1
202505,JOB913225560010,ID3546128054,EMP1454783643,-9,202507,202509,2,202509,2,0,0,0,0,0,0,,-9,,,0,,,1,3597.08,-8,,-8,,1,3597.08,1,170.38,-8,,1,170.38,1,169.76,1,171.73,1,21.19,1,20.95,0
202405,JOB140991492141,ID2470431240,EMP7101915402,-9,201507,,0,999909,-9,1,0,0,0,0,0,,1,201508,6.0,0,,,1,4343.82,-8,,-8,,1,4343.82,1,164.04,-8,,1,164.04,1,164.41,1,165.48,1,26.42,1,26.25,1
202411,JOB647566139611,ID3810136115,EMP0764734036,-9,201605,,0,999909,-9,0,1,0,0,0,0,,0,,,0,,,1,4401.68,-8,,-8,,1,4401.68,1,168.37,-8,,1,168.37,1,171.02,1,167.93,1,25.74,1,26.21,1
202512,JOB314768463883,ID0772615684,-9,-9,202501,202507,-9,202507,2,2,-8,-9,0,0,0,,-9,,,-9,,,-9,,-9,,-9,,-9,,-9,,-9,,-9,,-9,,-9,,-9,,-9,,1
202408,JOB067282524423,ID3035294723,EMP3113277342,-9,202210,202302,2,202302,2,0,0,0,0,0,0,,-9,,,0,,,1,8035.54,1,615.83,-8,,1,8651.38,1,168.02,-8,,1,168.02,1,166.45,1,165.77,1,48.28,1,52.19,1
202412,JOB832815957267,ID7305816308,EMP6879876059,-9,202203,,0,999909,-9,0,0,0,0,0,0,,1,202204,6.0,0,,,1,5843.63,-8,,-8,,1,5843.63,1,163.3,-8,,1,163.3,1,165.86,1,161.34,1,35.23,1,36.22,1
202511,JOB178292688985,ID7305816308,EMP1551965781,-9,201704,201705,1,201705,1,0,0,0,0,0,0,,0,,,0,,,1,3463.74,-8,,-8,,1,3463.74,1,163.44,-8,,1,163.44,1,162.46,1,165.94,1,21.32,1,20.87,1
202503,JOB814695071415,ID5820935744,EMP8046572118,-9,201904,202001,1,202001,4,0,0,0,0,0,0,,1,201910,26.0,0,,,1,4019.23,-8,,1,410.05,1,4429.27,1,166.07,1,11.295130012371388,1,177.36513001237137,1,168.3,1,179.59513001237138,1,23.88,1,24.66,1
202603,JOB105953250858,ID5820935744,EMP0426726966,TMP8443710031,202405,202505,0,999909,-9,1,1,0,0,0,0,,1,202406,6.0,1,1399.74,50.44,1,4665.8,-8,,-8,,1,4665.8,1,168.12,-8,,1,168.12,1,167.7,1,168.57,1,27.82,1,27.68,1
202604,JOB763158690451,ID5391204080,EMP3293113718,-9,201509,202604,0,999909,-9,0,1,0,0,0,0,,1,201510,6.0,0,,,1,3491.35,-8,,1,456.79,1,3948.14,1,160.79,1,14.024462469062147,1,174.81446246906214,1,158.26,1,172.28446246906213,1,22.06,1,22.92,1
202402,JOB065953479576,ID0401807949,EMP5139601313,-9,201803,,0,999909,-9,0,0,0,0,0,0,,1,201809,26.0,0,,,1,8212.98,-8,,-8,,1,8212.98,1,171.48,-8,,1,171.48,1,173.49,1,172.43,1,47.34,1,47.63,1
202512,JOB735368666961,ID5028501468,EMP7027759110,-9,202304,202308,1,202308,3,0,1,0,0,0,0,,1,202306,8.0,0,,,1,4503.77,-8,,-8,,1,4503.77,1,166.22,1,5.39,1,171.61,1,167.41,1,171.39,1,26.9,1,26.28,1
202402,JOB071906457002,ID5221976645,-9,-9,202510,202601,-9,202601,3,2,-8,-9,0,0,0,,-9,,,-9,,,-9,,-9,,-9,,-9,,-9,,-9,,-9,,-9,,-9,,-9,,-9,,1
202512,JOB767360517136,ID2685314000,EMP4459236499,-9,201705,,0,999909,-9,0,0,0,0,0,0,,0,,,0,,,1,8401.2,1,818.14,1,1265.23,1,10484.58,1,169.71,1,17.03900030553813,1,186.74900030553815,1,170.41,1,187.44900030553814,1,49.3,1,55.93,1
202405,JOB860615048548,ID1837339184,EMP7439002089,-9,201907,,0,999909,-9,0,0,0,0,0,0,,0,,,0,,,1,8181.7,-8,,-8,,1,8181.7,1,163.97,-8,,1,163.97,1,161.16,1,161.8,1,50.77,1,50.57,1
202503,JOB661176147027,ID1574996472,EMP9404986111,-9,202310,,0,999909,-9,0,1,0,0,0,0,,0,,,0,,,1,4306.85,-8,,-8,,1,4306.85,1,165.42,-8,,1,165.42,1,163.93,1,164.63,1,26.27,1,26.16,1
202611,JOB481726731293,ID1574996472,-9,-9,201503,201509,-9,201509,3,2,-8,-9,0,0,1,PAN - Projet d'activité national,-9,,,-9,,,-9,,-9,,-9,,-9,,-9,,-9,,-9,,-9,,-9,,-9,,-9,,1
202401,JOB009867800013,ID8648971439,EMP3034902575,-9,202502,,0,999909,-9,1,1,0,0,0,0,,1,202505,12.0,0,,,1,7098.9,-8,,-8,,1,7098.9,1,162.74,-8,,1,162.74,1,165.92,1,165.49,1,42.79,1,42.9,1
202611,JOB863195903579,ID8954769094,EMP0622481392,-9,202308,,0,999909,-9,0,1,0,0,0,1,PAN - Projet d'activité national,0,,,0,,,1,2896.61,-8,,-8,,1,2896.61,1,165.43,1,15.46,1,180.89,1,162.91,1,179.45,1,17.78,1,16.14,1
202509,JOB106286479231,ID7639171043,EMP7611478824,-9,202105,,0,999909,-9,0,1,0,0,0,0,,1,202107,8.0,0,,,1,3406.17,1,202.11,1,188.04,1,3796.31,1,170.96,1,6.291811791620448,1,177.25181179162047,1,170.46,1,176.75181179162047,1,19.98,1,21.48,1
202605,JOB932766526853,ID4623013718,EMP0744014366,-9,202110,,0,999909,-9,1,1,0,0,0,0,,0,,,0,,,1,6126.88,1,617.12,-8,,1,6744.0,1,168.19,-8,,1,168.19,1,171.15,1,169.78,1,35.8,1,39.72,1
202405,JOB291851686212,ID2488071963,-9,-9,202511,202601,-9,202601,4,2,-8,-9,0,0,0,,-9,,,-9,,,-9,,-9,,-9,,-9,,-9,,-9,,-9,,-9,,-9,,-9,,-9,,1
202605,JOB187097528513,ID4572998726,EMP2909713738,-9,202304,,0,999909,-9,0,1,0,0,0,0,,1,202305,6.0,0,,,1,3881.61,1,751.07,-8,,1,4632.67,1,163.11,-8,,1,163.11,1,163.49,1,163.8,1,23.74,1,28.28,1
202411,JOB678634058290,ID6456879468,EMP9704683227,-9,202405,,0,999909,-9,1,1,0,0,0,0,,1,202408,12.0,0,,,1,4896.99,1,142.66,-8,,1,5039.65,1,168.62,-8,,1,168.62,1,171.15,1,169.53,1,28.61,1,29.73,0
202508,JOB002980965590,ID7370743487,EMP4216851635,-9,202210,,0,999909,-9,0,1,0,0,0,0,,1,202211,6.0,0,,,1,3407.75,-8,,-8,,1,3407.75,1,167.02,-8,,1,167.02,1,166.57,1,166.18,1,20.46,1,20.51,1
202509,JOB075371422769,ID8242781083,EMP0362644332,-9,202306,,0,999909,-9,1,1,0,0,0,0,,1,202307,6.0,1,1282.18,50.64,1,4273.92,-8,,-8,,1,4273.92,1,168.79,-8,,1,168.79,1,170.98,1,172.13,1,25.0,1,24.83,1
202412,JOB718887494423,ID5173992051,EMP1811407319,-9,202206,,0,999909,-9,0,1,0,0,0,0,,1,202212,26.0,0,,,1,2664.33,-8,,-8,,1,2664.33,1,169.66,-8,,1,169.66,1,168.99,1,171.76,1,15.77,1,15.51,1
202409,JOB870567680203,ID2230308593,EMP4723312278,-9,201509,,0,999909,-9,1,1,0,0,0,0,,1,201603,26.0,0,,,1,3937.8,-8,,-8,,1,3937.8,1,171.9,1,9.61,1,181.51,1,170.6,1,182.47,1,23.08,1,21.58,1
202604,JOB686676564060,ID8568389050,EMP0930374006,-9,201909,,0,999909,-9,0,0,0,0,0,0,,0,,,0,,,1,7126.2,-8,,-8,,1,7126.2,1,163.04,1,14.65,1,177.69,1,163.17,1,177.5,1,43.67,1,40.15,1
202502,JOB463680524579,ID6588469181,EMP5170649527,-9,201703,,0,999909,-9,0,1,0,0,0,0,,1,201704,4.0,0,,,1,2713.99,-8,,-8,,1,2713.99,1,165.68,-8,,1,165.68,1,166.93,1,168.3,1,16.26,1,16.13,1
202412,JOB342833238356,ID0570591787,EMP2737119182,-9,201901,,0,999909,-9,0,1,0,0,0,0,,1,201902,6.0,0,,,1,2782.08,-8,,-8,,1,2782.08,1,170.98,-8,,1,170.98,1,168.96,1,172.47,1,16.47,1,16.13,1
202612,JOB709035529709,ID3481957146,EMP6501772733,-9,202211,,0,999909,-9,0,0,0,0,0,0,,1,202305,26.0,0,,,1,5908.69,-8,,-8,,1,5908.69,1,169.89,-8,,1,169.89,1,173.01,1,168.15,1,34.15,1,35.14,1
202606,JOB013742587116,ID1645376614,EMP7142275410,-9,202206,,0,999909,-9,1,0,0,0,0,0,,1,202208,8.0,0,,,1,7446.75,1,653.0,-8,,1,8099.75,1,172.37,-8,,1,172.37,1,169.09,1,171.51,1,44.04,1,47.23,1
202406,JOB428112362938,ID9784838939,EMP2887778731,-9,201806,202204,0,999909,-9,1,0,0,0,0,0,,1,201812,26.0,0,,,1,7037.62,-8,,-8,,1,7037.62,1,172.15,-8,,1,172.15,1,174.79,1,168.89,1,40.26,1,41.67,1
202404,JOB463303494670,ID8888663183,EMP2768067048,TMP2631013880,201801,,0,999909,-9,0,0,0,0,0,0,,1,201802,4.0,0,,,1,6979.44,-8,,-8,,1,6979.44,1,170.18,-8,,1,170.18,1,173.22,1,169.35,1,40.29,1,41.21,1
202612,JOB226675553837,ID6296629231,EMP3579987346,-9,201810,201811,1,201811,1,0,0,0,0,0,1,CAE - Contrat d'appui-emploi,1,201901,12.0,0,,,1,5586.81,-8,,-8,,1,5586.81,1,171.6,1,19.93,1,191.53,1,173.5,1,189.66,1,32.2,1,29.46,1
202602,JOB458561978048,ID4728959421,EMP1890290181,-9,201901,,0,999909,-9,1,0,0,0,0,0,,1,201903,8.0,0,,,1,3936.86,1,132.41,-8,,1,4069.27,1,167.38,-8,,1,167.38,1,167.61,1,170.34,1,23.49,1,23.89,1
202407,JOB220325440813,ID8714096198,EMP7277631151,-9,202002,,0,999909,-9,1,0,0,0,0,0,,1,202003,4.0,0,,,1,4364.97,1,304.83,-8,,1,4669.8,1,160.29,-8,,1,160.29,1,162.0,1,162.29,1,26.94,1,28.77,1
202407,JOB779320828418,ID2937895404,EMP8946958471,-9,202504,,0,999909,-9,0,0,0,0,0,0,,1,202510,26.0,0,,,1,2928.12,1,773.09,1,303.91,1,4005.12,1,161.91,1,11.202951801849977,1,173.11295180185,1,160.08,1,171.28295180185,1,18.29,1,23.38,1
202611,JOB850773095597,ID2647696503,EMP7143691715,-9,201907,,0,999909,-9,0,1,0,0,0,0,,0,,,0,,,1,4524.61,-8,,-8,,1,4524.61,1,165.27,-8,,1,165.27,1,162.41,1,168.11,1,27.86,1,26.91,1
202407,JOB134338132016,ID7520724863,EMP0762650640,TMP9647716535,202110,,0,999909,-9,0,0,0,0,0,0,,0,,,1,1060.2,49.39,1,3533.99,-8,,-8,,1,3533.99,1,164.63,-8,,1,164.63,1,162.95,1,161.78,1,21.69,1,21.84,1
202503,JOB187817709763,ID4699480571,EMP2923732351,-9,202005,,0,999909,-9,1,0,0,0,0,0,,1,202011,26.0,1,1183.06,48.72,1,3943.52,-8,,-8,,1,3943.52,1,162.39,1,15.33,1,177.72,1,160.72,1,177.83,1,24.54,1,22.18,1
202503,JOB317427448998,ID5021360806,EMP8168834842,-9,201505,,0,999909,-9,1,1,0,0,0,1,PAN - Projet d'activité national,1,201511,26.0,0,,,1,5693.86,1,120.67,-8,,1,5814.53,1,172.61,-8,,1,172.61,1,175.11,1,171.93,1,32.52,1,33.82,0
202406,JOB268105625066,ID6335252615,EMP8036026516,TMP7309095233,202503,,0,999909,-9,0,1,0,0,0,0,,0,,,0,,,1,3919.68,-8,,-8,,1,3919.68,1,162.36,-8,,1,162.36,1,165.24,1,159.13,1,23.72,1,24.63,1
202412,JOB519675776164,ID1454615225,-9,-9,201704,201707,-9,201707,4,2,-8,-9,0,0,0,,-9,,,-9,,,-9,,-9,,-9,,-9,,-9,,-9,,-9,,-9,,-9,,-9,,-9,,1
202412,JOB457026914804,ID8904495266,EMP0541273345,-9,202007,,0,999909,-9,1,0,0,0,0,0,,1,202101,26.0,0,,,1,6867.14,-8,,-8,,1,6867.14,1,162.82,-8,,1,162.82,1,163.02,1,165.08,1,42.12,1,41.6,1
202508,JOB966994356951,ID8904495266,EMP3947594349,-9,202504,,0,999909,-9,0,1,0,0,0,0,,1,202507,12.0,0,,,1,2669.84,-8,,-8,,1,2669.84,1,164.73,-8,,1,164.73,1,164.73,1,162.9,1,16.21,1,16.39,1
202601,JOB331407490068,ID4712673650,EMP3262021230,-9,202102,,0,999909,-9,1,1,0,0,0,0,,1,202104,8.0,1,1482.38,50.12,1,4941.25,-8,,-8,,1,4941.25,1,167.08,-8,,1,167.08,1,164.15,1,168.79,1,30.1,1,29.27,1
202512,JOB675099197555,ID1865723640,EMP4904766390,-9,202003,,0,999909,-9,0,0,0,0,0,0,,1,202004,4.0,0,,,1,3174.75,-8,,-8,,1,3174.75,1,167.73,-8,,1,167.73,1,170.53,1,165.26,1,18.62,1,19.21,1
202403,JOB069290554381,ID3188422478,EMP2858294380,-9,201603,,0,999909,-9,1,0,0,0,0,0,,1,201609,26.0,0,,,1,7291.55,-8,,-8,,1,7291.55,1,162.72,-8,,1,162.72,1,161.47,1,161.56,1,45.16,1,45.13,1
202412,JOB653128552799,ID3984709748,EMP3662548010,-9,201911,,0,999909,-9,0,1,0,0,1,0,,0,,,0,,,1,3367.0,-8,,-8,,1,3367.0,1,160.38,1,12.91,1,173.28,1,160.15,1,176.68,1,21.02,1,19.06,1
202511,JOB115524157792,ID8143597335,EMP5853092266,-9,202511,202512,1,202512,2,0,1,0,0,0,0,,1,202601,8.0,0,,,1,4747.52,-8,,-8,,1,4747.52,1,171.81,-8,,1,171.81,1,174.46,1,170.22,1,27.21,1,27.89,1
202509,JOB851222959356,ID8143597335,-9,-9,202109,202202,-9,202202,3,2,-8,-9,0,0,0,,-9,,,-9,,,-9,,-9,,-9,,-9,,-9,,-9,,-9,,-9,,-9,,-9,,-9,,1
202502,JOB397126377273,ID6308121967,EMP0140850708,-9,202002,202302,3,202302,5,0,0,0,0,0,0,,-9,,,0,,,1,5150.85,-8,,-8,,1,5150.85,1,141.02,-8,,1,141.02,1,140.93,1,143.2,1,36.55,1,35.97,1
202610,JOB120795970932,ID0782836796,EMP1418184397,-9,201901,,0,999909,-9,0,1,0,0,0,0,,1,201902,6.0,0,,,1,3042.35,-8,,-8,,1,3042.35,1,172.25,-8,,1,172.25,1,173.89,1,170.5,1,17.5,1,17.84,1
202412,JOB492260421725,ID6579891468,EMP4014861271,-9,202401,,0,999909,-9,1,1,0,0,0,0,,1,202404,12.0,0,,,1,7055.19,1,567.49,-8,,1,7622.69,1,161.68,1,19.19,1,180.87,1,163.51,1,182.14,1,43.15,1,41.85,1
202505,JOB187407499115,ID2405807365,EMP5390159973,-9,202001,,0,999909,-9,1,0,0,0,0,0,,1,202004,12.0,0,,,1,5997.83,1,418.57,-8,,1,6416.4,1,169.56,-8,,1,169.56,1,170.38,1,171.28,1,35.2,1,37.46,1
202506,JOB851203626533,ID9398050442,-9,-9,201706,201709,-9,201709,2,2,-8,-9,0,0,0,,-9,,,-9,,,-9,,-9,,-9,,-9,,-9,,-9,,-9,,-9,,-9,,-9,,-9,,1
202402,JOB388950180510,ID6880728560,EMP5119314504,-9,201703,,0,999909,-9,0,0,0,0,0,1,CAE - Contrat d'appui-emploi,0,,,0,,,1,5996.53,-8,,-8,,1,5996.53,1,166.56,-8,,1,166.56,1,166.21,1,163.28,1,36.08,1,36.73,1
202605,JOB880097245955,ID6255813666,EMP2122155631,-9,201906,,0,999909,-9,0,1,0,0,0,0,,1,201908,8.0,0,,,1,3612.75,-8,,-8,,1,3612.75,1,170.45,-8,,1,170.45,1,172.79,1,173.05,1,20.91,1,20.88,1
202606,JOB767558311081,ID6255813666,EMP2348932364,-9,202307,202310,2,202310,4,0,1,0,0,0,0,,-9,,,0,,,1,2618.37,-8,,1,327.24,1,2945.61,1,168.25,1,14.018294395895833,1,182.26829439589582,1,170.91,1,184.92829439589582,1,15.32,1,15.93,1
202404,JOB209587601213,ID5622135064,EMP3057151959,-9,201604,,0,999909,-9,0,1,0,0,0,0,,1,201607,12.0,0,,,1,3165.78,-8,,-8,,1,3165.78,1,165.64,-8,,1,165.64,1,166.14,1,165.31,1,19.05,1,19.15,1
202409,JOB509373001638,ID3990265926,-9,-9,201602,201603,-9,201603,2,2,-8,-9,0,0,0,,-9,,,-9,,,-9,,-9,,-9,,-9,,-9,,-9,,-9,,-9,,-9,,-9,,-9,,1
202601,JOB564694713072,ID3990265926,EMP0610283496,-9,202511,,0,999909,-9,1,1,0,0,0,0,,0,,,1,1612.04,51.77,1,5373.46,1,951.74,-8,,1,6325.19,1,172.58,-8,,1,172.58,1,169.93,1,170.52,1,31.62,1,37.09,1
202508,JOB458641458231,ID0612260614,-9,-9,202206,202208,-9,202208,3,2,-8,-9,0,0,1,CAE - Contrat d'appui-emploi,-9,,,-9,,,-9,,-9,,-9,,-9,,-9,,-9,,-9,,-9,,-9,,-9,,-9,,0
202401,JOB946106014033,ID4121242835,EMP6769123579,-9,201607,202112,0,999909,-9,0,0,0,0,0,0,,1,201701,26.0,0,,,1,7830.89,-8,,-8,,1,7830.89,1,160.12,-8,,1,160.12,1,160.06,1,162.55,1,48.92,1,48.18,1
202411,JOB607172156639,ID8557754481,EMP6279549304,-9,202308,202309,1,202309,1,0,0,0,0,0,0,,1,202311,12.0,0,,,1,7391.46,-8,,-8,,1,7391.46,1,166.14,1,14.19,1,180.33,1,167.24,1,180.84,1,44.2,1,40.87,1
202406,JOB759911000128,ID8557754481,EMP3702562028,-9,201505,201705,3,201705,5,0,1,0,0,0,0,,-9,,,0,,,1,2902.94,1,385.8,-8,,1,3288.75,1,159.2,-8,,1,159.2,1,156.38,1,157.77,1,18.56,1,20.85,1
202511,JOB129631156971,ID7132090466,EMP7162678214,-9,202206,202206,1,202206,0,0,1,0,0,0,0,,1,202209,12.0,0,,,1,3769.91,1,856.15,-8,,1,4626.07,1,161.59,-8,,1,161.59,1,161.73,1,159.06,1,23.31,1,29.08,1
202501,JOB265911799639,ID6744959737,EMP1179238883,-9,202009,,0,999909,-9,0,1,0,0,0,0,,1,202012,12.0,0,,,1,4343.4,1,709.54,-8,,1,5052.94,1,162.75,1,17.12,1,179.87,1,163.46,1,179.55,1,26.57,1,28.14,1
202608,JOB305796438873,ID4807894062,EMP3462246442,-9,201703,,0,999909,-9,1,0,0,0,0,0,,1,201704,4.0,0,,,1,4874.88,-8,,-8,,1,4874.88,1,172.01,-8,,1,172.01,1,169.86,1,168.62,1,28.7,1,28.91,1
202610,JOB203613626398,ID9536403527,EMP3842481200,-9,201806,201808,2,201808,3,0,0,0,0,0,0,,-9,,,0,,,1,6064.94,1,957.61,1,1036.27,1,8058.82,1,170.62,1,19.435111020873578,1,190.0551110208736,1,172.04,1,191.47511102087356,1,35.25,1,42.09,1
202508,JOB878223855476,ID5031971117,EMP8476750634,TMP3876738429,201905,,0,999909,-9,0,1,0,0,0,0,,1,201911,26.0,0,,,1,2588.78,-8,,-8,,1,2588.78,1,160.68,-8,,1,160.68,1,159.27,1,159.31,1,16.25,1,16.25,1
202504,JOB514065340292,ID8461223918,EMP6673167850,-9,201905,202105,3,202105,5,0,0,0,0,0,0,,-9,,,0,,,1,6020.97,-8,,-8,,1,6020.97,1,164.6,-8,,1,164.6,1,163.7,1,162.2,1,36.78,1,37.12,1
202410,JOB481398298108,ID5311587079,EMP6044159385,-9,201910,,0,999909,-9,0,0,0,0,0,0,,1,201912,8.0,0,,,1,5388.28,-8,,-8,,1,5388.28,1,165.4,-8,,1,165.4,1,164.49,1,163.68,1,32.76,1,32.92,1
202404,JOB483022048728,ID2514864022,EMP7439435862,-9,202505,202506,2,202506,4,0,1,0,0,0,0,,-9,,,0,,,1,3854.17,-8,,-8,,1,3854.17,1,171.12,-8,,1,171.12,1,168.5,1,170.74,1,22.87,1,22.57,1
202601,JOB342513861755,ID2514864022,EMP6517394262,-9,201610,202012,0,999909,-9,0,0,0,0,0,0,,1,201612,8.0,0,,,1,5680.53,1,756.49,-8,,1,6437.02,1,163.42,-8,,1,163.42,1,161.23,1,165.19,1,35.23,1,38.97,1
202603,JOB244492957978,ID4300507353,EMP6128600342,-9,201706,,0,999909,-9,1,1,0,0,0,0,,1,201707,4.0,0,,,1,4094.61,-8,,-8,,1,4094.61,1,172.07,-8,,1,172.07,1,173.63,1,171.89,1,23.58,1,23.82,1
202608,JOB040839366666,ID4216961760,EMP2608955883,-9,201504,,0,999909,-9,1,0,0,0,0,0,,1,201505,4.0,0,,,1,5868.77,-8,,-8,,1,5868.77,1,167.28,-8,,1,167.28,1,170.31,1,167.26,1,34.46,1,35.09,1
202612,JOB468990098865,ID5887043208,EMP6733459840,-9,202206,202303,1,202303,4,0,1,0,0,0,0,,0,,,0,,,1,3830.46,1,106.5,-8,,1,3936.96,1,165.8,-8,,1,165.8,1,166.45,1,167.91,1,23.01,1,23.45,1
202403,JOB012880143418,ID5861347615,EMP2453880677,-9,201507,,0,999909,-9,0,1,0,0,0,0,,1,201508,6.0,1,892.05,50.47,1,2973.51,-8,,-8,,1,2973.51,1,168.23,-8,,1,168.23,1,165.49,1,170.27,1,17.97,1,17.46,1
202605,JOB180814784152,ID4279316632,EMP3588280312,-9,201809,,0,999909,-9,1,0,0,0,0,0,,0,,,0,,,1,4095.44,-8,,-8,,1,4095.44,1,161.04,-8,,1,161.04,1,159.14,1,159.65,1,25.73,1,25.65,1
202606,JOB047633011205,ID9355062942,EMP1449842778,-9,201708,,0,999909,-9,0,0,0,0,0,0,,0,,,0,,,1,5120.76,-8,,-8,,1,5120.76,1,166.24,-8,,1,166.24,1,164.67,1,168.48,1,31.1,1,30.39,1
202402,JOB127822234232,ID1508062729,EMP2309701268,-9,201808,,0,999909,-9,0,0,1,0,0,0,,1,201809,4.0,0,,,1,3801.21,-8,,-8,,1,3801.21,1,170.09,-8,,1,170.09,1,172.26,1,172.32,1,22.07,1,22.06,1
202403,JOB227758887143,ID2279346290,EMP6539347970,-9,201505,,0,999909,-9,0,1,0,0,0,0,,0,,,0,,,1,4017.91,-8,,-8,,1,4017.91,1,171.37,-8,,1,171.37,1,171.84,1,170.08,1,23.38,1,23.62,1
202408,JOB617013635300,ID2107579188,-9,-9,201806,201812,-9,201812,4,2,-8,-9,0,0,0,,-9,,,-9,,,-9,,-9,,-9,,-9,,-9,,-9,,-9,,-9,,-9,,-9,,-9,,1
202611,JOB983413457081,ID1338516631,EMP7753433747,-9,201906,,0,999909,-9,0,0,0,0,0,0,,0,,,0,,,1,6400.41,-8,,-8,,1,6400.41,1,160.35,-8,,1,160.35,1,161.19,1,159.81,1,39.71,1,40.05,1
202604,JOB550415879048,ID8825997854,-9,-9,201704,201705,-9,201705,4,2,-8,-9,0,0,0,,-9,,,-9,,,-9,,-9,,-9,,-9,,-9,,-9,,-9,,-9,,-9,,-9,,-9,,1
202508,JOB797978268624,ID0894094347,EMP5831409171,-9,201810,,0,999909,-9,0,0,0,0,0,0,,1,201811,4.0,0,,,1,4211.81,1,467.54,1,442.59,1,5121.93,1,163.45,1,11.45046943685377,1,174.90046943685377,1,164.96,1,176.4104694368538,1,25.53,1,29.03,1
202506,JOB623913967743,ID5549041845,EMP4146717016,-9,202204,202208,1,202208,3,0,1,0,0,0,0,,1,202206,8.0,1,932.58,51.56,1,3108.6,-8,,-8,,1,3108.6,1,171.86,-8,,1,171.86,1,174.1,1,168.88,1,17.86,1,18.41,1
202604,JOB411529926440,ID7675200349,EMP8410867240,-9,202505,,0,999909,-9,0,1,0,0,0,0,,1,202506,4.0,0,,,1,4337.86,-8,,-8,,1,4337.86,1,168.61,-8,,1,168.61,1,168.22,1,167.23,1,25.79,1,25.94,1
202604,JOB416993769708,ID1129829883,EMP6329567584,-9,201904,,0,999909,-9,0,1,0,0,0,0,,1,201905,6.0,0,,,1,4719.29,1,870.31,-8,,1,5589.6,1,170.35,-8,,1,170.35,1,167.61,1,168.7,1,28.16,1,33.13,1
202603,JOB623402164667,ID8853783814,EMP1934298624,TMP4058279914,202405,,0,999909,-9,0,0,0,0,0,0,,1,202406,4.0,0,,,1,4765.87,1,904.37,-8,,1,5670.24,1,169.0,-8,,1,169.0,1,166.36,1,172.09,1,28.65,1,32.95,1
202512,JOB045525265460,ID1869056380,EMP6792688833,-9,202407,202501,2,202501,4,0,1,0,0,0,0,,-9,,,0,,,1,3266.14,1,281.02,-8,,1,3547.16,1,163.12,-8,,1,163.12,1,164.75,1,165.37,1,19.82,1,21.45,1
202601,JOB110506835877,ID3390074628,EMP6631619864,-9,202207,202507,3,202507,5,0,0,0,0,0,0,,-9,,,0,,,1,7422.9,-8,,-8,,1,7422.9,1,162.84,1,6.72,1,169.56,1,162.18,1,172.3,1,45.77,1,43.08,1
202512,JOB956056073771,ID1214885145,EMP1882420512,-9,202111,,0,999909,-9,0,0,0,0,0,1,CAE - Contrat d'appui-emploi,1,202201,8.0,0,,,1,5426.59,-8,,-8,,1,5426.59,1,163.28,-8,,1,163.28,1,162.93,1,165.69,1,33.31,1,32.75,1
202505,JOB754372954125,ID2834863557,EMP2111697366,-9,202509,202509,1,202509,0,0,1,0,0,0,0,,0,,,0,,,1,3581.47,1,770.56,-8,,1,4352.03,1,162.56,-8,,1,162.56,1,161.46,1,161.96,1,22.18,1,26.87,0
202502,JOB566633080254,ID8481369565,EMP3731676987,-9,201907,,0,999909,-9,1,1,0,0,0,0,,1,202001,26.0,0,,,1,6002.45,1,341.77,-8,,1,6344.22,1,160.3,-8,,1,160.3,1,158.28,1,159.11,1,37.92,1,39.87,1
202412,JOB489730123199,ID8481369565,EMP5662697955,-9,201910,,0,999909,-9,0,0,0,0,0,0,,0,,,0,,,1,7769.36,-8,,-8,,1,7769.36,1,171.67,-8,,1,171.67,1,171.55,1,170.62,1,45.29,1,45.54,1
202506,JOB840615736356,ID9897727094,EMP1906283600,-9,201504,,0,999909,-9,0,0,0,0,0,0,,1,201505,6.0,0,,,1,5142.56,-8,,1,305.61,1,5448.17,1,172.73,1,6.843270583555738,1,179.57327058355574,1,170.91,1,177.75327058355575,1,30.09,1,30.65,1
202608,JOB207121138712,ID6331506792,EMP7083971534,-9,202501,,0,999909,-9,0,0,0,0,0,0,,1,202503,8.0,1,1242.32,50.21,1,4141.06,1,779.57,-8,,1,4920.63,1,167.38,-8,,1,167.38,1,168.42,1,168.26,1,24.59,1,29.24,1
202407,JOB190574179321,ID7449142234,EMP5440987418,-9,202401,202503,0,999909,-9,0,1,0,0,0,0,,1,202404,12.0,0,,,1,3675.3,1,110.09,-8,,1,3785.39,1,167.46,-8,,1,167.46,1,169.03,1,166.03,1,21.74,1,22.8,1
202605,JOB306121268342,ID2696317771,-9,-9,202411,202504,-9,202504,4,2,-8,-9,0,0,1,CAE - Contrat d'appui-emploi,-9,,,-9,,,-9,,-9,,-9,,-9,,-9,,-9,,-9,,-9,,-9,,-9,,-9,,1
202503,JOB773187987811,ID6684074198,EMP1327858210,-9,201707,201708,1,201708,1,0,0,0,0,0,0,,1,201708,6.0,0,,,1,7381.25,1,807.33,-8,,1,8188.59,1,166.51,-8,,1,166.51,1,164.3,1,165.7,1,44.93,1,49.42,1
202406,JOB033154139385,ID2495806953,EMP0379703549,-9,202206,,0,999909,-9,1,1,0,0,0,0,,0,,,0,,,1,4526.47,-8,,-8,,1,4526.47,1,169.28,1,9.1,1,178.38,1,167.95,1,177.19,1,26.95,1,25.55,1
202608,JOB403248735700,ID5562126137,EMP0711691741,TMP1711065838,202102,202605,0,999909,-9,1,1,0,0,0,0,,1,202104,8.0,0,,,1,6749.79,-8,,-8,,1,6749.79,1,165.69,-8,,1,165.69,1,164.26,1,167.83,1,41.09,1,40.22,1
202612,JOB551224494887,ID2772828975,EMP0934674484,-9,201811,,0,999909,-9,0,1,0,0,0,0,,1,201902,12.0,0,,,1,4029.25,1,340.0,-8,,1,4369.26,1,163.17,-8,,1,163.17,1,161.03,1,162.28,1,25.02,1,26.92,1
202406,JOB785566572007,ID1688813990,EMP1208133241,-9,201604,,0,999909,-9,0,1,0,0,0,0,,0,,,0,,,1,2796.43,-8,,1,327.79,1,3124.22,1,166.97,1,13.047897348988535,1,180.01789734898853,1,168.14,1,181.1878973489885,1,16.63,1,17.24,1
202508,JOB116537754628,ID7125093700,EMP4061632839,-9,202203,202606,0,999909,-9,0,1,0,0,0,0,,1,202204,4.0,0,,,1,3954.26,-8,,-8,,1,3954.26,1,160.21,-8,,1,160.21,1,158.91,1,161.51,1,24.88,1,24.48,1
202507,JOB612206671555,ID1410468715,EMP6504676550,-9,201704,201708,1,201708,3,0,1,0,0,0,0,,1,201706,8.0,0,,,1,3888.35,-8,,-8,,1,3888.35,1,172.43,-8,,1,172.43,1,170.65,1,173.21,1,22.79,1,22.45,1
202403,JOB527711315176,ID8222488458,EMP7882355135,-9,201806,,0,999909,-9,0,0,0,0,0,0,,1,201807,4.0,0,,,1,5564.56,-8,,-8,,1,5564.56,1,167.7,1,12.56,1,180.26,1,168.45,1,181.82,1,33.03,1,30.6,1
202403,JOB794339595642,ID8664709863,EMP2314490817,-9,202009,,0,999909,-9,1,0,0,0,0,0,,1,202011,8.0,0,,,1,6108.76,-8,,-8,,1,6108.76,1,169.54,-8,,1,169.54,1,167.05,1,169.55,1,36.57,1,36.03,1
202609,JOB066027594542,ID0136622063,EMP5337980530,-9,202110,,0,999909,-9,0,1,0,0,0,1,CAE - Contrat d'appui-emploi,1,202112,8.0,0,,,1,3961.34,-8,,-8,,1,3961.34,1,167.12,1,5.35,1,172.47,1,169.83,1,171.16,1,23.33,1,23.14,1
202611,JOB775257464157,ID8159218169,EMP4808663164,-9,202506,,0,999909,-9,1,0,0,0,0,0,,1,202509,12.0,0,,,1,3838.51,-8,,-8,,1,3838.51,1,164.43,-8,,1,164.43,1,167.62,1,166.69,1,22.9,1,23.03,1
202608,JOB658914976519,ID5331640079,EMP0174993837,-9,201509,,0,999909,-9,0,0,0,0,0,0,,1,201512,12.0,0,,,1,3229.3,-8,,-8,,1,3229.3,1,171.68,-8,,1,171.68,1,171.34,1,174.05,1,18.85,1,18.55,1
202610,JOB401841864223,ID1074430320,EMP5960539624,-9,202303,202509,0,999909,-9,0,1,0,0,0,0,,1,202304,6.0,0,,,1,3072.37,-8,,-8,,1,3072.37,1,161.47,-8,,1,161.47,1,159.8,1,163.32,1,19.23,1,18.81,1
202601,JOB014015250300,ID1892901544,EMP6464173135,-9,202007,202307,3,202307,5,0,1,0,0,0,0,,-9,,,1,1052.65,43.62,1,3508.83,-8,,-8,,1,3508.83,1,145.41,-8,,1,145.41,1,144.72,1,142.99,1,24.25,1,24.54,1
202403,JOB853931389557,ID3511401908,EMP1794365532,-9,202210,,0,999909,-9,0,0,0,0,0,0,,1,202304,26.0,0,,,1,7149.6,-8,,-8,,1,7149.6,1,172.67,-8,,1,172.67,1,169.52,1,175.18,1,42.18,1,40.81,1
202612,JOB441322071084,ID2430496856,EMP2565892848,-9,202401,,3,202701,5,0,0,0,0,0,0,,-9,,,0,,,1,7813.6,1,376.48,-8,,1,8190.08,1,159.1,-8,,1,159.1,1,156.9,1,157.02,1,49.8,1,52.16,1
202601,JOB088783461884,ID2430496856,EMP5243452436,-9,201509,201511,2,201511,4,0,1,0,0,0,0,,-9,,,0,,,1,3243.34,1,977.49,-8,,1,4220.83,1,171.51,-8,,1,171.51,1,173.25,1,168.34,1,18.72,1,25.07,1
202511,JOB761102251446,ID4607682314,EMP4841326971,-9,201803,201909,1,201909,5,0,0,0,0,0,0,,1,201806,12.0,0,,,1,6459.98,-8,,-8,,1,6459.98,1,166.68,-8,,1,166.68,1,164.54,1,169.1,1,39.26,1,38.2,1
202502,JOB621527381855,ID2274731987,EMP6954571752,-9,201703,,0,999909,-9,1,0,0,0,0,0,,1,201704,4.0,0,,,1,3790.83,-8,,-8,,1,3790.83,1,166.53,-8,,1,166.53,1,169.42,1,168.68,1,22.38,1,22.47,1
202408,JOB210315538316,ID9607085194,-9,-9,202210,202302,-9,202302,3,2,-8,-9,0,0,0,,-9,,,-9,,,-9,,-9,,-9,,-9,,-9,,-9,,-9,,-9,,-9,,-9,,-9,,1
202607,JOB199931964076,ID2371703548,EMP0150043852,-9,201803,,0,999909,-9,0,1,0,0,0,0,,1,201804,4.0,0,,,1,3656.33,-8,,1,267.64,1,3923.97,1,160.33,1,7.824101686075873,1,168.15410168607588,1,162.07,1,169.89410168607586,1,22.56,1,23.1,1
202505,JOB123689297569,ID9565635972,EMP8864714949,-9,202403,202507,0,999909,-9,1,0,1,0,1,0,,0,,,0,,,1,6571.26,-8,,-8,,1,6571.26,1,161.19,-8,,1,161.19,1,159.94,1,159.66,1,41.09,1,41.16,1
202601,JOB425634431216,ID1228683512,EMP9090793969,-9,202509,,0,999909,-9,1,0,0,0,0,0,,0,,,1,1556.87,50.14,1,5189.57,-8,,-8,,1,5189.57,1,167.13,-8,,1,167.13,1,163.9,1,168.42,1,31.66,1,30.81,1
202506,JOB331933382466,ID1948675683,EMP0937328201,-9,202011,202012,0,999909,-9,0,1,0,0,0,0,,1,202105,26.0,0,,,1,4550.95,-8,,-8,,1,4550.95,1,165.42,-8,,1,165.42,1,163.06,1,164.13,1,27.91,1,27.73,1
202503,JOB445772008050,ID3814121455,EMP8045895428,TMP8549915795,202410,,0,999909,-9,0,1,0,0,0,0,,1,202411,4.0,0,,,1,3397.68,-8,,-8,,1,3397.68,1,161.73,-8,,1,161.73,1,159.55,1,160.16,1,21.3,1,21.21,1
202511,JOB026676543885,ID1957217894,EMP3805334326,-9,202303,,0,999909,-9,1,1,0,0,0,0,,0,,,0,,,1,6101.96,-8,,-8,,1,6101.96,1,166.94,-8,,1,166.94,1,169.06,1,163.69,1,36.09,1,37.28,1
202404,JOB280727358674,ID1957217894,EMP2805886915,-9,202504,202508,1,202508,3,0,0,0,0,0,0,,0,,,0,,,1,5620.33,1,895.52,-8,,1,6515.84,1,166.94,-8,,1,166.94,1,163.85,1,163.73,1,34.3,1,39.8,1
202501,JOB192289285027,ID1437259849,EMP4940606783,-9,202407,,0,999909,-9,0,1,0,0,0,0,,0,,,1,849.96,50.82,1,2833.21,1,511.46,-8,,1,3344.67,1,169.41,-8,,1,169.41,1,172.59,1,169.13,1,16.42,1,19.78,1
202406,JOB078121604901,ID7026607902,EMP8926500399,-9,201904,201905,1,201905,2,0,1,0,0,0,0,,0,,,0,,,1,2890.91,-8,,-8,,1,2890.91,1,161.31,-8,,1,161.31,1,159.42,1,162.29,1,18.13,1,17.81,1
202511,JOB924711235173,ID6883715714,EMP5957244937,-9,201604,,0,999909,-9,1,1,0,0,0,0,,1,201610,26.0,0,,,1,5842.51,-8,,-8,,1,5842.51,1,164.8,-8,,1,164.8,1,161.82,1,167.94,1,36.1,1,34.79,1
202609,JOB474369468054,ID6470260168,EMP6354153053,-9,202203,202503,3,202503,5,0,0,0,0,0,0,,-9,,,0,,,1,8452.75,1,374.17,-8,,1,8826.92,1,172.69,-8,,1,172.69,1,175.06,1,174.17,1,48.28,1,50.68,1
202501,JOB528400353244,ID6943837402,EMP5768833516,-9,202107,202404,0,999909,-9,0,1,0,0,0,0,,0,,,0,,,1,4051.89,-8,,1,682.55,1,4734.45,1,166.66,1,18.71625475121164,1,185.37625475121163,1,166.06,1,184.77625475121164,1,24.4,1,25.62,1
202412,JOB290756818819,ID6772276723,EMP5577447696,-9,202403,202412,0,999909,-9,0,0,0,0,0,0,,1,202406,12.0,0,,,1,7704.47,-8,,-8,,1,7704.47,1,169.41,-8,,1,169.41,1,170.07,1,166.99,1,45.3,1,46.14,1
202610,JOB534329506460,ID2227002616,EMP0155166072,-9,202106,202110,1,202110,3,0,0,0,0,0,0,,1,202109,12.0,0,,,1,5051.24,-8,,-8,,1,5051.24,1,160.61,-8,,1,160.61,1,163.08,1,163.36,1,30.97,1,30.92,1
202406,JOB491090539040,ID5751714522,EMP0444181769,-9,202211,202211,1,202211,0,0,1,0,0,0,1,CAE - Contrat d'appui-emploi,0,,,0,,,1,3745.88,1,760.54,-8,,1,4506.43,1,164.08,-8,,1,164.08,1,164.13,1,165.03,1,22.82,1,27.31,1
202509,JOB842823963916,ID6972900643,EMP3888870527,-9,201806,202106,3,202106,5,0,1,0,0,0,0,,-9,,,0,,,1,3894.5,1,219.95,-8,,1,4114.45,1,172.01,-8,,1,172.01,1,171.25,1,175.4,1,22.74,1,23.46,1
202602,JOB408341585839,ID8533876575,-9,-9,202406,202407,-9,202407,3,2,-8,-9,0,0,0,,-9,,,-9,,,-9,,-9,,-9,,-9,,-9,,-9,,-9,,-9,,-9,,-9,,-9,,1
202509,JOB672696191238,ID7895842952,EMP0508335042,-9,202004,,0,999909,-9,1,1,0,0,0,0,,0,,,0,,,1,3940.76,1,282.89,-8,,1,4223.65,1,167.19,-8,,1,167.19,1,165.13,1,166.12,1,23.86,1,25.43,1
202412,JOB292778236813,ID6853193556,EMP1434204249,-9,202109,202110,1,202110,2,0,1,0,0,0,0,,0,,,0,,,1,4544.58,-8,,-8,,1,4544.58,1,171.56,-8,,1,171.56,1,169.85,1,168.31,1,26.76,1,27.0,1
202606,JOB516465301938,ID3145662528,-9,-9,202103,202108,-9,202108,4,2,-8,-9,0,0,1,CAE - Contrat d'appui-emploi,-9,,,-9,,,-9,,-9,,-9,,-9,,-9,,-9,,-9,,-9,,-9,,-9,,-9,,1
202609,JOB384403901034,ID0476778390,EMP9022559061,-9,202203,,0,999909,-9,1,1,0,0,0,0,,1,202209,26.0,0,,,1,5290.63,-8,,-8,,1,5290.63,1,168.22,-8,,1,168.22,1,169.85,1,166.37,1,31.15,1,31.8,1
202607,JOB744456935835,ID8249328325,EMP4103267887,-9,202102,,0,999909,-9,1,0,0,0,0,0,,1,202108,26.0,1,1118.28,48.38,1,3727.59,-8,,-8,,1,3727.59,1,161.28,-8,,1,161.28,1,159.99,1,158.79,1,23.3,1,23.47,1
202605,JOB131057169943,ID8906593793,EMP9185686748,-9,202009,202309,3,202309,5,0,0,0,0,0,0,,-9,,,0,,,1,6445.77,-8,,-8,,1,6445.77,1,167.48,1,12.37,1,179.85,1,166.03,1,181.92,1,38.82,1,35.43,1
202609,JOB513341231503,ID3059761801,EMP3777474673,-9,201501,201502,1,201502,2,0,0,0,0,0,0,,1,201502,4.0,1,1834.77,48.12,1,6115.91,-8,,-8,,1,6115.91,1,160.41,-8,,1,160.41,1,158.68,1,162.39,1,38.54,1,37.66,1
202404,JOB345756834822,ID1660729989,EMP7789348433,-9,202310,202311,2,202311,2,0,0,0,0,0,0,,-9,,,0,,,1,6117.82,-8,,-8,,1,6117.82,1,170.7,-8,,1,170.7,1,167.49,1,173.68,1,36.53,1,35.22,0
202408,JOB345550145307,ID2063399534,EMP3002290077,-9,202006,202010,1,202010,3,0,1,0,0,0,0,,1,202012,26.0,0,,,1,3055.68,-8,,1,405.52,1,3461.2,1,171.54,1,15.176782033575476,1,186.71678203357547,1,173.64,1,188.81678203357546,1,17.6,1,18.33,1
202607,JOB640116628927,ID9912028021,EMP9308155507,-9,202501,202505,1,202505,3,0,1,0,0,0,1,CAE - Contrat d'appui-emploi,1,202502,4.0,0,,,1,4073.31,-8,,-8,,1,4073.31,1,169.18,-8,,1,169.18,1,165.93,1,166.16,1,24.55,1,24.51,1
202510,JOB896469624341,ID0908525946,EMP3499925549,-9,202403,,0,999909,-9,0,1,0,0,0,0,,1,202405,8.0,0,,,1,2867.13,-8,,-8,,1,2867.13,1,161.75,-8,,1,161.75,1,163.33,1,160.48,1,17.55,1,17.87,1
202405,JOB617369654035,ID2466896761,EMP6874291293,-9,201801,201903,0,999909,-9,0,0,0,0,0,0,,1,201804,12.0,0,,,1,5644.88,-8,,-8,,1,5644.88,1,170.29,-8,,1,170.29,1,173.18,1,167.13,1,32.6,1,33.78,1
202411,JOB698434959795,ID4880640685,EMP8232471146,-9,202208,,0,999909,-9,1,0,0,0,0,0,,1,202209,4.0,0,,,1,4433.39,-8,,-8,,1,4433.39,1,167.1,1,14.72,1,181.82,1,169.16,1,182.16,1,26.21,1,24.34,1
202502,JOB295916039989,ID2096358792,EMP8905215257,TMP7031442510,202402,,0,999909,-9,0,1,0,0,0,0,,1,202405,12.0,0,,,1,3712.85,-8,,-8,,1,3712.85,1,168.13,1,6.31,1,174.43,1,170.11,1,176.81,1,21.83,1,21.0,1
202408,JOB986172928832,ID1109005370,EMP2983746122,-9,202408,,0,999909,-9,0,0,0,0,0,0,,1,202409,6.0,0,,,1,7738.46,-8,,-8,,1,7738.46,1,169.17,-8,,1,169.17,1,169.27,1,168.76,1,45.72,1,45.85,1
202507,JOB910856886155,ID5472401891,EMP5351359207,-9,202310,202609,0,999909,-9,0,1,0,0,0,0,,1,202311,6.0,0,,,1,4099.66,-8,,-8,,1,4099.66,1,161.73,-8,,1,161.73,1,160.62,1,164.44,1,25.52,1,24.93,1
202401,JOB343429664312,ID1870570810,EMP1885182164,-9,201510,202409,0,999909,-9,1,1,0,0,0,1,CAE - Contrat d'appui-emploi,0,,,0,,,1,5798.29,1,990.69,-8,,1,6788.98,1,168.74,-8,,1,168.74,1,170.73,1,168.34,1,33.96,1,40.33,1
202410,JOB647990974223,ID4847697397,EMP5029139302,-9,201605,201609,1,201609,3,0,1,0,0,0,0,,1,201607,8.0,0,,,1,2553.76,-8,,-8,,1,2553.76,1,163.06,-8,,1,163.06,1,160.37,1,162.42,1,15.92,1,15.72,0
202607,JOB604869129065,ID9195639386,EMP8282113591,-9,202008,,0,999909,-9,0,0,0,1,0,0,,1,202102,26.0,0,,,1,6798.25,-8,,-8,,1,6798.25,1,169.91,-8,,1,169.91,1,168.48,1,170.24,1,40.35,1,39.93,1
202611,JOB256266578165,ID6159072667,EMP7458028240,-9,201502,201608,1,201608,5,0,1,0,0,0,0,,0,,,0,,,1,4450.15,-8,,1,574.86,1,5025.0,1,162.28,1,13.97520087528087,1,176.25520087528088,1,159.34,1,173.31520087528088,1,27.93,1,28.99,1
202611,JOB568400658615,ID1365243943,EMP8435814918,-9,202108,,0,999909,-9,0,1,0,0,0,0,,1,202110,8.0,0,,,1,2771.36,1,109.48,-8,,1,2880.84,1,167.22,1,10.84,1,178.06,1,164.92,1,177.97,1,16.8,1,16.19,1
202408,JOB171645441125,ID1365243943,-9,-9,201811,201812,-9,201812,2,2,-8,-9,0,0,0,,-9,,,-9,,,-9,,-9,,-9,,-9,,-9,,-9,,-9,,-9,,-9,,-9,,-9,,1
202601,JOB121878542702,ID2090324007,EMP0945574639,-9,201904,,0,999909,-9,1,0,0,0,0,0,,1,201905,4.0,0,,,1,5142.79,-8,,-8,,1,5142.79,1,168.75,-8,,1,168.75,1,165.56,1,168.35,1,31.06,1,30.55,1
202506,JOB531159749786,ID1339745021,EMP6439132614,-9,201901,,0,999909,-9,0,0,0,0,0,0,,1,201907,26.0,0,,,1,6212.96,-8,,-8,,1,6212.96,1,163.92,-8,,1,163.92,1,161.6,1,161.26,1,38.45,1,38.53,1
202607,JOB355708747652,ID5396350299,EMP8683843247,-9,201805,,0,999909,-9,0,0,0,1,0,0,,1,201808,12.0,0,,,1,4475.87,1,849.1,-8,,1,5324.98,1,163.09,1,12.87,1,175.96,1,162.96,1,177.06,1,27.47,1,30.07,1
202506,JOB091177864964,ID0717965321,EMP6588949214,-9,201901,,0,999909,-9,0,0,0,0,0,0,,1,201903,8.0,0,,,1,6485.91,-8,,-8,,1,6485.91,1,168.67,-8,,1,168.67,1,170.2,1,167.97,1,38.11,1,38.61,1
202404,JOB898343702410,ID2954017955,-9,-9,202205,202206,-9,202206,3,2,-8,-9,0,0,0,,-9,,,-9,,,-9,,-9,,-9,,-9,,-9,,-9,,-9,,-9,,-9,,-9,,-9,,1
202511,JOB602015812870,ID2954017955,EMP4793200242,-9,201807,,0,999909,-9,1,0,0,0,0,0,,0,,,0,,,1,6478.96,-8,,-8,,1,6478.96,1,165.18,-8,,1,165.18,1,165.28,1,164.91,1,39.2,1,39.29,1
202601,JOB815180496377,ID3841273106,EMP0270021005,-9,201707,201804,1,201804,4,0,1,0,0,0,0,,1,201709,8.0,1,945.07,49.59,1,3150.25,1,422.19,-8,,1,3572.44,1,165.29,-8,,1,165.29,1,167.56,1,162.22,1,18.8,1,22.02,1
202610,JOB804718830310,ID4738352141,EMP1127470540,-9,202011,,0,999909,-9,1,1,0,0,0,0,,0,,,0,,,1,4979.96,-8,,-8,,1,4979.96,1,160.51,-8,,1,160.51,1,157.84,1,158.93,1,31.55,1,31.33,1
202509,JOB518185381243,ID4386625028,EMP8311410095,TMP1682187406,201911,,0,999909,-9,0,0,0,0,0,0,,1,202001,8.0,0,,,1,6551.04,1,994.11,-8,,1,7545.15,1,167.85,-8,,1,167.85,1,169.16,1,170.23,1,38.73,1,44.32,1
202401,JOB022949451319,ID4922073556,EMP8948470717,TMP6961387343,202101,202212,0,999909,-9,0,0,0,0,0,0,,0,,,0,,,1,6288.82,1,514.75,-8,,1,6803.57,1,167.67,-8,,1,167.67,1,169.32,1,167.03,1,37.14,1,40.73,1
202604,JOB711023477047,ID4922073556,EMP2902388139,-9,202409,,0,999909,-9,0,1,0,0,0,1,PAN - Projet d'activité national,1,202411,8.0,0,,,1,2767.75,1,935.91,1,443.07,1,4146.73,1,165.11,1,17.620937794283627,1,182.73093779428365,1,162.79,1,180.41093779428363,1,17.0,1,22.98,1
202605,JOB714254633072,ID7214846346,-9,-9,202406,202410,-9,202410,2,2,-8,-9,0,0,0,,-9,,,-9,,,-9,,-9,,-9,,-9,,-9,,-9,,-9,,-9,,-9,,-9,,-9,,1
202609,JOB989396157443,ID3392033009,EMP4288118462,-9,202503,,0,999909,-9,1,0,0,0,0,0,,1,202506,12.0,0,,,1,4084.76,-8,,-8,,1,4084.76,1,171.39,1,14.9,1,186.28,1,171.15,1,188.14,1,23.87,1,21.71,1
202606,JOB786560741688,ID2535396540,EMP1134698419,-9,202404,,0,999909,-9,0,1,0,0,0,0,,1,202405,4.0,1,1375.02,51.14,1,4583.41,-8,,-8,,1,4583.41,1,170.47,-8,,1,170.47,1,173.46,1,167.44,1,26.42,1,27.37,1
202608,JOB593675359464,ID4938713443,EMP5752621338,-9,202101,,0,999909,-9,1,1,0,0,0,0,,0,,,1,1190.87,48.45,1,3969.58,-8,,-8,,1,3969.58,1,161.51,-8,,1,161.51,1,161.66,1,163.17,1,24.56,1,24.33,1
202601,JOB249092189000,ID3109069295,EMP9132531129,-9,201708,,0,999909,-9,0,0,0,0,0,0,,0,,,0,,,1,5582.4,1,874.28,-8,,1,6456.68,1,163.1,-8,,1,163.1,1,165.85,1,164.97,1,33.66,1,39.14,1
202512,JOB024360411037,ID3109069295,EMP4086004512,-9,202209,,0,999909,-9,0,1,0,0,0,0,,1,202211,8.0,0,,,1,2908.94,-8,,1,423.65,1,3332.59,1,171.6,1,16.6608194895947,1,188.2608194895947,1,171.48,1,188.1408194895947,1,16.96,1,17.71,1
202410,JOB684716711007,ID3415791929,EMP9851921804,-9,202110,,0,999909,-9,1,1,0,0,0,0,,0,,,0,,,1,4192.13,-8,,-8,,1,4192.13,1,170.53,-8,,1,170.53,1,171.07,1,168.87,1,24.51,1,24.82,1
202605,JOB623216824197,ID8696635734,EMP5332840939,-9,201504,,0,999909,-9,0,1,0,0,0,0,,1,201510,26.0,0,,,1,4357.41,-8,,-8,,1,4357.41,1,164.23,-8,,1,164.23,1,162.76,1,164.5,1,26.77,1,26.49,1
202605,JOB063967739232,ID0087292429,EMP5112683317,-9,201610,,0,999909,-9,0,0,0,0,0,0,,1,201704,26.0,0,,,1,7068.34,-8,,-8,,1,7068.34,1,170.9,-8,,1,170.9,1,167.92,1,172.26,1,42.09,1,41.03,1
202504,JOB602181299578,ID3055931942,EMP5890016780,-9,202503,202505,2,202505,4,0,0,0,0,0,0,,-9,,,0,,,1,6014.28,-8,,1,1030.36,1,7044.64,1,170.13,1,19.430904470198136,1,189.56090447019812,1,171.87,1,191.30090447019813,1,34.99,1,36.82,1
202609,JOB485613662628,ID3055931942,EMP7344876219,-9,202503,,0,999909,-9,0,1,0,0,0,0,,1,202505,8.0,0,,,1,2956.76,-8,,1,251.77,1,3208.53,1,172.21,1,9.775851207018258,1,181.98585120701827,1,168.84,1,178.61585120701827,1,17.51,1,17.96,1
202610,JOB961357826183,ID9265064823,-9,-9,202401,202406,-9,202406,3,2,-8,-9,0,0,0,,-9,,,-9,,,-9,,-9,,-9,,-9,,-9,,-9,,-9,,-9,,-9,,-9,,-9,,1
202503,JOB345300470319,ID5092277286,EMP4164443358,-9,201509,202606,0,999909,-9,0,0,0,0,0,0,,1,201603,26.0,0,,,1,6387.96,-8,,-8,,1,6387.96,1,163.57,-8,,1,163.57,1,161.59,1,163.46,1,39.53,1,39.08,1
202505,JOB318246701788,ID5092277286,EMP1354321812,-9,202210,,0,999909,-9,0,1,0,0,0,0,,0,,,0,,,1,3645.25,-8,,-8,,1,3645.25,1,171.17,-8,,1,171.17,1,174.21,1,172.09,1,20.92,1,21.18,1
202408,JOB872813622767,ID8269619525,EMP9279054133,-9,202103,,0,999909,-9,0,1,0,0,0,0,,0,,,0,,,1,2533.37,1,297.43,-8,,1,2830.8,1,163.14,-8,,1,163.14,1,161.21,1,163.65,1,15.71,1,17.3,0
202609,JOB073651133274,ID6632160380,EMP4975014821,TMP1929880928,202408,,0,999909,-9,0,1,0,0,0,0,,1,202409,4.0,0,,,1,4437.17,-8,,-8,,1,4437.17,1,160.87,-8,,1,160.87,1,163.23,1,160.83,1,27.18,1,27.59,1
202504,JOB759462613221,ID2005508569,EMP6828081621,-9,201503,,0,999909,-9,1,0,0,0,0,1,CAE - Contrat d'appui-emploi,1,201505,8.0,0,,,1,4862.66,-8,,-8,,1,4862.66,1,163.73,-8,,1,163.73,1,166.45,1,161.29,1,29.21,1,30.15,1
202512,JOB395178801431,ID0769500872,EMP2228819826,-9,202103,,0,999909,-9,0,1,0,0,0,0,,1,202105,8.0,0,,,1,4145.67,-8,,-8,,1,4145.67,1,170.15,-8,,1,170.15,1,170.83,1,173.19,1,24.27,1,23.94,1
202406,JOB835275617139,ID5672152409,-9,-9,201705,201710,-9,201710,3,2,-8,-9,0,0,0,,-9,,,-9,,,-9,,-9,,-9,,-9,,-9,,-9,,-9,,-9,,-9,,-9,,-9,,1
202606,JOB196263365384,ID6370082512,EMP7773362342,-9,201709,,0,999909,-9,1,1,0,0,1,0,,0,,,0,,,1,4583.74,-8,,-8,,1,4583.74,1,169.61,-8,,1,169.61,1,169.27,1,168.51,1,27.08,1,27.2,1
202603,JOB206337067910,ID2899885505,EMP4285579873,-9,202103,,0,999909,-9,1,0,0,0,0,0,,1,202105,8.0,0,,,1,6235.28,1,431.56,-8,,1,6666.84,1,162.76,-8,,1,162.76,1,162.98,1,159.73,1,38.26,1,41.74,1
202405,JOB328435788471,ID6466604589,EMP5415970541,-9,202011,,0,999909,-9,0,0,0,0,0,0,,0,,,0,,,1,7393.66,1,814.66,-8,,1,8208.33,1,172.81,-8,,1,172.81,1,174.24,1,174.99,1,42.43,1,46.91,1
202408,JOB004598893419,ID5608108578,EMP9617644329,-9,201905,,0,999909,-9,0,0,0,0,0,0,,0,,,1,1862.69,51.51,1,6208.96,-8,,-8,,1,6208.96,1,171.71,-8,,1,171.71,1,171.49,1,173.31,1,36.21,1,35.83,1
202605,JOB106153433667,ID4945992485,EMP1288107910,-9,202303,,0,999909,-9,1,1,0,0,0,0,,1,202304,6.0,0,,,1,6742.1,1,445.18,-8,,1,7187.29,1,167.36,-8,,1,167.36,1,169.04,1,165.25,1,39.88,1,43.49,1
202406,JOB088615892507,ID7087254662,EMP1333959752,-9,202407,,0,999909,-9,1,0,0,0,0,0,,1,202501,26.0,0,,,1,5253.93,-8,,-8,,1,5253.93,1,161.05,-8,,1,161.05,1,162.65,1,160.8,1,32.3,1,32.67,1
202411,JOB386360574707,ID0256236406,EMP6703100511,-9,202102,202103,1,202103,2,0,1,0,0,0,0,,1,202108,26.0,0,,,1,4706.35,-8,,-8,,1,4706.35,1,170.07,1,19.66,1,189.73,1,171.0,1,190.9,1,27.52,1,24.65,1
202607,JOB738411073429,ID5505635306,EMP4641171393,-9,202311,,0,999909,-9,0,0,0,0,0,0,,1,202312,6.0,0,,,1,7349.55,1,226.77,1,1041.96,1,8618.27,1,169.72,1,16.040982728808455,1,185.76098272880844,1,167.3,1,183.34098272880846,1,43.93,1,47.01,1
202509,JOB750411905078,ID6007851815,-9,-9,202503,202508,-9,202508,2,2,-8,-9,0,0,0,,-9,,,-9,,,-9,,-9,,-9,,-9,,-9,,-9,,-9,,-9,,-9,,-9,,-9,,1
202612,JOB892412563747,ID8882390052,EMP6266184070,-9,202202,202402,3,202402,5,0,1,0,0,0,0,,-9,,,0,,,1,2483.25,1,116.12,-8,,1,2599.37,1,142.41,-8,,1,142.41,1,140.95,1,143.5,1,17.62,1,18.11,1
202610,JOB002914672608,ID9716283475,EMP8601607223,-9,202406,,0,999909,-9,0,0,0,0,0,0,,0,,,0,,,1,3598.87,1,670.74,-8,,1,4269.61,1,168.14,-8,,1,168.14,1,171.22,1,168.22,1,21.02,1,25.38,1
202501,JOB831031939810,ID9126761818,EMP3574123157,-9,201502,202510,0,999909,-9,0,0,0,0,0,0,,1,201503,4.0,0,,,1,4332.94,1,136.42,-8,,1,4469.36,1,167.17,-8,,1,167.17,1,168.13,1,167.93,1,25.77,1,26.61,1
202604,JOB936458856934,ID9126761818,EMP4078858618,-9,202403,,0,999909,-9,1,0,0,0,0,0,,0,,,0,,,1,3843.67,-8,,-8,,1,3843.67,1,167.54,-8,,1,167.54,1,165.08,1,168.55,1,23.28,1,22.8,1
202408,JOB565312341577,ID3339790588,EMP5014416993,-9,201603,,0,999909,-9,1,0,0,0,0,0,,0,,,0,,,1,6399.05,-8,,-8,,1,6399.05,1,162.18,-8,,1,162.18,1,164.31,1,164.53,1,38.94,1,38.89,1
202508,JOB376130816772,ID2770155900,EMP0809649271,-9,202402,,0,999909,-9,0,1,0,0,0,0,,1,202405,12.0,0,,,1,3703.32,1,972.17,-8,,1,4675.49,1,160.63,-8,,1,160.63,1,158.76,1,158.76,1,23.33,1,29.45,1
202407,JOB918378952649,ID8466133926,EMP2545252416,-9,202104,,0,999909,-9,1,0,0,0,0,0,,1,202105,4.0,0,,,1,4798.77,-8,,-8,,1,4798.77,1,170.2,-8,,1,170.2,1,172.17,1,170.09,1,27.87,1,28.21,1
202410,JOB952797132031,ID1683789265,EMP3310337336,-9,201911,,0,999909,-9,0,1,0,0,0,0,,1,202001,8.0,0,,,1,3133.49,-8,,-8,,1,3133.49,1,172.01,-8,,1,172.01,1,169.38,1,171.87,1,18.5,1,18.23,1
202406,JOB326843114906,ID6382530776,-9,-9,202111,202112,-9,202112,4,2,-8,-9,0,0,0,,-9,,,-9,,,-9,,-9,,-9,,-9,,-9,,-9,,-9,,-9,,-9,,-9,,-9,,0
202412,JOB615339961331,ID7282551469,EMP7253397190,-9,202504,,0,999909,-9,1,1,0,0,0,0,,1,202505,6.0,0,,,1,3827.86,1,806.75,-8,,1,4634.62,1,167.09,-8,,1,167.09,1,163.88,1,170.02,1,23.36,1,27.26,1
202606,JOB189442069256,ID2898185609,EMP5291930567,-9,202203,202212,1,202212,4,0,1,0,0,0,0,,1,202209,26.0,1,869.1,49.94,1,2896.99,1,494.51,-8,,1,3391.49,1,166.48,-8,,1,166.48,1,163.52,1,164.86,1,17.72,1,20.57,1
202406,JOB035164546533,ID2898185609,EMP9916037310,-9,202204,202308,0,999909,-9,0,1,0,0,1,0,,1,202206,8.0,0,,,1,4291.74,-8,,1,668.31,1,4960.04,1,171.9,1,17.845482250483045,1,189.74548225048306,1,173.31,1,191.15548225048303,1,24.76,1,25.95,1
202404,JOB219800937380,ID5438709837,EMP3383713279,-9,201706,,0,999909,-9,0,0,0,0,0,0,,1,201708,8.0,0,,,1,3398.39,1,908.47,-8,,1,4306.86,1,168.2,-8,,1,168.2,1,166.84,1,171.46,1,20.37,1,25.12,1
202412,JOB141270229572,ID0642772594,EMP8655902767,-9,202009,,0,999909,-9,0,1,0,0,0,0,,0,,,0,,,1,3657.18,1,559.09,-8,,1,4216.26,1,171.08,-8,,1,171.08,1,173.73,1,171.83,1,21.05,1,24.54,1
202509,JOB555413981714,ID2829117107,-9,-9,202509,202511,-9,202511,2,2,-8,-9,0,0,0,,-9,,,-9,,,-9,,-9,,-9,,-9,,-9,,-9,,-9,,-9,,-9,,-9,,-9,,1
202506,JOB725449179228,ID7222039087,EMP0351458624,TMP3468456860,201901,,0,999909,-9,1,1,0,0,0,0,,0,,,0,,,1,6262.39,-8,,-8,,1,6262.39,1,170.26,-8,,1,170.26,1,169.46,1,171.66,1,36.95,1,36.48,1
202508,JOB370880404506,ID0427499861,EMP7363242036,-9,201502,,0,999909,-9,0,1,0,0,0,0,,1,201503,6.0,0,,,1,4083.01,-8,,-8,,1,4083.01,1,168.39,-8,,1,168.39,1,167.87,1,170.4,1,24.32,1,23.96,1
202603,JOB827859683174,ID1657193284,EMP8276810149,-9,201503,,0,999909,-9,1,1,0,0,0,0,,0,,,0,,,1,5021.18,1,816.68,-8,,1,5837.86,1,160.05,-8,,1,160.05,1,162.47,1,160.66,1,30.91,1,36.34,1
202509,JOB146821243209,ID9417052873,EMP3173880222,-9,202403,,0,999909,-9,0,0,0,0,0,0,,0,,,0,,,1,3549.2,-8,,-8,,1,3549.2,1,172.23,-8,,1,172.23,1,173.51,1,169.44,1,20.46,1,20.95,1
202412,JOB426400887917,ID6472953938,EMP4207525636,-9,201802,,0,999909,-9,0,0,0,0,0,1,CAE - Contrat d'appui-emploi,0,,,0,,,1,8218.89,-8,,-8,,1,8218.89,1,170.73,-8,,1,170.73,1,172.04,1,171.59,1,47.77,1,47.9,1
202409,JOB649390713297,ID1363527764,EMP5335736105,-9,201901,,0,999909,-9,1,1,0,0,0,0,,1,201903,8.0,1,1709.12,49.19,1,5697.08,-8,,-8,,1,5697.08,1,163.97,-8,,1,163.97,1,160.94,1,163.42,1,35.4,1,34.86,1
202411,JOB625983499566,ID9589288660,-9,-9,202207,202211,-9,202211,3,2,-8,-9,0,0,0,,-9,,,-9,,,-9,,-9,,-9,,-9,,-9,,-9,,-9,,-9,,-9,,-9,,-9,,1
202403,JOB845431374202,ID3483037125,EMP8281088438,-9,202502,,0,999909,-9,1,0,0,0,0,0,,0,,,0,,,1,7013.4,-8,,-8,,1,7013.4,1,161.83,-8,,1,161.83,1,162.81,1,162.32,1,43.08,1,43.21,1
202512,JOB172608213591,ID7815896859,EMP2923107846,-9,201608,,0,999909,-9,0,1,0,0,0,0,,1,201610,8.0,1,1166.29,51.9,1,3887.62,1,524.22,-8,,1,4411.83,1,173.0,-8,,1,173.0,1,170.7,1,170.98,1,22.77,1,25.8,1
202609,JOB858452112944,ID7067561490,-9,-9,202401,202406,-9,202406,3,2,-8,-9,0,0,0,,-9,,,-9,,,-9,,-9,,-9,,-9,,-9,,-9,,-9,,-9,,-9,,-9,,-9,,1
202406,JOB847081450823,ID1638573196,EMP7838526353,TMP3691554260,202009,202102,2,202102,4,0,0,0,0,0,0,,-9,,,0,,,1,7461.64,-8,,1,944.28,1,8405.93,1,170.24,1,14.362756496000673,1,184.6027564960007,1,169.83,1,184.1927564960007,1,43.94,1,45.64,1
202609,JOB043474659131,ID7615181933,EMP6381288614,-9,202310,,0,999909,-9,0,1,0,0,0,0,,1,202404,26.0,1,1150.87,49.38,1,3836.24,-8,,-8,,1,3836.24,1,164.6,-8,,1,164.6,1,166.37,1,165.19,1,23.06,1,23.22,1
202408,JOB049090959444,ID9775556779,EMP4056555197,-9,201704,201910,1,201910,6,0,0,0,0,0,0,,0,,,0,,,1,4822.76,1,500.12,-8,,1,5322.87,1,162.51,1,12.38,1,174.89,1,164.9,1,176.56,1,29.25,1,30.15,1
202509,JOB621819892407,ID0277234890,EMP7865386364,-9,201910,,0,999909,-9,0,1,0,0,0,0,,0,,,0,,,1,3417.65,1,833.39,1,293.77,1,4544.81,1,166.17,1,9.52221833100057,1,175.69221833100056,1,162.97,1,172.49221833100057,1,20.97,1,26.35,1
202604,JOB684260408997,ID9023075049,EMP5336598964,-9,201910,201911,1,201911,1,0,0,0,0,0,0,,1,201911,6.0,0,,,1,7310.01,1,138.67,1,371.07,1,7819.75,1,171.72,1,5.8112606489050265,1,177.53126064890503,1,169.72,1,175.53126064890503,1,43.07,1,44.55,1
202601,JOB849029659176,ID2129994450,EMP1214300283,-9,202307,,0,999909,-9,0,0,0,0,0,0,,0,,,0,,,1,3134.27,-8,,-8,,1,3134.27,1,166.6,1,11.69,1,178.29,1,165.56,1,176.93,1,18.93,1,17.71,1
202601,JOB816747427685,ID7904546437,EMP5146124465,-9,201702,,0,999909,-9,0,0,0,0,0,0,,1,201704,8.0,0,,,1,6430.52,-8,,1,610.15,1,7040.68,1,162.46,1,10.276579217606116,1,172.73657921760613,1,165.28,1,175.55657921760613,1,38.91,1,40.1,1
202508,JOB517929687729,ID7700691843,EMP1884437662,-9,201901,,0,999909,-9,0,0,0,0,0,0,,1,201902,4.0,0,,,1,5128.43,-8,,1,391.05,1,5519.48,1,162.76,1,8.27381325636185,1,171.03381325636184,1,163.53,1,171.80381325636185,1,31.36,1,32.13,0
202602,JOB474946595930,ID6562840887,EMP0698588713,-9,201905,202104,0,999909,-9,0,0,0,0,0,0,,0,,,1,1069.23,49.67,1,3564.11,-8,,-8,,1,3564.11,1,165.57,-8,,1,165.57,1,168.34,1,162.49,1,21.17,1,21.93,1
202606,JOB870703369224,ID9318365156,EMP9472865018,-9,202005,,0,999909,-9,0,0,0,0,0,0,,1,202006,4.0,0,,,1,7389.6,-8,,-8,,1,7389.6,1,164.71,-8,,1,164.71,1,162.57,1,166.3,1,45.45,1,44.44,1
202512,JOB562319399201,ID2907433892,EMP5041215068,-9,202511,,1,202805,6,0,1,0,0,0,0,,1,202512,6.0,0,,,1,3152.56,-8,,-8,,1,3152.56,1,167.56,-8,,1,167.56,1,169.73,1,168.19,1,18.57,1,18.74,1
202402,JOB093488271846,ID4059282655,EMP7072729744,-9,202102,202302,3,202302,5,0,1,1,0,0,0,,-9,,,0,,,1,3101.02,-8,,-8,,1,3101.02,1,140.59,-8,,1,140.59,1,139.71,1,141.09,1,22.2,1,21.98,1
202604,JOB236245276106,ID1341059708,EMP5087280088,TMP3225648368,201805,201902,1,201902,4,0,1,0,0,0,0,,1,201807,8.0,0,,,1,3961.37,-8,,-8,,1,3961.37,1,172.24,-8,,1,172.24,1,173.75,1,174.82,1,22.8,1,22.66,1
202609,JOB105517757525,ID7164061294,EMP1565618222,-9,201807,,0,999909,-9,0,0,1,0,0,0,,1,201808,4.0,0,,,1,6897.59,-8,,-8,,1,6897.59,1,162.46,1,7.65,1,170.11,1,164.42,1,168.76,1,41.95,1,40.87,1
202404,JOB897779767505,ID0795368702,EMP6753952745,-9,201803,201804,1,201804,2,0,1,0,0,0,0,,0,,,0,,,1,4274.44,-8,,-8,,1,4274.44,1,163.4,-8,,1,163.4,1,160.75,1,165.54,1,26.59,1,25.82,0
202409,JOB272939414627,ID4923679082,EMP6028043066,-9,202208,,0,999909,-9,1,1,0,0,0,0,,1,202302,26.0,0,,,1,4791.83,-8,,-8,,1,4791.83,1,171.69,-8,,1,171.69,1,172.94,1,174.7,1,27.71,1,27.43,0
202609,JOB710603949258,ID3256292892,EMP3918073209,-9,202511,,0,999909,-9,1,1,0,0,0,0,,1,202512,6.0,1,2031.09,51.85,1,6770.29,-8,,-8,,1,6770.29,1,172.83,-8,,1,172.83,1,176.26,1,173.92,1,38.41,1,38.93,1
202410,JOB979525521427,ID3065463960,EMP8512590071,-9,201902,,0,999909,-9,0,1,0,1,0,0,,1,201904,8.0,0,,,1,4337.88,-8,,1,316.96,1,4654.84,1,161.91,1,7.887082454895132,1,169.79708245489513,1,159.02,1,166.90708245489515,1,27.28,1,27.89,1
202610,JOB767043913246,ID3065463960,EMP7658179948,-9,201909,,0,999909,-9,0,0,0,0,0,0,,1,202003,26.0,0,,,1,4749.62,-8,,1,296.59,1,5046.21,1,169.99,1,7.0766244223427,1,177.0666244223427,1,168.11,1,175.1866244223427,1,28.25,1,28.8,1
202606,JOB063508786878,ID8114111518,-9,-9,201804,201809,-9,201809,2,2,-8,-9,0,0,0,,-9,,,-9,,,-9,,-9,,-9,,-9,,-9,,-9,,-9,,-9,,-9,,-9,,-9,,0
202607,JOB916273083120,ID2940368346,EMP9671452732,-9,201610,201702,0,999909,-9,1,0,0,0,0,0,,1,201701,12.0,0,,,1,7284.74,-8,,-8,,1,7284.74,1,163.19,-8,,1,163.19,1,163.29,1,164.52,1,44.61,1,44.28,0
202407,JOB213936216958,ID3339029651,EMP5563903348,TMP9823807735,201705,201811,1,201811,5,0,0,0,0,0,0,,1,201706,4.0,0,,,1,4083.94,-8,,-8,,1,4083.94,1,164.41,-8,,1,164.41,1,162.53,1,163.48,1,25.13,1,24.98,1
202507,JOB782651505893,ID6775760188,EMP5093971147,-9,201906,,0,999909,-9,0,1,0,0,0,0,,1,201909,12.0,0,,,1,3002.1,1,380.8,-8,,1,3382.91,1,168.33,-8,,1,168.33,1,171.52,1,165.87,1,17.5,1,20.39,1
202607,JOB712993289998,ID6775760188,-9,TMP9626855084,201505,201506,-9,201506,3,2,-8,-9,0,0,0,,-9,,,-9,,,-9,,-9,,-9,,-9,,-9,,-9,,-9,,-9,,-9,,-9,,-9,,1
202406,JOB878646581596,ID0167222166,-9,-9,202201,202205,-9,202205,4,2,-8,-9,0,0,0,,-9,,,-9,,,-9,,-9,,-9,,-9,,-9,,-9,,-9,,-9,,-9,,-9,,-9,,1
202611,JOB143086693417,ID9066259582,EMP4279792519,-9,202209,,0,999909,-9,0,0,0,0,0,0,,1,202212,12.0,0,,,1,7581.42,-8,,-8,,1,7581.42,1,167.62,-8,,1,167.62,1,170.56,1,170.26,1,44.45,1,44.53,1
202607,JOB131135677711,ID3101010071,EMP3320428703,-9,202104,,0,999909,-9,1,1,0,0,0,0,,1,202105,6.0,0,,,1,6436.88,-8,,-8,,1,6436.88,1,165.34,1,7.17,1,172.51,1,164.54,1,169.93,1,39.12,1,37.88,1
202405,JOB029406289824,ID1686612855,EMP0425149746,-9,202004,,0,999909,-9,0,0,0,0,0,0,,1,202006,8.0,0,,,1,7974.75,-8,,-8,,1,7974.75,1,172.85,-8,,1,172.85,1,170.26,1,170.68,1,46.84,1,46.72,1
202509,JOB841295855300,ID6618151594,EMP1983637600,-9,202002,,0,999909,-9,0,0,0,0,0,0,,1,202003,6.0,0,,,1,6818.13,-8,,-8,,1,6818.13,1,160.89,-8,,1,160.89,1,162.22,1,164.09,1,42.03,1,41.55,1
202603,JOB881109090433,ID7175847019,EMP7061978728,-9,202208,,0,999909,-9,0,0,0,0,0,0,,1,202211,12.0,0,,,1,3717.91,-8,,-8,,1,3717.91,1,172.68,-8,,1,172.68,1,172.29,1,172.2,1,21.58,1,21.59,0
202609,JOB758754596190,ID8718201788,EMP2279346748,-9,202002,,0,999909,-9,0,1,0,0,0,0,,1,202005,12.0,0,,,1,3782.77,-8,,-8,,1,3782.77,1,162.88,-8,,1,162.88,1,160.67,1,161.02,1,23.54,1,23.49,1
202404,JOB479440333670,ID8718201788,EMP2613761035,-9,202401,,0,999909,-9,0,0,0,0,0,0,,1,202402,4.0,1,2183.28,51.34,1,7277.61,1,874.84,-8,,1,8152.46,1,171.14,-8,,1,171.14,1,168.52,1,167.94,1,43.19,1,48.54,1
202507,JOB676674951349,ID2608195985,EMP8598273237,-9,201803,,0,999909,-9,0,1,1,0,0,0,,0,,,0,,,1,4477.93,1,205.9,1,435.38,1,5119.21,1,167.17,1,10.835846967129239,1,178.00584696712923,1,164.63,1,175.46584696712924,1,27.2,1,29.17,1
202501,JOB033563483795,ID6774565899,EMP2336997174,-9,201806,,0,999909,-9,1,0,0,0,0,0,,1,201807,4.0,0,,,1,7390.92,1,877.19,-8,,1,8268.11,1,166.4,-8,,1,166.4,1,169.66,1,169.09,1,43.56,1,48.9,1
202605,JOB110264317958,ID0375230393,EMP2522299118,-9,201503,,0,999909,-9,1,0,0,0,0,0,,1,201509,26.0,0,,,1,4530.75,-8,,-8,,1,4530.75,1,160.41,-8,,1,160.41,1,158.43,1,159.03,1,28.6,1,28.49,0
202612,JOB738805285096,ID0375230393,EMP5686518902,-9,201803,202003,3,202003,5,0,1,0,0,0,0,,-9,,,0,,,1,4404.0,-8,,-8,,1,4404.0,1,157.57,-8,,1,157.57,1,157.24,1,160.49,1,28.01,1,27.44,1
202604,JOB378085079008,ID7091593164,-9,-9,201611,201612,-9,201612,2,2,-8,-9,0,0,0,,-9,,,-9,,,-9,,-9,,-9,,-9,,-9,,-9,,-9,,-9,,-9,,-9,,-9,,1
202402,JOB721798250753,ID9185846784,EMP2081593734,-9,201806,,0,999909,-9,0,1,0,0,0,0,,0,,,1,1286.5,49.61,1,4288.32,1,142.56,-8,,1,4430.88,1,165.36,-8,,1,165.36,1,168.26,1,168.04,1,25.49,1,26.37,1
202601,JOB512128698202,ID8893059975,EMP5420031507,-9,201607,,0,999909,-9,0,1,0,0,0,0,,0,,,0,,,1,4623.06,1,556.6,1,659.25,1,5838.91,1,168.55,1,16.02350480308327,1,184.57350480308327,1,168.85,1,184.87350480308328,1,27.38,1,31.58,1
202503,JOB656423245454,ID4251683108,EMP1913545422,-9,201803,,0,999909,-9,0,1,0,0,0,0,,1,201804,4.0,0,,,1,3816.39,-8,,1,562.01,1,4378.39,1,167.36,1,16.43040471791344,1,183.79040471791345,1,170.16,1,186.59040471791343,1,22.43,1,23.47,1
202507,JOB849364669601,ID7218773595,EMP7409666223,-9,202210,202211,1,202211,1,0,0,0,0,0,0,,0,,,0,,,1,8381.6,-8,,-8,,1,8381.6,1,169.24,-8,,1,169.24,1,166.03,1,170.85,1,50.48,1,49.06,1
202402,JOB649544169238,ID0939161786,EMP1290421408,-9,201809,201811,2,201811,3,0,0,0,0,0,0,,-9,,,0,,,1,6252.14,-8,,-8,,1,6252.14,1,162.01,-8,,1,162.01,1,159.55,1,159.68,1,39.19,1,39.15,0
202408,JOB015035394338,ID4753435760,EMP4194956378,-9,202011,202407,0,999909,-9,0,1,0,0,0,0,,1,202012,4.0,0,,,1,4159.17,-8,,-8,,1,4159.17,1,164.29,-8,,1,164.29,1,162.53,1,161.54,1,25.59,1,25.75,0
202508,JOB360304821023,ID1616601930,EMP6899189277,-9,202101,,0,999909,-9,0,0,0,0,0,0,,1,202102,4.0,0,,,1,3291.52,-8,,-8,,1,3291.52,1,160.23,-8,,1,160.23,1,163.42,1,162.21,1,20.14,1,20.29,1
202505,JOB466950841843,ID2286441418,EMP6064380932,-9,201805,,0,999909,-9,0,0,0,0,0,0,,1,201811,26.0,0,,,1,8317.73,-8,,-8,,1,8317.73,1,171.33,-8,,1,171.33,1,168.08,1,169.61,1,49.49,1,49.04,1
202501,JOB885344485900,ID5531905599,EMP7274959169,TMP3752994558,201602,,0,999909,-9,0,1,0,0,0,0,,0,,,0,,,1,3214.39,-8,,-8,,1,3214.39,1,163.61,-8,,1,163.61,1,164.83,1,162.38,1,19.5,1,19.8,1
202401,JOB199936958416,ID5326237127,EMP3596795615,-9,201703,,0,999909,-9,0,1,0,0,0,0,,1,201706,12.0,0,,,1,2718.03,-8,,-8,,1,2718.03,1,172.01,-8,,1,172.01,1,174.04,1,172.8,1,15.62,1,15.73,1
202412,JOB822351670925,ID1735658608,-9,-9,202203,202205,-9,202205,4,2,-8,-9,0,0,0,,-9,,,-9,,,-9,,-9,,-9,,-9,,-9,,-9,,-9,,-9,,-9,,-9,,-9,,1
202510,JOB796124220392,ID9174970652,EMP1016148117,-9,201708,,0,999909,-9,0,0,0,0,0,0,,1,201709,4.0,0,,,1,4425.95,1,176.63,-8,,1,4602.58,1,160.18,-8,,1,160.18,1,159.35,1,157.2,1,27.78,1,29.28,1
202403,JOB130389773126,ID1406123142,EMP5007540631,-9,201602,202303,0,999909,-9,0,1,0,0,0,0,,0,,,0,,,1,2804.94,-8,,-8,,1,2804.94,1,162.79,-8,,1,162.79,1,160.66,1,162.42,1,17.46,1,17.27,1
202605,JOB252831870450,ID6202613867,EMP3740347633,-9,202411,,0,999909,-9,0,0,0,0,0,1,PAN - Projet d'activité national,1,202412,4.0,1,1450.85,48.81,1,4836.18,-8,,-8,,1,4836.18,1,162.7,-8,,1,162.7,1,165.17,1,163.37,1,29.28,1,29.6,1
202410,JOB519110689110,ID4369488259,EMP5930783016,-9,202208,,0,999909,-9,0,1,0,0,0,0,,0,,,0,,,1,3750.7,-8,,-8,,1,3750.7,1,169.42,1,15.99,1,185.41,1,168.42,1,187.88,1,22.27,1,19.96,1
202611,JOB251587097872,ID4369488259,EMP2358914092,TMP4645678975,201602,201608,2,201608,4,0,0,0,0,0,0,,-9,,,0,,,1,6984.13,-8,,-8,,1,6984.13,1,170.62,-8,,1,170.62,1,168.69,1,167.84,1,41.4,1,41.61,1
202504,JOB759984320689,ID4030372766,EMP4790840587,-9,202010,,0,999909,-9,0,0,0,0,0,0,,1,202104,26.0,0,,,1,3676.88,-8,,-8,,1,3676.88,1,168.56,-8,,1,168.56,1,165.79,1,169.12,1,22.18,1,21.74,1
202607,JOB466729155487,ID0844168645,EMP2892467375,-9,201908,202202,1,202202,6,0,0,0,0,0,0,,1,202002,26.0,0,,,1,3845.47,-8,,-8,,1,3845.47,1,160.31,-8,,1,160.31,1,162.37,1,159.52,1,23.68,1,24.11,1
202604,JOB769941707096,ID7551348276,EMP3976407829,-9,201604,,0,999909,-9,0,0,0,0,0,0,,0,,,0,,,1,4526.19,-8,,-8,,1,4526.19,1,168.09,-8,,1,168.09,1,170.73,1,165.69,1,26.51,1,27.32,1
202607,JOB861592064232,ID7551348276,EMP1808116680,-9,202509,,0,999909,-9,0,0,1,0,0,0,,1,202603,26.0,0,,,1,6161.81,-8,,-8,,1,6161.81,1,169.76,-8,,1,169.76,1,167.39,1,167.68,1,36.81,1,36.75,1
202602,JOB342330568211,ID4298602034,EMP0231038086,-9,202402,,0,999909,-9,0,0,0,0,0,0,,0,,,0,,,1,3935.11,-8,,-8,,1,3935.11,1,169.73,-8,,1,169.73,1,166.66,1,171.01,1,23.61,1,23.01,1
202402,JOB485612874991,ID2675362487,EMP7606635542,-9,201809,201901,1,201901,3,0,0,0,0,0,0,,0,,,0,,,1,5869.98,-8,,-8,,1,5869.98,1,161.18,-8,,1,161.18,1,158.76,1,161.72,1,36.97,1,36.3,1
202409,JOB873544625974,ID1084323120,EMP0151714356,-9,202005,202005,1,202005,0,0,0,0,0,0,0,,1,202008,12.0,0,,,1,6329.82,1,336.36,-8,,1,6666.18,1,164.45,-8,,1,164.45,1,166.05,1,163.02,1,38.12,1,40.89,1
202607,JOB488242110702,ID2514593091,EMP8836195633,-9,201910,202001,2,202001,2,0,0,0,0,0,0,,-9,,,1,998.38,48.52,1,3327.94,-8,,-8,,1,3327.94,1,161.75,-8,,1,161.75,1,160.51,1,163.34,1,20.73,1,20.37,1
202609,JOB811192152000,ID7414402211,EMP9196568546,-9,202209,202608,0,999909,-9,0,0,0,0,0,0,,1,202212,12.0,0,,,1,5348.96,-8,,-8,,1,5348.96,1,162.35,-8,,1,162.35,1,164.71,1,163.27,1,32.48,1,32.76,1
202610,JOB774542099723,ID8846220769,EMP6587846786,-9,202311,,0,999909,-9,0,0,0,0,0,0,,1,202312,4.0,0,,,1,7692.13,-8,,-8,,1,7692.13,1,163.96,1,19.13,1,183.09,1,161.58,1,180.0,1,47.61,1,42.73,1
202603,JOB047659088825,ID5027409408,EMP0660964678,-9,202210,,0,999909,-9,0,0,0,0,0,0,,1,202304,26.0,1,1517.95,51.17,1,5059.82,-8,,-8,,1,5059.82,1,170.57,-8,,1,170.57,1,172.35,1,172.78,1,29.36,1,29.28,1
202403,JOB876329424749,ID2812264787,EMP3882796310,-9,202005,,0,999909,-9,0,0,0,0,0,0,,1,202006,6.0,1,2254.11,49.37,1,7513.7,-8,,-8,,1,7513.7,1,164.55,-8,,1,164.55,1,163.92,1,165.51,1,45.84,1,45.4,1
202504,JOB071085554074,ID8816659818,EMP3486791839,-9,201902,202503,0,999909,-9,1,1,0,0,0,0,,1,201905,12.0,0,,,1,6578.73,-8,,-8,,1,6578.73,1,169.03,-8,,1,169.03,1,168.27,1,171.35,1,39.1,1,38.39,1
202405,JOB862267887090,ID1741043392,EMP1081636005,-9,201809,,0,999909,-9,0,0,0,0,0,0,,1,201810,4.0,0,,,1,7635.14,-8,,-8,,1,7635.14,1,168.06,-8,,1,168.06,1,165.84,1,170.67,1,46.04,1,44.74,1
202510,JOB145822337039,ID5573279070,EMP0950807101,-9,202409,,0,999909,-9,0,0,0,0,0,0,,0,,,0,,,1,6461.34,-8,,1,1016.08,1,7477.42,1,167.36,1,17.54546740717999,1,184.90546740718,1,167.15,1,184.69546740718,1,38.66,1,40.49,1
202407,JOB277136971984,ID9337552155,EMP9513413063,-9,202309,202410,0,999909,-9,1,1,0,0,0,0,,1,202310,4.0,0,,,1,6406.61,1,434.97,-8,,1,6841.58,1,168.66,-8,,1,168.66,1,170.45,1,167.01,1,37.59,1,40.97,1
202409,JOB275050360936,ID9761847461,EMP1230176501,-9,202211,202308,1,202308,4,0,0,0,0,0,0,,1,202212,4.0,0,,,1,4669.46,1,232.48,-8,,1,4901.94,1,161.18,1,17.77,1,178.94,1,160.98,1,177.33,1,29.01,1,27.64,1
202508,JOB696615462288,ID7469671603,EMP5141292756,-9,202406,,0,999909,-9,0,1,0,0,0,0,,1,202407,6.0,0,,,1,2731.88,-8,,-8,,1,2731.88,1,168.68,1,19.65,1,188.33,1,166.63,1,187.2,1,16.39,1,14.59,1
202512,JOB742696934453,ID7142797307,EMP6105138101,-9,201805,,0,999909,-9,0,0,0,0,0,0,,1,201811,26.0,0,,,1,7193.36,-8,,-8,,1,7193.36,1,164.47,1,8.0,1,172.47,1,163.08,1,174.57,1,44.11,1,41.21,1
202504,JOB287582930420,ID4150723895,EMP7103142106,-9,201504,,0,999909,-9,1,0,0,0,0,0,,1,201505,4.0,0,,,1,4751.69,-8,,-8,,1,4751.69,1,172.68,-8,,1,172.68,1,172.03,1,169.6,1,27.62,1,28.02,1
202604,JOB167500456166,ID4150723895,-9,-9,202311,202405,-9,202405,4,2,-8,-9,0,1,1,CAE - Contrat d'appui-emploi,-9,,,-9,,,-9,,-9,,-9,,-9,,-9,,-9,,-9,,-9,,-9,,-9,,-9,,1
202606,JOB677150416269,ID7145789632,EMP2225539831,-9,202508,,0,999909,-9,0,1,0,0,0,0,,1,202510,8.0,0,,,1,4234.92,-8,,-8,,1,4234.92,1,162.78,-8,,1,162.78,1,161.18,1,162.0,1,26.27,1,26.14,1
202403,JOB432719593281,ID2180240516,EMP9046602879,-9,202406,,0,999909,-9,0,1,0,0,0,0,,1,202407,6.0,0,,,1,4065.08,1,314.8,-8,,1,4379.88,1,166.18,-8,,1,166.18,1,165.43,1,165.34,1,24.57,1,26.49,1
202509,JOB520811979750,ID2180240516,EMP7580859973,-9,202503,202509,2,202509,3,0,1,0,0,0,0,,-9,,,0,,,1,3570.23,1,754.27,-8,,1,4324.49,1,163.83,1,12.18,1,176.01,1,161.42,1,177.01,1,22.12,1,24.43,1
202606,JOB041979757601,ID4236758055,EMP1085281946,-9,201702,,0,999909,-9,0,1,0,0,0,0,,1,201704,8.0,0,,,1,3657.1,1,619.23,1,247.95,1,4524.29,1,170.95,1,7.72684827862359,1,178.67684827862357,1,169.14,1,176.86684827862356,1,21.62,1,25.58,1
202512,JOB526064490038,ID4148315781,EMP9107944679,-9,201605,201905,3,201905,5,0,1,0,0,0,0,,-9,,,1,974.94,46.63,1,3249.8,-8,,-8,,1,3249.8,1,155.42,-8,,1,155.42,1,152.86,1,154.17,1,21.26,1,21.08,1
202611,JOB125702658017,ID8322077748,EMP4863878539,-9,202403,,0,999909,-9,0,1,0,0,0,0,,1,202405,8.0,0,,,1,3900.94,1,606.52,1,261.84,1,4769.3,1,169.78,1,7.597327735658181,1,177.37732773565818,1,170.0,1,177.59732773565818,1,22.95,1,26.85,1
202604,JOB911983324823,ID0638061733,EMP6883128829,-9,201901,,0,999909,-9,0,0,0,0,0,0,,0,,,0,,,1,6025.79,-8,,-8,,1,6025.79,1,171.08,-8,,1,171.08,1,169.63,1,171.3,1,35.52,1,35.18,1
202508,JOB342238936700,ID3488148442,EMP3690426050,-9,202109,,0,999909,-9,0,1,0,0,1,0,,1,202111,8.0,0,,,1,3786.6,1,413.02,-8,,1,4199.61,1,168.55,1,19.08,1,187.63,1,171.12,1,190.38,1,22.13,1,22.06,1
202510,JOB939209227172,ID9147908158,EMP4422323592,-9,201506,201801,0,999909,-9,0,0,0,0,0,0,,0,,,0,,,1,3918.5,-8,,-8,,1,3918.5,1,164.72,-8,,1,164.72,1,164.06,1,165.86,1,23.88,1,23.63,1
202607,JOB918773422037,ID5967880625,EMP7032951707,-9,202206,202506,3,202506,5,0,1,0,0,0,0,,-9,,,1,777.43,46.6,1,2591.45,-8,,-8,,1,2591.45,1,155.34,-8,,1,155.34,1,156.37,1,157.87,1,16.57,1,16.42,1
202403,JOB681544444523,ID6269072631,EMP7646831897,-9,202007,,0,999909,-9,0,1,0,0,0,0,,1,202010,12.0,1,1295.3,51.15,1,4317.66,1,205.6,-8,,1,4523.25,1,170.51,-8,,1,170.51,1,172.96,1,171.07,1,24.96,1,26.44,1
202501,JOB071424476177,ID6269072631,EMP0458659244,-9,201801,,0,999909,-9,0,0,0,0,0,0,,1,201802,6.0,0,,,1,5702.58,-8,,-8,,1,5702.58,1,161.13,-8,,1,161.13,1,159.23,1,160.97,1,35.81,1,35.43,1
202503,JOB841571834241,ID4926713290,EMP1058888288,-9,202111,202411,0,999909,-9,0,1,0,0,0,0,,1,202112,4.0,0,,,1,3761.55,-8,,1,541.54,1,4303.09,1,166.34,1,15.965005030637151,1,182.30500503063715,1,169.33,1,185.29500503063716,1,22.21,1,23.22,1
202601,JOB542431070141,ID3251450209,EMP2780972810,-9,201701,,0,999909,-9,1,0,0,0,0,0,,0,,,0,,,1,5286.22,1,625.65,-8,,1,5911.87,1,166.2,1,11.54,1,177.74,1,164.55,1,176.15,1,32.13,1,33.56,1
202610,JOB541944688130,ID7205158533,EMP1008308689,-9,201811,201812,0,999909,-9,0,1,0,0,0,0,,0,,,0,,,1,3124.36,-8,,-8,,1,3124.36,1,170.01,-8,,1,170.01,1,167.22,1,167.66,1,18.68,1,18.64,1
202403,JOB684799172780,ID0802085254,-9,-9,202007,202011,-9,202011,2,2,-8,-9,0,0,0,,-9,,,-9,,,-9,,-9,,-9,,-9,,-9,,-9,,-9,,-9,,-9,,-9,,-9,,1
202507,JOB305581863825,ID1057730858,EMP4365975107,-9,201707,202103,0,999909,-9,0,0,0,0,0,0,,1,201708,6.0,0,,,1,3317.79,-8,,-8,,1,3317.79,1,167.73,1,17.04,1,184.77,1,168.71,1,182.76,1,19.67,1,18.15,1
202501,JOB282618679679,ID2204763944,EMP2725998498,-9,202506,,0,999909,-9,0,0,0,0,0,0,,1,202507,4.0,0,,,1,4477.6,-8,,-8,,1,4477.6,1,169.57,-8,,1,169.57,1,166.65,1,169.05,1,26.87,1,26.49,1
202604,JOB863690766993,ID9417957581,EMP6173271458,-9,202508,,0,999909,-9,0,0,0,0,1,0,,0,,,0,,,1,5107.82,1,519.48,-8,,1,5627.31,1,160.93,-8,,1,160.93,1,159.55,1,163.46,1,32.01,1,34.43,1
202506,JOB482135497599,ID4499707045,EMP3538496125,-9,201702,201711,1,201711,4,0,1,0,0,0,0,,0,,,0,,,1,4395.93,-8,,-8,,1,4395.93,1,162.58,-8,,1,162.58,1,163.93,1,164.63,1,26.82,1,26.7,1
202504,JOB913508323235,ID4499707045,EMP9166107464,-9,201701,,0,999909,-9,0,1,0,0,0,0,,1,201703,8.0,1,1085.21,48.48,1,3617.37,-8,,-8,,1,3617.37,1,161.59,1,5.84,1,167.42,1,164.5,1,168.51,1,21.99,1,21.47,1
202605,JOB972755567070,ID0255084323,-9,TMP1339590754,202007,202011,-9,202011,3,2,-8,-9,0,0,0,,-9,,,-9,,,-9,,-9,,-9,,-9,,-9,,-9,,-9,,-9,,-9,,-9,,-9,,0
202407,JOB063498904190,ID1183241024,EMP2511902441,-9,202108,,0,999909,-9,1,1,0,0,0,0,,0,,,0,,,1,4368.24,1,691.37,-8,,1,5059.61,1,166.81,-8,,1,166.81,1,166.61,1,170.0,1,26.22,1,29.76,1
202603,JOB387833268763,ID6173387191,EMP7730603617,-9,202505,,0,999909,-9,0,0,0,0,0,0,,1,202506,4.0,0,,,1,6569.85,-8,,-8,,1,6569.85,1,171.85,-8,,1,171.85,1,173.28,1,169.65,1,37.91,1,38.73,1
202504,JOB588345245467,ID0987079191,EMP7521082191,-9,202311,,0,999909,-9,1,0,0,0,0,0,,1,202405,26.0,0,,,1,7043.19,1,758.36,-8,,1,7801.55,1,172.46,-8,,1,172.46,1,171.86,1,174.47,1,40.98,1,44.72,1
202606,JOB133676951949,ID5322708658,EMP1999648191,TMP6588639312,202302,202507,0,999909,-9,0,0,0,0,0,0,,1,202303,4.0,0,,,1,5007.55,1,117.65,1,688.59,1,5813.79,1,169.78,1,15.564311763831395,1,185.3443117638314,1,169.49,1,185.0543117638314,1,29.54,1,31.42,1
202611,JOB147984312647,ID8709720688,EMP3868808126,-9,201508,201512,1,201512,3,0,0,0,0,0,0,,0,,,0,,,1,6436.21,1,711.43,-8,,1,7147.64,1,165.73,-8,,1,165.73,1,165.86,1,163.12,1,38.81,1,43.82,1
202509,JOB152038829265,ID9035911014,EMP7162130440,-9,201907,,0,999909,-9,0,0,0,0,0,0,,1,201908,4.0,0,,,1,4387.66,-8,,-8,,1,4387.66,1,170.16,-8,,1,170.16,1,170.77,1,167.2,1,25.69,1,26.24,1
202412,JOB483746906476,ID9035911014,EMP4059044083,-9,202403,,0,999909,-9,1,1,0,0,0,0,,1,202405,8.0,0,,,1,3932.53,1,109.87,-8,,1,4042.41,1,161.79,1,14.76,1,176.54,1,163.71,1,175.19,1,24.02,1,23.07,1
202410,JOB445481246157,ID1604805735,EMP0982729089,-9,202309,,0,999909,-9,0,0,0,1,0,0,,1,202403,26.0,0,,,1,3071.45,-8,,-8,,1,3071.45,1,164.74,-8,,1,164.74,1,165.02,1,166.99,1,18.61,1,18.39,1
202506,JOB425857934709,ID6444947661,EMP7512417942,-9,201801,202303,0,999909,-9,0,0,0,0,0,0,,1,201804,12.0,0,,,1,7198.57,-8,,-8,,1,7198.57,1,167.02,-8,,1,167.02,1,163.68,1,168.31,1,43.98,1,42.77,1
202506,JOB953689222898,ID4508394720,EMP7832697036,-9,201806,,0,999909,-9,0,1,0,0,0,0,,1,201812,26.0,0,,,1,3366.85,-8,,-8,,1,3366.85,1,168.78,-8,,1,168.78,1,165.6,1,168.66,1,20.33,1,19.96,1
202412,JOB145892970820,ID4703405294,-9,-9,201801,201805,-9,201805,2,2,-8,-9,0,0,0,,-9,,,-9,,,-9,,-9,,-9,,-9,,-9,,-9,,-9,,-9,,-9,,-9,,-9,,1
202406,JOB975484119947,ID7352690901,EMP5633879332,-9,201601,,0,999909,-9,0,0,0,0,0,0,,1,201602,4.0,0,,,1,3984.23,1,927.29,-8,,1,4911.52,1,166.46,-8,,1,166.46,1,164.81,1,165.65,1,24.17,1,29.65,1
202409,JOB873586582363,ID7046487827,EMP0627778928,-9,202306,,0,999909,-9,0,0,0,0,0,0,,0,,,0,,,1,3189.5,1,466.0,-8,,1,3655.5,1,161.29,1,10.59,1,171.88,1,160.84,1,172.55,1,19.83,1,21.19,1
202412,JOB386277435765,ID6948711256,EMP9396218359,-9,202502,,0,999909,-9,0,0,0,0,0,0,,1,202508,26.0,1,1287.21,51.2,1,4290.71,1,331.45,-8,,1,4622.16,1,170.66,-8,,1,170.66,1,170.8,1,170.77,1,25.12,1,27.07,1
202510,JOB865551061163,ID3857359405,-9,-9,202203,202207,-9,202207,2,2,-8,-9,0,0,0,,-9,,,-9,,,-9,,-9,,-9,,-9,,-9,,-9,,-9,,-9,,-9,,-9,,-9,,1
202612,JOB764767224548,ID6261205690,EMP4663084830,-9,201903,,0,999909,-9,0,0,1,0,0,0,,0,,,0,,,1,7091.95,-8,,1,1290.93,1,8382.87,1,163.44,1,19.83366192521489,1,183.2736619252149,1,165.3,1,185.1336619252149,1,42.9,1,45.28,1
202602,JOB086382988524,ID2457783379,-9,-9,201903,201907,-9,201907,4,2,-8,-9,0,0,0,,-9,,,-9,,,-9,,-9,,-9,,-9,,-9,,-9,,-9,,-9,,-9,,-9,,-9,,1
202504,JOB375474014052,ID7375616814,EMP5432635092,-9,201807,,0,999909,-9,0,0,0,0,0,0,,1,201809,8.0,0,,,1,3213.63,-8,,-8,,1,3213.63,1,170.34,-8,,1,170.34,1,172.05,1,169.55,1,18.68,1,18.95,1
202607,JOB860442976034,ID7375616814,EMP6117386355,-9,201802,202311,0,999909,-9,1,0,0,0,0,0,,0,,,1,1587.56,51.49,1,5291.86,-8,,-8,,1,5291.86,1,171.63,-8,,1,171.63,1,170.26,1,173.55,1,31.08,1,30.49,1
202503,JOB631479143942,ID0483711290,EMP5775138244,TMP0559421410,202005,,0,999909,-9,0,0,0,0,0,0,,1,202006,4.0,1,2535.84,51.9,1,8452.81,-8,,-8,,1,8452.81,1,172.99,-8,,1,172.99,1,174.82,1,175.78,1,48.35,1,48.09,1
202603,JOB652321132304,ID9433203100,EMP2441491717,-9,202404,,0,999909,-9,0,0,0,0,0,0,,0,,,0,,,1,3618.47,-8,,-8,,1,3618.47,1,169.36,-8,,1,169.36,1,168.47,1,171.1,1,21.48,1,21.15,1
202511,JOB171322331688,ID7528911626,EMP8511632715,-9,202111,202203,1,202203,3,0,1,0,0,0,0,,1,202202,12.0,0,,,1,4133.98,-8,,-8,,1,4133.98,1,170.07,-8,,1,170.07,1,166.85,1,170.17,1,24.78,1,24.29,0
202411,JOB880071921071,ID5409743441,EMP4918238604,-9,202401,202510,0,999909,-9,0,0,0,0,0,0,,1,202402,4.0,0,,,1,6295.15,-8,,1,351.45,1,6646.61,1,169.72,1,6.3168816380880095,1,176.036881638088,1,171.65,1,177.966881638088,1,36.67,1,37.35,1
202508,JOB669947593777,ID2385213291,-9,-9,201607,201701,-9,201701,3,2,-8,-9,0,0,0,,-9,,,-9,,,-9,,-9,,-9,,-9,,-9,,-9,,-9,,-9,,-9,,-9,,-9,,1
202607,JOB601555015538,ID7210586830,EMP5319348647,-9,202111,,0,999909,-9,1,1,0,1,0,0,,0,,,0,,,1,6714.7,-8,,-8,,1,6714.7,1,169.16,-8,,1,169.16,1,166.5,1,166.27,1,40.33,1,40.38,1
202511,JOB121371459193,ID9419743627,-9,-9,201702,201708,-9,201708,3,2,-8,-9,0,0,0,,-9,,,-9,,,-9,,-9,,-9,,-9,,-9,,-9,,-9,,-9,,-9,,-9,,-9,,1
202512,JOB140045681574,ID9766496711,EMP3671528326,-9,201703,201707,1,201707,3,0,1,0,0,0,0,,1,201704,4.0,0,,,1,3520.73,1,489.94,-8,,1,4010.67,1,163.88,1,6.05,1,169.93,1,166.67,1,172.99,1,21.12,1,23.18,1
202509,JOB963976845749,ID6592966714,EMP4125173071,-9,201806,202012,1,202012,6,0,1,0,0,0,0,,0,,,0,,,1,3844.89,1,789.9,-8,,1,4634.79,1,163.18,-8,,1,163.18,1,163.85,1,164.53,1,23.47,1,28.17,1
202601,JOB959635538721,ID6592966714,EMP4770082863,-9,202111,202208,1,202208,4,0,1,0,0,0,0,,1,202201,8.0,1,863.02,49.8,1,2876.73,-8,,-8,,1,2876.73,1,166.01,-8,,1,166.01,1,163.82,1,163.61,1,17.56,1,17.58,1
202602,JOB025613333657,ID3457465232,EMP6104058715,-9,202403,,0,999909,-9,1,0,0,0,0,0,,1,202404,4.0,0,,,1,6918.87,-8,,-8,,1,6918.87,1,166.68,-8,,1,166.68,1,168.32,1,166.32,1,41.11,1,41.6,1
202610,JOB538006946667,ID1437483225,-9,-9,201711,201803,-9,201803,3,2,-8,-9,0,0,0,,-9,,,-9,,,-9,,-9,,-9,,-9,,-9,,-9,,-9,,-9,,-9,,-9,,-9,,1
202508,JOB669882643023,ID0236619122,EMP7217127336,-9,201704,,0,999909,-9,1,0,0,0,0,0,,1,201705,6.0,0,,,1,7510.46,-8,,-8,,1,7510.46,1,169.72,-8,,1,169.72,1,170.7,1,170.0,1,44.0,1,44.18,1
202502,JOB395289669995,ID9914890242,EMP5813243365,-9,201511,,0,999909,-9,0,1,0,0,0,0,,1,201512,4.0,0,,,1,2691.24,-8,,-8,,1,2691.24,1,162.98,1,19.11,1,182.08,1,164.33,1,183.84,1,16.38,1,14.64,1
202505,JOB767910620364,ID3038899655,-9,-9,202305,202311,-9,202311,4,2,-8,-9,0,0,0,,-9,,,-9,,,-9,,-9,,-9,,-9,,-9,,-9,,-9,,-9,,-9,,-9,,-9,,1
202406,JOB648474515660,ID7906454660,EMP0977537389,-9,202008,,0,999909,-9,0,1,0,0,0,0,,1,202009,4.0,0,,,1,3367.53,1,596.74,-8,,1,3964.27,1,163.42,1,12.22,1,175.65,1,165.25,1,176.82,1,20.38,1,22.42,1
202409,JOB722439762397,ID1433766699,EMP8311150238,-9,202108,202302,1,202302,5,0,0,0,0,0,0,,1,202202,26.0,1,1026.78,48.8,1,3422.6,1,705.23,-8,,1,4127.83,1,162.65,-8,,1,162.65,1,161.31,1,159.76,1,21.22,1,25.84,1
202411,JOB133780143555,ID9284617880,-9,-9,202409,202501,-9,202501,3,2,-8,-9,0,0,0,,-9,,,-9,,,-9,,-9,,-9,,-9,,-9,,-9,,-9,,-9,,-9,,-9,,-9,,0
202610,JOB937466487503,ID9284617880,EMP2594140575,-9,202407,202601,1,202601,5,0,0,0,0,0,0,,1,202408,6.0,0,,,1,7760.6,-8,,-8,,1,7760.6,1,162.47,-8,,1,162.47,1,162.66,1,165.16,1,47.71,1,46.99,1
202601,JOB181222290957,ID7419246594,EMP5022719756,-9,202204,202607,0,999909,-9,0,1,0,0,0,0,,1,202206,8.0,0,,,1,4093.97,-8,,1,285.12,1,4379.09,1,165.72,1,7.694370989219301,1,173.4143709892193,1,164.89,1,172.58437098921928,1,24.83,1,25.37,1
202505,JOB316145387471,ID7027864913,EMP5589925402,-9,202211,,0,999909,-9,1,1,0,0,0,1,CAE - Contrat d'appui-emploi,1,202302,12.0,0,,,1,4587.75,-8,,-8,,1,4587.75,1,165.51,-8,,1,165.51,1,164.07,1,168.67,1,27.96,1,27.2,0
202607,JOB941101450616,ID7964888719,-9,-9,201905,201910,-9,201910,3,2,-8,-9,0,0,0,,-9,,,-9,,,-9,,-9,,-9,,-9,,-9,,-9,,-9,,-9,,-9,,-9,,-9,,1
202401,JOB164719921281,ID9935852274,EMP8571631030,-9,201804,,0,999909,-9,1,1,0,0,0,0,,1,201806,8.0,1,1245.72,51.0,1,4152.4,-8,,-8,,1,4152.4,1,170.01,-8,,1,170.01,1,168.1,1,168.85,1,24.7,1,24.59,1
202603,JOB407669791783,ID1156997150,EMP7464380367,-9,202210,,0,999909,-9,0,1,0,0,0,0,,1,202211,6.0,0,,,1,2754.03,1,710.47,-8,,1,3464.5,1,164.89,-8,,1,164.89,1,161.67,1,165.89,1,17.03,1,20.88,1
202611,JOB528075420142,ID8489900864,EMP9699885793,-9,201902,,0,999909,-9,1,0,0,0,0,1,PAN - Projet d'activité national,1,201903,6.0,0,,,1,5211.45,-8,,-8,,1,5211.45,1,171.29,-8,,1,171.29,1,172.09,1,169.83,1,30.28,1,30.69,1
202601,JOB185777951241,ID0538829723,EMP7984339821,-9,201610,201611,1,201611,2,0,0,0,0,0,0,,1,201612,8.0,0,,,1,7292.61,-8,,-8,,1,7292.61,1,163.65,-8,,1,163.65,1,165.04,1,166.54,1,44.19,1,43.79,1
202401,JOB626327492561,ID0220992460,EMP2853933113,-9,202009,,0,999909,-9,0,1,0,0,0,0,,1,202103,26.0,0,,,1,4151.57,-8,,-8,,1,4151.57,1,172.91,-8,,1,172.91,1,173.56,1,173.2,1,23.92,1,23.97,1
202401,JOB003108277316,ID7581908154,EMP4097556340,-9,202405,,0,999909,-9,0,1,0,0,0,0,,0,,,0,,,1,3848.09,1,610.72,-8,,1,4458.81,1,163.92,-8,,1,163.92,1,164.52,1,165.61,1,23.39,1,26.92,1
202502,JOB151302746649,ID1757639532,EMP9895956287,-9,202307,,0,999909,-9,0,0,0,0,0,0,,1,202308,6.0,0,,,1,3079.16,1,658.62,-8,,1,3737.78,1,167.95,-8,,1,167.95,1,169.65,1,169.58,1,18.15,1,22.04,1
202412,JOB238545148181,ID5369857043,EMP4792216009,-9,201504,,0,999909,-9,1,0,0,0,0,0,,0,,,0,,,1,3983.37,1,687.99,-8,,1,4671.35,1,169.18,-8,,1,169.18,1,166.24,1,167.64,1,23.96,1,27.87,1
202403,JOB830243909305,ID5582204343,EMP2734791890,-9,202305,202310,2,202310,2,0,1,0,0,0,0,,-9,,,0,,,1,3277.91,1,944.77,-8,,1,4222.68,1,172.83,-8,,1,172.83,1,174.14,1,175.85,1,18.82,1,24.01,1
202606,JOB353458116657,ID3795712821,EMP9270810643,TMP0693517412,201704,,0,999909,-9,0,0,0,0,0,0,,1,201705,4.0,0,,,1,5911.02,-8,,-8,,1,5911.02,1,163.0,-8,,1,163.0,1,161.38,1,164.56,1,36.63,1,35.92,1
202406,JOB283531855775,ID8318223995,EMP1547382484,-9,201704,,0,999909,-9,0,0,0,0,0,0,,1,201705,4.0,0,,,1,6649.6,-8,,-8,,1,6649.6,1,168.45,-8,,1,168.45,1,166.79,1,165.37,1,39.87,1,40.21,1
202412,JOB023553372315,ID0517785263,EMP7029841509,-9,201804,,0,999909,-9,0,0,0,0,0,0,,1,201807,12.0,0,,,1,4620.66,1,334.57,-8,,1,4955.23,1,167.96,1,11.55,1,179.51,1,165.31,1,181.38,1,27.95,1,27.32,1
202611,JOB502548297461,ID0917310809,EMP5537410301,-9,201611,201612,1,201612,2,0,0,0,0,0,0,,1,201702,12.0,0,,,1,3375.52,-8,,-8,,1,3375.52,1,167.85,-8,,1,167.85,1,169.77,1,167.64,1,19.88,1,20.14,1
202506,JOB431008224502,ID0896230271,EMP5912987384,-9,201802,,0,999909,-9,0,0,0,0,0,0,,1,201804,8.0,0,,,1,6777.88,-8,,-8,,1,6777.88,1,172.82,1,15.82,1,188.64,1,175.8,1,189.4,1,38.55,1,35.79,1
202505,JOB627158829611,ID0896230271,EMP8502177030,-9,202405,,0,999909,-9,0,1,0,0,1,0,,0,,,0,,,1,3394.48,1,144.78,-8,,1,3539.26,1,171.97,1,9.89,1,181.87,1,169.26,1,180.41,1,20.05,1,19.62,1
202404,JOB105404789439,ID7622456878,EMP2839285387,-9,202508,,0,999909,-9,0,0,0,0,0,0,,0,,,0,,,1,6511.32,1,195.53,-8,,1,6706.85,1,166.36,-8,,1,166.36,1,163.11,1,166.77,1,39.92,1,40.22,1
202510,JOB851349827349,ID1091940936,EMP2944643994,-9,202411,,0,999909,-9,1,1,0,0,0,0,,1,202412,6.0,0,,,1,5752.22,1,412.47,-8,,1,6164.68,1,160.44,-8,,1,160.44,1,162.91,1,162.69,1,35.31,1,37.89,1
202408,JOB701812344665,ID5436710770,EMP8912387197,-9,202108,,0,999909,-9,0,1,0,0,0,0,,1,202109,6.0,1,1406.95,51.4,1,4689.83,-8,,1,815.36,1,5505.2,1,171.33,1,19.858051794726716,1,191.18805179472673,1,173.36,1,193.21805179472673,1,27.05,1,28.49,1
202612,JOB643921192133,ID4641980815,-9,-9,201504,201509,-9,201509,2,2,-8,-9,0,0,0,,-9,,,-9,,,-9,,-9,,-9,,-9,,-9,,-9,,-9,,-9,,-9,,-9,,-9,,1
202507,JOB904062674917,ID4641980815,EMP4554681595,-9,201706,201710,1,201710,3,0,1,0,0,1,0,,1,201707,4.0,0,,,1,3529.64,-8,,-8,,1,3529.64,1,168.84,-8,,1,168.84,1,165.69,1,170.4,1,21.3,1,20.71,1
202407,JOB830248876461,ID0858794148,EMP1329883336,-9,201508,202512,0,999909,-9,0,0,0,0,0,0,,1,201602,26.0,0,,,1,7644.34,1,243.84,-8,,1,7888.18,1,171.99,-8,,1,171.99,1,171.85,1,173.42,1,44.48,1,45.49,1
202507,JOB110310026799,ID5131911769,EMP3570176319,-9,202510,202601,0,999909,-9,0,0,0,0,0,0,,1,202512,8.0,0,,,1,8048.22,-8,,1,943.57,1,8991.79,1,166.49,1,13.012844408968636,1,179.50284440896866,1,165.18,1,178.19284440896865,1,48.72,1,50.46,1
202408,JOB878015884801,ID5131911769,EMP4080991250,-9,202009,,0,999909,-9,0,1,0,0,0,0,,1,202103,26.0,0,,,1,2665.29,-8,,-8,,1,2665.29,1,160.75,-8,,1,160.75,1,161.82,1,159.74,1,16.47,1,16.69,1
202506,JOB493153114123,ID2274517763,EMP3173836428,-9,202004,,0,999909,-9,1,0,0,0,0,0,,1,202005,6.0,0,,,1,4669.8,1,108.14,-8,,1,4777.94,1,169.82,-8,,1,169.82,1,171.85,1,169.66,1,27.17,1,28.16,1
202503,JOB038364251179,ID2274517763,EMP0875777744,-9,202510,,0,999909,-9,0,0,0,0,0,0,,1,202511,6.0,0,,,1,6809.68,1,178.67,1,1150.49,1,8138.83,1,160.05,1,18.02682161332352,1,178.07682161332355,1,160.63,1,178.65682161332353,1,42.39,1,45.56,1
202605,JOB677280720090,ID8004724571,EMP1546680797,-9,201810,,0,999909,-9,0,0,0,0,0,0,,1,201811,4.0,0,,,1,7238.03,-8,,-8,,1,7238.03,1,161.09,-8,,1,161.09,1,163.06,1,164.17,1,44.39,1,44.09,1
202506,JOB426610995833,ID1964537573,EMP0539819371,-9,201711,,0,999909,-9,0,0,0,0,0,0,,1,201802,12.0,0,,,1,6243.42,1,241.62,-8,,1,6485.03,1,169.45,-8,,1,169.45,1,169.11,1,171.5,1,36.92,1,37.81,1
202506,JOB446644537075,ID3617896141,EMP2218509320,-9,201708,,0,999909,-9,0,1,0,0,0,0,,0,,,0,,,1,3756.92,1,609.21,-8,,1,4366.14,1,170.56,-8,,1,170.56,1,168.93,1,171.31,1,22.24,1,25.49,1
202502,JOB716102014505,ID6767270621,EMP1499228921,-9,202502,,0,999909,-9,0,0,0,0,0,0,,0,,,1,1906.67,48.42,1,6355.56,-8,,-8,,1,6355.56,1,161.4,-8,,1,161.4,1,164.21,1,163.86,1,38.7,1,38.79,1
202403,JOB129907561626,ID6584751422,EMP5771229070,-9,202306,,0,999909,-9,1,1,0,0,0,0,,1,202307,4.0,0,,,1,7232.22,-8,,-8,,1,7232.22,1,166.53,-8,,1,166.53,1,164.32,1,166.59,1,44.01,1,43.41,1
202410,JOB781194544880,ID6641634230,EMP8736126126,-9,201505,,0,999909,-9,0,0,0,0,0,0,,0,,,0,,,1,6827.25,-8,,-8,,1,6827.25,1,162.87,-8,,1,162.87,1,162.63,1,160.99,1,41.98,1,42.41,1
202609,JOB425087639719,ID4111962992,EMP1033892807,-9,202202,,0,999909,-9,0,0,0,0,0,0,,1,202208,26.0,0,,,1,7799.08,-8,,-8,,1,7799.08,1,171.11,-8,,1,171.11,1,172.98,1,172.41,1,45.09,1,45.24,1
202512,JOB249067653363,ID7988779091,EMP3019965724,-9,201911,,0,999909,-9,1,1,0,0,0,0,,1,202005,26.0,0,,,1,4457.02,-8,,-8,,1,4457.02,1,170.78,-8,,1,170.78,1,172.28,1,173.39,1,25.87,1,25.71,1
202508,JOB057445500986,ID1750942215,EMP1918802540,-9,202211,202405,1,202405,5,0,0,0,0,0,0,,1,202212,6.0,0,,,1,7025.82,-8,,-8,,1,7025.82,1,160.0,-8,,1,160.0,1,158.8,1,159.35,1,44.24,1,44.09,1
202510,JOB333565594884,ID1750942215,EMP7555413260,-9,201806,,0,999909,-9,1,0,0,0,0,0,,1,201807,6.0,1,2169.34,48.97,1,7231.15,-8,,-8,,1,7231.15,1,163.23,-8,,1,163.23,1,162.61,1,164.51,1,44.47,1,43.96,1
202506,JOB858720000234,ID4076558039,EMP1432353557,-9,201701,,0,999909,-9,0,0,0,0,0,0,,0,,,0,,,1,7934.14,1,111.21,-8,,1,8045.35,1,167.06,-8,,1,167.06,1,166.96,1,163.81,1,47.52,1,49.11,1
202608,JOB576941586765,ID4076558039,EMP1117118129,-9,202006,,0,999909,-9,0,1,0,0,0,0,,0,,,0,,,1,2823.39,1,739.83,-8,,1,3563.22,1,163.61,1,17.61,1,181.22,1,164.89,1,179.65,1,17.12,1,19.83,1
202609,JOB842145100973,ID2969347215,EMP5200063338,-9,201508,,0,999909,-9,0,0,0,0,0,0,,1,201510,8.0,0,,,1,5776.59,-8,,-8,,1,5776.59,1,161.09,-8,,1,161.09,1,164.04,1,161.84,1,35.21,1,35.69,1
202612,JOB733750987104,ID1851954746,EMP2883222747,-9,201504,201505,1,201505,2,0,1,0,0,0,0,,1,201510,26.0,0,,,1,4092.7,-8,,-8,,1,4092.7,1,169.58,-8,,1,169.58,1,170.36,1,166.62,1,24.02,1,24.56,1
202404,JOB225361476842,ID1930844709,EMP8388830154,-9,201705,,0,999909,-9,0,0,0,0,0,0,,1,201711,26.0,0,,,1,6179.24,-8,,-8,,1,6179.24,1,171.91,-8,,1,171.91,1,173.22,1,169.61,1,35.67,1,36.43,0
202402,JOB483448345996,ID3983437845,EMP1940387307,-9,202310,,0,999909,-9,0,0,0,0,0,0,,1,202404,26.0,0,,,1,7386.81,-8,,-8,,1,7386.81,1,160.1,-8,,1,160.1,1,159.27,1,162.23,1,46.38,1,45.53,1
202507,JOB768624982677,ID0222596256,EMP5393930034,-9,202402,202411,1,202411,4,0,1,0,0,0,0,,1,202403,4.0,0,,,1,3499.7,1,153.66,-8,,1,3653.36,1,163.85,-8,,1,163.85,1,162.4,1,163.44,1,21.55,1,22.35,1
202504,JOB296234091046,ID0788960852,EMP2388506509,-9,201505,,0,999909,-9,0,0,0,0,1,1,PAN - Projet d'activité national,0,,,0,,,1,5319.1,-8,,-8,,1,5319.1,1,162.53,-8,,1,162.53,1,160.45,1,164.3,1,33.15,1,32.37,0
202605,JOB933317361237,ID9113696626,-9,-9,202210,202301,-9,202301,4,2,-8,-9,0,0,0,,-9,,,-9,,,-9,,-9,,-9,,-9,,-9,,-9,,-9,,-9,,-9,,-9,,-9,,1
202402,JOB451297724830,ID6754300536,EMP3759755341,-9,202402,202403,1,202403,2,0,0,0,0,0,0,,0,,,0,,,1,4973.26,1,486.83,-8,,1,5460.1,1,162.76,-8,,1,162.76,1,163.34,1,164.06,1,30.45,1,33.28,1
202505,JOB280847540172,ID8281368336,EMP6370273113,-9,202111,,0,999909,-9,0,1,0,0,0,0,,0,,,0,,,1,3973.1,-8,,-8,,1,3973.1,1,162.95,-8,,1,162.95,1,164.27,1,161.5,1,24.19,1,24.6,1
202501,JOB567106815089,ID5031521972,EMP2178907091,-9,201908,,0,999909,-9,0,0,0,0,0,0,,1,201911,12.0,0,,,1,8481.69,-8,,-8,,1,8481.69,1,170.25,1,7.27,1,177.52,1,173.59,1,179.86,1,48.86,1,47.16,1
202501,JOB320471324393,ID3982002844,EMP6364769270,-9,201711,,0,999909,-9,1,0,0,0,0,0,,1,201805,26.0,0,,,1,7117.02,-8,,-8,,1,7117.02,1,162.16,-8,,1,162.16,1,162.13,1,161.89,1,43.9,1,43.96,1
202409,JOB289782638152,ID9728218019,EMP2882049776,-9,202305,,0,999909,-9,0,1,0,0,0,0,,1,202307,8.0,0,,,1,3131.12,1,660.45,-8,,1,3791.57,1,164.87,-8,,1,164.87,1,164.96,1,166.48,1,18.98,1,22.77,0
202604,JOB087813716097,ID9728218019,EMP3051149607,-9,202306,,0,999909,-9,0,0,0,0,0,0,,1,202309,12.0,0,,,1,4495.3,1,530.33,-8,,1,5025.63,1,171.63,-8,,1,171.63,1,171.63,1,169.42,1,26.19,1,29.66,1
202509,JOB977031272710,ID0445667394,-9,-9,201601,201602,-9,201602,3,2,-8,-9,0,0,0,,-9,,,-9,,,-9,,-9,,-9,,-9,,-9,,-9,,-9,,-9,,-9,,-9,,-9,,1
202505,JOB721011962065,ID5381159576,EMP0987128849,-9,201606,,0,999909,-9,0,1,0,0,0,0,,1,201609,12.0,0,,,1,3806.02,-8,,-8,,1,3806.02,1,166.69,-8,,1,166.69,1,166.1,1,168.08,1,22.91,1,22.64,1
202403,JOB922014536451,ID5381159576,EMP2543644489,TMP9559149873,201801,201811,0,999909,-9,0,1,0,0,0,0,,0,,,1,757.82,48.52,1,2526.07,1,373.33,-8,,1,2899.4,1,161.74,-8,,1,161.74,1,160.17,1,161.53,1,15.77,1,17.95,1
202411,JOB907667042647,ID2916520090,EMP0568066400,-9,202509,202601,1,202601,3,0,1,0,0,0,1,CIE - Contrat d'initiation à l'emploi,1,202512,12.0,0,,,1,2829.57,-8,,-8,,1,2829.57,1,162.28,-8,,1,162.28,1,163.66,1,161.4,1,17.29,1,17.53,1
202606,JOB561036916288,ID6728494535,EMP7508650629,-9,201811,,0,999909,-9,0,0,0,0,0,0,,1,201812,6.0,0,,,1,3849.4,-8,,1,364.76,1,4214.16,1,172.52,1,10.898343652864181,1,183.4183436528642,1,175.86,1,186.7583436528642,1,21.89,1,22.56,1
202401,JOB315151947428,ID9683240821,EMP8100639399,-9,202208,202508,3,202508,5,0,0,0,0,0,0,,-9,,,0,,,1,4202.93,-8,,-8,,1,4202.93,1,144.83,-8,,1,144.83,1,146.31,1,145.9,1,28.73,1,28.81,1
202404,JOB763256337259,ID6077131314,EMP2667503151,-9,202207,,0,999909,-9,0,0,0,0,0,0,,1,202301,26.0,0,,,1,7011.22,1,763.52,-8,,1,7774.74,1,170.32,1,11.97,1,182.28,1,167.88,1,179.9,1,41.76,1,43.22,1
202405,JOB508373769895,ID4365426999,EMP6092474010,-9,201606,,0,999909,-9,0,0,0,0,0,0,,0,,,0,,,1,8220.34,-8,,-8,,1,8220.34,1,165.36,-8,,1,165.36,1,163.78,1,163.44,1,50.19,1,50.3,1
202406,JOB433931434398,ID1743971161,EMP3885342630,-9,201901,201907,0,999909,-9,0,1,0,0,0,0,,1,201907,26.0,0,,,1,3054.62,-8,,-8,,1,3054.62,1,167.32,-8,,1,167.32,1,169.6,1,167.96,1,18.01,1,18.19,1
202503,JOB061901552564,ID1113697938,EMP9876748854,-9,201802,201808,0,999909,-9,1,1,0,0,0,0,,0,,,0,,,1,5041.07,-8,,-8,,1,5041.07,1,166.78,-8,,1,166.78,1,166.03,1,168.47,1,30.36,1,29.92,1
202411,JOB010253258139,ID1113697938,EMP6331776331,-9,202505,202509,1,202509,3,0,0,0,0,0,0,,1,202508,12.0,0,,,1,7650.2,1,860.85,-8,,1,8511.06,1,169.6,-8,,1,169.6,1,166.83,1,166.26,1,45.86,1,51.19,1
202604,JOB117038486817,ID3065177924,EMP4791452520,-9,202404,202605,0,999909,-9,1,0,0,0,0,0,,1,202405,4.0,0,,,1,6942.32,-8,,-8,,1,6942.32,1,170.58,-8,,1,170.58,1,172.84,1,167.96,1,40.17,1,41.33,1
202403,JOB440591498735,ID3065177924,EMP5522327425,-9,201803,,0,999909,-9,0,0,0,0,1,0,,1,201809,26.0,0,,,1,7859.91,-8,,-8,,1,7859.91,1,160.66,-8,,1,160.66,1,162.63,1,163.83,1,48.33,1,47.98,1
202404,JOB726992767264,ID8418542811,EMP9408836956,-9,201905,,0,999909,-9,0,1,0,0,0,0,,0,,,0,,,1,4009.37,1,102.48,-8,,1,4111.86,1,172.68,-8,,1,172.68,1,175.48,1,172.15,1,22.85,1,23.89,1
202510,JOB507864097777,ID6334814167,EMP7471422724,-9,201707,,0,999909,-9,0,0,0,0,0,0,,0,,,0,,,1,7772.62,-8,,-8,,1,7772.62,1,172.92,-8,,1,172.92,1,175.44,1,171.18,1,44.3,1,45.41,1
202508,JOB161324906907,ID0927051417,EMP0024245989,-9,202506,,0,999909,-9,1,1,0,0,0,0,,0,,,0,,,1,5103.82,1,729.98,-8,,1,5833.8,1,169.84,1,10.27,1,180.12,1,169.04,1,177.46,1,30.19,1,32.87,1
202503,JOB421202853338,ID7698292406,EMP0392442546,-9,202410,202609,0,999909,-9,1,0,0,0,0,1,PAN - Projet d'activité national,0,,,0,,,1,5899.98,-8,,-8,,1,5899.98,1,161.44,-8,,1,161.44,1,164.39,1,164.45,1,35.89,1,35.88,1
202512,JOB929598956792,ID4088435110,EMP2709086600,-9,202206,,0,999909,-9,0,1,0,0,0,0,,1,202207,6.0,0,,,1,2869.0,-8,,-8,,1,2869.0,1,169.58,-8,,1,169.58,1,170.03,1,170.61,1,16.87,1,16.82,1
202604,JOB406385524524,ID7677074068,EMP1411770591,-9,202102,,0,999909,-9,1,0,0,0,0,0,,1,202105,12.0,0,,,1,5197.6,-8,,-8,,1,5197.6,1,164.98,-8,,1,164.98,1,167.07,1,162.29,1,31.11,1,32.03,1
202502,JOB548014960914,ID3502323142,EMP4785380579,-9,201804,,0,999909,-9,1,1,0,0,1,0,,1,201806,8.0,0,,,1,7000.49,-8,,-8,,1,7000.49,1,162.87,-8,,1,162.87,1,160.33,1,163.39,1,43.66,1,42.85,1
202603,JOB346282446683,ID4534262570,EMP1211369314,-9,202204,,0,999909,-9,1,0,0,0,0,0,,1,202207,12.0,0,,,1,4674.49,1,262.23,-8,,1,4936.72,1,161.22,-8,,1,161.22,1,163.64,1,162.98,1,28.57,1,30.29,1
202610,JOB396065181338,ID4593100229,EMP2244924424,-9,202104,202404,0,999909,-9,0,1,0,0,0,0,,1,202105,6.0,0,,,1,2771.48,1,860.05,-8,,1,3631.54,1,168.29,-8,,1,168.29,1,170.6,1,167.66,1,16.25,1,21.66,1
202504,JOB287363792301,ID3447728795,EMP3768858222,-9,201905,,0,999909,-9,0,0,0,0,0,0,,1,201907,8.0,0,,,1,3750.06,1,854.76,1,254.38,1,4859.2,1,168.39,1,7.615097682791182,1,176.00509768279116,1,165.54,1,173.15509768279117,1,22.65,1,28.06,1
202604,JOB942068028287,ID0273676708,EMP1053031653,-9,201603,201803,3,201803,5,0,1,0,0,0,0,,-9,,,1,974.45,48.79,1,3248.16,1,119.13,-8,,1,3367.29,1,162.64,1,14.79,1,177.44,1,164.85,1,178.58,1,19.7,1,18.86,0
202508,JOB209064136797,ID0068627375,EMP5405319409,-9,202506,,0,999909,-9,0,0,0,0,0,0,,1,202507,4.0,0,,,1,4223.0,-8,,-8,,1,4223.0,1,165.24,-8,,1,165.24,1,163.79,1,166.18,1,25.78,1,25.41,1
202404,JOB607303163959,ID5666317443,EMP1189961848,-9,201508,,0,999909,-9,0,0,0,0,0,0,,1,201510,8.0,0,,,1,3883.39,-8,,-8,,1,3883.39,1,160.65,-8,,1,160.65,1,162.67,1,163.68,1,23.87,1,23.73,1
202601,JOB309965431753,ID9111609145,EMP0577698500,-9,202401,,0,999909,-9,0,1,0,0,0,1,CIE - Contrat d'initiation à l'emploi,1,202404,12.0,0,,,1,4407.46,-8,,-8,,1,4407.46,1,160.69,1,7.35,1,168.04,1,160.2,1,170.61,1,27.51,1,25.83,1
202506,JOB718789465299,ID9111609145,-9,TMP2413344537,202510,202603,-9,202603,3,2,-8,-9,0,0,0,,-9,,,-9,,,-9,,-9,,-9,,-9,,-9,,-9,,-9,,-9,,-9,,-9,,-9,,1
202606,JOB277975887064,ID7755622923,EMP4913202375,-9,202207,,0,999909,-9,1,1,0,0,0,0,,1,202301,26.0,0,,,1,3908.57,-8,,-8,,1,3908.57,1,165.02,1,11.7,1,176.72,1,162.84,1,178.13,1,24.0,1,21.94,1
202606,JOB118210597815,ID8898833757,EMP3825534616,-9,201503,,0,999909,-9,0,0,0,0,0,0,,1,201504,4.0,0,,,1,4687.21,-8,,1,439.07,1,5126.28,1,172.8,1,10.791179046642508,1,183.5911790466425,1,173.36,1,184.1511790466425,1,27.04,1,27.84,1
202609,JOB354484423902,ID4939444772,EMP8798526736,-9,202409,,0,999909,-9,0,1,0,0,0,0,,1,202503,26.0,0,,,1,4348.67,-8,,-8,,1,4348.67,1,160.96,-8,,1,160.96,1,162.98,1,159.16,1,26.68,1,27.32,1
202508,JOB834696488513,ID8496202992,EMP9302728602,-9,202104,,0,999909,-9,0,0,0,0,1,0,,1,202110,26.0,0,,,1,6992.84,1,573.92,1,1214.34,1,8781.09,1,167.07,1,19.34165428265913,1,186.41165428265913,1,166.56,1,185.90165428265914,1,41.98,1,47.24,1
202405,JOB597026353717,ID9120090883,EMP7501396377,-9,201511,,0,999909,-9,0,1,0,0,0,0,,0,,,0,,,1,2826.26,-8,,-8,,1,2826.26,1,162.84,1,19.71,1,182.55,1,159.59,1,180.14,1,17.71,1,15.69,1
202504,JOB384177411842,ID5353384474,-9,-9,201510,201511,-9,201511,2,2,-8,-9,0,0,0,,-9,,,-9,,,-9,,-9,,-9,,-9,,-9,,-9,,-9,,-9,,-9,,-9,,-9,,1
202411,JOB627370685405,ID5077349025,EMP4445537313,-9,202310,202401,2,202401,2,0,0,0,0,0,0,,-9,,,0,,,1,7917.15,-8,,-8,,1,7917.15,1,168.02,-8,,1,168.02,1,167.91,1,167.43,1,47.15,1,47.29,1
202611,JOB112771070957,ID2177622715,EMP1462811187,-9,202102,202111,1,202111,4,0,0,0,0,0,0,,0,,,0,,,1,3728.66,-8,,-8,,1,3728.66,1,160.06,-8,,1,160.06,1,158.94,1,157.27,1,23.46,1,23.71,1
202401,JOB017075934946,ID7079774854,-9,-9,202404,202408,-9,202408,3,2,-8,-9,0,0,0,,-9,,,-9,,,-9,,-9,,-9,,-9,,-9,,-9,,-9,,-9,,-9,,-9,,-9,,1
202402,JOB582430520967,ID5446255635,EMP3373388621,-9,202402,,0,999909,-9,0,0,0,0,0,0,,1,202404,8.0,0,,,1,6582.44,1,279.33,-8,,1,6861.77,1,163.92,-8,,1,163.92,1,166.47,1,163.63,1,39.54,1,41.93,1
202503,JOB067200078161,ID5682632820,EMP1094837029,-9,201606,,0,999909,-9,0,0,0,0,0,0,,1,201607,6.0,0,,,1,5110.99,-8,,-8,,1,5110.99,1,163.6,-8,,1,163.6,1,162.75,1,161.51,1,31.4,1,31.65,1
202405,JOB924098514316,ID5682632820,EMP4913440496,-9,202409,,0,999909,-9,0,1,0,0,0,0,,0,,,0,,,1,2692.03,-8,,-8,,1,2692.03,1,166.49,-8,,1,166.49,1,164.96,1,164.34,1,16.32,1,16.38,1
202601,JOB772722926498,ID1590762946,EMP6830850672,-9,202402,,0,999909,-9,0,0,0,0,1,0,,1,202403,4.0,0,,,1,4345.14,1,990.41,-8,,1,5335.55,1,165.96,-8,,1,165.96,1,166.5,1,163.7,1,26.1,1,32.59,1
202612,JOB193031584256,ID6633387469,EMP1429383115,-9,201606,,0,999909,-9,0,0,0,0,0,1,PAN - Projet d'activité national,0,,,0,,,1,7832.46,-8,,-8,,1,7832.46,1,169.11,-8,,1,169.11,1,168.79,1,169.28,1,46.4,1,46.27,1
202511,JOB126759988229,ID7130666798,EMP7160877686,-9,202107,,0,999909,-9,0,0,0,0,0,0,,1,202201,26.0,0,,,1,6744.4,-8,,-8,,1,6744.4,1,166.76,-8,,1,166.76,1,166.86,1,165.63,1,40.42,1,40.72,1
202403,JOB083777557993,ID7130666798,EMP9683309335,-9,201510,,0,999909,-9,0,1,0,1,0,0,,1,201604,26.0,0,,,1,3589.71,-8,,-8,,1,3589.71,1,166.1,-8,,1,166.1,1,167.23,1,164.16,1,21.47,1,21.87,1
202409,JOB852027902329,ID2778157592,EMP6125103167,-9,202401,202405,1,202405,3,0,1,0,0,0,0,,1,202402,4.0,0,,,1,4349.63,-8,,-8,,1,4349.63,1,166.0,1,18.66,1,184.66,1,166.26,1,184.96,1,26.16,1,23.52,1
202609,JOB699793687287,ID5501765784,EMP8874643071,-9,202108,,0,999909,-9,0,1,0,0,0,0,,1,202202,26.0,0,,,1,2877.02,1,960.12,-8,,1,3837.14,1,172.84,-8,,1,172.84,1,174.72,1,172.24,1,16.47,1,22.28,1
202512,JOB643534713791,ID8752878747,-9,-9,202201,202207,-9,202207,3,2,-8,-9,0,0,0,,-9,,,-9,,,-9,,-9,,-9,,-9,,-9,,-9,,-9,,-9,,-9,,-9,,-9,,1
202609,JOB811791720292,ID3815910668,EMP7596024503,-9,201701,201705,1,201705,3,0,1,0,0,0,0,,1,201702,4.0,0,,,1,4786.38,-8,,-8,,1,4786.38,1,171.95,1,16.03,1,187.98,1,170.12,1,190.37,1,28.14,1,25.14,1
202508,JOB418590332023,ID2907058100,EMP7863014211,-9,201909,,0,999909,-9,1,1,0,0,0,0,,1,201910,4.0,0,,,1,5516.19,-8,,-8,,1,5516.19,1,163.39,-8,,1,163.39,1,162.29,1,160.24,1,33.99,1,34.42,1
202608,JOB776200900366,ID5092068607,EMP8027464491,-9,202007,,0,999909,-9,0,1,0,0,0,0,,1,202101,26.0,0,,,1,3236.59,-8,,-8,,1,3236.59,1,172.27,-8,,1,172.27,1,174.9,1,170.56,1,18.51,1,18.98,1
202403,JOB242644876964,ID4775204747,EMP7683626414,-9,202506,202609,0,999909,-9,0,0,0,0,0,0,,0,,,0,,,1,4867.32,-8,,-8,,1,4867.32,1,162.68,-8,,1,162.68,1,163.47,1,164.02,1,29.78,1,29.68,1
202608,JOB553631824258,ID6049783626,EMP0552611433,-9,202006,202206,3,202206,5,0,1,0,0,0,0,,-9,,,0,,,1,3435.82,-8,,-8,,1,3435.82,1,160.15,-8,,1,160.15,1,162.68,1,160.93,1,21.12,1,21.35,1
202510,JOB208138054654,ID9551509131,EMP2269575657,-9,201502,202004,0,999909,-9,0,1,0,0,0,0,,1,201504,8.0,0,,,1,3628.04,-8,,-8,,1,3628.04,1,170.92,-8,,1,170.92,1,170.79,1,170.15,1,21.24,1,21.32,1
202602,JOB397277995883,ID0836275434,EMP3726194697,-9,201907,202601,0,999909,-9,1,1,0,0,0,0,,0,,,0,,,1,5304.4,1,555.93,-8,,1,5860.34,1,169.31,-8,,1,169.31,1,166.39,1,166.09,1,31.88,1,35.28,0
202406,JOB808046199050,ID1173712383,EMP5366427742,-9,202410,202502,1,202502,3,0,0,0,0,0,0,,1,202412,8.0,0,,,1,3384.09,-8,,-8,,1,3384.09,1,160.82,-8,,1,160.82,1,158.11,1,158.0,1,21.4,1,21.42,1
202507,JOB775637540682,ID1964259839,EMP4634545651,-9,202307,,0,999909,-9,0,1,0,0,0,0,,1,202308,4.0,1,948.85,49.34,1,3162.82,-8,,1,292.17,1,3454.99,1,164.48,1,10.129519719198234,1,174.60951971919823,1,162.52,1,172.64951971919825,1,19.46,1,20.01,1
202503,JOB985941814527,ID0259770650,EMP3182438345,-9,201907,,0,999909,-9,0,1,0,0,0,0,,1,202001,26.0,0,,,1,3977.96,-8,,-8,,1,3977.96,1,165.41,-8,,1,165.41,1,164.67,1,163.56,1,24.16,1,24.32,1
202511,JOB937759886422,ID7148729276,EMP3129993675,-9,202408,,0,999909,-9,1,1,0,0,0,0,,1,202409,4.0,0,,,1,7435.01,-8,,-8,,1,7435.01,1,172.08,-8,,1,172.08,1,169.37,1,168.99,1,43.9,1,44.0,1
202411,JOB420724064976,ID3135191323,EMP4773117125,-9,202410,,0,999909,-9,0,0,0,0,0,0,,1,202411,4.0,0,,,1,7172.16,1,451.4,-8,,1,7623.56,1,165.83,-8,,1,165.83,1,166.1,1,166.8,1,43.18,1,45.7,1
202609,JOB394423896714,ID0092110193,EMP2547096760,-9,201611,,0,999909,-9,0,0,0,0,0,0,,0,,,0,,,1,6093.92,1,325.22,-8,,1,6419.15,1,165.81,-8,,1,165.81,1,166.35,1,165.13,1,36.63,1,38.87,1
202605,JOB812114922429,ID9563293990,EMP9811944128,-9,201701,,0,999909,-9,0,0,0,0,0,0,,1,201703,8.0,0,,,1,5187.61,1,567.59,-8,,1,5755.2,1,172.1,1,12.22,1,184.32,1,170.49,1,187.81,1,30.43,1,30.64,1
202607,JOB417881052490,ID8334225320,-9,-9,202505,202508,-9,202508,3,2,-8,-9,0,0,0,,-9,,,-9,,,-9,,-9,,-9,,-9,,-9,,-9,,-9,,-9,,-9,,-9,,-9,,1
202601,JOB072137870313,ID1481372932,EMP9816734351,-9,201905,,0,999909,-9,1,1,0,0,0,0,,0,,,0,,,1,6709.4,1,701.04,-8,,1,7410.44,1,161.61,-8,,1,161.61,1,164.7,1,162.77,1,40.74,1,45.53,1
202512,JOB234892335866,ID4840560686,EMP6443141819,-9,202207,,0,999909,-9,0,1,0,0,0,0,,0,,,0,,,1,3388.96,-8,,-8,,1,3388.96,1,163.65,-8,,1,163.65,1,163.46,1,165.31,1,20.73,1,20.5,1
202603,JOB229954280988,ID6559672769,EMP3797854550,-9,202507,,0,999909,-9,0,0,0,0,0,0,,0,,,0,,,1,7175.04,-8,,-8,,1,7175.04,1,163.92,-8,,1,163.92,1,165.17,1,166.34,1,43.44,1,43.13,1
202502,JOB858534948413,ID2536392286,EMP5296641467,-9,202506,,0,999909,-9,0,1,0,0,0,0,,1,202509,12.0,0,,,1,3913.12,1,758.18,-8,,1,4671.3,1,165.21,1,14.93,1,180.13,1,163.93,1,181.24,1,23.87,1,25.77,0
202508,JOB486233888704,ID0371417907,EMP0610298217,TMP4153659049,202110,,0,999909,-9,1,1,0,0,0,1,PAN - Projet d'activité national,0,,,0,,,1,6177.16,-8,,-8,,1,6177.16,1,171.87,-8,,1,171.87,1,170.17,1,171.76,1,36.3,1,35.96,1
202511,JOB497779299613,ID7915425189,EMP1371091075,-9,202001,,0,999909,-9,0,0,0,0,0,0,,0,,,0,,,1,5945.18,-8,,-8,,1,5945.18,1,173.0,-8,,1,173.0,1,172.87,1,170.58,1,34.39,1,34.85,1
202605,JOB854138870305,ID2165336309,EMP3338912104,TMP6575616732,202505,202508,4,202508,2,0,0,0,0,0,0,,-9,,,0,,,1,3115.51,1,985.11,-8,,1,4100.61,1,100.48,1,10.95,1,111.44,1,99.23,1,110.75,1,31.4,1,37.03,1
202602,JOB332959278819,ID7154841130,EMP1155192509,-9,202210,,0,999909,-9,0,1,0,0,0,0,,0,,,0,,,1,3944.88,1,193.65,1,355.2,1,4493.73,1,163.18,1,9.795285164414137,1,172.97528516441415,1,162.94,1,172.73528516441414,1,24.21,1,26.02,1
202402,JOB315166406413,ID5673626171,EMP3679727435,TMP1493800890,202401,,0,999909,-9,0,0,0,0,0,0,,1,202404,12.0,0,,,1,5765.74,-8,,-8,,1,5765.74,1,163.57,1,18.24,1,181.81,1,161.85,1,181.48,1,35.62,1,31.77,1
202507,JOB361059028024,ID6606570884,EMP0195158919,-9,202001,,0,999909,-9,0,1,0,0,1,0,,0,,,0,,,1,3337.12,-8,,-8,,1,3337.12,1,169.6,-8,,1,169.6,1,171.69,1,171.1,1,19.44,1,19.5,1
202406,JOB342335519768,ID4734504103,EMP7350358155,-9,202308,,0,999909,-9,0,0,0,0,0,0,,1,202310,8.0,0,,,1,7311.0,-8,,-8,,1,7311.0,1,163.66,-8,,1,163.66,1,166.78,1,164.11,1,43.84,1,44.55,1
202603,JOB545746558867,ID6690125816,EMP9787959349,-9,202303,,0,999909,-9,0,0,0,0,0,0,,1,202309,26.0,0,,,1,3160.4,1,584.7,-8,,1,3745.1,1,163.94,-8,,1,163.94,1,164.42,1,162.76,1,19.22,1,23.01,1
202404,JOB491241280489,ID4893070900,EMP5783169792,-9,201707,,0,999909,-9,0,1,0,0,0,0,,0,,,0,,,1,3895.14,1,815.9,-8,,1,4711.04,1,161.75,1,12.81,1,174.56,1,161.28,1,173.06,1,24.15,1,27.22,1
202501,JOB203214355519,ID8835200786,-9,-9,201706,201707,-9,201707,3,2,-8,-9,0,0,0,,-9,,,-9,,,-9,,-9,,-9,,-9,,-9,,-9,,-9,,-9,,-9,,-9,,-9,,1
202607,JOB626237629655,ID9979398280,EMP8174244165,-9,202209,,0,999909,-9,0,1,0,0,0,0,,1,202212,12.0,0,,,1,3147.71,1,376.37,-8,,1,3524.07,1,168.73,-8,,1,168.73,1,169.41,1,167.42,1,18.58,1,21.05,1
202510,JOB419093703050,ID5744592333,EMP1061128951,-9,202302,,0,999909,-9,1,1,0,0,0,0,,1,202305,12.0,0,,,1,4111.5,1,285.6,-8,,1,4397.1,1,163.66,1,18.43,1,182.09,1,160.89,1,185.33,1,25.55,1,23.73,1
202609,JOB264971071421,ID8445694258,EMP7181520941,-9,202307,,0,999909,-9,0,1,0,0,0,0,,1,202310,12.0,0,,,1,3831.26,-8,,-8,,1,3831.26,1,171.85,-8,,1,171.85,1,175.03,1,168.75,1,21.89,1,22.7,1
202611,JOB190114274799,ID8445694258,EMP9637602493,-9,202310,,0,999909,-9,0,1,0,0,0,0,,0,,,0,,,1,3728.88,-8,,-8,,1,3728.88,1,164.42,-8,,1,164.42,1,162.96,1,161.35,1,22.88,1,23.11,1
202403,JOB928554534997,ID1045242784,EMP2927799542,-9,202406,,0,999909,-9,0,0,0,0,0,0,,1,202407,6.0,0,,,1,5956.43,-8,,-8,,1,5956.43,1,163.22,-8,,1,163.22,1,162.29,1,159.96,1,36.7,1,37.24,1
202612,JOB315986667469,ID9625773524,EMP1966373288,-9,201903,,0,999909,-9,0,0,0,0,0,0,,1,201905,8.0,0,,,1,5928.25,-8,,-8,,1,5928.25,1,162.46,1,9.64,1,172.11,1,161.23,1,169.77,1,36.77,1,34.92,1
202606,JOB150497813461,ID2493045981,EMP8572487239,-9,201903,,0,999909,-9,0,0,0,0,0,0,,1,201904,6.0,0,,,1,3413.26,-8,,-8,,1,3413.26,1,161.18,-8,,1,161.18,1,160.28,1,161.67,1,21.3,1,21.11,0
202508,JOB471647034142,ID7778945100,EMP4799395619,-9,202006,,0,999909,-9,1,1,0,0,1,0,,0,,,0,,,1,6048.38,1,299.04,-8,,1,6347.42,1,167.62,-8,,1,167.62,1,165.75,1,168.11,1,36.49,1,37.76,1
202606,JOB956860177850,ID4347067471,EMP7742156739,-9,202101,202106,2,202106,2,0,0,0,0,0,0,,-9,,,0,,,1,3765.71,1,720.73,1,642.74,1,5129.18,1,160.34,1,18.24475973653117,1,178.58475973653117,1,159.6,1,177.84475973653116,1,23.59,1,28.84,1
202601,JOB822226157696,ID4347067471,-9,-9,202505,202506,-9,202506,4,2,-8,-9,0,0,0,,-9,,,-9,,,-9,,-9,,-9,,-9,,-9,,-9,,-9,,-9,,-9,,-9,,-9,,1
202402,JOB426581719779,ID3195319210,EMP8053043004,-9,202406,202410,0,999909,-9,0,0,0,0,0,0,,1,202409,12.0,0,,,1,4891.32,1,695.93,-8,,1,5587.25,1,161.93,-8,,1,161.93,1,165.13,1,161.88,1,29.62,1,34.51,1
202511,JOB307134682580,ID6017241028,EMP1941667720,-9,201809,,0,999909,-9,1,0,0,0,0,0,,1,201812,12.0,0,,,1,3981.6,-8,,-8,,1,3981.6,1,166.22,1,19.44,1,185.66,1,168.99,1,188.71,1,23.56,1,21.1,1
202406,JOB155780033428,ID0115489088,EMP0465864094,-9,202503,202504,1,202504,2,0,0,0,0,0,0,,0,,,0,,,1,5124.64,-8,,-8,,1,5124.64,1,166.93,-8,,1,166.93,1,168.36,1,165.79,1,30.44,1,30.91,1
202510,JOB601374287011,ID0115489088,EMP8997190719,-9,201509,201512,2,201512,2,0,1,0,0,0,0,,-9,,,1,1215.56,49.13,1,4051.86,-8,,-8,,1,4051.86,1,163.76,-8,,1,163.76,1,160.55,1,165.15,1,25.24,1,24.53,1
202512,JOB731011488424,ID4398100404,EMP6901303933,-9,201701,202405,0,999909,-9,0,0,0,0,0,0,,1,201707,26.0,0,,,1,8309.45,-8,,-8,,1,8309.45,1,170.39,-8,,1,170.39,1,173.36,1,173.0,1,47.93,1,48.03,1
202505,JOB340485455025,ID9206927534,EMP7176014621,-9,202110,202312,0,999909,-9,0,1,0,0,0,0,,1,202204,26.0,0,,,1,2984.55,-8,,-8,,1,2984.55,1,167.46,1,15.07,1,182.52,1,166.13,1,184.78,1,17.97,1,16.15,1
202611,JOB881281690454,ID2183199643,EMP5920881846,-9,202409,202510,0,999909,-9,0,1,0,0,0,0,,1,202412,12.0,0,,,1,3597.84,-8,,-8,,1,3597.84,1,163.3,1,10.9,1,174.21,1,163.65,1,176.6,1,21.98,1,20.37,1
202501,JOB635599806696,ID5690652753,EMP9361001712,-9,201508,201509,1,201509,1,0,1,0,0,0,0,,1,201509,6.0,0,,,1,3679.59,-8,,-8,,1,3679.59,1,164.34,-8,,1,164.34,1,163.36,1,162.94,1,22.52,1,22.58,1
202411,JOB261744288276,ID4256219093,EMP1317509080,-9,201501,,0,999909,-9,0,1,0,0,0,0,,1,201504,12.0,0,,,1,4358.18,-8,,-8,,1,4358.18,1,168.03,-8,,1,168.03,1,165.27,1,165.91,1,26.37,1,26.27,1
202410,JOB838303361925,ID4895479264,EMP1917564316,-9,201809,,0,999909,-9,0,1,0,0,0,0,,1,201810,6.0,0,,,1,3793.19,-8,,-8,,1,3793.19,1,170.15,-8,,1,170.15,1,172.29,1,171.66,1,22.02,1,22.1,1
202408,JOB387809713174,ID9258870140,EMP7914869960,-9,202102,202402,3,202402,5,0,0,0,0,0,0,,-9,,,0,,,1,5315.09,-8,,-8,,1,5315.09,1,145.12,-8,,1,145.12,1,145.81,1,145.43,1,36.45,1,36.55,1
202607,JOB028875800144,ID0443256944,EMP7622381937,-9,201909,201910,1,201910,1,0,0,0,0,0,0,,1,201911,8.0,0,,,1,8032.11,-8,,-8,,1,8032.11,1,168.06,-8,,1,168.06,1,169.8,1,166.72,1,47.3,1,48.18,1
202601,JOB637352734334,ID0443256944,EMP7255603020,-9,201709,,0,999909,-9,0,1,0,0,0,0,,1,201710,4.0,0,,,1,4397.64,-8,,-8,,1,4397.64,1,166.38,1,9.0,1,175.38,1,165.0,1,176.14,1,26.65,1,24.97,1
202508,JOB406043782217,ID7861563442,EMP1721930590,-9,202511,,3,202711,5,0,0,0,0,0,1,CIE - Contrat d'initiation à l'emploi,-9,,,0,,,1,5162.74,1,873.55,-8,,1,6036.3,1,161.09,-8,,1,161.09,1,163.08,1,163.68,1,31.66,1,36.88,1
202409,JOB499767976814,ID1696767817,EMP3673633334,-9,201605,,0,999909,-9,0,1,0,0,0,0,,1,201606,6.0,0,,,1,2849.64,-8,,-8,,1,2849.64,1,168.39,-8,,1,168.39,1,168.96,1,169.73,1,16.87,1,16.79,1
202402,JOB584195515172,ID8558465286,EMP0135308071,-9,201907,202004,1,202004,4,0,1,0,0,0,0,,1,201908,4.0,0,,,1,4404.9,1,222.48,-8,,1,4627.38,1,172.81,-8,,1,172.81,1,175.71,1,169.49,1,25.07,1,27.3,1
202604,JOB761286351614,ID3742067351,EMP0556842962,-9,202006,,0,999909,-9,1,0,0,0,0,0,,0,,,1,1831.85,51.45,1,6106.16,-8,,-8,,1,6106.16,1,171.51,-8,,1,171.51,1,172.07,1,173.63,1,35.49,1,35.17,1
202601,JOB959608953877,ID4700253946,EMP2242884070,-9,202211,,0,999909,-9,0,0,0,0,0,0,,1,202212,4.0,0,,,1,8189.49,-8,,-8,,1,8189.49,1,169.78,-8,,1,169.78,1,168.91,1,172.24,1,48.48,1,47.55,1
202511,JOB514309128692,ID1181309184,EMP8761453590,-9,202501,202502,1,202502,2,0,1,0,0,0,0,,1,202504,12.0,0,,,1,4120.9,1,694.71,-8,,1,4815.61,1,171.42,-8,,1,171.42,1,168.54,1,174.73,1,24.45,1,27.56,1
202411,JOB374784327267,ID1181309184,EMP0159890201,-9,202309,,0,999909,-9,0,1,0,0,0,0,,1,202310,4.0,1,793.4,49.4,1,2644.68,-8,,-8,,1,2644.68,1,164.67,1,10.13,1,174.8,1,165.69,1,174.16,1,15.96,1,15.19,1
202409,JOB052326356443,ID7030054830,-9,-9,201909,201910,-9,201910,2,2,-8,-9,0,0,0,,-9,,,-9,,,-9,,-9,,-9,,-9,,-9,,-9,,-9,,-9,,-9,,-9,,-9,,1
202506,JOB879879943385,ID7937706661,EMP4599995579,-9,201910,201911,1,201911,2,0,1,0,0,0,0,,1,201911,6.0,0,,,1,3282.56,-8,,1,484.7,1,3767.26,1,169.87,1,16.721884957457394,1,186.5918849574574,1,168.27,1,184.99188495745742,1,19.51,1,20.36,1
202502,JOB858573845431,ID8663888150,EMP0566624227,-9,202207,,0,999909,-9,1,0,0,0,0,1,PAN - Projet d'activité national,1,202208,6.0,0,,,1,6364.85,-8,,-8,,1,6364.85,1,169.93,1,19.99,1,189.92,1,172.82,1,193.71,1,36.83,1,32.86,1
202601,JOB387795030510,ID6322865204,EMP5094977254,-9,202410,202502,1,202502,3,0,0,0,0,0,0,,0,,,0,,,1,4340.58,1,956.17,-8,,1,5296.76,1,168.02,-8,,1,168.02,1,171.16,1,170.08,1,25.36,1,31.14,1
202402,JOB069683130998,ID2436169662,EMP7862792213,TMP8227109055,202203,,0,999909,-9,1,1,0,0,0,0,,0,,,0,,,1,4212.7,-8,,-8,,1,4212.7,1,163.07,-8,,1,163.07,1,161.29,1,161.69,1,26.12,1,26.05,1
202511,JOB279153353033,ID4914137983,EMP4996608756,-9,202102,202302,3,202302,5,0,0,0,0,0,0,,-9,,,0,,,1,5369.1,1,384.02,-8,,1,5753.12,1,143.41,-8,,1,143.41,1,144.4,1,141.87,1,37.18,1,40.55,1
202503,JOB116796524326,ID8316024487,EMP5434674013,-9,201703,,0,999909,-9,0,0,0,0,0,0,,1,201704,4.0,0,,,1,5195.18,-8,,-8,,1,5195.18,1,165.45,1,8.72,1,174.17,1,163.93,1,173.86,1,31.69,1,29.88,1
202608,JOB492850636068,ID3486297734,EMP3820532265,-9,201508,201601,2,201601,4,0,1,0,0,0,0,,-9,,,0,,,1,3084.01,-8,,-8,,1,3084.01,1,171.57,-8,,1,171.57,1,174.77,1,174.96,1,17.65,1,17.63,1
202609,JOB091741961404,ID2887026865,EMP5038724754,-9,201507,,0,999909,-9,0,0,0,0,0,0,,1,201509,8.0,0,,,1,5539.73,1,176.01,-8,,1,5715.74,1,170.75,-8,,1,170.75,1,168.85,1,169.34,1,32.81,1,33.75,1
202409,JOB930662747685,ID6788706707,EMP7411020861,TMP1137080798,202008,,0,999909,-9,0,0,0,0,0,0,,0,,,0,,,1,5354.55,1,431.22,-8,,1,5785.77,1,164.86,-8,,1,164.86,1,162.81,1,166.39,1,32.89,1,34.77,1
202403,JOB891974591857,ID0014243163,EMP4482147484,-9,201708,,0,999909,-9,0,0,0,0,0,0,,1,201709,6.0,0,,,1,7981.24,1,481.52,-8,,1,8462.76,1,172.3,1,15.87,1,188.17,1,174.42,1,189.19,1,45.76,1,44.73,1
202603,JOB810443094784,ID2115208274,EMP5198442584,-9,202206,,0,999909,-9,1,1,0,0,0,0,,1,202209,12.0,0,,,1,5946.93,-8,,-8,,1,5946.93,1,167.81,1,16.21,1,184.02,1,164.98,1,184.61,1,36.05,1,32.21,1
202409,JOB023717821745,ID4021873763,EMP3314532158,-9,201803,,0,999909,-9,0,0,0,0,0,0,,1,201805,8.0,0,,,1,3213.59,1,241.61,1,476.65,1,3931.86,1,172.15,1,17.022502820237236,1,189.17250282023724,1,172.16,1,189.18250282023723,1,18.67,1,20.78,1
202408,JOB693926852343,ID4021873763,-9,-9,202109,202111,-9,202111,3,2,-8,-9,0,0,0,,-9,,,-9,,,-9,,-9,,-9,,-9,,-9,,-9,,-9,,-9,,-9,,-9,,-9,,1
202612,JOB640682867006,ID4550561705,EMP2635601309,-9,202209,202509,3,202509,5,0,1,0,0,0,0,,-9,,,0,,,1,3965.46,1,452.47,-8,,1,4417.93,1,144.91,-8,,1,144.91,1,143.57,1,143.06,1,27.62,1,30.88,1
202407,JOB539533212919,ID6779513324,EMP9813852551,-9,202105,,0,999909,-9,0,1,0,0,0,0,,1,202106,4.0,0,,,1,3981.73,1,364.63,-8,,1,4346.36,1,162.46,1,8.69,1,171.15,1,165.55,1,170.19,1,24.05,1,25.54,1
202409,JOB768385805909,ID6779513324,EMP3342710509,-9,201604,,0,999909,-9,0,1,0,0,0,0,,1,201606,8.0,0,,,1,2778.51,-8,,-8,,1,2778.51,1,169.24,1,9.99,1,179.22,1,166.93,1,180.36,1,16.64,1,15.41,1
202609,JOB677918543811,ID8701502434,EMP5074209141,-9,201807,,0,999909,-9,0,1,0,0,0,0,,0,,,0,,,1,3032.99,-8,,-8,,1,3032.99,1,163.09,-8,,1,163.09,1,162.76,1,161.27,1,18.63,1,18.81,1
202608,JOB378432600342,ID8701502434,-9,-9,201710,201803,-9,201803,4,2,-8,-9,0,0,0,,-9,,,-9,,,-9,,-9,,-9,,-9,,-9,,-9,,-9,,-9,,-9,,-9,,-9,,1
202410,JOB525946960331,ID2887033736,EMP4094403684,-9,202306,,0,999909,-9,0,1,0,0,0,0,,1,202307,6.0,0,,,1,4511.94,-8,,-8,,1,4511.94,1,163.14,-8,,1,163.14,1,165.31,1,164.61,1,27.29,1,27.41,1
202606,JOB543853041887,ID6653844262,EMP1170233921,-9,201504,,0,999909,-9,0,1,0,0,0,0,,1,201507,12.0,0,,,1,4288.55,-8,,-8,,1,4288.55,1,171.17,-8,,1,171.17,1,168.93,1,173.48,1,25.39,1,24.72,1
202502,JOB276093980349,ID9263250386,EMP8520573647,-9,202204,,0,999909,-9,0,0,0,0,0,0,,0,,,0,,,1,4769.47,1,784.06,-8,,1,5553.53,1,162.1,-8,,1,162.1,1,163.47,1,164.53,1,29.18,1,33.75,0
202403,JOB936883762650,ID4788184784,EMP7649397239,-9,202201,202612,0,999909,-9,1,1,0,0,0,0,,0,,,0,,,1,4819.1,-8,,-8,,1,4819.1,1,166.8,-8,,1,166.8,1,168.19,1,169.02,1,28.65,1,28.51,1
202604,JOB292730294578,ID0404955831,EMP4930942165,-9,201810,201907,1,201907,4,0,0,0,0,0,0,,1,201901,12.0,0,,,1,7598.61,-8,,-8,,1,7598.61,1,160.22,-8,,1,160.22,1,160.53,1,161.65,1,47.33,1,47.01,1
202404,JOB901384128453,ID9429217590,EMP7326377343,-9,201905,202304,0,999909,-9,1,1,0,0,0,0,,1,201907,8.0,0,,,1,5042.14,-8,,-8,,1,5042.14,1,166.43,-8,,1,166.43,1,167.87,1,167.82,1,30.04,1,30.04,1
202608,JOB258566460328,ID4995006000,EMP7705645296,TMP5626083593,201705,,0,999909,-9,1,1,0,0,0,0,,1,201708,12.0,0,,,1,4128.49,-8,,-8,,1,4128.49,1,172.26,-8,,1,172.26,1,170.86,1,174.63,1,24.16,1,23.64,1
202508,JOB849533005068,ID9440972794,-9,-9,202208,202211,-9,202211,3,2,-8,-9,0,1,0,,-9,,,-9,,,-9,,-9,,-9,,-9,,-9,,-9,,-9,,-9,,-9,,-9,,-9,,1
202406,JOB063355785038,ID2961357996,EMP9449912610,-9,202311,,0,999909,-9,1,1,0,0,0,0,,1,202401,8.0,0,,,1,5109.75,1,677.75,-8,,1,5787.49,1,170.25,-8,,1,170.25,1,167.8,1,167.43,1,30.45,1,34.57,1
202510,JOB221517513592,ID4794534312,EMP4681209520,-9,202508,202512,1,202512,3,0,1,0,0,0,0,,1,202510,8.0,0,,,1,3537.09,-8,,-8,,1,3537.09,1,162.3,-8,,1,162.3,1,164.48,1,163.3,1,21.5,1,21.66,1
202408,JOB032619890673,ID1155763065,-9,-9,201703,201708,-9,201708,4,2,-8,-9,0,0,0,,-9,,,-9,,,-9,,-9,,-9,,-9,,-9,,-9,,-9,,-9,,-9,,-9,,-9,,1
202510,JOB855673953874,ID9440535360,EMP6441133973,-9,202211,,0,999909,-9,0,1,0,0,0,0,,1,202212,6.0,0,,,1,3954.35,-8,,1,452.25,1,4406.6,1,168.87,1,12.875404143367904,1,181.74540414336792,1,172.09,1,184.96540414336792,1,22.98,1,23.82,1
202603,JOB631539210199,ID4765253863,EMP7379157488,-9,201807,202103,0,999909,-9,0,1,0,0,0,0,,0,,,0,,,1,2780.16,1,556.19,1,227.82,1,3564.17,1,160.16,1,8.749693889191796,1,168.9096938891918,1,159.18,1,167.9296938891918,1,17.47,1,21.22,1
202410,JOB232167877699,ID6287712772,EMP0210745414,-9,201608,201705,1,201705,4,0,1,0,0,0,0,,1,201609,4.0,0,,,1,3795.24,-8,,-8,,1,3795.24,1,165.6,-8,,1,165.6,1,163.17,1,162.45,1,23.26,1,23.36,1
202503,JOB056628307338,ID6287712772,EMP4758406182,-9,202503,202512,0,999909,-9,0,0,0,0,0,0,,0,,,0,,,1,8190.91,1,132.73,-8,,1,8323.64,1,172.45,1,6.7,1,179.15,1,172.87,1,181.61,1,47.38,1,45.83,1
202607,JOB212489879017,ID4075903446,EMP1438597158,-9,202505,,0,999909,-9,0,0,0,0,0,0,,1,202511,26.0,0,,,1,5775.84,-8,,-8,,1,5775.84,1,161.84,1,8.04,1,169.88,1,162.55,1,172.51,1,35.53,1,33.48,1
202610,JOB361802429903,ID4075903446,EMP7232103113,-9,202106,,0,999909,-9,0,0,0,0,0,0,,0,,,0,,,1,7219.31,1,444.69,-8,,1,7664.0,1,172.73,1,11.66,1,184.39,1,170.29,1,182.52,1,42.39,1,41.99,1
202409,JOB385550863767,ID5755521597,EMP9694113939,-9,201503,201511,0,999909,-9,0,1,0,0,0,0,,1,201509,26.0,1,1279.98,51.06,1,4266.6,1,417.49,-8,,1,4684.09,1,170.19,-8,,1,170.19,1,173.0,1,168.14,1,24.66,1,27.86,1
202509,JOB462576932228,ID2079078347,EMP0740224652,-9,201907,201911,1,201911,3,0,1,0,0,0,0,,1,201910,12.0,0,,,1,4337.57,1,556.67,-8,,1,4894.24,1,167.05,-8,,1,167.05,1,169.08,1,168.38,1,25.65,1,29.07,1
202411,JOB361936814549,ID3354927152,EMP1234335796,-9,201708,,0,999909,-9,1,0,0,0,0,0,,0,,,0,,,1,7086.55,-8,,-8,,1,7086.55,1,160.89,-8,,1,160.89,1,159.45,1,159.01,1,44.44,1,44.57,1
202506,JOB716216998336,ID6128437321,EMP0843170346,-9,201503,,0,999909,-9,1,0,0,0,0,1,CAE - Contrat d'appui-emploi,0,,,1,1211.54,49.84,1,4038.48,-8,,-8,,1,4038.48,1,166.13,-8,,1,166.13,1,165.93,1,168.58,1,24.34,1,23.96,1
202411,JOB515377718316,ID2918546837,EMP4074486270,-9,202311,202311,1,202311,0,0,0,0,0,0,0,,0,,,0,,,1,6338.96,1,419.24,1,653.76,1,7411.96,1,163.1,1,11.213991055107023,1,174.313991055107,1,165.64,1,176.853991055107,1,38.27,1,41.91,1
202402,JOB599167299898,ID2570236923,EMP5756292721,-9,202301,,0,999909,-9,0,0,0,0,0,0,,1,202302,6.0,0,,,1,7932.13,1,196.22,-8,,1,8128.36,1,165.23,-8,,1,165.23,1,165.61,1,162.43,1,47.9,1,50.04,1
202608,JOB989196481200,ID2570236923,EMP0338932060,-9,201704,,0,999909,-9,1,1,0,0,0,0,,0,,,0,,,1,5405.64,-8,,-8,,1,5405.64,1,160.57,1,17.53,1,178.09,1,157.85,1,181.17,1,34.25,1,29.84,1
202512,JOB112251055858,ID9385162861,EMP7833528046,-9,201610,,0,999909,-9,0,0,0,0,1,0,,1,201701,12.0,0,,,1,6073.61,-8,,-8,,1,6073.61,1,166.12,-8,,1,166.12,1,164.58,1,164.43,1,36.9,1,36.94,1
202604,JOB636558950724,ID7889530081,EMP6633893633,-9,201809,,0,999909,-9,0,1,0,0,0,0,,0,,,0,,,1,3783.89,-8,,-8,,1,3783.89,1,168.75,-8,,1,168.75,1,169.16,1,167.04,1,22.37,1,22.65,1
202612,JOB400068240591,ID7889530081,EMP2581070627,-9,201705,,0,999909,-9,0,1,0,0,0,0,,0,,,0,,,1,3832.21,-8,,-8,,1,3832.21,1,169.56,-8,,1,169.56,1,171.53,1,169.47,1,22.34,1,22.61,1
202409,JOB484350912611,ID6244626277,EMP1086806793,TMP9855794689,202109,,0,999909,-9,0,1,0,0,0,1,PAN - Projet d'activité national,1,202111,8.0,0,,,1,3064.31,1,843.18,-8,,1,3907.48,1,160.43,-8,,1,160.43,1,161.61,1,158.63,1,18.96,1,24.63,1
202602,JOB497899524800,ID6045672292,EMP1151802366,-9,202207,,0,999909,-9,0,0,0,0,0,0,,1,202301,26.0,0,,,1,6338.57,-8,,-8,,1,6338.57,1,161.34,-8,,1,161.34,1,158.87,1,160.03,1,39.9,1,39.61,1
202411,JOB845456965120,ID2294058321,EMP1633935986,-9,202311,202312,0,999909,-9,0,1,0,0,0,0,,1,202312,4.0,0,,,1,3394.42,-8,,-8,,1,3394.42,1,168.57,1,14.87,1,183.43,1,165.69,1,183.21,1,20.49,1,18.53,1
202504,JOB605300030145,ID4217085184,EMP2244142551,-9,202202,,0,999909,-9,0,0,0,0,0,0,,1,202204,8.0,0,,,1,5205.99,1,978.46,-8,,1,6184.45,1,165.55,-8,,1,165.55,1,165.15,1,164.9,1,31.52,1,37.5,1
202609,JOB262074123042,ID0464641961,EMP4977914119,-9,202303,,0,999909,-9,0,0,0,0,0,0,,1,202309,26.0,0,,,1,8449.33,-8,,-8,,1,8449.33,1,172.89,1,13.09,1,185.98,1,170.04,1,186.11,1,49.69,1,45.4,1
202411,JOB558116692187,ID4300520292,EMP3213826715,-9,202502,,0,999909,-9,0,1,0,0,0,0,,1,202503,4.0,0,,,1,4454.39,-8,,1,371.65,1,4826.03,1,167.82,1,9.3345762425734,1,177.1545762425734,1,165.54,1,174.8745762425734,1,26.91,1,27.6,1
202606,JOB341455405129,ID9283053712,EMP2391908179,-9,201504,,0,999909,-9,1,0,0,0,0,0,,0,,,0,,,1,6458.9,-8,,-8,,1,6458.9,1,169.28,-8,,1,169.28,1,169.45,1,172.62,1,38.12,1,37.42,1
202501,JOB268482507250,ID8291018861,EMP8498571717,-9,202302,202306,1,202306,3,0,0,0,0,0,0,,1,202303,6.0,0,,,1,6854.49,1,153.38,-8,,1,7007.87,1,160.12,-8,,1,160.12,1,162.46,1,157.68,1,42.19,1,44.44,1
202404,JOB978969284997,ID8291018861,EMP3463818397,-9,201807,202102,0,999909,-9,1,0,0,0,0,0,,1,201810,12.0,0,,,1,6573.94,-8,,-8,,1,6573.94,1,169.81,-8,,1,169.81,1,167.98,1,168.99,1,39.14,1,38.9,1
202506,JOB032449672687,ID2202558786,EMP7206762755,-9,201705,,0,999909,-9,0,1,0,0,0,0,,1,201706,4.0,0,,,1,3899.63,-8,,-8,,1,3899.63,1,166.71,1,18.33,1,185.04,1,163.51,1,186.26,1,23.85,1,20.94,1
202612,JOB334370403801,ID4363377853,EMP0436952115,-9,201509,,0,999909,-9,0,1,0,0,0,0,,0,,,0,,,1,2974.42,-8,,-8,,1,2974.42,1,160.28,-8,,1,160.28,1,161.54,1,160.13,1,18.41,1,18.58,1
202608,JOB278420769529,ID0642927322,EMP0090193434,-9,201711,,0,999909,-9,0,1,0,0,0,0,,1,201712,4.0,0,,,1,2611.64,-8,,-8,,1,2611.64,1,162.64,-8,,1,162.64,1,163.89,1,164.96,1,15.94,1,15.83,1
202407,JOB212083037005,ID1454743298,EMP6433284222,-9,201710,,0,999909,-9,1,1,0,0,0,0,,1,201711,4.0,0,,,1,3821.76,-8,,-8,,1,3821.76,1,160.2,1,17.73,1,177.93,1,158.39,1,179.14,1,24.13,1,21.33,1
202502,JOB462673336592,ID0538290327,EMP3981821807,-9,201701,,0,999909,-9,0,0,0,0,0,0,,1,201702,4.0,0,,,1,3708.46,-8,,-8,,1,3708.46,1,164.74,-8,,1,164.74,1,163.25,1,164.82,1,22.72,1,22.5,1
202403,JOB558947967414,ID4038091763,EMP5711260877,-9,202510,,1,202607,4,0,1,0,0,0,0,,1,202511,4.0,0,,,1,4451.32,1,160.66,-8,,1,4611.98,1,164.61,-8,,1,164.61,1,163.94,1,167.39,1,27.15,1,27.55,1
202409,JOB742442057023,ID5018284712,EMP7562010385,-9,202310,,0,999909,-9,0,1,0,0,0,0,,0,,,0,,,1,4334.32,1,301.83,-8,,1,4636.15,1,171.17,-8,,1,171.17,1,172.08,1,170.69,1,25.19,1,27.16,1
202611,JOB037248841469,ID4427733253,EMP4692642628,-9,201809,,0,999909,-9,1,0,0,0,0,0,,1,201811,8.0,0,,,1,7076.57,1,362.5,-8,,1,7439.07,1,162.92,-8,,1,162.92,1,160.65,1,163.16,1,44.05,1,45.59,1
202501,JOB724460040458,ID4427733253,EMP9996470981,-9,201502,,0,999909,-9,0,0,0,0,0,0,,1,201504,8.0,0,,,1,3820.27,1,824.61,-8,,1,4644.88,1,170.22,-8,,1,170.22,1,169.71,1,171.53,1,22.51,1,27.08,1
202601,JOB385669784836,ID2253642073,EMP3000591868,-9,202407,,0,999909,-9,0,0,0,0,0,0,,1,202409,8.0,0,,,1,7706.33,-8,,-8,,1,7706.33,1,172.34,1,11.61,1,183.95,1,169.91,1,185.34,1,45.36,1,41.58,1
202505,JOB311500181805,ID6308234513,EMP9107023785,-9,202003,,0,999909,-9,0,0,0,0,0,0,,1,202004,6.0,0,,,1,3511.12,1,599.55,-8,,1,4110.67,1,171.28,-8,,1,171.28,1,171.88,1,173.75,1,20.43,1,23.66,1
202406,JOB464185778392,ID3030182529,EMP0493147042,-9,201606,201606,1,201606,0,0,0,0,0,0,0,,1,201612,26.0,0,,,1,3596.26,-8,,-8,,1,3596.26,1,162.12,-8,,1,162.12,1,163.46,1,161.56,1,22.0,1,22.26,1
202607,JOB146538920392,ID7561953172,EMP8368140481,-9,202309,,0,999909,-9,1,0,0,0,0,1,CAE - Contrat d'appui-emploi,1,202311,8.0,0,,,1,4953.07,-8,,-8,,1,4953.07,1,162.45,-8,,1,162.45,1,165.03,1,163.45,1,30.01,1,30.3,0
202511,JOB915439115890,ID4752711303,EMP8741161345,-9,202202,,0,999909,-9,0,1,0,0,0,0,,1,202204,8.0,0,,,1,4063.5,1,409.73,-8,,1,4473.23,1,165.25,-8,,1,165.25,1,163.12,1,163.13,1,24.91,1,27.42,1
202404,JOB378310214518,ID4752711303,EMP6563520462,-9,201703,,0,999909,-9,0,0,0,0,0,0,,1,201704,6.0,0,,,1,6503.35,-8,,1,730.13,1,7233.48,1,169.95,1,12.720258704356983,1,182.67025870435697,1,168.59,1,181.31025870435698,1,38.57,1,39.9,1
202403,JOB077480281835,ID1879561390,EMP5108322752,-9,201901,,0,999909,-9,1,1,0,0,0,0,,1,201902,4.0,0,,,1,7108.15,-8,,-8,,1,7108.15,1,165.48,-8,,1,165.48,1,163.99,1,164.25,1,43.35,1,43.28,1
202509,JOB841854878164,ID0908898742,EMP7106125241,-9,201810,,0,999909,-9,0,0,0,0,0,0,,1,201812,8.0,1,2409.16,48.29,1,8030.54,-8,,-8,,1,8030.54,1,160.96,-8,,1,160.96,1,163.75,1,158.52,1,49.04,1,50.66,1
202408,JOB461060526206,ID1690846712,EMP9851246847,TMP7416788638,202506,,0,999909,-9,1,1,0,0,0,0,,1,202507,4.0,0,,,1,7558.03,-8,,-8,,1,7558.03,1,172.19,-8,,1,172.19,1,169.49,1,169.94,1,44.59,1,44.47,1
202511,JOB679020356379,ID1982016939,EMP0529687701,-9,201907,,0,999909,-9,0,0,0,0,0,0,,1,201910,12.0,0,,,1,5165.02,-8,,-8,,1,5165.02,1,160.71,1,9.23,1,169.95,1,159.57,1,168.2,1,32.37,1,30.71,1
202507,JOB369655400670,ID9093393190,EMP1969664852,-9,201602,,0,999909,-9,0,1,0,0,0,0,,0,,,0,,,1,4003.23,-8,,-8,,1,4003.23,1,165.48,-8,,1,165.48,1,165.92,1,167.24,1,24.13,1,23.94,1
202611,JOB574255902483,ID8362720721,EMP0233353682,-9,201705,202106,0,999909,-9,0,0,0,0,0,0,,0,,,1,1983.96,51.81,1,6613.21,1,819.54,1,1044.4,1,8477.15,1,172.7,1,18.182598312040575,1,190.88259831204056,1,172.46,1,190.64259831204058,1,38.35,1,44.47,1
202508,JOB818847451769,ID0031548414,EMP8485708707,-9,201708,,0,999909,-9,1,0,0,0,0,0,,1,201710,8.0,0,,,1,6961.7,-8,,-8,,1,6961.7,1,160.09,-8,,1,160.09,1,160.69,1,163.07,1,43.32,1,42.69,1
202411,JOB523565475978,ID3346883935,EMP4884369738,-9,202308,,0,999909,-9,1,1,0,0,0,0,,1,202309,4.0,0,,,1,5463.83,-8,,-8,,1,5463.83,1,167.64,-8,,1,167.64,1,165.3,1,165.15,1,33.05,1,33.08,1
202605,JOB803999787556,ID7497735668,EMP3804164101,-9,201910,202002,1,202002,3,0,0,0,0,0,0,,1,201912,8.0,0,,,1,3320.98,1,656.98,1,462.45,1,4440.41,1,166.92,1,15.49585650935221,1,182.4158565093522,1,166.31,1,181.80585650935222,1,19.97,1,24.42,1
202611,JOB259736687555,ID0705018802,EMP6710927324,-9,201903,202302,0,999909,-9,1,1,0,0,0,0,,0,,,0,,,1,4617.86,-8,,-8,,1,4617.86,1,162.52,-8,,1,162.52,1,163.52,1,163.42,1,28.24,1,28.26,1
202610,JOB324818203973,ID3025547465,EMP5400543527,-9,202410,,0,999909,-9,1,0,0,0,0,0,,1,202411,4.0,0,,,1,7027.13,-8,,-8,,1,7027.13,1,162.98,-8,,1,162.98,1,164.5,1,162.91,1,42.72,1,43.14,1
202503,JOB235942210808,ID3025547465,EMP2938702419,-9,201507,,0,999909,-9,0,0,0,0,0,0,,1,201601,26.0,0,,,1,3701.31,-8,,-8,,1,3701.31,1,170.72,-8,,1,170.72,1,167.61,1,174.09,1,22.08,1,21.26,1
202411,JOB698090845621,ID2904699539,EMP1346121542,-9,201905,201905,1,201905,0,0,0,0,0,0,1,CIE - Contrat d'initiation à l'emploi,0,,,0,,,1,6462.4,-8,,-8,,1,6462.4,1,162.58,1,10.65,1,173.23,1,163.37,1,175.66,1,39.56,1,36.79,1
202603,JOB999968032452,ID1912182160,EMP6988921594,-9,201710,,0,999909,-9,0,0,0,0,0,0,,0,,,0,,,1,4272.87,-8,,-8,,1,4272.87,1,170.95,-8,,1,170.95,1,170.09,1,167.89,1,25.12,1,25.45,1
202501,JOB819474473366,ID1904523656,EMP3572099449,-9,202503,,0,999909,-9,0,0,0,0,1,0,,1,202504,6.0,0,,,1,7125.91,-8,,1,543.12,1,7669.03,1,165.02,1,8.38491184099806,1,173.40491184099807,1,168.11,1,176.49491184099807,1,42.39,1,43.45,1
202504,JOB280858555197,ID5410892832,EMP1773955176,-9,201908,,0,999909,-9,0,0,0,0,0,1,CAE - Contrat d'appui-emploi,1,202002,26.0,0,,,1,5925.88,-8,,-8,,1,5925.88,1,164.92,-8,,1,164.92,1,166.04,1,162.87,1,35.69,1,36.38,1
202606,JOB142053340868,ID6993368556,EMP3938398350,-9,202006,202006,1,202006,0,0,0,0,0,0,0,,1,202008,8.0,1,1109.62,48.8,1,3698.73,-8,,-8,,1,3698.73,1,162.68,-8,,1,162.68,1,160.69,1,163.59,1,23.02,1,22.61,1
202502,JOB395619598734,ID4301503343,EMP5262210631,-9,202005,202009,1,202009,3,0,1,0,0,0,0,,1,202008,12.0,0,,,1,4153.59,-8,,-8,,1,4153.59,1,165.65,1,17.62,1,183.27,1,166.53,1,185.18,1,24.94,1,22.43,1
202503,JOB814038031977,ID9004337497,EMP8444646913,-9,202105,202211,1,202211,5,0,1,0,0,0,0,,0,,,0,,,1,4098.24,1,457.07,-8,,1,4555.31,1,172.55,-8,,1,172.55,1,171.09,1,175.25,1,23.95,1,25.99,1
202510,JOB895532928613,ID6103697768,EMP7134363856,-9,201607,201801,1,201801,5,0,1,0,0,0,0,,1,201608,4.0,0,,,1,4169.64,-8,,-8,,1,4169.64,1,160.55,-8,,1,160.55,1,162.66,1,161.2,1,25.63,1,25.87,1
202605,JOB888157444313,ID1176654505,EMP8005134483,-9,201908,202102,1,202102,5,0,1,0,0,0,0,,1,201911,12.0,0,,,1,3448.86,1,410.51,-8,,1,3859.37,1,161.95,-8,,1,161.95,1,158.81,1,159.26,1,21.72,1,24.23,1
202407,JOB862552926261,ID0543494103,EMP6497859639,-9,202201,,0,999909,-9,0,0,0,0,0,0,,1,202202,4.0,0,,,1,5894.43,1,584.72,-8,,1,6479.14,1,165.17,-8,,1,165.17,1,164.35,1,162.89,1,35.87,1,39.78,1
202607,JOB307504073118,ID0082829581,EMP6314715892,-9,202510,,0,999909,-9,0,0,0,0,0,0,,1,202511,4.0,0,,,1,5275.27,-8,,-8,,1,5275.27,1,160.39,-8,,1,160.39,1,158.48,1,160.68,1,33.29,1,32.83,1
202509,JOB237801618162,ID3988858737,EMP1115674305,-9,202302,202307,0,999909,-9,1,1,0,0,0,0,,0,,,0,,,1,3837.96,-8,,-8,,1,3837.96,1,162.84,-8,,1,162.84,1,164.65,1,165.4,1,23.31,1,23.2,1
202402,JOB314949686567,ID0624702668,EMP0042258368,-9,201810,,0,999909,-9,1,1,0,0,0,0,,1,201811,6.0,0,,,1,5720.35,-8,,-8,,1,5720.35,1,169.26,-8,,1,169.26,1,165.96,1,171.82,1,34.47,1,33.29,1
202605,JOB748879614020,ID3323511563,EMP8578829834,-9,202206,,0,999909,-9,0,0,0,0,0,0,,1,202209,12.0,0,,,1,5632.84,-8,,-8,,1,5632.84,1,170.09,-8,,1,170.09,1,168.83,1,172.7,1,33.36,1,32.62,0
202509,JOB452119535780,ID4747124834,EMP3190682207,-9,201702,201706,1,201706,3,0,0,0,0,1,0,,0,,,0,,,1,8349.11,1,890.33,-8,,1,9239.44,1,168.6,-8,,1,168.6,1,167.47,1,166.95,1,49.85,1,55.34,1
202406,JOB590524456283,ID3797629466,EMP7380649512,-9,201910,202002,2,202002,4,0,0,0,0,0,0,,-9,,,0,,,1,6921.53,-8,,-8,,1,6921.53,1,165.07,-8,,1,165.07,1,163.79,1,168.17,1,42.26,1,41.16,1
202606,JOB058291731436,ID3797629466,EMP5035049692,-9,202107,202111,1,202111,3,0,1,0,0,0,0,,1,202201,26.0,0,,,1,3590.62,-8,,-8,,1,3590.62,1,169.56,-8,,1,169.56,1,167.62,1,168.5,1,21.42,1,21.31,1
202403,JOB208121315396,ID3119129285,EMP5188999045,-9,201902,,0,999909,-9,0,0,0,0,0,0,,1,201904,8.0,1,2007.86,48.1,1,6692.86,-8,,-8,,1,6692.86,1,160.34,-8,,1,160.34,1,159.16,1,163.02,1,42.05,1,41.06,1
202406,JOB416675536332,ID0396361043,EMP3718566267,-9,201908,,0,999909,-9,0,0,0,0,0,0,,0,,,0,,,1,6981.19,-8,,-8,,1,6981.19,1,162.29,-8,,1,162.29,1,159.18,1,164.49,1,43.86,1,42.44,1
202406,JOB835579031073,ID7259333816,EMP8520383417,-9,202303,,0,999909,-9,1,0,0,0,0,0,,0,,,0,,,1,5732.88,1,704.36,-8,,1,6437.24,1,166.39,-8,,1,166.39,1,167.23,1,165.97,1,34.28,1,38.79,1
202606,JOB706309360461,ID5674664896,EMP1021748497,-9,202511,,0,999909,-9,0,0,0,0,1,0,,1,202601,8.0,0,,,1,3768.86,-8,,1,618.42,1,4387.28,1,162.36,1,17.760806616846132,1,180.12080661684615,1,160.57,1,178.33080661684613,1,23.47,1,24.6,1
202404,JOB587157091131,ID4856400141,EMP9983082772,-9,201802,202112,0,999909,-9,1,0,0,0,0,1,PAN - Projet d'activité national,0,,,1,2183.97,49.72,1,7279.91,-8,,-8,,1,7279.91,1,165.74,-8,,1,165.74,1,163.64,1,167.72,1,44.49,1,43.41,1
202408,JOB935185278750,ID4670109016,EMP4391488467,-9,201503,,0,999909,-9,0,0,0,0,0,0,,1,201509,26.0,0,,,1,3998.29,1,933.27,-8,,1,4931.56,1,169.48,-8,,1,169.48,1,169.95,1,170.01,1,23.53,1,29.01,1
202402,JOB435115879162,ID6814617048,-9,-9,201910,202002,-9,202002,3,2,-8,-9,0,0,0,,-9,,,-9,,,-9,,-9,,-9,,-9,,-9,,-9,,-9,,-9,,-9,,-9,,-9,,1
202611,JOB311488034018,ID9701354162,EMP5529795455,-9,202508,,1,202605,4,0,1,0,0,0,1,CIE - Contrat d'initiation à l'emploi,1,202509,4.0,0,,,1,2684.78,-8,,-8,,1,2684.78,1,171.96,-8,,1,171.96,1,171.56,1,171.2,1,15.65,1,15.68,1
202508,JOB938859712037,ID4945501712,EMP6367037963,-9,201903,,0,999909,-9,0,0,0,0,0,0,,1,201909,26.0,0,,,1,5228.99,-8,,-8,,1,5228.99,1,165.36,-8,,1,165.36,1,165.61,1,162.19,1,31.57,1,32.24,1
202602,JOB349120987694,ID0076583413,EMP1825415156,-9,201705,,0,999909,-9,0,1,0,0,0,0,,1,201708,12.0,1,1030.03,51.03,1,3433.42,-8,,-8,,1,3433.42,1,170.1,-8,,1,170.1,1,168.66,1,168.82,1,20.36,1,20.34,1
202511,JOB816309027399,ID2371428774,EMP5585412101,-9,202508,202511,4,202511,1,0,1,0,0,0,0,,-9,,,0,,,1,3190.85,-8,,-8,,1,3190.85,1,114.79,-8,,1,114.79,1,113.59,1,112.83,1,28.09,1,28.28,1
202602,JOB604324582684,ID8479954392,EMP8054351501,-9,201803,202511,0,999909,-9,1,0,0,0,0,0,,0,,,0,,,1,5381.8,-8,,-8,,1,5381.8,1,161.93,-8,,1,161.93,1,159.22,1,160.98,1,33.8,1,33.43,1
202510,JOB523805636265,ID5161714839,EMP5592398136,-9,201505,,0,999909,-9,1,1,0,0,0,0,,1,201511,26.0,0,,,1,4962.02,1,228.61,-8,,1,5190.63,1,164.07,-8,,1,164.07,1,163.93,1,164.53,1,30.27,1,31.55,1
202509,JOB220137029778,ID1474726908,EMP5610265720,-9,202210,,0,999909,-9,0,0,0,0,0,0,,1,202304,26.0,0,,,1,6136.5,-8,,1,737.02,1,6873.53,1,169.05,1,13.535813951031532,1,182.58581395103155,1,168.79,1,182.32581395103153,1,36.36,1,37.7,1
202607,JOB762395949389,ID5617079173,EMP4051684347,-9,202509,,0,999909,-9,0,1,0,0,0,0,,0,,,0,,,1,4001.09,-8,,-8,,1,4001.09,1,161.54,-8,,1,161.54,1,160.86,1,164.46,1,24.87,1,24.33,1
202401,JOB542333675379,ID5617079173,EMP7153629077,-9,202003,,0,999909,-9,1,1,0,0,0,0,,1,202005,8.0,0,,,1,7306.06,-8,,-8,,1,7306.06,1,170.1,-8,,1,170.1,1,172.22,1,171.34,1,42.42,1,42.64,1
202601,JOB202614481519,ID2379245749,EMP0365421747,-9,202507,,0,999909,-9,0,1,0,0,0,0,,0,,,0,,,1,3669.49,-8,,-8,,1,3669.49,1,168.29,-8,,1,168.29,1,166.18,1,168.85,1,22.08,1,21.73,1
202412,JOB861500918256,ID3615673978,EMP1282955512,-9,202410,,0,999909,-9,1,1,0,0,1,0,,1,202501,12.0,0,,,1,7309.83,-8,,-8,,1,7309.83,1,169.9,-8,,1,169.9,1,169.56,1,170.64,1,43.11,1,42.84,1
202408,JOB479783608256,ID7182534589,EMP0062010466,TMP4004764822,202402,,0,999909,-9,1,1,0,0,0,0,,1,202408,26.0,0,,,1,7083.18,-8,,-8,,1,7083.18,1,170.45,-8,,1,170.45,1,167.14,1,172.44,1,42.38,1,41.08,1
202409,JOB896588721205,ID7523778011,EMP7379090596,-9,202404,,0,999909,-9,0,1,0,0,0,0,,1,202407,12.0,0,,,1,3418.53,-8,,-8,,1,3418.53,1,165.48,-8,,1,165.48,1,165.58,1,168.32,1,20.65,1,20.31,1
202501,JOB297277990192,ID7983800564,EMP9761654634,-9,202008,202407,0,999909,-9,0,0,0,0,0,0,,0,,,0,,,1,6660.13,1,913.87,-8,,1,7574.0,1,162.09,-8,,1,162.09,1,158.95,1,164.54,1,41.9,1,46.03,1
202605,JOB686518638187,ID0450964663,EMP3013860379,-9,202107,202108,1,202108,2,0,0,0,0,0,0,,0,,,0,,,1,6482.21,-8,,-8,,1,6482.21,1,171.14,-8,,1,171.14,1,170.8,1,168.9,1,37.95,1,38.38,1
202405,JOB140836843722,ID1340454454,-9,-9,201605,201609,-9,201609,3,2,-8,-9,0,0,0,,-9,,,-9,,,-9,,-9,,-9,,-9,,-9,,-9,,-9,,-9,,-9,,-9,,-9,,1
202502,JOB214810043328,ID8054920625,EMP7531896895,-9,202302,,0,999909,-9,0,0,0,0,0,0,,1,202303,4.0,0,,,1,6517.49,1,159.89,-8,,1,6677.39,1,164.11,-8,,1,164.11,1,164.45,1,165.39,1,39.63,1,40.37,1
202509,JOB840482093043,ID2569269870,EMP5213565367,-9,202504,,0,999909,-9,1,1,0,0,0,0,,0,,,0,,,1,5277.64,-8,,-8,,1,5277.64,1,171.85,-8,,1,171.85,1,170.74,1,174.42,1,30.91,1,30.26,1
202411,JOB811132411949,ID5135047408,EMP4921755942,-9,201607,202405,0,999909,-9,0,0,0,0,0,0,,0,,,0,,,1,4837.8,-8,,1,679.97,1,5517.77,1,165.32,1,15.490980614921648,1,180.81098061492165,1,167.8,1,183.29098061492166,1,28.83,1,30.1,1
202605,JOB946769861150,ID0915644021,EMP4080413754,-9,201803,,0,999909,-9,1,0,0,0,0,0,,1,201809,26.0,1,1360.01,50.5,1,4533.36,1,530.23,-8,,1,5063.59,1,168.35,-8,,1,168.35,1,169.63,1,166.13,1,26.72,1,30.48,1
202511,JOB830031579103,ID0915644021,EMP8618243661,-9,202007,,0,999909,-9,0,0,0,0,0,0,,1,202008,4.0,0,,,1,3465.26,-8,,-8,,1,3465.26,1,165.88,-8,,1,165.88,1,163.48,1,164.12,1,21.2,1,21.11,1
202402,JOB544933039232,ID6911654077,EMP1751752407,-9,202101,,0,999909,-9,0,0,0,0,0,0,,0,,,0,,,1,4904.65,-8,,1,325.45,1,5230.11,1,168.33,1,7.446458028825074,1,175.7764580288251,1,168.98,1,176.42645802882507,1,29.03,1,29.64,1
202610,JOB857782689721,ID0544296258,EMP2958021395,-9,202308,,0,999909,-9,0,0,0,0,0,0,,1,202311,12.0,0,,,1,5233.86,-8,,-8,,1,5233.86,1,161.88,-8,,1,161.88,1,160.55,1,164.56,1,32.6,1,31.81,1
202601,JOB466466791380,ID3761878199,-9,-9,202209,202211,-9,202211,4,2,-8,-9,0,0,0,,-9,,,-9,,,-9,,-9,,-9,,-9,,-9,,-9,,-9,,-9,,-9,,-9,,-9,,1
202404,JOB791710645130,ID9327762825,EMP4770666258,-9,201801,202001,3,202001,5,0,1,0,0,0,0,,-9,,,0,,,1,2797.41,-8,,-8,,1,2797.41,1,162.83,-8,,1,162.83,1,161.92,1,165.79,1,17.28,1,16.87,1
202603,JOB311109157103,ID0881251433,EMP0000180764,-9,202501,202505,1,202505,3,0,1,0,0,0,0,,1,202502,4.0,0,,,1,4494.12,1,125.89,-8,,1,4620.01,1,169.26,-8,,1,169.26,1,166.77,1,171.67,1,26.95,1,26.91,1
202406,JOB918622329467,ID0881251433,EMP6687496154,-9,202205,202209,1,202209,3,0,0,0,0,0,0,,1,202206,6.0,0,,,1,5864.45,1,280.91,-8,,1,6145.37,1,170.01,-8,,1,170.01,1,173.33,1,166.71,1,33.83,1,36.86,1
202609,JOB342238486089,ID7137949810,EMP1271600304,-9,202205,,0,999909,-9,1,0,0,0,1,0,,0,,,0,,,1,6578.47,1,401.13,-8,,1,6979.6,1,161.48,-8,,1,161.48,1,163.74,1,160.84,1,40.18,1,43.39,1
202602,JOB456281827624,ID5802998042,EMP3404583446,-9,201711,201803,2,201803,4,0,0,0,0,0,0,,-9,,,0,,,1,7285.99,-8,,-8,,1,7285.99,1,164.3,-8,,1,164.3,1,167.57,1,164.63,1,43.48,1,44.26,1
202601,JOB035059738480,ID0034746492,EMP3216215975,-9,201705,,0,999909,-9,0,0,1,0,0,0,,0,,,0,,,1,5599.07,-8,,-8,,1,5599.07,1,169.28,1,14.77,1,184.05,1,169.99,1,187.07,1,32.94,1,29.93,1
202508,JOB262204524532,ID4667318819,EMP4441908656,-9,202401,,0,999909,-9,0,0,0,0,0,0,,0,,,0,,,1,4925.89,1,683.07,-8,,1,5608.95,1,161.36,1,8.71,1,170.07,1,161.49,1,173.46,1,30.5,1,32.34,1
202602,JOB153714874270,ID7432753171,EMP6551086547,-9,202410,,0,999909,-9,0,0,0,0,0,0,,1,202504,26.0,0,,,1,5068.88,1,700.35,1,909.75,1,6678.98,1,165.36,1,19.7855908357821,1,185.14559083578212,1,163.6,1,183.3855908357821,1,30.98,1,36.42,1
202509,JOB335168976274,ID6201791809,EMP8218830431,-9,202102,,0,999909,-9,0,0,0,0,0,0,,1,202105,12.0,0,,,1,7938.76,1,945.69,-8,,1,8884.44,1,165.02,-8,,1,165.02,1,167.25,1,166.94,1,47.47,1,53.22,1
202405,JOB484521661223,ID0375476859,EMP2687862206,-9,201607,201907,3,201907,5,0,0,0,0,0,0,,-9,,,0,,,1,2970.77,1,119.56,-8,,1,3090.33,1,145.42,-8,,1,145.42,1,147.3,1,147.42,1,20.17,1,20.96,1
202603,JOB435714017310,ID8983334187,EMP7304146929,-9,201502,201506,1,201506,3,0,1,0,0,0,0,,1,201508,26.0,0,,,1,4373.09,-8,,-8,,1,4373.09,1,163.28,-8,,1,163.28,1,166.52,1,160.89,1,26.26,1,27.18,1
202607,JOB175005689667,ID3455738742,EMP2498063937,-9,202007,,0,999909,-9,1,0,0,0,0,0,,1,202008,4.0,0,,,1,7194.5,1,651.09,-8,,1,7845.59,1,170.48,1,18.14,1,188.62,1,173.47,1,189.3,1,41.47,1,41.45,0
202602,JOB093361147994,ID9695941327,EMP5955940841,-9,202501,,0,999909,-9,0,0,0,0,0,0,,0,,,0,,,1,4271.4,-8,,1,575.75,1,4847.15,1,162.38,1,14.591652952037535,1,176.97165295203752,1,162.22,1,176.81165295203755,1,26.33,1,27.41,1
202605,JOB360777348221,ID8590915816,EMP4670454440,-9,202211,202308,1,202308,4,0,0,0,0,0,0,,1,202301,8.0,0,,,1,7975.26,1,351.25,-8,,1,8326.52,1,169.73,-8,,1,169.73,1,168.53,1,167.9,1,47.32,1,49.59,1
202512,JOB482721252770,ID5973868345,EMP0398001622,TMP8608492515,201504,201906,0,999909,-9,0,1,0,0,0,0,,1,201510,26.0,0,,,1,3994.07,-8,,-8,,1,3994.07,1,166.03,-8,,1,166.03,1,167.79,1,166.56,1,23.8,1,23.98,1
202509,JOB321608275681,ID9806238483,EMP3519069307,TMP2835710017,202008,,0,999909,-9,0,0,0,0,0,0,,1,202009,4.0,0,,,1,5219.1,1,636.62,1,611.73,1,6467.45,1,168.69,1,13.18138763139729,1,181.87138763139728,1,168.64,1,181.82138763139727,1,30.95,1,35.57,1
202410,JOB199774737914,ID2272899873,EMP9202732392,-9,201907,,0,999909,-9,1,1,0,0,0,0,,1,201908,4.0,0,,,1,4941.41,1,245.99,-8,,1,5187.4,1,160.04,-8,,1,160.04,1,162.78,1,160.11,1,30.36,1,32.4,1
202405,JOB175974553833,ID5302432429,EMP9088773141,-9,201705,,0,999909,-9,0,1,0,0,0,0,,1,201707,8.0,0,,,1,3510.11,1,976.13,-8,,1,4486.24,1,163.72,-8,,1,163.72,1,166.62,1,163.39,1,21.07,1,27.46,1
202403,JOB083590879850,ID0086115164,-9,-9,201907,201909,-9,201909,3,2,-8,-9,0,0,0,,-9,,,-9,,,-9,,-9,,-9,,-9,,-9,,-9,,-9,,-9,,-9,,-9,,-9,,1
202509,JOB734277627076,ID3252809498,EMP7742684871,-9,202309,202503,0,999909,-9,0,0,0,0,0,0,,1,202403,26.0,0,,,1,4144.05,-8,,-8,,1,4144.05,1,163.59,1,5.5,1,169.09,1,161.67,1,170.39,1,25.63,1,24.32,1
202607,JOB510718409525,ID7767476727,EMP6902448614,-9,201603,201709,1,201709,5,0,1,0,0,0,0,,1,201604,4.0,0,,,1,3822.9,1,327.46,1,436.59,1,4586.95,1,161.55,1,12.299679170318463,1,173.84967917031847,1,161.13,1,173.42967917031845,1,23.73,1,26.45,1
202505,JOB653709308765,ID8337472193,-9,-9,202002,202005,-9,202005,4,2,-8,-9,0,1,0,,-9,,,-9,,,-9,,-9,,-9,,-9,,-9,,-9,,-9,,-9,,-9,,-9,,-9,,1
202412,JOB951504428860,ID8337472193,EMP2076021931,-9,201802,201806,2,201806,2,0,1,0,0,1,0,,-9,,,0,,,1,4241.68,-8,,-8,,1,4241.68,1,163.71,-8,,1,163.71,1,164.32,1,163.2,1,25.81,1,25.99,1
202602,JOB811262887536,ID8004086453,EMP2299776784,-9,202101,,0,999909,-9,0,0,0,0,0,0,,1,202103,8.0,0,,,1,3546.36,-8,,-8,,1,3546.36,1,168.02,-8,,1,168.02,1,166.05,1,167.81,1,21.36,1,21.13,1
202603,JOB406498481614,ID4833269331,EMP4440597477,-9,201603,,0,999909,-9,0,0,0,0,0,0,,1,201609,26.0,1,1043.97,50.63,1,3479.89,-8,,-8,,1,3479.89,1,168.76,-8,,1,168.76,1,167.43,1,168.47,1,20.78,1,20.66,1
202501,JOB274326185936,ID3825995197,EMP3445661820,-9,201508,201512,1,201512,3,0,1,0,0,0,0,,1,201510,8.0,0,,,1,2841.93,-8,,-8,,1,2841.93,1,164.89,-8,,1,164.89,1,164.77,1,161.95,1,17.25,1,17.55,1
202403,JOB067568736409,ID4578904074,EMP5914893838,-9,202204,202208,2,202208,3,0,1,0,0,0,0,,-9,,,0,,,1,3407.19,-8,,-8,,1,3407.19,1,172.67,-8,,1,172.67,1,173.86,1,171.85,1,19.6,1,19.83,1
202510,JOB010704051770,ID2853258139,EMP9018278508,-9,202303,,0,999909,-9,1,0,1,0,0,0,,0,,,0,,,1,6051.81,-8,,-8,,1,6051.81,1,166.25,1,5.21,1,171.45,1,163.25,1,172.9,1,37.07,1,35.0,1
202409,JOB932954068283,ID3047786676,EMP0415172458,-9,202305,202310,2,202310,2,0,0,0,0,0,0,,-9,,,0,,,1,4598.83,-8,,-8,,1,4598.83,1,170.14,-8,,1,170.14,1,166.94,1,169.36,1,27.55,1,27.15,1
202512,JOB641789066802,ID2956628374,EMP4242803861,-9,201501,,0,999909,-9,0,0,0,0,0,0,,1,201502,6.0,0,,,1,5644.59,-8,,1,787.51,1,6432.1,1,160.2,1,14.900390475520942,1,175.10039047552092,1,159.05,1,173.95039047552095,1,35.49,1,36.98,1
202607,JOB209862296716,ID4731013835,EMP7590368785,-9,201610,,0,999909,-9,0,1,0,0,0,0,,0,,,0,,,1,3337.87,1,451.11,-8,,1,3788.98,1,162.37,-8,,1,162.37,1,162.44,1,160.48,1,20.55,1,23.61,1
202504,JOB147735457153,ID2792054502,EMP9955821290,-9,201709,,0,999909,-9,0,1,0,0,0,1,CIE - Contrat d'initiation à l'emploi,1,201711,8.0,0,,,1,4253.38,1,893.07,1,626.13,1,5772.58,1,164.08,1,16.102582349606934,1,180.18258234960695,1,161.75,1,177.85258234960693,1,26.3,1,32.46,1
202602,JOB375334313216,ID1033898282,EMP2936245980,-9,201708,,0,999909,-9,1,1,0,0,0,0,,1,201711,12.0,0,,,1,6407.44,-8,,-8,,1,6407.44,1,168.72,-8,,1,168.72,1,172.04,1,168.42,1,37.24,1,38.04,1
202401,JOB058080640020,ID8598453812,EMP9603108981,-9,201906,201910,1,201910,3,0,0,0,0,0,0,,1,201908,8.0,0,,,1,3821.76,-8,,-8,,1,3821.76,1,163.3,-8,,1,163.3,1,164.65,1,162.27,1,23.21,1,23.55,1
202502,JOB202482119160,ID8447821370,EMP0470496368,-9,201611,201905,1,201905,6,0,0,0,0,0,0,,0,,,0,,,1,6161.67,-8,,-8,,1,6161.67,1,172.18,-8,,1,172.18,1,171.42,1,174.99,1,35.94,1,35.21,1
202508,JOB973897816572,ID6391805374,EMP7311493648,-9,202204,202301,1,202301,4,0,0,0,0,0,1,PAN - Projet d'activité national,1,202205,4.0,0,,,1,5948.04,1,288.08,-8,,1,6236.12,1,169.8,-8,,1,169.8,1,171.04,1,169.95,1,34.78,1,36.69,1
202508,JOB265165532021,ID9099748336,EMP6934556486,-9,202507,,0,999909,-9,0,0,0,0,0,0,,1,202509,8.0,0,,,1,6161.28,-8,,1,964.07,1,7125.36,1,163.67,1,17.073275465187244,1,180.74327546518722,1,166.85,1,183.92327546518723,1,36.93,1,38.74,1
202503,JOB898982352680,ID9276233799,-9,-9,202506,202511,-9,202511,4,2,-8,-9,0,0,0,,-9,,,-9,,,-9,,-9,,-9,,-9,,-9,,-9,,-9,,-9,,-9,,-9,,-9,,1
202405,JOB375473074242,ID2639736582,EMP2957785912,-9,202405,202502,1,202502,4,0,0,0,0,0,0,,0,,,1,909.13,48.43,1,3030.43,1,101.98,-8,,1,3132.41,1,161.43,-8,,1,161.43,1,163.42,1,158.74,1,18.54,1,19.73,1
202403,JOB220350400492,ID3778548952,EMP2267177209,-9,202106,202203,1,202203,4,0,1,0,0,0,0,,1,202112,26.0,0,,,1,3817.3,-8,,-8,,1,3817.3,1,166.89,-8,,1,166.89,1,165.22,1,170.15,1,23.1,1,22.43,0
202612,JOB261325318378,ID0623946619,EMP9046270613,-9,201703,,0,999909,-9,1,1,0,0,1,0,,1,201706,12.0,0,,,1,5401.3,-8,,-8,,1,5401.3,1,160.15,-8,,1,160.15,1,160.43,1,163.14,1,33.67,1,33.11,1
202508,JOB710526061047,ID0623946619,EMP2685341332,-9,202507,,0,999909,-9,0,0,0,0,0,0,,0,,,0,,,1,4564.07,-8,,-8,,1,4564.07,1,172.83,-8,,1,172.83,1,174.47,1,174.43,1,26.16,1,26.17,1
202509,JOB693215416491,ID3366309530,EMP8598806999,-9,202101,202103,4,202103,2,0,0,0,0,0,0,,-9,,,0,,,1,2945.07,-8,,-8,,1,2945.07,1,98.52,-8,,1,98.52,1,99.14,1,100.06,1,29.71,1,29.43,1
202509,JOB999870629063,ID6855016196,EMP8747364047,-9,201609,,0,999909,-9,0,0,0,0,0,0,,1,201611,8.0,0,,,1,4727.06,1,826.6,-8,,1,5553.65,1,172.35,-8,,1,172.35,1,170.09,1,172.14,1,27.79,1,32.26,1
202610,JOB501922700437,ID0624945216,EMP7047437626,-9,202211,202212,0,999909,-9,1,0,0,0,0,0,,1,202305,26.0,0,,,1,5674.72,1,751.26,-8,,1,6425.98,1,162.13,-8,,1,162.13,1,161.06,1,165.29,1,35.23,1,38.88,1
202410,JOB884592123394,ID4395405561,EMP1884643110,-9,202304,,0,999909,-9,1,1,0,0,0,0,,1,202305,6.0,0,,,1,4311.1,1,723.05,-8,,1,5034.15,1,169.27,-8,,1,169.27,1,167.91,1,171.89,1,25.68,1,29.29,1
202604,JOB388088283103,ID5061747965,EMP6613698287,-9,202009,202106,1,202106,4,0,1,0,0,0,0,,0,,,0,,,1,2733.13,-8,,-8,,1,2733.13,1,162.56,-8,,1,162.56,1,164.22,1,163.26,1,16.64,1,16.74,1
202503,JOB002923214533,ID7627765702,EMP8550949935,-9,201805,201907,0,999909,-9,0,0,0,0,0,0,,1,201806,6.0,0,,,1,7529.43,1,257.04,-8,,1,7786.47,1,165.58,-8,,1,165.58,1,168.33,1,162.52,1,44.73,1,47.91,1
202411,JOB063970818506,ID5425092743,EMP8020815157,-9,202006,,0,999909,-9,1,1,0,0,0,0,,1,202009,12.0,0,,,1,7412.97,-8,,-8,,1,7412.97,1,171.36,-8,,1,171.36,1,173.87,1,168.03,1,42.64,1,44.12,1
202501,JOB986774887560,ID9161629405,EMP1364016162,-9,201909,202103,1,202103,5,0,1,0,0,1,0,,1,201912,12.0,0,,,1,3423.37,-8,,-8,,1,3423.37,1,160.87,-8,,1,160.87,1,157.96,1,163.95,1,21.67,1,20.88,1
202412,JOB110656675987,ID8438110053,EMP7958853096,-9,202203,202308,0,999909,-9,0,0,0,0,0,0,,1,202204,4.0,0,,,1,4471.75,-8,,-8,,1,4471.75,1,166.6,1,5.66,1,172.26,1,168.8,1,171.53,1,26.49,1,26.07,1
202405,JOB312588683316,ID8438110053,EMP6359097259,-9,202201,,0,999909,-9,0,1,0,0,0,0,,1,202202,4.0,0,,,1,3937.73,1,266.95,-8,,1,4204.67,1,167.96,-8,,1,167.96,1,169.22,1,170.56,1,23.27,1,24.65,1
202505,JOB836365045261,ID3493190613,-9,-9,202207,202301,-9,202301,2,2,-8,-9,0,0,0,,-9,,,-9,,,-9,,-9,,-9,,-9,,-9,,-9,,-9,,-9,,-9,,-9,,-9,,1
202604,JOB994047270721,ID3493190613,EMP1622878833,-9,201502,201702,3,201702,5,0,1,0,0,0,0,,-9,,,0,,,1,3256.44,-8,,-8,,1,3256.44,1,158.15,-8,,1,158.15,1,156.46,1,159.28,1,20.81,1,20.44,1
202607,JOB774114374815,ID1858775346,EMP3375504237,-9,202409,,0,999909,-9,0,1,0,0,0,0,,1,202410,6.0,1,866.95,50.35,1,2889.85,1,505.13,1,264.82,1,3659.79,1,167.84,1,10.253563914810115,1,178.09356391481012,1,168.5,1,178.75356391481012,1,17.15,1,20.47,1
202502,JOB984838703847,ID5573650388,EMP4134735098,-9,202205,202209,1,202209,3,0,0,0,0,0,0,,1,202207,8.0,0,,,1,4878.38,-8,,1,410.15,1,5288.53,1,165.84,1,9.295342564962828,1,175.13534256496283,1,163.76,1,173.0553425649628,1,29.79,1,30.56,1
202504,JOB894246209732,ID3529365569,EMP7582514341,-9,201502,,0,999909,-9,0,0,0,0,0,0,,1,201503,6.0,0,,,1,6912.87,-8,,-8,,1,6912.87,1,172.27,-8,,1,172.27,1,173.8,1,174.82,1,39.77,1,39.54,1
202608,JOB794325588440,ID7584876112,EMP4926034483,-9,201608,,0,999909,-9,1,0,0,0,0,0,,0,,,0,,,1,4059.19,1,872.02,-8,,1,4931.21,1,166.34,-8,,1,166.34,1,167.63,1,167.86,1,24.22,1,29.38,1
202503,JOB305578262975,ID6329146362,EMP9879619315,-9,202206,202210,2,202210,3,0,0,0,0,0,0,,-9,,,0,,,1,4365.35,-8,,1,632.86,1,4998.21,1,167.98,1,16.235233116492115,1,184.2152331164921,1,169.96,1,186.19523311649212,1,25.68,1,26.84,1
202501,JOB803658448435,ID9852664314,EMP8859807123,-9,202306,202308,0,999909,-9,1,0,0,0,1,0,,0,,,0,,,1,7482.06,-8,,-8,,1,7482.06,1,169.94,-8,,1,169.94,1,171.42,1,168.35,1,43.65,1,44.44,1
202507,JOB980041499907,ID6382213611,EMP7860399833,-9,202402,,0,999909,-9,0,1,0,0,0,0,,0,,,0,,,1,3969.36,-8,,-8,,1,3969.36,1,163.02,-8,,1,163.02,1,165.91,1,161.6,1,23.92,1,24.56,1
202407,JOB237721490203,ID8755858259,EMP8288961242,-9,202006,,0,999909,-9,1,1,0,0,0,0,,1,202008,8.0,0,,,1,7471.88,-8,,-8,,1,7471.88,1,171.23,-8,,1,171.23,1,173.08,1,168.09,1,43.17,1,44.45,1
202610,JOB008207440776,ID4795513121,EMP2176517478,-9,201610,201612,4,201612,1,0,0,0,0,1,0,,-9,,,0,,,1,2838.03,1,406.44,-8,,1,3244.47,1,80.79,-8,,1,80.79,1,79.67,1,79.64,1,35.62,1,40.74,1
202402,JOB369929290655,ID1273334688,EMP7107691549,-9,201911,,0,999909,-9,1,0,0,0,0,0,,1,201912,6.0,1,2170.46,49.53,1,7234.87,1,131.01,-8,,1,7365.89,1,165.11,-8,,1,165.11,1,162.21,1,163.95,1,44.6,1,44.93,1
202402,JOB652403473758,ID7257283694,EMP3683720525,-9,202501,,1,202607,5,0,0,0,0,0,0,,1,202504,12.0,0,,,1,7243.35,-8,,-8,,1,7243.35,1,161.08,-8,,1,161.08,1,158.85,1,159.78,1,45.6,1,45.33,1
202505,JOB002822405164,ID8351834720,EMP9764203722,-9,202011,,0,999909,-9,0,0,0,0,0,0,,1,202012,6.0,0,,,1,5360.87,-8,,-8,,1,5360.87,1,165.75,-8,,1,165.75,1,165.97,1,165.89,1,32.3,1,32.32,1
202509,JOB153979294483,ID1229750599,EMP3377472561,-9,201808,,0,999909,-9,0,0,0,0,0,1,CAE - Contrat d'appui-emploi,1,201811,12.0,0,,,1,3104.1,-8,,1,529.22,1,3633.32,1,163.52,1,18.585904877718164,1,182.10590487771816,1,166.01,1,184.59590487771817,1,18.7,1,19.68,1
202510,JOB183754007433,ID2525118716,EMP1303691891,-9,201603,,0,999909,-9,0,1,0,0,0,0,,1,201605,8.0,1,1256.83,50.38,1,4189.45,-8,,-8,,1,4189.45,1,167.92,-8,,1,167.92,1,167.56,1,169.64,1,25.0,1,24.7,1
202607,JOB162850000746,ID5283311609,-9,-9,202008,202011,-9,202011,2,2,-8,-9,0,0,0,,-9,,,-9,,,-9,,-9,,-9,,-9,,-9,,-9,,-9,,-9,,-9,,-9,,-9,,0
202409,JOB173623735919,ID7569509601,EMP0266083866,-9,201911,202601,0,999909,-9,1,1,0,0,0,0,,1,202002,12.0,0,,,1,5568.03,-8,,-8,,1,5568.03,1,166.57,1,7.51,1,174.08,1,167.07,1,174.7,1,33.33,1,31.87,1
202404,JOB191531875960,ID6597500344,EMP2959465660,-9,202511,,0,999909,-9,0,1,0,0,0,0,,1,202602,12.0,1,1014.77,49.27,1,3382.57,-8,,1,343.78,1,3726.35,1,164.23,1,11.12760485801423,1,175.3576048580142,1,167.47,1,178.59760485801422,1,20.2,1,20.86,1
202503,JOB957702440472,ID2991762624,EMP9967237410,-9,201505,,0,999909,-9,0,1,0,0,0,0,,0,,,1,1165.04,48.01,1,3883.47,-8,,1,632.58,1,4516.06,1,160.02,1,17.377217993923356,1,177.39721799392336,1,158.07,1,175.44721799392335,1,24.57,1,25.74,0
202512,JOB847507933167,ID9691780201,EMP6415709306,-9,202109,,0,999909,-9,1,1,0,0,0,0,,0,,,0,,,1,6036.83,-8,,-8,,1,6036.83,1,166.43,1,7.43,1,173.86,1,163.87,1,171.6,1,36.84,1,35.18,1
202512,JOB432054670387,ID9326608455,EMP0688298576,-9,202007,,0,999909,-9,0,0,0,0,0,0,,0,,,0,,,1,7694.01,-8,,-8,,1,7694.01,1,165.11,-8,,1,165.11,1,167.14,1,167.49,1,46.03,1,45.94,1
202610,JOB459011492476,ID1293667327,EMP9309790073,-9,202310,,0,999909,-9,1,1,0,0,0,0,,1,202401,12.0,1,1120.97,50.33,1,3736.56,-8,,-8,,1,3736.56,1,167.78,-8,,1,167.78,1,169.52,1,169.02,1,22.04,1,22.11,1
202408,JOB678631204897,ID2597945437,EMP6875473390,-9,201905,,0,999909,-9,1,0,0,0,1,0,,1,201911,26.0,0,,,1,4181.46,-8,,-8,,1,4181.46,1,165.47,1,5.79,1,171.26,1,165.33,1,174.62,1,25.29,1,23.95,1
202605,JOB593003638029,ID0135345294,EMP2776100260,-9,202405,202502,1,202502,4,0,1,0,0,0,0,,0,,,0,,,1,3637.62,1,517.28,-8,,1,4154.89,1,172.1,-8,,1,172.1,1,174.4,1,170.34,1,20.86,1,24.39,1
202501,JOB108539316611,ID5716945288,EMP1103822586,-9,202301,202302,1,202302,1,0,0,0,0,0,0,,1,202304,12.0,0,,,1,3665.97,-8,,-8,,1,3665.97,1,167.65,-8,,1,167.65,1,169.85,1,165.0,1,21.58,1,22.22,1
202611,JOB854400192711,ID8758857692,EMP6484141771,-9,202003,,0,999909,-9,0,1,0,0,0,0,,0,,,0,,,1,2655.52,-8,,-8,,1,2655.52,1,168.81,-8,,1,168.81,1,168.18,1,170.69,1,15.79,1,15.56,1
202511,JOB991700628219,ID0612588106,EMP7729450893,-9,202409,,0,999909,-9,0,0,0,0,0,0,,1,202503,26.0,0,,,1,4247.59,-8,,-8,,1,4247.59,1,164.2,-8,,1,164.2,1,164.66,1,164.18,1,25.8,1,25.87,1
202604,JOB628938043083,ID8581019147,EMP2864214836,TMP8362898811,202206,202504,0,999909,-9,0,1,0,0,0,0,,1,202208,8.0,0,,,1,4176.17,-8,,-8,,1,4176.17,1,160.28,1,9.44,1,169.73,1,160.87,1,169.38,1,25.96,1,24.66,1
202409,JOB445070145610,ID0079684153,EMP9255146198,-9,201507,201601,2,201601,2,0,1,0,0,0,0,,-9,,,0,,,1,2977.24,-8,,-8,,1,2977.24,1,164.09,-8,,1,164.09,1,162.51,1,164.14,1,18.32,1,18.14,1
202507,JOB399254493175,ID3459726523,EMP0831262309,-9,201903,,0,999909,-9,0,0,0,0,0,0,,1,201904,6.0,0,,,1,6974.52,-8,,-8,,1,6974.52,1,160.91,1,17.61,1,178.52,1,159.77,1,175.72,1,43.65,1,39.69,1
202507,JOB472851299401,ID6280738621,EMP1467144342,-9,202003,202007,1,202007,3,0,0,0,0,0,0,,1,202004,4.0,0,,,1,4352.71,1,673.83,-8,,1,5026.54,1,167.95,-8,,1,167.95,1,168.38,1,171.24,1,25.85,1,29.35,1
202506,JOB320526859267,ID8835364888,EMP9130995649,-9,202206,,0,999909,-9,0,0,0,0,0,0,,1,202209,12.0,0,,,1,3992.51,-8,,-8,,1,3992.51,1,172.69,-8,,1,172.69,1,170.16,1,174.7,1,23.46,1,22.85,1
202412,JOB822968253266,ID6631285062,EMP5490484448,-9,202005,202601,0,999909,-9,0,1,0,0,0,1,CIE - Contrat d'initiation à l'emploi,1,202011,26.0,0,,,1,2637.15,-8,,-8,,1,2637.15,1,161.34,-8,,1,161.34,1,158.47,1,159.83,1,16.64,1,16.5,0
202608,JOB177668584255,ID7997605200,EMP1893131841,-9,202201,,0,999909,-9,0,1,1,0,0,0,,1,202204,12.0,0,,,1,2815.35,1,583.91,-8,,1,3399.25,1,165.47,1,6.25,1,171.72,1,164.19,1,169.18,1,17.15,1,20.09,1
202406,JOB771541105926,ID5812811374,EMP7729126362,-9,201902,202210,0,999909,-9,0,1,0,0,0,0,,0,,,0,,,1,3465.17,-8,,1,438.62,1,3903.79,1,167.29,1,14.117135686271277,1,181.40713568627126,1,168.57,1,182.68713568627126,1,20.56,1,21.37,1
202504,JOB077295452418,ID6770857074,EMP9065841817,-9,201903,201904,1,201904,2,0,0,0,0,0,0,,0,,,0,,,1,4320.78,1,582.86,-8,,1,4903.65,1,164.0,-8,,1,164.0,1,163.12,1,161.69,1,26.49,1,30.33,0
202404,JOB340274217955,ID9110617036,EMP2522182820,-9,202311,,0,999909,-9,1,0,0,0,0,0,,1,202312,4.0,0,,,1,4594.27,-8,,-8,,1,4594.27,1,166.64,-8,,1,166.64,1,167.26,1,163.9,1,27.47,1,28.03,1
202505,JOB108981621971,ID2385613250,EMP8938382982,-9,201811,202501,0,999909,-9,0,0,0,0,0,0,,0,,,0,,,1,5638.56,-8,,1,816.21,1,6454.78,1,170.75,1,16.478009403999202,1,187.2280094039992,1,172.9,1,189.37800940399922,1,32.61,1,34.08,1
202603,JOB178231328863,ID6431490836,EMP9278152567,-9,202209,,0,999909,-9,1,1,1,0,1,0,,1,202210,6.0,0,,,1,6081.83,1,880.68,-8,,1,6962.51,1,169.92,-8,,1,169.92,1,167.03,1,170.51,1,36.41,1,40.83,1
202505,JOB908373160840,ID3546936361,EMP3459988656,-9,202406,202409,4,202409,0,0,1,0,0,0,0,,-9,,,0,,,1,2723.87,1,938.0,1,657.59,1,4319.46,1,119.88,1,19.293968954547395,1,139.17396895454738,1,119.68,1,138.9739689545474,1,22.76,1,31.08,1
202605,JOB540745638163,ID0695701111,EMP7632566198,-9,202409,,0,999909,-9,1,0,0,0,0,0,,1,202410,4.0,0,,,1,5181.48,-8,,-8,,1,5181.48,1,166.41,-8,,1,166.41,1,166.82,1,165.12,1,31.06,1,31.38,1
202406,JOB191777796078,ID9712764685,EMP1413572397,-9,202210,,0,999909,-9,1,1,0,0,0,0,,1,202211,6.0,0,,,1,7286.55,-8,,-8,,1,7286.55,1,172.0,-8,,1,172.0,1,172.88,1,171.9,1,42.15,1,42.39,1
202502,JOB940014792733,ID1496066093,EMP5776333161,-9,202202,,0,999909,-9,0,0,0,0,0,0,,1,202203,6.0,0,,,1,5090.02,1,780.55,-8,,1,5870.57,1,170.14,-8,,1,170.14,1,173.28,1,171.8,1,29.37,1,34.17,1
202412,JOB506892964619,ID1496066093,EMP1512100087,-9,201710,,0,999909,-9,0,0,0,0,0,0,,1,201712,8.0,0,,,1,8095.75,-8,,-8,,1,8095.75,1,162.87,-8,,1,162.87,1,162.09,1,163.37,1,49.95,1,49.55,1
202605,JOB554512603070,ID8352690235,EMP6593091843,-9,201911,,0,999909,-9,0,0,0,0,0,0,,0,,,0,,,1,5659.17,-8,,1,610.76,1,6269.93,1,161.13,1,11.59313079183416,1,172.72313079183417,1,163.79,1,175.38313079183416,1,34.55,1,35.75,1
202610,JOB547883654564,ID7436001138,EMP9757765724,-9,202406,,0,999909,-9,1,1,0,0,0,0,,0,,,0,,,1,3784.83,1,763.74,-8,,1,4548.57,1,166.38,-8,,1,166.38,1,165.97,1,165.06,1,22.8,1,27.56,1
202603,JOB172594943239,ID8661447381,EMP8908572574,-9,202311,,0,999909,-9,0,1,0,0,0,0,,1,202405,26.0,0,,,1,4830.32,-8,,-8,,1,4830.32,1,172.99,-8,,1,172.99,1,170.5,1,171.04,1,28.33,1,28.24,1
202509,JOB757785131139,ID9346618319,EMP8404119771,-9,201507,,0,999909,-9,1,0,0,0,0,0,,0,,,0,,,1,4851.0,-8,,-8,,1,4851.0,1,161.51,1,6.88,1,168.39,1,162.8,1,165.28,1,29.8,1,29.35,1
202507,JOB155488983993,ID9346618319,EMP2456984050,-9,201904,201907,2,201907,4,0,1,0,0,0,0,,-9,,,0,,,1,3437.68,-8,,-8,,1,3437.68,1,166.02,-8,,1,166.02,1,164.8,1,165.29,1,20.86,1,20.8,1
202501,JOB562767081521,ID5046360588,-9,-9,202003,202009,-9,202009,3,2,-8,-9,0,0,0,,-9,,,-9,,,-9,,-9,,-9,,-9,,-9,,-9,,-9,,-9,,-9,,-9,,-9,,1
202606,JOB035295897745,ID8575849704,EMP7085330182,-9,202009,,0,999909,-9,0,0,0,0,0,0,,0,,,0,,,1,7836.54,-8,,1,952.93,1,8789.46,1,168.09,1,13.626535693619914,1,181.7165356936199,1,166.42,1,180.0465356936199,1,47.09,1,48.82,1
202509,JOB033375145313,ID6910274406,EMP7144268402,-9,202105,,0,999909,-9,0,1,0,0,0,0,,1,202108,12.0,0,,,1,2848.52,1,731.82,-8,,1,3580.35,1,165.35,-8,,1,165.35,1,162.45,1,165.3,1,17.53,1,21.66,1
202411,JOB927210723199,ID2854595218,EMP5949690930,-9,202401,202410,1,202410,4,0,0,0,0,0,0,,1,202407,26.0,0,,,1,6190.77,-8,,1,1060.3,1,7251.08,1,169.87,1,19.395931887003854,1,189.26593188700386,1,169.79,1,189.18593188700385,1,36.46,1,38.33,1
202510,JOB328157186109,ID2345811708,EMP6342851612,-9,202408,,0,999909,-9,0,1,0,0,0,0,,0,,,0,,,1,4259.79,-8,,-8,,1,4259.79,1,165.94,-8,,1,165.94,1,167.23,1,169.25,1,25.47,1,25.17,1
202402,JOB173158525208,ID2345811708,EMP7593910291,-9,201811,,0,999909,-9,1,0,0,0,0,0,,0,,,0,,,1,5983.64,1,115.35,-8,,1,6098.98,1,164.76,1,9.42,1,174.17,1,164.72,1,177.14,1,36.33,1,34.43,1
202508,JOB040444802339,ID4621624483,EMP6941300578,-9,201910,,0,999909,-9,0,1,0,0,0,0,,1,201912,8.0,0,,,1,3884.88,-8,,1,545.03,1,4429.91,1,160.85,1,15.044302003669383,1,175.89430200366937,1,158.11,1,173.1543020036694,1,24.57,1,25.58,1
202406,JOB786550344536,ID0042481200,EMP5516655625,-9,202208,202212,1,202212,3,0,1,0,0,0,0,,1,202302,26.0,0,,,1,3727.94,-8,,-8,,1,3727.94,1,171.15,-8,,1,171.15,1,172.41,1,167.86,1,21.62,1,22.21,1
202612,JOB735911460003,ID8077250459,EMP6271308374,-9,202507,,0,999909,-9,0,0,0,0,0,0,,1,202510,12.0,0,,,1,6030.73,-8,,-8,,1,6030.73,1,160.82,-8,,1,160.82,1,160.38,1,163.86,1,37.6,1,36.8,1
202601,JOB060891318373,ID2428192579,EMP4132785217,-9,202407,202501,2,202501,4,0,1,0,0,0,0,,-9,,,0,,,1,4238.12,-8,,-8,,1,4238.12,1,172.43,-8,,1,172.43,1,171.14,1,172.41,1,24.76,1,24.58,1
202607,JOB277347584126,ID6672732663,EMP2276171065,-9,202311,202312,1,202312,2,0,0,0,0,0,0,,1,202405,26.0,0,,,1,6975.22,-8,,-8,,1,6975.22,1,160.6,1,10.16,1,170.77,1,162.76,1,171.09,1,42.86,1,40.77,1
202505,JOB356241900521,ID8629976157,EMP0450674582,-9,202008,,0,999909,-9,0,0,0,0,0,0,,0,,,0,,,1,6737.65,1,201.9,-8,,1,6939.54,1,162.37,-8,,1,162.37,1,162.51,1,163.47,1,41.46,1,42.45,1
202511,JOB517694170216,ID7371052837,-9,-9,201807,201812,-9,201812,2,2,-8,-9,0,0,0,,-9,,,-9,,,-9,,-9,,-9,,-9,,-9,,-9,,-9,,-9,,-9,,-9,,-9,,1
202407,JOB079369524241,ID4851638040,EMP1316152998,-9,201507,201511,1,201511,3,0,0,0,0,0,0,,0,,,0,,,1,4451.55,-8,,-8,,1,4451.55,1,164.83,-8,,1,164.83,1,162.89,1,166.98,1,27.33,1,26.66,1
202503,JOB158829037494,ID6780020602,EMP0082151272,-9,202507,202509,4,202509,0,0,0,0,0,0,0,,-9,,,0,,,1,3417.36,-8,,-8,,1,3417.36,1,93.33,-8,,1,93.33,1,95.11,1,92.74,1,35.93,1,36.85,1
202402,JOB150626663826,ID4559103588,EMP1172217863,-9,201602,201808,1,201808,6,0,1,0,0,0,0,,1,201603,6.0,0,,,1,4414.01,-8,,-8,,1,4414.01,1,160.64,-8,,1,160.64,1,158.56,1,159.99,1,27.84,1,27.59,1
202503,JOB123559260511,ID3196107680,EMP3731770157,-9,201708,201709,1,201709,1,0,0,0,0,0,0,,1,201710,8.0,0,,,1,3364.2,-8,,-8,,1,3364.2,1,169.51,-8,,1,169.51,1,171.6,1,170.02,1,19.6,1,19.79,1
202405,JOB802744688205,ID1643588911,EMP9078329994,-9,202002,,0,999909,-9,0,0,0,0,0,0,,1,202005,12.0,0,,,1,6247.56,-8,,-8,,1,6247.56,1,162.71,-8,,1,162.71,1,162.33,1,160.85,1,38.49,1,38.84,1
202412,JOB649612817859,ID6996193807,EMP7543480929,-9,202007,,0,999909,-9,0,0,0,0,1,0,,1,202008,4.0,0,,,1,4064.41,-8,,1,228.57,1,4292.98,1,171.5,1,6.429652671045433,1,177.92965267104543,1,172.47,1,178.89965267104543,1,23.57,1,24.0,1
202408,JOB659758358677,ID2431476670,EMP2973096449,-9,201605,,0,999909,-9,1,0,0,0,0,0,,1,201606,4.0,0,,,1,6304.78,-8,,-8,,1,6304.78,1,166.72,-8,,1,166.72,1,163.78,1,168.71,1,38.5,1,37.37,1
202509,JOB532725879579,ID4484058655,EMP2045222779,-9,202405,,0,999909,-9,0,1,0,0,0,0,,1,202407,8.0,0,,,1,3202.31,1,220.76,-8,,1,3423.08,1,168.87,-8,,1,168.87,1,170.6,1,171.12,1,18.77,1,20.0,1
202511,JOB587386382582,ID8829436106,-9,-9,202204,202205,-9,202205,2,2,-8,-9,0,0,0,,-9,,,-9,,,-9,,-9,,-9,,-9,,-9,,-9,,-9,,-9,,-9,,-9,,-9,,1
202406,JOB639337285357,ID0684921015,EMP6882558799,-9,201801,,0,999909,-9,0,1,1,0,0,0,,1,201802,6.0,0,,,1,3227.41,-8,,-8,,1,3227.41,1,165.22,-8,,1,165.22,1,166.27,1,165.64,1,19.41,1,19.48,1
202607,JOB667672022659,ID0715954128,-9,-9,202001,202003,-9,202003,4,2,-8,-9,0,0,0,,-9,,,-9,,,-9,,-9,,-9,,-9,,-9,,-9,,-9,,-9,,-9,,-9,,-9,,1
202406,JOB725411255361,ID5754360406,EMP2318263668,-9,202507,,0,999909,-9,0,1,0,0,0,0,,1,202509,8.0,0,,,1,4132.65,-8,,-8,,1,4132.65,1,163.84,-8,,1,163.84,1,166.49,1,166.12,1,24.82,1,24.88,1
202602,JOB713049510420,ID6547117697,EMP8962928708,-9,202304,202308,1,202308,3,0,0,0,0,0,0,,0,,,0,,,1,5635.64,-8,,-8,,1,5635.64,1,167.96,-8,,1,167.96,1,169.42,1,165.28,1,33.26,1,34.1,1
202403,JOB463352544309,ID3821983769,EMP2684730748,-9,202408,,0,999909,-9,1,0,0,0,0,0,,1,202410,8.0,0,,,1,5985.55,-8,,-8,,1,5985.55,1,166.48,-8,,1,166.48,1,167.77,1,166.55,1,35.68,1,35.94,1
202601,JOB854139841606,ID1924455613,EMP2012750547,-9,201904,,0,999909,-9,0,0,0,0,0,0,,1,201905,4.0,0,,,1,3045.99,-8,,-8,,1,3045.99,1,165.92,-8,,1,165.92,1,162.91,1,164.35,1,18.7,1,18.53,1
202607,JOB694570547365,ID1474214731,EMP3056923426,-9,202406,202407,1,202407,1,0,0,0,0,0,0,,1,202409,12.0,0,,,1,7077.57,-8,,-8,,1,7077.57,1,161.83,-8,,1,161.83,1,161.26,1,159.68,1,43.89,1,44.32,0
202601,JOB851555652008,ID3595367965,EMP4688886713,-9,201704,,0,999909,-9,0,0,0,0,0,0,,0,,,0,,,1,6923.14,-8,,-8,,1,6923.14,1,169.32,-8,,1,169.32,1,167.86,1,172.36,1,41.24,1,40.17,0
202602,JOB435815778455,ID3303198376,EMP3819945769,-9,201602,,0,999909,-9,1,0,0,0,0,0,,1,201603,4.0,0,,,1,3918.84,-8,,-8,,1,3918.84,1,168.78,-8,,1,168.78,1,171.58,1,171.61,1,22.84,1,22.84,1
202612,JOB867267075501,ID4731344614,EMP0541104903,-9,202008,,0,999909,-9,0,1,0,0,0,0,,1,202010,8.0,0,,,1,4504.39,-8,,-8,,1,4504.39,1,167.65,-8,,1,167.65,1,164.38,1,165.01,1,27.4,1,27.3,1
202402,JOB005567274624,ID2647994375,EMP1253049660,-9,202506,,0,999909,-9,0,1,0,0,0,0,,0,,,0,,,1,2655.98,1,571.23,-8,,1,3227.21,1,169.59,-8,,1,169.59,1,166.9,1,166.52,1,15.91,1,19.38,1
202612,JOB740774634716,ID3248766817,EMP6625078622,-9,202111,202112,1,202112,2,0,1,0,0,0,0,,1,202112,4.0,0,,,1,3277.11,-8,,-8,,1,3277.11,1,164.67,-8,,1,164.67,1,164.56,1,161.87,1,19.91,1,20.25,1
202511,JOB331906961895,ID5712010017,EMP4931811065,-9,201606,,0,999909,-9,0,0,0,0,0,0,,1,201607,6.0,0,,,1,2973.68,-8,,-8,,1,2973.68,1,164.14,-8,,1,164.14,1,162.93,1,162.07,1,18.25,1,18.35,1
202509,JOB410794259865,ID2954160842,EMP4178561485,-9,201710,,0,999909,-9,0,0,0,0,0,0,,0,,,0,,,1,3155.26,-8,,-8,,1,3155.26,1,170.98,-8,,1,170.98,1,171.75,1,168.76,1,18.37,1,18.7,1
202508,JOB321069880009,ID1765329395,EMP0171503597,-9,202502,202502,1,202502,0,0,0,0,0,0,0,,1,202503,4.0,0,,,1,5662.57,1,975.19,1,402.38,1,7040.14,1,172.25,1,8.160085334909684,1,180.4100853349097,1,171.81,1,179.9700853349097,1,32.96,1,39.12,1
202408,JOB876164570158,ID4253224483,EMP8992593087,-9,201703,,0,999909,-9,0,1,0,0,0,0,,1,201705,8.0,0,,,1,2739.73,-8,,-8,,1,2739.73,1,171.99,-8,,1,171.99,1,173.41,1,169.92,1,15.8,1,16.12,1
202512,JOB191051327948,ID4253224483,EMP4517724087,-9,202311,,0,999909,-9,0,1,0,0,0,0,,1,202405,26.0,0,,,1,2587.85,-8,,1,226.08,1,2813.93,1,163.05,1,9.496378566235403,1,172.5463785662354,1,162.5,1,171.9963785662354,1,15.93,1,16.36,0
202601,JOB683678812764,ID5276521510,EMP4316532613,-9,202107,,0,999909,-9,0,0,0,0,0,0,,0,,,0,,,1,3594.15,-8,,-8,,1,3594.15,1,160.16,-8,,1,160.16,1,157.57,1,159.04,1,22.81,1,22.6,1
202510,JOB717491970732,ID3715125105,EMP0498228359,-9,202405,202409,1,202409,3,0,1,0,0,0,0,,0,,,0,,,1,4166.19,-8,,-8,,1,4166.19,1,160.34,-8,,1,160.34,1,159.33,1,163.5,1,26.15,1,25.48,0
202602,JOB048686016910,ID2027534872,EMP3309959937,-9,202209,,0,999909,-9,0,0,0,0,0,0,,1,202210,6.0,0,,,1,5405.3,-8,,-8,,1,5405.3,1,169.15,-8,,1,169.15,1,165.92,1,167.84,1,32.58,1,32.21,1
202610,JOB865863264666,ID3075921709,EMP2820460529,-9,202403,,0,999909,-9,0,0,0,0,0,0,,0,,,0,,,1,6253.99,-8,,-8,,1,6253.99,1,161.9,-8,,1,161.9,1,160.22,1,159.4,1,39.03,1,39.23,1
202404,JOB346768285915,ID6903731480,EMP6597318676,-9,201706,,0,999909,-9,0,1,0,0,0,0,,1,201709,12.0,0,,,1,3700.35,-8,,-8,,1,3700.35,1,165.37,-8,,1,165.37,1,167.51,1,164.8,1,22.09,1,22.45,0
202411,JOB921725675034,ID5729930657,EMP3628570785,-9,202501,,0,999909,-9,0,0,0,0,0,0,,1,202503,8.0,0,,,1,8200.78,1,640.77,-8,,1,8841.55,1,164.76,1,5.96,1,170.72,1,167.68,1,173.99,1,48.91,1,50.82,1
202507,JOB739037897288,ID2169567350,-9,-9,201710,201801,-9,201801,2,2,-8,-9,0,0,0,,-9,,,-9,,,-9,,-9,,-9,,-9,,-9,,-9,,-9,,-9,,-9,,-9,,-9,,1
202408,JOB440977949116,ID2733626915,-9,-9,201603,201606,-9,201606,3,2,-8,-9,0,0,0,,-9,,,-9,,,-9,,-9,,-9,,-9,,-9,,-9,,-9,,-9,,-9,,-9,,-9,,1
202605,JOB243382720724,ID0050702022,EMP1863391238,-9,202001,,0,999909,-9,0,0,0,0,0,0,,1,202002,4.0,0,,,1,6068.61,-8,,-8,,1,6068.61,1,161.36,-8,,1,161.36,1,164.41,1,158.3,1,36.91,1,38.34,1
202511,JOB206709754122,ID5618061733,EMP3039460763,-9,202009,202011,4,202011,0,0,0,0,0,0,0,,-9,,,0,,,1,3044.38,-8,,-8,,1,3044.38,1,112.04,1,5.49,1,117.53,1,110.37,1,119.53,1,27.58,1,25.47,1
202512,JOB845983978290,ID5564614755,EMP8649850093,TMP3324275461,201801,,0,999909,-9,0,1,0,0,0,0,,1,201803,8.0,0,,,1,4381.1,1,224.24,-8,,1,4605.34,1,168.81,-8,,1,168.81,1,167.11,1,168.32,1,26.22,1,27.36,1
202406,JOB257953351708,ID5564614755,EMP6544530422,TMP4255725158,202408,,0,999909,-9,0,0,0,0,0,0,,0,,,0,,,1,5711.26,-8,,-8,,1,5711.26,1,161.98,1,14.28,1,176.26,1,159.26,1,179.0,1,35.86,1,31.91,1
202603,JOB410017521605,ID2712597268,EMP0551600352,-9,201706,,0,999909,-9,1,1,0,0,0,0,,0,,,0,,,1,3747.73,-8,,-8,,1,3747.73,1,162.33,-8,,1,162.33,1,163.75,1,163.88,1,22.89,1,22.87,1
202411,JOB299397913944,ID2712597268,EMP8578157747,-9,202403,,0,999909,-9,0,1,0,0,0,0,,1,202409,26.0,0,,,1,4428.53,-8,,-8,,1,4428.53,1,167.99,1,11.45,1,179.43,1,167.77,1,181.82,1,26.4,1,24.36,1
202404,JOB851433552330,ID9859023679,EMP0136190657,-9,201808,,0,999909,-9,0,0,0,0,0,1,CIE - Contrat d'initiation à l'emploi,1,201809,4.0,0,,,1,4061.66,-8,,-8,,1,4061.66,1,162.22,-8,,1,162.22,1,164.2,1,162.54,1,24.74,1,24.99,1
202405,JOB598392582414,ID3826816066,EMP8310312953,-9,202006,,0,999909,-9,0,1,0,0,0,0,,1,202012,26.0,0,,,1,3436.14,-8,,1,326.54,1,3762.68,1,171.28,1,10.851249860568403,1,182.1312498605684,1,174.49,1,185.3412498605684,1,19.69,1,20.3,1
202409,JOB139629166181,ID9342345931,EMP3897231960,-9,202504,202605,0,999909,-9,0,0,0,0,0,1,CAE - Contrat d'appui-emploi,0,,,0,,,1,4217.09,1,923.16,-8,,1,5140.25,1,172.25,-8,,1,172.25,1,170.6,1,173.09,1,24.72,1,29.7,1
202611,JOB037677792017,ID9048998951,EMP5038528931,-9,202004,,0,999909,-9,0,1,0,0,0,1,CIE - Contrat d'initiation à l'emploi,1,202007,12.0,0,,,1,4331.49,-8,,1,230.46,1,4561.94,1,171.62,1,6.0873906429405205,1,177.70739064294054,1,170.01,1,176.09739064294052,1,25.48,1,25.91,1
202602,JOB318559848294,ID8185610789,EMP6375495575,-9,202206,,0,999909,-9,1,1,0,0,0,0,,0,,,0,,,1,6809.05,-8,,-8,,1,6809.05,1,168.83,1,10.17,1,179.0,1,170.63,1,181.99,1,39.91,1,37.41,1
202508,JOB417370912363,ID4898012853,EMP5837345564,-9,202508,,0,999909,-9,1,1,0,0,0,0,,1,202511,12.0,0,,,1,6073.46,1,423.11,-8,,1,6496.57,1,167.86,-8,,1,167.86,1,170.47,1,165.19,1,35.63,1,39.33,1
202512,JOB856998925870,ID1373328317,EMP1545841273,-9,202205,,0,999909,-9,0,0,0,0,0,0,,0,,,0,,,1,5134.08,-8,,-8,,1,5134.08,1,168.65,-8,,1,168.65,1,168.48,1,168.99,1,30.47,1,30.38,1
202512,JOB300651247853,ID0588019013,EMP7249285111,-9,201603,202211,0,999909,-9,0,0,0,0,0,0,,1,201604,4.0,0,,,1,3507.39,-8,,1,602.69,1,4110.08,1,165.34,1,18.940680517242875,1,184.28068051724287,1,164.92,1,183.86068051724286,1,21.27,1,22.35,1
202608,JOB247648945581,ID9545416323,EMP7896397632,-9,202301,202606,0,999909,-9,0,1,0,0,0,0,,1,202304,12.0,0,,,1,3550.21,1,160.4,-8,,1,3710.61,1,169.19,-8,,1,169.19,1,166.24,1,171.67,1,21.36,1,21.61,1
202406,JOB115714403308,ID6878077533,EMP3921359287,TMP5146424060,201611,,0,999909,-9,0,1,0,0,0,0,,1,201701,8.0,1,828.84,51.88,1,2762.81,-8,,1,342.36,1,3105.17,1,172.95,1,14.28775569583692,1,187.2377556958369,1,176.17,1,190.4577556958369,1,15.68,1,16.3,1
202501,JOB483410392829,ID5801000153,EMP2916935757,-9,201903,,0,999909,-9,1,0,0,0,0,0,,1,201904,6.0,0,,,1,5041.03,-8,,-8,,1,5041.03,1,162.99,-8,,1,162.99,1,161.65,1,164.01,1,31.18,1,30.74,1
202404,JOB051957611293,ID7780517256,EMP2955972917,-9,202302,,0,999909,-9,0,0,0,0,0,0,,0,,,0,,,1,7956.95,-8,,-8,,1,7956.95,1,169.07,-8,,1,169.07,1,169.51,1,169.68,1,46.94,1,46.89,1
202504,JOB752866524342,ID3371447131,EMP3288157222,-9,201902,,0,999909,-9,1,1,0,0,0,1,CIE - Contrat d'initiation à l'emploi,1,201905,12.0,0,,,1,6696.3,1,841.52,-8,,1,7537.82,1,166.19,-8,,1,166.19,1,166.33,1,167.36,1,40.26,1,45.04,1
202409,JOB214451140483,ID7580918191,EMP5738275716,-9,202310,,0,999909,-9,0,1,0,0,0,0,,1,202312,8.0,0,,,1,3868.06,-8,,-8,,1,3868.06,1,170.35,-8,,1,170.35,1,170.52,1,173.15,1,22.68,1,22.34,1
202404,JOB949965756570,ID1504898592,EMP6429220122,TMP6330901933,201807,,0,999909,-9,1,0,0,0,0,0,,0,,,0,,,1,5998.93,-8,,-8,,1,5998.93,1,169.87,-8,,1,169.87,1,170.65,1,168.38,1,35.15,1,35.63,1
202505,JOB150836334795,ID8180582568,EMP9672401665,-9,202101,202107,2,202107,3,0,1,0,0,0,0,,-9,,,0,,,1,3816.24,1,655.98,-8,,1,4472.22,1,171.36,-8,,1,171.36,1,174.68,1,169.72,1,21.85,1,26.35,1
202410,JOB007809447502,ID5487802164,EMP3309085760,-9,201902,,0,999909,-9,0,0,0,0,0,0,,1,201903,4.0,1,2455.76,49.73,1,8185.86,1,702.32,-8,,1,8888.18,1,165.77,-8,,1,165.77,1,164.21,1,165.22,1,49.85,1,53.8,1
202604,JOB443824993704,ID3716324492,EMP2689337891,-9,202001,,0,999909,-9,1,0,0,0,0,0,,0,,,0,,,1,5293.34,-8,,-8,,1,5293.34,1,166.47,1,8.75,1,175.22,1,167.49,1,172.01,1,31.6,1,30.77,1
202411,JOB948669002131,ID2513069575,EMP2711838852,-9,202308,,0,999909,-9,1,1,0,0,0,0,,1,202309,4.0,0,,,1,5011.99,-8,,-8,,1,5011.99,1,169.2,-8,,1,169.2,1,171.18,1,166.0,1,29.28,1,30.19,1
202603,JOB647629705045,ID2391200052,-9,-9,202411,202412,-9,202412,3,2,-8,-9,0,0,0,,-9,,,-9,,,-9,,-9,,-9,,-9,,-9,,-9,,-9,,-9,,-9,,-9,,-9,,1
202609,JOB490979405914,ID7523255474,EMP7825199913,-9,202205,202212,0,999909,-9,1,1,0,0,0,0,,0,,,0,,,1,4892.39,1,767.17,-8,,1,5659.56,1,164.7,-8,,1,164.7,1,167.26,1,161.43,1,29.25,1,35.06,1
202502,JOB772297579622,ID1860713852,-9,-9,201604,201606,-9,201606,4,2,-8,-9,0,0,0,,-9,,,-9,,,-9,,-9,,-9,,-9,,-9,,-9,,-9,,-9,,-9,,-9,,-9,,1
202505,JOB545156584388,ID9899143480,-9,-9,202010,202103,-9,202103,4,2,-8,-9,0,0,0,,-9,,,-9,,,-9,,-9,,-9,,-9,,-9,,-9,,-9,,-9,,-9,,-9,,-9,,1
202407,JOB134518076177,ID5926349715,EMP9680002522,-9,202210,202302,1,202302,3,0,1,0,0,0,0,,1,202212,8.0,1,1041.58,50.21,1,3471.92,-8,,-8,,1,3471.92,1,167.38,-8,,1,167.38,1,166.18,1,168.22,1,20.89,1,20.64,1
202606,JOB334916853882,ID6996957829,EMP8082141688,-9,201808,,0,999909,-9,0,1,0,0,1,0,,0,,,0,,,1,3084.45,-8,,1,531.76,1,3616.21,1,169.96,1,19.534145190083628,1,189.49414519008363,1,171.26,1,190.7941451900836,1,18.01,1,18.95,1
202611,JOB382452236869,ID1342484602,EMP0055553794,-9,202404,,0,999909,-9,0,1,0,0,0,0,,1,202407,12.0,0,,,1,2615.25,-8,,-8,,1,2615.25,1,166.88,-8,,1,166.88,1,164.17,1,168.83,1,15.93,1,15.49,1
202607,JOB665122506684,ID2297373674,EMP4573444213,-9,201502,201507,2,201507,4,0,0,0,0,0,0,,-9,,,0,,,1,3288.79,-8,,-8,,1,3288.79,1,171.11,-8,,1,171.11,1,170.28,1,170.33,1,19.31,1,19.31,1
202412,JOB435394824667,ID6883903203,EMP8722977418,-9,201904,202409,0,999909,-9,0,1,0,0,0,0,,1,201907,12.0,0,,,1,2539.05,-8,,-8,,1,2539.05,1,160.06,-8,,1,160.06,1,160.69,1,162.78,1,15.8,1,15.6,1
202501,JOB452532848739,ID5172353709,EMP8474382452,-9,201506,,0,999909,-9,1,0,0,0,0,0,,1,201507,6.0,0,,,1,4419.25,1,432.42,-8,,1,4851.67,1,170.72,-8,,1,170.72,1,171.0,1,168.03,1,25.84,1,28.87,1
202601,JOB045849286360,ID9591840852,EMP4304758389,-9,202107,,0,999909,-9,0,1,0,0,0,0,,1,202109,8.0,0,,,1,4454.38,-8,,1,540.08,1,4994.46,1,160.88,1,13.004194506426522,1,173.88419450642652,1,163.3,1,176.30419450642654,1,27.28,1,28.33,1
202507,JOB424835181599,ID1468233504,EMP4449529349,-9,201502,,0,999909,-9,0,0,0,0,0,0,,0,,,0,,,1,3817.3,-8,,-8,,1,3817.3,1,162.63,1,14.65,1,177.28,1,162.22,1,177.62,1,23.53,1,21.49,1
202404,JOB574759504325,ID1468233504,EMP2602335236,-9,202004,,0,999909,-9,0,1,0,0,0,0,,1,202005,4.0,0,,,1,3188.79,-8,,-8,,1,3188.79,1,172.58,-8,,1,172.58,1,170.33,1,170.56,1,18.72,1,18.7,1
202406,JOB429325945513,ID9102510563,EMP1084573296,TMP8979774770,202509,,0,999909,-9,0,1,0,0,0,0,,1,202510,6.0,0,,,1,3885.88,-8,,-8,,1,3885.88,1,164.9,1,19.56,1,184.46,1,162.1,1,185.49,1,23.97,1,20.95,1
202509,JOB995564997023,ID1316818326,EMP8653722184,-9,202005,202409,0,999909,-9,0,1,0,0,0,0,,1,202008,12.0,0,,,1,3595.22,-8,,-8,,1,3595.22,1,164.88,-8,,1,164.88,1,167.89,1,164.58,1,21.41,1,21.84,1
202401,JOB853500544963,ID1519613243,EMP4174609766,-9,202009,,0,999909,-9,0,1,0,0,0,0,,1,202010,6.0,0,,,1,2668.3,-8,,-8,,1,2668.3,1,161.6,-8,,1,161.6,1,158.73,1,164.82,1,16.81,1,16.19,1
202612,JOB343639365898,ID1519613243,EMP0437367918,-9,201502,202606,0,999909,-9,0,1,0,0,0,0,,0,,,0,,,1,3536.83,-8,,-8,,1,3536.83,1,166.62,-8,,1,166.62,1,166.75,1,169.33,1,21.21,1,20.89,1
202407,JOB588476079983,ID1815463293,EMP7459746833,-9,202503,,0,999909,-9,1,0,0,0,0,0,,1,202506,12.0,0,,,1,4571.31,1,338.6,-8,,1,4909.9,1,161.11,-8,,1,161.11,1,159.99,1,163.4,1,28.57,1,30.05,1
202412,JOB639849252210,ID9335961715,EMP4078432067,-9,202003,,0,999909,-9,0,0,0,0,0,0,,0,,,0,,,1,7302.07,-8,,-8,,1,7302.07,1,172.78,-8,,1,172.78,1,173.85,1,172.38,1,42.0,1,42.36,1
202505,JOB973047647458,ID7980983689,-9,-9,201907,201908,-9,201908,2,2,-8,-9,0,0,0,,-9,,,-9,,,-9,,-9,,-9,,-9,,-9,,-9,,-9,,-9,,-9,,-9,,-9,,1
202501,JOB164256736013,ID0288033454,EMP5836306041,TMP6673822530,201705,202006,0,999909,-9,1,0,0,0,0,0,,0,,,0,,,1,7276.19,-8,,-8,,1,7276.19,1,164.4,-8,,1,164.4,1,161.92,1,164.98,1,44.94,1,44.1,1
202611,JOB731760364811,ID5284058404,EMP1803058023,-9,202007,,0,999909,-9,0,0,0,0,0,0,,1,202101,26.0,0,,,1,3719.04,-8,,-8,,1,3719.04,1,170.08,-8,,1,170.08,1,167.76,1,168.95,1,22.17,1,22.01,1
202609,JOB139538486420,ID4375137210,EMP2908429134,-9,201901,,0,999909,-9,0,0,0,0,0,0,,0,,,0,,,1,8242.9,-8,,1,961.51,1,9204.41,1,170.31,1,13.244089835455881,1,183.5540898354559,1,170.42,1,183.66408983545585,1,48.37,1,50.12,1
202510,JOB323363495223,ID2578174249,EMP4993672858,-9,202506,,0,999909,-9,1,0,0,0,0,1,CAE - Contrat d'appui-emploi,1,202507,4.0,0,,,1,4738.09,1,444.37,-8,,1,5182.46,1,164.51,-8,,1,164.51,1,165.3,1,167.57,1,28.66,1,30.93,1
202612,JOB163125908281,ID7088203782,EMP0856366300,-9,202303,,0,999909,-9,1,1,0,0,0,1,PAN - Projet d'activité national,0,,,0,,,1,7022.84,1,538.39,-8,,1,7561.23,1,167.96,-8,,1,167.96,1,165.13,1,165.21,1,42.53,1,45.77,1
202602,JOB612691786633,ID2473952316,EMP7521243249,-9,201910,,0,999909,-9,0,1,0,0,0,0,,1,202001,12.0,1,1148.54,49.17,1,3828.47,-8,,-8,,1,3828.47,1,163.91,-8,,1,163.91,1,164.27,1,166.38,1,23.31,1,23.01,1
202602,JOB609088394119,ID9626397841,EMP8162503483,-9,201605,201811,1,201811,6,0,0,0,0,0,0,,1,201611,26.0,1,2302.13,51.21,1,7673.76,-8,,-8,,1,7673.76,1,170.7,-8,,1,170.7,1,169.21,1,167.45,1,45.35,1,45.83,0
202505,JOB360965278298,ID6193973144,EMP5108076536,-9,202404,,0,999909,-9,0,1,0,0,0,0,,1,202410,26.0,0,,,1,3419.09,1,993.96,-8,,1,4413.05,1,172.45,1,15.19,1,187.65,1,175.79,1,187.83,1,19.45,1,23.49,1
202611,JOB319833359299,ID4228152888,EMP7933743376,-9,202311,202403,1,202403,3,0,0,0,0,0,1,CAE - Contrat d'appui-emploi,1,202312,6.0,0,,,1,5849.43,-8,,-8,,1,5849.43,1,169.97,-8,,1,169.97,1,168.87,1,172.41,1,34.64,1,33.93,1
202611,JOB753512543083,ID7946095673,EMP1640940874,-9,201604,,0,999909,-9,0,0,0,0,0,0,,0,,,0,,,1,3691.8,-8,,1,199.27,1,3891.07,1,168.22,1,6.053158631267144,1,174.27315863126714,1,167.18,1,173.23315863126714,1,22.08,1,22.46,1
202608,JOB165787233598,ID2011343775,EMP7643070611,-9,201605,,0,999909,-9,0,1,0,0,0,0,,1,201606,6.0,0,,,1,4486.18,-8,,-8,,1,4486.18,1,164.75,-8,,1,164.75,1,166.12,1,166.91,1,27.01,1,26.88,1
202610,JOB235107508604,ID2131753016,-9,-9,201609,201612,-9,201612,4,2,-8,-9,0,0,0,,-9,,,-9,,,-9,,-9,,-9,,-9,,-9,,-9,,-9,,-9,,-9,,-9,,-9,,1
202502,JOB505844958548,ID0503599650,EMP9681178074,-9,202507,,1,202604,4,0,1,0,0,0,0,,1,202508,6.0,0,,,1,4121.05,1,568.01,-8,,1,4689.05,1,172.86,-8,,1,172.86,1,170.94,1,175.52,1,24.11,1,26.72,1
202510,JOB230135555975,ID4570142554,EMP7886844720,-9,201507,,0,999909,-9,0,1,0,0,0,0,,0,,,1,1231.88,48.43,1,4106.25,1,681.28,-8,,1,4787.54,1,161.45,-8,,1,161.45,1,161.89,1,159.37,1,25.36,1,30.04,1
202612,JOB194227878230,ID0290168529,-9,-9,202302,202303,-9,202303,4,2,-8,-9,0,0,0,,-9,,,-9,,,-9,,-9,,-9,,-9,,-9,,-9,,-9,,-9,,-9,,-9,,-9,,1
202607,JOB673563951662,ID3654618363,EMP6623515064,-9,201811,,0,999909,-9,1,0,0,0,0,1,CIE - Contrat d'initiation à l'emploi,1,201812,4.0,0,,,1,7494.09,-8,,-8,,1,7494.09,1,168.68,-8,,1,168.68,1,165.8,1,170.02,1,45.2,1,44.08,1
202610,JOB596343820727,ID2337475256,EMP5652272256,-9,202411,,0,999909,-9,1,0,0,0,0,1,CAE - Contrat d'appui-emploi,1,202505,26.0,0,,,1,4264.43,-8,,-8,,1,4264.43,1,170.5,-8,,1,170.5,1,173.24,1,173.36,1,24.62,1,24.6,0
202608,JOB011934916069,ID7926206771,EMP2985175263,-9,202204,202301,1,202301,4,0,0,0,0,0,0,,1,202207,12.0,1,1610.58,50.9,1,5368.6,-8,,-8,,1,5368.6,1,169.68,-8,,1,169.68,1,168.53,1,169.79,1,31.86,1,31.62,1
202607,JOB513401073019,ID8069864022,-9,-9,201908,201909,-9,201909,2,2,-8,-9,0,0,0,,-9,,,-9,,,-9,,-9,,-9,,-9,,-9,,-9,,-9,,-9,,-9,,-9,,-9,,1
202505,JOB815055779501,ID6570712612,-9,-9,201611,201704,-9,201704,2,2,-8,-9,0,0,0,,-9,,,-9,,,-9,,-9,,-9,,-9,,-9,,-9,,-9,,-9,,-9,,-9,,-9,,1
202402,JOB032113830322,ID2859514698,EMP4677881519,-9,202405,,0,999909,-9,0,0,0,0,0,0,,1,202406,4.0,0,,,1,7719.04,1,342.56,-8,,1,8061.59,1,165.34,-8,,1,165.34,1,162.53,1,166.17,1,47.49,1,48.51,1
202605,JOB986525104030,ID6783326186,EMP6828126828,-9,201609,202007,0,999909,-9,0,1,0,0,0,0,,0,,,0,,,1,2996.71,-8,,-8,,1,2996.71,1,169.88,-8,,1,169.88,1,168.17,1,168.84,1,17.82,1,17.75,1
202409,JOB801659843770,ID6783326186,EMP6223031333,-9,201602,201611,1,201611,4,0,0,0,0,0,0,,0,,,0,,,1,5465.77,1,891.68,-8,,1,6357.45,1,166.57,-8,,1,166.57,1,164.89,1,169.72,1,33.15,1,37.46,1
202506,JOB018495077860,ID9653633422,EMP2489691484,-9,201901,,0,999909,-9,0,1,1,0,0,0,,1,201902,4.0,0,,,1,3056.07,1,992.84,-8,,1,4048.91,1,160.95,1,14.3,1,175.25,1,162.48,1,176.22,1,18.81,1,22.98,1
202508,JOB211974820208,ID3338718015,EMP3077431817,-9,201801,,0,999909,-9,1,1,0,0,0,0,,0,,,0,,,1,7017.2,-8,,-8,,1,7017.2,1,167.71,-8,,1,167.71,1,168.47,1,168.4,1,41.65,1,41.67,1
202402,JOB213341024955,ID8658309226,EMP6516073261,-9,202108,,0,999909,-9,0,1,0,0,0,0,,1,202109,4.0,0,,,1,3264.33,1,961.94,-8,,1,4226.27,1,170.78,-8,,1,170.78,1,167.61,1,169.36,1,19.48,1,24.95,1
202512,JOB549627318721,ID8556099646,EMP2337097446,-9,202002,202208,1,202208,6,0,0,0,0,0,0,,0,,,0,,,1,3557.82,-8,,-8,,1,3557.82,1,172.42,-8,,1,172.42,1,175.83,1,175.06,1,20.23,1,20.32,1
202404,JOB836778443159,ID0573380715,EMP9589574801,-9,201504,,0,999909,-9,0,0,0,0,0,0,,1,201505,6.0,0,,,1,7183.78,-8,,-8,,1,7183.78,1,169.78,1,15.65,1,185.44,1,169.83,1,187.42,1,42.3,1,38.33,1
202508,JOB126788165247,ID7928449939,EMP3583327448,-9,201503,,0,999909,-9,1,0,0,0,0,0,,0,,,0,,,1,4562.09,-8,,-8,,1,4562.09,1,166.58,-8,,1,166.58,1,165.24,1,167.77,1,27.61,1,27.19,1
202412,JOB984249731821,ID7202181071,EMP2142788173,-9,201806,201810,1,201810,3,0,0,0,0,0,0,,0,,,0,,,1,8050.71,-8,,-8,,1,8050.71,1,167.19,-8,,1,167.19,1,169.98,1,169.34,1,47.36,1,47.54,1
202504,JOB645794883250,ID2839506350,EMP5208385255,-9,202401,,0,999909,-9,0,1,0,0,0,0,,1,202402,6.0,0,,,1,4133.69,1,625.92,-8,,1,4759.61,1,160.76,-8,,1,160.76,1,162.46,1,163.19,1,25.44,1,29.17,1
202511,JOB523016680036,ID2839506350,-9,-9,202510,202602,-9,202602,2,2,-8,-9,0,0,0,,-9,,,-9,,,-9,,-9,,-9,,-9,,-9,,-9,,-9,,-9,,-9,,-9,,-9,,1
202601,JOB682869867920,ID7187310883,EMP6709749521,-9,202407,202411,1,202411,3,0,0,0,0,0,0,,0,,,0,,,1,5983.77,-8,,-8,,1,5983.77,1,170.21,-8,,1,170.21,1,172.39,1,168.6,1,34.71,1,35.49,1
202507,JOB840510808722,ID6472502272,-9,-9,201906,201910,-9,201910,2,2,-8,-9,0,1,0,,-9,,,-9,,,-9,,-9,,-9,,-9,,-9,,-9,,-9,,-9,,-9,,-9,,-9,,0
202412,JOB678289406041,ID0577284777,EMP5491035962,-9,202510,,0,999909,-9,0,0,0,0,0,0,,0,,,0,,,1,3923.16,1,123.48,1,314.38,1,4361.02,1,170.38,1,9.102241485798775,1,179.48224148579877,1,168.4,1,177.50224148579878,1,23.3,1,24.57,1
202404,JOB682155337672,ID1967165108,EMP7989169500,-9,201801,201810,1,201810,4,0,0,0,0,0,0,,1,201803,8.0,0,,,1,5969.82,-8,,-8,,1,5969.82,1,163.11,1,8.2,1,171.31,1,163.64,1,174.09,1,36.48,1,34.29,1
202504,JOB894085930926,ID3333648580,EMP4256091458,-9,201605,201609,1,201609,3,0,0,0,0,0,0,,1,201606,4.0,0,,,1,5770.93,1,121.88,-8,,1,5892.81,1,172.89,-8,,1,172.89,1,175.72,1,170.23,1,32.84,1,34.62,1
202607,JOB862021063717,ID2895141040,EMP6926721363,-9,202402,,0,999909,-9,0,0,0,0,0,0,,1,202403,4.0,0,,,1,4340.64,-8,,-8,,1,4340.64,1,164.64,-8,,1,164.64,1,167.49,1,164.9,1,25.92,1,26.32,1
202409,JOB225873520890,ID2254945035,EMP3748168543,-9,202008,202307,0,999909,-9,1,1,0,0,0,0,,1,202011,12.0,0,,,1,5581.39,-8,,-8,,1,5581.39,1,168.36,-8,,1,168.36,1,169.05,1,165.75,1,33.02,1,33.67,1
202404,JOB046669999451,ID1967262977,EMP7550935600,-9,202203,202309,1,202309,5,0,0,0,0,0,0,,1,202204,4.0,0,,,1,5565.08,-8,,-8,,1,5565.08,1,168.37,-8,,1,168.37,1,166.02,1,168.39,1,33.52,1,33.05,1
202505,JOB404023672166,ID2328384935,EMP7351041250,-9,202108,202411,0,999909,-9,0,0,0,0,0,0,,0,,,0,,,1,7357.94,1,328.57,-8,,1,7686.51,1,168.93,-8,,1,168.93,1,169.79,1,167.49,1,43.34,1,45.89,1
202408,JOB671136419556,ID0957661090,EMP2841672176,-9,202303,,0,999909,-9,0,0,0,0,0,0,,0,,,0,,,1,7886.82,1,624.72,1,383.5,1,8895.03,1,163.99,1,5.316002553548001,1,169.306002553548,1,166.54,1,171.856002553548,1,47.36,1,51.76,1
202406,JOB516852005645,ID8829113469,EMP3628122631,-9,202204,202205,2,202205,2,0,0,0,0,0,0,,-9,,,0,,,1,3687.16,-8,,1,309.41,1,3996.57,1,172.65,1,9.658529470167268,1,182.3085294701673,1,170.24,1,179.8985294701673,1,21.66,1,22.22,1
202602,JOB521394089126,ID1338123431,EMP2514033011,-9,201609,,0,999909,-9,1,1,0,0,0,0,,0,,,0,,,1,5064.06,1,100.25,-8,,1,5164.31,1,170.94,-8,,1,170.94,1,168.18,1,174.0,1,30.11,1,29.68,1
202603,JOB077548487281,ID5003827874,EMP4538583091,-9,202203,,0,999909,-9,0,0,0,0,0,0,,1,202204,6.0,0,,,1,6446.79,1,264.15,-8,,1,6710.94,1,171.46,-8,,1,171.46,1,171.16,1,170.75,1,37.67,1,39.3,1
202507,JOB249826385538,ID9299548232,EMP1911767525,-9,201907,202303,0,999909,-9,0,0,0,0,0,1,PAN - Projet d'activité national,1,201910,12.0,1,1830.04,49.12,1,6100.15,-8,,-8,,1,6100.15,1,163.72,-8,,1,163.72,1,165.31,1,163.63,1,36.9,1,37.28,1
202408,JOB266617927976,ID2150930480,EMP0817121149,-9,201909,,0,999909,-9,0,1,0,0,0,0,,0,,,0,,,1,2897.41,-8,,-8,,1,2897.41,1,163.74,-8,,1,163.74,1,161.7,1,166.59,1,17.92,1,17.39,1
202510,JOB106678546615,ID4732615683,EMP5715848933,-9,202207,,0,999909,-9,1,0,0,0,0,1,PAN - Projet d'activité national,1,202209,8.0,0,,,1,4447.73,-8,,-8,,1,4447.73,1,163.35,-8,,1,163.35,1,161.92,1,166.23,1,27.47,1,26.76,1
202404,JOB990887567463,ID9465862241,EMP9159901664,-9,201510,201607,1,201607,4,0,1,0,0,0,0,,1,201511,4.0,0,,,1,4235.09,1,572.75,-8,,1,4807.84,1,168.26,-8,,1,168.26,1,170.22,1,167.33,1,24.88,1,28.73,1
202609,JOB700137324233,ID3673161424,EMP8054683674,-9,202001,202005,1,202005,3,0,0,0,0,0,0,,1,202004,12.0,0,,,1,4563.67,1,862.24,-8,,1,5425.91,1,168.37,-8,,1,168.37,1,168.52,1,170.19,1,27.08,1,31.88,1
202511,JOB458597607353,ID6657126386,EMP8956502568,-9,202410,202411,1,202411,2,0,1,0,0,0,0,,1,202412,8.0,0,,,1,3648.82,1,528.53,-8,,1,4177.35,1,167.49,-8,,1,167.49,1,165.24,1,164.24,1,22.08,1,25.43,1
202602,JOB061956141894,ID9728196295,-9,TMP1114053368,202001,202006,-9,202006,2,2,-8,-9,0,0,0,,-9,,,-9,,,-9,,-9,,-9,,-9,,-9,,-9,,-9,,-9,,-9,,-9,,-9,,1
202406,JOB827038765202,ID1507442017,-9,-9,202401,202403,-9,202403,2,2,-8,-9,0,0,0,,-9,,,-9,,,-9,,-9,,-9,,-9,,-9,,-9,,-9,,-9,,-9,,-9,,-9,,1
202507,JOB913793257268,ID1507442017,EMP7001583620,-9,202301,202305,1,202305,3,0,0,1,0,0,0,,0,,,0,,,1,7728.54,-8,,-8,,1,7728.54,1,171.61,-8,,1,171.61,1,174.92,1,168.37,1,44.18,1,45.9,1
202404,JOB037492338318,ID6567002889,EMP4352761176,-9,202104,,0,999909,-9,0,1,0,0,0,0,,0,,,0,,,1,4459.44,1,195.42,-8,,1,4654.85,1,165.46,-8,,1,165.46,1,164.28,1,162.96,1,27.15,1,28.56,1
202406,JOB427348107725,ID4553108699,EMP9652292445,-9,202401,,0,999909,-9,0,0,0,0,0,0,,0,,,0,,,1,4486.85,-8,,-8,,1,4486.85,1,164.18,-8,,1,164.18,1,166.54,1,164.07,1,26.94,1,27.35,0
202508,JOB437069357029,ID7924468119,EMP0369522057,-9,202206,,0,999909,-9,0,0,0,0,0,0,,1,202207,6.0,0,,,1,7509.6,-8,,-8,,1,7509.6,1,168.9,-8,,1,168.9,1,167.85,1,169.46,1,44.74,1,44.31,1
202407,JOB225963587301,ID3498725378,EMP1606922057,-9,201803,,0,999909,-9,0,0,0,0,0,0,,1,201804,6.0,0,,,1,7430.76,1,709.34,-8,,1,8140.11,1,162.83,1,6.02,1,168.85,1,162.61,1,169.49,1,45.7,1,48.03,1
202601,JOB593875781071,ID7820071527,EMP2591021395,-9,202205,,0,999909,-9,1,1,0,0,0,0,,1,202208,12.0,0,,,1,6778.01,-8,,-8,,1,6778.01,1,172.09,-8,,1,172.09,1,171.17,1,169.25,1,39.6,1,40.05,1
202503,JOB093217122645,ID5217487615,EMP3935029176,-9,202005,202205,3,202205,5,0,1,0,0,0,0,,-9,,,0,,,1,4548.18,1,121.04,-8,,1,4669.22,1,164.52,-8,,1,164.52,1,163.49,1,167.24,1,27.82,1,27.92,1
202602,JOB094712822567,ID5217487615,EMP3084096721,-9,202110,202202,1,202202,3,0,1,0,0,0,0,,1,202201,12.0,0,,,1,3746.78,-8,,-8,,1,3746.78,1,172.17,1,19.23,1,191.4,1,172.7,1,192.5,1,21.7,1,19.46,1
202612,JOB517989123003,ID2993800915,EMP0560848449,-9,201801,,0,999909,-9,1,1,0,0,0,0,,0,,,0,,,1,4681.63,1,646.52,-8,,1,5328.15,1,169.24,1,7.8,1,177.04,1,165.89,1,176.21,1,28.22,1,30.24,1
202605,JOB018884831867,ID0309847783,-9,-9,201711,201803,-9,201803,3,2,-8,-9,0,0,0,,-9,,,-9,,,-9,,-9,,-9,,-9,,-9,,-9,,-9,,-9,,-9,,-9,,-9,,0
202411,JOB681619017378,ID0022182905,EMP9498582178,-9,202405,202603,0,999909,-9,0,0,0,0,0,0,,0,,,0,,,1,8222.29,1,935.14,-8,,1,9157.42,1,164.61,-8,,1,164.61,1,166.13,1,167.28,1,49.49,1,54.74,1
202611,JOB308800442293,ID0022182905,EMP9288534118,-9,201805,201806,1,201806,1,0,1,0,0,0,1,CAE - Contrat d'appui-emploi,1,201807,8.0,0,,,1,4183.04,-8,,-8,,1,4183.04,1,168.84,-8,,1,168.84,1,169.86,1,168.15,1,24.63,1,24.88,1
202502,JOB332821175749,ID4705219476,EMP9036042632,-9,202508,,0,999909,-9,1,1,0,0,0,0,,0,,,0,,,1,6803.02,-8,,-8,,1,6803.02,1,167.71,-8,,1,167.71,1,168.43,1,166.91,1,40.39,1,40.76,1
202410,JOB496280471703,ID5535339444,EMP4390378538,-9,201703,,0,999909,-9,0,0,0,0,0,0,,1,201705,8.0,0,,,1,6875.75,-8,,-8,,1,6875.75,1,169.83,-8,,1,169.83,1,172.11,1,167.99,1,39.95,1,40.93,0
202504,JOB117138164842,ID8057935990,EMP4838865979,-9,201808,201905,0,999909,-9,0,1,0,0,0,0,,1,201902,26.0,0,,,1,3907.35,-8,,-8,,1,3907.35,1,170.45,-8,,1,170.45,1,171.85,1,173.17,1,22.74,1,22.56,1
202606,JOB089111470935,ID4853679289,EMP4541886333,-9,201908,,0,999909,-9,0,0,0,0,0,0,,1,202002,26.0,0,,,1,6312.69,-8,,-8,,1,6312.69,1,164.03,-8,,1,164.03,1,166.81,1,166.49,1,37.84,1,37.92,1
202606,JOB522393520726,ID3166413730,EMP2341123949,-9,202002,202202,3,202202,5,0,1,0,0,0,0,,-9,,,0,,,1,2881.07,-8,,-8,,1,2881.07,1,147.17,-8,,1,147.17,1,144.4,1,148.98,1,19.95,1,19.34,1
202609,JOB517220115561,ID7233841735,EMP9456782759,TMP5675395751,202310,,0,999909,-9,0,0,0,0,0,0,,1,202311,4.0,1,2281.06,51.71,1,7603.53,1,892.95,-8,,1,8496.49,1,172.36,-8,,1,172.36,1,173.32,1,172.67,1,43.87,1,49.21,1
202401,JOB160628788655,ID1959545470,EMP6717343122,-9,202209,,0,999909,-9,0,1,0,0,0,1,CAE - Contrat d'appui-emploi,0,,,0,,,1,3425.09,-8,,-8,,1,3425.09,1,160.89,1,10.95,1,171.84,1,160.83,1,173.33,1,21.3,1,19.76,1
202508,JOB946052102178,ID3307269630,EMP4790088987,-9,202302,,0,999909,-9,0,1,0,0,0,0,,1,202308,26.0,0,,,1,3412.66,-8,,-8,,1,3412.66,1,168.43,-8,,1,168.43,1,165.72,1,169.07,1,20.59,1,20.18,1
202609,JOB087434998581,ID4353313663,EMP5217600926,-9,201506,201510,1,201510,3,0,0,0,0,0,0,,1,201509,12.0,0,,,1,7365.25,1,623.57,-8,,1,7988.82,1,161.65,-8,,1,161.65,1,162.87,1,164.38,1,45.22,1,48.6,1
202610,JOB952313628141,ID8312254846,EMP5931638809,-9,202102,202103,1,202103,1,0,0,0,0,0,0,,1,202105,12.0,0,,,1,7691.3,-8,,-8,,1,7691.3,1,166.74,-8,,1,166.74,1,165.71,1,164.75,1,46.41,1,46.68,1
202509,JOB257212863297,ID4636189025,-9,-9,202106,202112,-9,202112,3,2,-8,-9,0,0,0,,-9,,,-9,,,-9,,-9,,-9,,-9,,-9,,-9,,-9,,-9,,-9,,-9,,-9,,1
202506,JOB190623383838,ID6590930028,EMP6961749406,-9,202206,202310,0,999909,-9,0,1,0,0,0,0,,0,,,0,,,1,2538.33,1,273.87,-8,,1,2812.2,1,163.13,-8,,1,163.13,1,165.46,1,164.69,1,15.34,1,17.08,1
202605,JOB641465248684,ID6590930028,EMP6913804753,-9,202108,,0,999909,-9,0,1,0,0,0,0,,0,,,0,,,1,3150.68,-8,,-8,,1,3150.68,1,170.4,-8,,1,170.4,1,172.3,1,169.92,1,18.29,1,18.54,1
202511,JOB822494435252,ID5846553617,-9,-9,202402,202404,-9,202404,4,2,-8,-9,0,0,0,,-9,,,-9,,,-9,,-9,,-9,,-9,,-9,,-9,,-9,,-9,,-9,,-9,,-9,,1
202606,JOB154937690251,ID5315808088,EMP8991069738,-9,202503,,0,999909,-9,0,0,0,0,0,0,,1,202505,8.0,0,,,1,6925.25,-8,,-8,,1,6925.25,1,170.33,-8,,1,170.33,1,170.12,1,170.64,1,40.71,1,40.58,1
202502,JOB073523197694,ID2907121161,EMP4891978755,-9,201507,,0,999909,-9,0,1,1,0,0,0,,0,,,0,,,1,3059.08,1,540.66,-8,,1,3599.74,1,165.48,-8,,1,165.48,1,166.19,1,162.98,1,18.41,1,22.09,1
202411,JOB072448802708,ID2907121161,-9,-9,201804,201805,-9,201805,2,2,-8,-9,0,0,0,,-9,,,-9,,,-9,,-9,,-9,,-9,,-9,,-9,,-9,,-9,,-9,,-9,,-9,,1
202508,JOB299688634614,ID9838523438,EMP5302345774,-9,202001,202408,0,999909,-9,0,0,0,0,0,0,,1,202002,4.0,0,,,1,8111.85,1,504.64,-8,,1,8616.49,1,166.32,1,17.49,1,183.81,1,164.17,1,183.38,1,49.41,1,46.99,1
202512,JOB633899995953,ID7788158980,EMP8353113407,-9,201601,202405,0,999909,-9,1,0,0,0,0,0,,0,,,0,,,1,6637.4,1,717.65,-8,,1,7355.05,1,168.02,-8,,1,168.02,1,168.15,1,167.65,1,39.47,1,43.87,1
202409,JOB020568616445,ID7788158980,EMP0811627597,TMP5322252303,202505,,0,999909,-9,0,0,0,0,0,0,,0,,,0,,,1,3229.79,-8,,-8,,1,3229.79,1,170.2,-8,,1,170.2,1,168.53,1,170.45,1,19.16,1,18.95,1
202412,JOB003949044575,ID2037452412,EMP5722299771,TMP3946944994,202006,,0,999909,-9,1,0,0,0,0,0,,1,202008,8.0,0,,,1,6578.33,1,314.3,-8,,1,6892.63,1,170.72,-8,,1,170.72,1,168.41,1,172.3,1,39.06,1,40.0,1
202512,JOB717710420533,ID2037452412,EMP3435613571,-9,201710,,0,999909,-9,0,0,0,0,0,0,,1,201711,6.0,0,,,1,6699.86,-8,,-8,,1,6699.86,1,171.28,-8,,1,171.28,1,171.29,1,168.68,1,39.11,1,39.72,1
202405,JOB244299795825,ID6077850050,EMP3021466830,-9,202307,202311,1,202311,3,0,1,0,0,0,0,,1,202308,4.0,0,,,1,3516.55,1,869.29,-8,,1,4385.85,1,170.88,-8,,1,170.88,1,168.29,1,169.94,1,20.9,1,25.81,1
202404,JOB467274293111,ID3351401305,EMP0168378080,-9,202305,,0,999909,-9,0,0,0,0,0,0,,1,202307,8.0,1,2125.24,48.12,1,7084.12,-8,,-8,,1,7084.12,1,160.41,-8,,1,160.41,1,158.55,1,159.55,1,44.68,1,44.4,1
202512,JOB861610293781,ID1956376265,EMP9798005226,-9,201907,,0,999909,-9,0,1,0,0,0,0,,1,201909,8.0,0,,,1,3965.2,1,933.74,1,520.95,1,5419.88,1,168.01,1,14.715403438122337,1,182.72540343812233,1,166.85,1,181.56540343812233,1,23.77,1,29.85,1
202512,JOB724089052078,ID2277322809,EMP1911533035,-9,201811,201812,4,201812,1,0,1,0,0,0,0,,-9,,,0,,,1,2581.72,-8,,-8,,1,2581.72,1,106.25,-8,,1,106.25,1,106.19,1,105.24,1,24.31,1,24.53,1
202603,JOB963525720337,ID7763953982,EMP5141007124,-9,202001,,0,999909,-9,0,1,0,0,0,0,,0,,,0,,,1,3587.02,1,604.74,-8,,1,4191.76,1,169.03,-8,,1,169.03,1,170.05,1,168.08,1,21.09,1,24.94,1
202512,JOB643130610753,ID5046502208,EMP6353190956,-9,202409,,0,999909,-9,0,0,0,0,0,0,,0,,,0,,,1,4799.3,-8,,-8,,1,4799.3,1,171.77,-8,,1,171.77,1,170.06,1,172.85,1,28.22,1,27.77,1
202603,JOB524226090846,ID7784225331,EMP5012727259,-9,202405,202412,0,999909,-9,0,0,0,0,0,0,,1,202408,12.0,0,,,1,5693.31,-8,,-8,,1,5693.31,1,171.6,-8,,1,171.6,1,171.55,1,173.73,1,33.19,1,32.77,1
202601,JOB974240350044,ID4577606541,EMP5256694587,-9,202409,,0,999909,-9,0,0,0,0,0,0,,1,202411,8.0,0,,,1,5023.62,1,339.29,-8,,1,5362.91,1,160.89,-8,,1,160.89,1,163.81,1,160.76,1,30.67,1,33.36,1
202408,JOB369747549652,ID7809502685,EMP9888808984,-9,201511,,0,999909,-9,0,0,0,0,0,1,CIE - Contrat d'initiation à l'emploi,1,201512,4.0,0,,,1,3931.53,1,255.18,1,205.1,1,4391.82,1,169.15,1,5.882777542719711,1,175.0327775427197,1,170.27,1,176.15277754271972,1,23.09,1,24.93,1
202405,JOB514140617142,ID7993807071,EMP5487273725,-9,202301,202305,1,202305,3,0,1,0,0,0,0,,0,,,0,,,1,4236.84,-8,,-8,,1,4236.84,1,162.79,-8,,1,162.79,1,164.75,1,161.64,1,25.72,1,26.21,1
202605,JOB771553904902,ID3744256136,EMP2338162199,-9,202205,,0,999909,-9,0,1,0,0,0,0,,0,,,0,,,1,3442.25,1,193.81,-8,,1,3636.06,1,166.42,-8,,1,166.42,1,164.58,1,169.17,1,20.92,1,21.49,1
202412,JOB560051314567,ID9397132327,EMP7510322975,-9,202006,,0,999909,-9,0,0,0,0,0,0,,0,,,0,,,1,5321.51,1,397.59,1,312.48,1,6031.57,1,161.99,1,6.341346588991918,1,168.33134658899192,1,160.15,1,166.49134658899192,1,33.23,1,36.23,1
202511,JOB693955179035,ID0027152090,EMP6846934012,-9,202004,,0,999909,-9,0,0,0,0,0,0,,0,,,0,,,1,4398.05,1,277.23,-8,,1,4675.28,1,171.31,-8,,1,171.31,1,168.32,1,172.99,1,26.13,1,27.03,1
202506,JOB789709070115,ID1793169886,EMP7776606061,-9,201809,,0,999909,-9,1,0,0,0,0,0,,1,201811,8.0,0,,,1,7105.17,-8,,-8,,1,7105.17,1,171.77,-8,,1,171.77,1,174.59,1,173.58,1,40.7,1,40.93,1
202510,JOB965162078293,ID1699508230,EMP8673952841,-9,202104,202610,0,999909,-9,0,1,1,0,0,0,,1,202106,8.0,0,,,1,2940.91,-8,,-8,,1,2940.91,1,160.0,1,11.29,1,171.29,1,157.69,1,174.05,1,18.65,1,16.9,1
202509,JOB499810339633,ID4315586775,EMP2509725672,-9,202101,,0,999909,-9,1,1,0,0,0,0,,1,202102,6.0,0,,,1,4147.4,1,595.57,-8,,1,4742.96,1,167.95,-8,,1,167.95,1,169.09,1,166.66,1,24.53,1,28.46,1
202603,JOB639229165876,ID4315586775,EMP1193599724,-9,202405,202409,0,999909,-9,1,1,0,0,0,0,,0,,,0,,,1,4522.2,1,403.81,-8,,1,4926.01,1,171.01,1,8.56,1,179.57,1,171.42,1,176.83,1,26.38,1,27.86,1
202506,JOB828408169828,ID0900016510,EMP6075064239,-9,202101,,0,999909,-9,0,1,0,0,0,0,,1,202102,6.0,0,,,1,3482.07,-8,,-8,,1,3482.07,1,161.6,-8,,1,161.6,1,160.44,1,160.59,1,21.7,1,21.68,1
202603,JOB496903964063,ID2671872046,EMP0165638546,-9,201701,,0,999909,-9,1,0,0,0,0,0,,1,201702,6.0,0,,,1,3919.66,-8,,-8,,1,3919.66,1,172.61,-8,,1,172.61,1,174.32,1,175.86,1,22.49,1,22.29,1
202410,JOB442472215522,ID2262629768,EMP3591641954,-9,201702,,0,999909,-9,1,1,0,0,0,0,,1,201708,26.0,0,,,1,5536.16,-8,,-8,,1,5536.16,1,162.04,-8,,1,162.04,1,164.66,1,164.94,1,33.62,1,33.56,1
202412,JOB371944170802,ID7830073324,EMP3561173065,-9,201601,,0,999909,-9,0,0,0,0,0,0,,0,,,1,1246.24,51.62,1,4154.12,1,271.89,-8,,1,4426.02,1,172.08,-8,,1,172.08,1,174.27,1,170.23,1,23.84,1,26.0,1
202410,JOB523849109810,ID2659043824,-9,-9,202201,202203,-9,202203,4,2,-8,-9,0,0,0,,-9,,,-9,,,-9,,-9,,-9,,-9,,-9,,-9,,-9,,-9,,-9,,-9,,-9,,1
202411,JOB085470752016,ID2656335311,EMP9098513058,-9,202305,,0,999909,-9,1,0,1,0,0,0,,0,,,0,,,1,4504.59,-8,,-8,,1,4504.59,1,168.24,-8,,1,168.24,1,165.31,1,168.46,1,27.25,1,26.74,1
202612,JOB882289745543,ID3163219125,EMP5068267692,-9,202305,202603,0,999909,-9,0,1,0,0,0,0,,1,202311,26.0,0,,,1,3054.54,1,523.1,1,188.98,1,3766.62,1,164.54,1,6.786623262495116,1,171.3266232624951,1,167.46,1,174.24662326249512,1,18.24,1,21.62,1
202610,JOB195788160002,ID2701012553,-9,-9,201503,201509,-9,201509,2,2,-8,-9,0,0,0,,-9,,,-9,,,-9,,-9,,-9,,-9,,-9,,-9,,-9,,-9,,-9,,-9,,-9,,1
202411,JOB044808511807,ID7416958524,-9,-9,202310,202402,-9,202402,4,2,-8,-9,0,0,0,,-9,,,-9,,,-9,,-9,,-9,,-9,,-9,,-9,,-9,,-9,,-9,,-9,,-9,,1
202508,JOB035672443127,ID7704010683,EMP0104804586,-9,201710,,0,999909,-9,1,1,0,0,0,0,,1,201711,6.0,0,,,1,4061.0,-8,,-8,,1,4061.0,1,162.06,-8,,1,162.06,1,160.98,1,162.43,1,25.23,1,25.0,1
202507,JOB192131386503,ID2180215347,EMP3463636399,-9,201804,202006,0,999909,-9,0,1,0,0,0,0,,1,201805,6.0,0,,,1,4324.91,1,708.03,-8,,1,5032.94,1,171.16,-8,,1,171.16,1,168.29,1,171.99,1,25.7,1,29.26,1
202409,JOB393656541681,ID8200497004,EMP4406155775,-9,201611,,0,999909,-9,0,0,0,0,0,0,,0,,,0,,,1,7046.97,-8,,-8,,1,7046.97,1,161.03,-8,,1,161.03,1,158.26,1,159.42,1,44.53,1,44.2,1
202406,JOB620514610532,ID6465314007,EMP7654963279,-9,202301,202303,4,202303,2,0,0,0,0,0,0,,-9,,,0,,,1,2598.19,-8,,1,284.11,1,2882.3,1,110.82,1,8.078795726366675,1,118.89879572636667,1,109.23,1,117.30879572636668,1,23.79,1,24.57,1
202502,JOB272603807384,ID0730539776,EMP2432173518,-9,202102,,0,999909,-9,0,1,0,0,0,0,,1,202108,26.0,0,,,1,4203.76,-8,,1,208.7,1,4412.46,1,162.66,1,5.383618226207879,1,168.04361822620788,1,162.83,1,168.2136182262079,1,25.82,1,26.23,1
202407,JOB591107200371,ID7382887587,EMP7537975896,-9,202402,,0,999909,-9,1,0,0,0,0,0,,1,202403,4.0,0,,,1,4075.65,-8,,-8,,1,4075.65,1,163.45,-8,,1,163.45,1,163.58,1,162.08,1,24.92,1,25.15,1
202508,JOB776787414307,ID9745499364,EMP9738991876,-9,201602,,0,999909,-9,1,1,0,0,0,0,,0,,,0,,,1,4153.0,-8,,-8,,1,4153.0,1,167.66,-8,,1,167.66,1,164.49,1,165.35,1,25.25,1,25.12,0
202604,JOB223567802890,ID5290080443,EMP7234597386,-9,201605,202505,0,999909,-9,0,0,0,0,0,0,,1,201608,12.0,0,,,1,5440.39,1,135.98,1,531.45,1,6107.82,1,160.79,1,10.471284508944082,1,171.26128450894407,1,159.05,1,169.5212845089441,1,34.21,1,36.03,1
202506,JOB373810057771,ID1673216783,EMP8956407366,-9,201710,201807,1,201807,4,0,0,0,0,1,0,,1,201711,4.0,0,,,1,7191.8,-8,,-8,,1,7191.8,1,166.17,1,6.08,1,172.25,1,166.55,1,170.69,1,43.18,1,42.13,1
202608,JOB939794897918,ID6062240073,EMP7626748693,-9,202402,,0,999909,-9,1,0,0,0,0,0,,1,202403,4.0,0,,,1,4269.03,-8,,-8,,1,4269.03,1,170.29,-8,,1,170.29,1,170.32,1,167.81,1,25.06,1,25.44,1
202609,JOB774027192723,ID6062240073,EMP9105558943,-9,202402,,0,999909,-9,0,0,0,0,0,0,,1,202403,4.0,0,,,1,3169.4,1,185.99,1,323.71,1,3679.1,1,168.85,1,11.49714658892081,1,180.3471465889208,1,168.27,1,179.7671465889208,1,18.84,1,20.47,0
202508,JOB979766262793,ID5256654080,-9,-9,201802,201803,-9,201803,4,2,-8,-9,0,0,0,,-9,,,-9,,,-9,,-9,,-9,,-9,,-9,,-9,,-9,,-9,,-9,,-9,,-9,,1
202510,JOB808204577732,ID8626482000,EMP2116788415,-9,201905,,0,999909,-9,0,0,0,0,0,0,,0,,,0,,,1,3076.61,-8,,-8,,1,3076.61,1,164.02,-8,,1,164.02,1,162.59,1,166.88,1,18.92,1,18.44,1
202610,JOB367887013550,ID8078929567,EMP7284045226,-9,201805,201806,1,201806,1,0,1,0,0,0,0,,1,201808,12.0,0,,,1,2711.68,1,931.04,1,225.92,1,3868.64,1,171.28,1,9.513320465829405,1,180.7933204658294,1,168.64,1,178.15332046582938,1,16.08,1,21.72,1
202605,JOB306908234532,ID5645689425,EMP1917488823,-9,202208,,0,999909,-9,0,1,0,0,0,0,,0,,,0,,,1,3074.4,1,539.04,-8,,1,3613.45,1,165.53,-8,,1,165.53,1,164.89,1,167.86,1,18.65,1,21.53,1
202507,JOB379653892242,ID7841630056,-9,-9,201901,201905,-9,201905,2,2,-8,-9,0,0,0,,-9,,,-9,,,-9,,-9,,-9,,-9,,-9,,-9,,-9,,-9,,-9,,-9,,-9,,1
202408,JOB659452071380,ID3208464241,EMP1230764470,-9,202510,202512,0,999909,-9,0,1,0,0,0,0,,1,202511,6.0,0,,,1,4674.12,-8,,-8,,1,4674.12,1,167.57,-8,,1,167.57,1,166.29,1,165.29,1,28.11,1,28.28,1
202601,JOB386901390198,ID6125328651,EMP7387524349,-9,201906,,0,999909,-9,0,0,0,0,0,0,,1,201907,4.0,0,,,1,6626.31,1,127.08,-8,,1,6753.38,1,162.83,-8,,1,162.83,1,161.71,1,159.86,1,40.98,1,42.25,1
202509,JOB721450140650,ID0391960302,EMP0177473732,-9,201707,,0,999909,-9,0,1,0,0,0,0,,1,201709,8.0,0,,,1,3731.34,-8,,1,169.99,1,3901.33,1,168.04,1,5.103721508897115,1,173.1437215088971,1,166.31,1,171.4137215088971,1,22.44,1,22.76,1
202507,JOB880761032935,ID9741817810,EMP3472542714,-9,202302,202602,3,202602,5,0,1,0,0,0,0,,-9,,,0,,,1,3413.87,1,283.17,-8,,1,3697.04,1,144.17,-8,,1,144.17,1,144.13,1,143.98,1,23.69,1,25.68,1
202503,JOB910049559853,ID8574086713,EMP1312629680,-9,201810,,0,999909,-9,0,0,0,0,0,0,,0,,,0,,,1,4354.61,-8,,-8,,1,4354.61,1,162.05,-8,,1,162.05,1,162.9,1,164.14,1,26.73,1,26.53,1
202606,JOB879035045065,ID0457883540,-9,-9,201803,201804,-9,201804,4,2,-8,-9,0,0,0,,-9,,,-9,,,-9,,-9,,-9,,-9,,-9,,-9,,-9,,-9,,-9,,-9,,-9,,1
202602,JOB360256748655,ID0457883540,EMP9854049607,-9,202511,,0,999909,-9,0,0,0,0,0,0,,0,,,0,,,1,6344.04,1,930.92,-8,,1,7274.96,1,168.78,-8,,1,168.78,1,167.29,1,169.76,1,37.92,1,42.85,1
202502,JOB708972007730,ID9695398534,-9,-9,202306,202308,-9,202308,4,2,-8,-9,0,0,0,,-9,,,-9,,,-9,,-9,,-9,,-9,,-9,,-9,,-9,,-9,,-9,,-9,,-9,,1
202411,JOB692942882034,ID9695398534,EMP1269505825,-9,202108,,0,999909,-9,0,1,0,0,0,0,,1,202111,12.0,0,,,1,3826.58,-8,,-8,,1,3826.58,1,163.05,1,12.63,1,175.69,1,164.9,1,175.66,1,23.21,1,21.78,1
202509,JOB532430588749,ID3844924863,EMP7483964482,-9,201508,,0,999909,-9,0,0,0,0,0,0,,0,,,0,,,1,3453.08,-8,,-8,,1,3453.08,1,169.13,-8,,1,169.13,1,166.74,1,168.95,1,20.71,1,20.44,1
202603,JOB388515618825,ID3634560273,EMP0652598287,-9,201708,,0,999909,-9,0,1,0,0,0,0,,1,201709,6.0,0,,,1,3650.06,-8,,-8,,1,3650.06,1,165.26,-8,,1,165.26,1,163.43,1,163.54,1,22.33,1,22.32,1
202611,JOB874361604132,ID6540560215,EMP5550138164,-9,201702,201703,0,999909,-9,1,0,0,0,0,0,,0,,,0,,,1,6932.42,1,368.79,-8,,1,7301.21,1,172.2,1,10.83,1,183.03,1,171.49,1,183.52,1,40.42,1,39.78,1
202607,JOB234261763868,ID7183489816,EMP1029015938,-9,202107,,0,999909,-9,1,0,1,0,0,0,,1,202201,26.0,0,,,1,6189.25,1,836.09,-8,,1,7025.34,1,165.46,-8,,1,165.46,1,167.08,1,163.83,1,37.04,1,42.88,1
202405,JOB944875350689,ID4492951154,EMP6591651756,-9,201810,201902,1,201902,3,0,0,0,0,0,0,,1,201904,26.0,0,,,1,6654.11,1,683.27,-8,,1,7337.39,1,169.53,1,16.65,1,186.17,1,172.56,1,188.33,1,38.56,1,38.96,1
202404,JOB524281345337,ID5019994846,EMP2622937042,-9,202203,202212,1,202212,4,0,0,0,0,0,1,PAN - Projet d'activité national,1,202204,6.0,0,,,1,3975.35,1,186.1,-8,,1,4161.44,1,169.6,1,7.92,1,177.52,1,167.95,1,176.9,1,23.67,1,23.52,1
202502,JOB431023030297,ID9249526011,EMP3497914557,-9,202001,,0,999909,-9,0,1,0,0,0,0,,0,,,0,,,1,3257.78,1,287.37,-8,,1,3545.15,1,170.32,-8,,1,170.32,1,171.47,1,167.46,1,19.0,1,21.17,1
202408,JOB308201813621,ID9249526011,EMP0079948087,-9,201703,202008,0,999909,-9,0,1,0,0,0,0,,1,201704,4.0,0,,,1,3407.7,-8,,-8,,1,3407.7,1,166.98,-8,,1,166.98,1,170.29,1,163.94,1,20.01,1,20.79,1
202405,JOB772971688620,ID5100647855,EMP7506446966,-9,201507,201510,4,201510,0,0,0,0,0,0,0,,-9,,,0,,,1,3444.44,-8,,-8,,1,3444.44,1,92.22,-8,,1,92.22,1,90.93,1,92.25,1,37.88,1,37.34,1
202403,JOB400829155738,ID4919525715,EMP5551737288,-9,201611,,0,999909,-9,0,1,0,0,0,0,,1,201701,8.0,0,,,1,3538.65,-8,,-8,,1,3538.65,1,167.49,-8,,1,167.49,1,169.92,1,170.6,1,20.83,1,20.74,1
202604,JOB081331762004,ID4919525715,EMP7203979884,-9,202210,,0,999909,-9,1,0,0,0,0,0,,1,202212,8.0,0,,,1,4572.3,-8,,-8,,1,4572.3,1,165.29,-8,,1,165.29,1,162.06,1,162.4,1,28.21,1,28.15,1
202403,JOB530795352660,ID0646139165,EMP9735069931,-9,201905,,0,999909,-9,0,0,0,0,0,0,,1,201906,6.0,0,,,1,5835.54,-8,,-8,,1,5835.54,1,167.98,-8,,1,167.98,1,171.03,1,168.49,1,34.12,1,34.63,1
202607,JOB168178658737,ID2826984728,-9,-9,202305,202308,-9,202308,3,2,-8,-9,0,0,0,,-9,,,-9,,,-9,,-9,,-9,,-9,,-9,,-9,,-9,,-9,,-9,,-9,,-9,,1
202412,JOB850215450308,ID5508626140,EMP9233197105,-9,202307,,0,999909,-9,1,0,0,0,0,0,,0,,,0,,,1,6664.05,-8,,-8,,1,6664.05,1,162.66,1,9.96,1,172.62,1,161.13,1,174.92,1,41.36,1,38.1,1
202502,JOB919372564813,ID1474265608,EMP6976025460,-9,202208,,0,999909,-9,0,1,0,0,0,0,,1,202302,26.0,0,,,1,3083.95,-8,,-8,,1,3083.95,1,168.21,-8,,1,168.21,1,170.63,1,167.51,1,18.07,1,18.41,1
202607,JOB846057635749,ID1840772671,EMP0162688865,-9,202405,,0,999909,-9,0,0,0,0,0,0,,1,202406,4.0,0,,,1,3169.24,-8,,-8,,1,3169.24,1,166.13,1,19.01,1,185.14,1,164.8,1,184.51,1,19.23,1,17.18,1
202408,JOB110766330161,ID0486298998,EMP1994461456,TMP2228129980,202407,,0,999909,-9,0,0,0,0,0,0,,1,202410,12.0,0,,,1,6232.11,-8,,-8,,1,6232.11,1,168.41,-8,,1,168.41,1,170.43,1,168.43,1,36.57,1,37.0,1
202403,JOB363813984949,ID3757160312,EMP9491382488,-9,202406,,0,999909,-9,0,1,0,0,0,0,,0,,,1,981.21,48.47,1,3270.7,-8,,1,382.51,1,3653.21,1,161.57,1,12.596971078969196,1,174.1669710789692,1,158.61,1,171.20697107896922,1,20.62,1,21.34,1
202605,JOB147276302985,ID3757160312,EMP8379965479,-9,201909,,0,999909,-9,0,0,0,0,0,0,,0,,,0,,,1,7190.8,-8,,-8,,1,7190.8,1,170.36,-8,,1,170.36,1,170.82,1,171.35,1,42.1,1,41.97,1
202412,JOB294204085397,ID5711527237,EMP6135878254,-9,202207,202311,0,999909,-9,0,1,0,0,0,0,,1,202208,4.0,0,,,1,4071.42,-8,,-8,,1,4071.42,1,161.68,-8,,1,161.68,1,164.23,1,163.06,1,24.79,1,24.97,1
202608,JOB231107452157,ID1488381095,EMP6530767998,-9,202006,,0,999909,-9,1,0,0,0,0,0,,1,202009,12.0,0,,,1,5299.86,-8,,-8,,1,5299.86,1,171.09,-8,,1,171.09,1,174.32,1,171.86,1,30.4,1,30.84,1
202506,JOB192880260053,ID7976750241,EMP2657459169,-9,202402,202406,0,999909,-9,1,1,0,0,0,0,,1,202404,8.0,0,,,1,4901.92,-8,,-8,,1,4901.92,1,172.61,-8,,1,172.61,1,170.02,1,173.93,1,28.83,1,28.18,0
202404,JOB769963394952,ID3450845733,EMP0792601572,-9,201805,,0,999909,-9,0,0,0,0,0,1,CIE - Contrat d'initiation à l'emploi,1,201806,4.0,0,,,1,5018.37,1,374.31,-8,,1,5392.68,1,164.8,-8,,1,164.8,1,165.92,1,164.19,1,30.25,1,32.84,1
202412,JOB101225241360,ID4795251017,EMP1456927640,TMP3336424959,201805,,0,999909,-9,1,0,0,0,0,0,,1,201806,4.0,0,,,1,3862.49,-8,,-8,,1,3862.49,1,171.32,-8,,1,171.32,1,171.13,1,168.39,1,22.57,1,22.94,1
202408,JOB383580604935,ID4795251017,-9,-9,202003,202008,-9,202008,2,2,-8,-9,0,0,0,,-9,,,-9,,,-9,,-9,,-9,,-9,,-9,,-9,,-9,,-9,,-9,,-9,,-9,,1
202512,JOB448434571685,ID4345075590,EMP0949399409,-9,202404,202408,1,202408,3,0,1,0,0,0,0,,1,202407,12.0,0,,,1,3686.88,-8,,-8,,1,3686.88,1,169.39,-8,,1,169.39,1,169.05,1,170.5,1,21.81,1,21.62,1
202508,JOB696171733676,ID4548946503,EMP7474225433,-9,202004,202304,3,202304,5,0,1,0,0,0,0,,-9,,,0,,,1,3560.63,-8,,1,201.69,1,3762.32,1,157.2,1,5.9362547386851245,1,163.13625473868512,1,159.83,1,165.76625473868515,1,22.28,1,22.7,1
202502,JOB945795107915,ID7990916056,EMP8093585381,-9,202208,,0,999909,-9,1,0,0,0,0,0,,1,202209,4.0,0,,,1,5689.57,-8,,-8,,1,5689.57,1,161.91,-8,,1,161.91,1,161.69,1,160.86,1,35.19,1,35.37,1
202511,JOB852896374641,ID7990916056,EMP6916254543,-9,202202,202609,0,999909,-9,0,1,0,0,0,0,,1,202204,8.0,0,,,1,2610.98,-8,,-8,,1,2610.98,1,162.8,-8,,1,162.8,1,162.47,1,161.92,1,16.07,1,16.13,1
202508,JOB116656870403,ID9223973518,EMP0680421820,-9,202210,,0,999909,-9,0,0,0,0,1,0,,1,202304,26.0,0,,,1,3686.07,1,103.75,-8,,1,3789.82,1,167.1,-8,,1,167.1,1,168.22,1,167.45,1,21.91,1,22.63,1
202602,JOB335763230943,ID3244499908,EMP1866621444,-9,201905,,0,999909,-9,1,1,0,0,0,0,,1,201911,26.0,0,,,1,5369.47,-8,,-8,,1,5369.47,1,172.21,-8,,1,172.21,1,171.4,1,175.54,1,31.33,1,30.59,1
202410,JOB851195588602,ID3244499908,EMP3022975961,-9,202308,,0,999909,-9,1,0,0,0,0,0,,1,202309,4.0,1,1317.11,48.04,1,4390.35,-8,,-8,,1,4390.35,1,160.14,1,16.34,1,176.49,1,162.25,1,175.49,1,27.06,1,25.02,1
202612,JOB131801020547,ID7423862499,EMP5425306300,-9,202007,,0,999909,-9,1,0,0,0,0,0,,1,202008,4.0,0,,,1,5734.21,-8,,-8,,1,5734.21,1,171.84,-8,,1,171.84,1,169.64,1,174.33,1,33.8,1,32.89,1
202412,JOB339097242817,ID9038115194,EMP9667700444,-9,201609,,0,999909,-9,1,1,0,0,0,0,,0,,,0,,,1,4164.55,-8,,-8,,1,4164.55,1,164.47,-8,,1,164.47,1,163.55,1,161.18,1,25.46,1,25.84,1
202602,JOB241764596065,ID5345945914,EMP0484308386,-9,202506,202602,0,999909,-9,0,1,0,0,0,0,,1,202507,4.0,0,,,1,2994.74,-8,,1,364.17,1,3358.9,1,162.04,1,13.136284730693445,1,175.17628473069342,1,162.33,1,175.46628473069345,1,18.45,1,19.14,1
202612,JOB790234767090,ID4526529160,EMP0191798412,-9,202506,,0,999909,-9,0,0,0,0,0,0,,0,,,0,,,1,3835.41,-8,,-8,,1,3835.41,1,162.76,-8,,1,162.76,1,164.53,1,159.83,1,23.31,1,24.0,1
202504,JOB868834042665,ID7189861042,EMP7733370691,-9,201903,,0,999909,-9,1,1,0,0,0,0,,1,201905,8.0,0,,,1,6213.32,-8,,-8,,1,6213.32,1,171.66,-8,,1,171.66,1,174.83,1,175.02,1,35.54,1,35.5,1
202503,JOB788873260789,ID3549363549,EMP9963445503,-9,201909,,0,999909,-9,1,0,0,0,0,0,,0,,,0,,,1,4041.98,1,232.6,-8,,1,4274.59,1,166.67,-8,,1,166.67,1,165.21,1,169.85,1,24.47,1,25.17,1
202411,JOB247513440883,ID1956972709,EMP0703723998,-9,201802,,0,999909,-9,0,0,0,0,0,0,,1,201808,26.0,0,,,1,7441.2,-8,,-8,,1,7441.2,1,163.51,-8,,1,163.51,1,162.92,1,166.72,1,45.67,1,44.63,1
202601,JOB276018662002,ID8823602299,EMP9793489466,-9,202004,,0,999909,-9,0,0,0,0,0,0,,1,202005,6.0,1,1797.68,49.96,1,5992.28,1,426.54,-8,,1,6418.82,1,166.54,-8,,1,166.54,1,164.59,1,166.58,1,36.41,1,38.53,0
202405,JOB571367433867,ID0287754047,EMP5912063499,-9,202109,,0,999909,-9,0,0,0,0,0,0,,1,202203,26.0,0,,,1,7144.22,-8,,-8,,1,7144.22,1,168.7,-8,,1,168.7,1,165.94,1,167.57,1,43.05,1,42.63,1
202605,JOB422111728603,ID1978370519,EMP6759041471,-9,201805,,0,999909,-9,0,1,0,0,0,0,,1,201806,4.0,0,,,1,4194.46,-8,,-8,,1,4194.46,1,160.89,1,8.25,1,169.15,1,158.62,1,171.3,1,26.44,1,24.49,1
202608,JOB915797480726,ID8202381755,EMP1177966404,-9,201907,202311,0,999909,-9,0,1,0,0,0,0,,1,201908,4.0,0,,,1,4085.84,-8,,1,508.78,1,4594.62,1,167.48,1,13.903365018342855,1,181.38336501834286,1,169.03,1,182.93336501834287,1,24.17,1,25.12,1
202608,JOB851882700036,ID6792614880,EMP1212598196,-9,201602,201606,1,201606,3,0,0,0,0,1,0,,1,201603,4.0,0,,,1,5901.73,-8,,-8,,1,5901.73,1,166.73,-8,,1,166.73,1,168.42,1,167.69,1,35.04,1,35.19,1
202410,JOB493231201074,ID1195771369,EMP7748784213,-9,201711,,0,999909,-9,0,1,0,0,0,0,,1,201805,26.0,0,,,1,4556.5,1,214.25,-8,,1,4770.74,1,162.89,-8,,1,162.89,1,163.31,1,165.45,1,27.9,1,28.83,1
202402,JOB772590890201,ID3123363587,EMP7080893376,-9,201902,202001,0,999909,-9,0,0,0,0,0,0,,0,,,0,,,1,3937.78,1,167.12,-8,,1,4104.9,1,169.28,-8,,1,169.28,1,168.85,1,169.37,1,23.32,1,24.24,1
202412,JOB252867048826,ID8003544373,EMP6139663356,-9,202505,,0,999909,-9,0,1,0,0,0,0,,1,202506,6.0,0,,,1,4037.14,1,999.69,-8,,1,5036.83,1,161.21,-8,,1,161.21,1,163.55,1,160.27,1,24.68,1,31.43,1
202402,JOB906358035550,ID5541393573,EMP6886119120,-9,201905,,0,999909,-9,0,1,0,0,0,0,,1,201906,4.0,0,,,1,4048.24,-8,,-8,,1,4048.24,1,162.54,-8,,1,162.54,1,164.29,1,162.39,1,24.64,1,24.93,1
202610,JOB597194927775,ID5144949426,EMP9515913205,-9,202508,202509,1,202509,1,0,0,0,0,1,0,,1,202511,12.0,1,2143.36,50.92,1,7144.55,-8,,-8,,1,7144.55,1,169.73,-8,,1,169.73,1,167.02,1,166.74,1,42.78,1,42.85,1
202505,JOB162023134024,ID8098467980,EMP9400913092,-9,201701,201702,1,201702,2,0,1,0,0,0,0,,0,,,0,,,1,4151.34,-8,,-8,,1,4151.34,1,167.82,1,17.39,1,185.21,1,167.85,1,182.31,1,24.73,1,22.77,1
202503,JOB379747571461,ID1312000843,EMP8241800282,-9,201503,201803,0,999909,-9,0,1,0,0,0,0,,1,201506,12.0,0,,,1,3422.36,-8,,1,326.89,1,3749.25,1,171.42,1,10.915684592547557,1,182.33568459254755,1,174.14,1,185.05568459254755,1,19.65,1,20.26,1
202508,JOB794958081944,ID6943579536,EMP7576501808,-9,201510,201602,1,201602,3,0,1,0,0,0,0,,1,201604,26.0,0,,,1,4527.86,-8,,1,804.8,1,5332.65,1,162.79,1,19.289885220206607,1,182.0798852202066,1,161.28,1,180.5698852202066,1,28.07,1,29.53,1
202505,JOB503275350820,ID9648883013,EMP2140965845,-9,202006,,0,999909,-9,1,0,0,0,0,0,,1,202008,8.0,0,,,1,7327.84,-8,,-8,,1,7327.84,1,170.54,-8,,1,170.54,1,173.79,1,167.5,1,42.16,1,43.75,1
202604,JOB469673082031,ID6873224478,EMP3064342722,-9,202011,,0,999909,-9,1,1,0,0,0,0,,1,202101,8.0,0,,,1,5093.1,-8,,-8,,1,5093.1,1,172.45,-8,,1,172.45,1,171.03,1,175.74,1,29.78,1,28.98,1
202406,JOB332880033274,ID7515463803,EMP2180090804,-9,202110,,0,999909,-9,1,0,0,0,0,0,,1,202204,26.0,0,,,1,5857.45,1,957.83,-8,,1,6815.28,1,170.23,1,11.85,1,182.07,1,170.76,1,182.12,1,34.3,1,37.42,1
202605,JOB669030411226,ID6955317149,EMP3622966738,-9,202503,,0,999909,-9,0,1,0,0,0,0,,1,202504,4.0,0,,,1,4266.38,-8,,-8,,1,4266.38,1,167.02,-8,,1,167.02,1,166.82,1,169.76,1,25.57,1,25.13,1
202609,JOB827345869298,ID1236927895,EMP5311180177,-9,201506,201906,0,999909,-9,0,0,0,0,0,0,,1,201512,26.0,0,,,1,3371.02,1,847.45,-8,,1,4218.47,1,170.0,-8,,1,170.0,1,171.1,1,171.43,1,19.7,1,24.61,1
202612,JOB051762927830,ID4888098029,EMP4488036545,-9,201503,,0,999909,-9,0,1,0,0,0,0,,1,201504,4.0,0,,,1,4455.54,-8,,-8,,1,4455.54,1,168.61,-8,,1,168.61,1,170.45,1,170.0,1,26.14,1,26.21,1
202608,JOB021931174237,ID4472442035,EMP0400930264,-9,202505,,0,999909,-9,0,0,0,0,0,0,,1,202511,26.0,0,,,1,6171.51,1,736.28,1,392.25,1,7300.05,1,170.46,1,7.22276875327203,1,177.68276875327203,1,167.6,1,174.82276875327202,1,36.82,1,41.76,1
202508,JOB348907181916,ID4472442035,EMP8519323037,-9,202511,,0,999909,-9,0,1,0,0,0,0,,1,202512,6.0,0,,,1,3855.17,-8,,-8,,1,3855.17,1,172.85,-8,,1,172.85,1,173.04,1,175.81,1,22.28,1,21.93,1
202402,JOB374956608560,ID8029492830,EMP6700910930,-9,202306,202310,0,999909,-9,0,1,0,0,0,0,,1,202307,4.0,0,,,1,4231.92,-8,,-8,,1,4231.92,1,165.13,1,11.0,1,176.13,1,167.68,1,179.17,1,25.24,1,23.62,1
202410,JOB183390933240,ID3650353011,EMP5077355488,-9,201708,201902,1,201902,5,0,0,0,0,0,0,,1,201709,6.0,0,,,1,7586.65,1,980.37,-8,,1,8567.02,1,160.23,-8,,1,160.23,1,157.29,1,162.17,1,48.23,1,52.83,1
202405,JOB101368904714,ID3641773342,EMP4727903285,-9,201702,201711,1,201711,4,0,0,0,0,0,0,,1,201705,12.0,0,,,1,6121.45,-8,,-8,,1,6121.45,1,171.73,-8,,1,171.73,1,169.31,1,170.84,1,36.16,1,35.83,1
202612,JOB610763373140,ID1542561925,EMP8040884454,-9,201504,,0,999909,-9,1,0,0,0,0,0,,0,,,0,,,1,5639.17,-8,,-8,,1,5639.17,1,161.25,-8,,1,161.25,1,158.17,1,163.66,1,35.65,1,34.46,1
202612,JOB119139118485,ID3249331886,EMP5944402715,-9,202511,,0,999909,-9,0,0,0,0,0,0,,0,,,0,,,1,4884.16,-8,,-8,,1,4884.16,1,169.32,-8,,1,169.32,1,168.73,1,171.32,1,28.95,1,28.51,1
202604,JOB263173274497,ID3249331886,EMP1945629876,-9,201802,,0,999909,-9,0,1,0,0,0,0,,0,,,0,,,1,2567.73,-8,,-8,,1,2567.73,1,163.41,-8,,1,163.41,1,165.1,1,165.3,1,15.55,1,15.53,1
202601,JOB051896591327,ID1840669544,EMP8452303906,-9,201910,,0,999909,-9,0,0,0,0,0,0,,1,202004,26.0,0,,,1,6236.02,-8,,-8,,1,6236.02,1,172.88,-8,,1,172.88,1,174.6,1,171.46,1,35.72,1,36.37,1
202605,JOB658153222915,ID4720422653,EMP3254399581,-9,201803,201905,0,999909,-9,0,1,0,0,0,0,,1,201809,26.0,0,,,1,4312.25,1,686.88,-8,,1,4999.13,1,166.63,-8,,1,166.63,1,164.78,1,169.4,1,26.17,1,29.51,1
202606,JOB192011831661,ID6041142515,EMP6907003978,-9,201607,201704,1,201704,4,0,0,0,1,0,0,,1,201610,12.0,0,,,1,7335.43,-8,,1,487.14,1,7822.56,1,161.94,1,7.169528438451561,1,169.10952843845155,1,164.36,1,171.52952843845156,1,44.63,1,45.6,1
202409,JOB624377630478,ID0068874951,-9,-9,201609,201702,-9,201702,2,2,-8,-9,0,0,0,,-9,,,-9,,,-9,,-9,,-9,,-9,,-9,,-9,,-9,,-9,,-9,,-9,,-9,,1
202610,JOB664622866557,ID5031861823,EMP5772791902,-9,201506,,0,999909,-9,0,0,0,0,0,0,,1,201512,26.0,0,,,1,6173.18,-8,,-8,,1,6173.18,1,162.7,-8,,1,162.7,1,164.43,1,165.2,1,37.54,1,37.37,0
202503,JOB839631514055,ID7763657316,EMP4992875933,TMP6629945328,202407,202412,0,999909,-9,0,0,0,0,0,0,,1,202501,26.0,0,,,1,3299.76,1,404.02,-8,,1,3703.77,1,170.08,-8,,1,170.08,1,172.56,1,170.18,1,19.12,1,21.76,1
202505,JOB445925822373,ID7763657316,EMP2784511813,-9,202211,202308,1,202308,4,0,1,0,0,0,0,,1,202302,12.0,0,,,1,4684.32,-8,,-8,,1,4684.32,1,168.67,1,18.92,1,187.59,1,168.5,1,187.13,1,27.8,1,25.03,1
202503,JOB621215114748,ID3252997946,EMP2684769855,-9,201511,,0,999909,-9,1,1,0,0,0,0,,1,201601,8.0,0,,,1,6782.61,-8,,-8,,1,6782.61,1,171.46,-8,,1,171.46,1,169.55,1,168.21,1,40.0,1,40.32,1
202612,JOB565868045336,ID4709175112,EMP1229217235,-9,201802,201803,4,201803,0,0,0,0,0,0,0,,-9,,,0,,,1,4080.5,1,409.2,-8,,1,4489.69,1,112.43,-8,,1,112.43,1,114.35,1,112.92,1,35.68,1,39.76,1
202603,JOB630454615506,ID3797814277,EMP7990067321,-9,201504,201508,1,201508,3,0,0,0,0,0,0,,1,201506,8.0,0,,,1,6255.64,-8,,-8,,1,6255.64,1,171.97,-8,,1,171.97,1,170.73,1,170.71,1,36.64,1,36.64,1
202507,JOB580618716974,ID9620863902,EMP7279520773,-9,202309,,0,999909,-9,1,0,0,0,0,0,,1,202310,6.0,0,,,1,4624.28,-8,,-8,,1,4624.28,1,169.01,-8,,1,169.01,1,170.78,1,167.62,1,27.08,1,27.59,1
202612,JOB906849791485,ID9620863902,EMP4137458820,-9,202002,202003,1,202003,1,0,0,0,0,0,0,,1,202004,8.0,0,,,1,5761.92,-8,,-8,,1,5761.92,1,165.44,-8,,1,165.44,1,167.23,1,162.74,1,34.46,1,35.41,1
202505,JOB687194923494,ID2564817324,EMP8260991425,-9,202402,202406,1,202406,3,0,1,0,0,0,0,,1,202403,6.0,0,,,1,4309.87,-8,,-8,,1,4309.87,1,164.66,-8,,1,164.66,1,162.55,1,163.11,1,26.51,1,26.42,1
202605,JOB194562133943,ID2977857051,-9,-9,201706,201708,-9,201708,2,2,-8,-9,0,0,0,,-9,,,-9,,,-9,,-9,,-9,,-9,,-9,,-9,,-9,,-9,,-9,,-9,,-9,,1
202601,JOB713865727485,ID5359447225,EMP7675482856,-9,202503,202508,2,202508,3,0,1,0,0,0,1,CAE - Contrat d'appui-emploi,-9,,,1,1099.18,49.64,1,3663.95,1,506.67,-8,,1,4170.62,1,165.48,1,9.68,1,175.16,1,165.04,1,175.89,1,22.2,1,23.71,1
202508,JOB425449745082,ID4371992948,EMP4956072312,-9,202404,,0,999909,-9,0,1,0,0,0,0,,1,202405,6.0,0,,,1,4089.1,1,750.96,-8,,1,4840.06,1,168.19,-8,,1,168.19,1,169.35,1,165.78,1,24.15,1,29.2,1
202403,JOB716356968669,ID9233209370,EMP5270405239,TMP0085300468,202504,,0,999909,-9,0,0,0,0,0,0,,1,202505,6.0,0,,,1,4214.41,-8,,1,688.82,1,4903.23,1,163.97,1,17.866545993033625,1,181.8365459930336,1,164.94,1,182.80654599303364,1,25.55,1,26.82,1
202507,JOB696242482201,ID7762917974,EMP7598475108,-9,201601,,0,999909,-9,0,0,0,0,0,0,,1,201602,6.0,0,,,1,6123.28,1,744.6,-8,,1,6867.88,1,160.97,-8,,1,160.97,1,163.41,1,158.74,1,37.47,1,43.26,1
202603,JOB787424839970,ID6252881621,EMP4385940639,-9,202401,,0,999909,-9,0,0,0,0,0,0,,0,,,0,,,1,7942.13,-8,,-8,,1,7942.13,1,170.12,-8,,1,170.12,1,170.96,1,172.12,1,46.46,1,46.14,1
202604,JOB782374113579,ID0085604544,EMP6736373999,TMP0258221527,202406,,0,999909,-9,0,1,0,0,0,0,,1,202407,6.0,0,,,1,4521.36,-8,,1,333.64,1,4855.0,1,170.87,1,8.405940109026334,1,179.27594010902635,1,168.77,1,177.17594010902636,1,26.79,1,27.4,1
202602,JOB147404261034,ID0815586614,-9,-9,201811,201905,-9,201905,2,2,-8,-9,0,0,0,,-9,,,-9,,,-9,,-9,,-9,,-9,,-9,,-9,,-9,,-9,,-9,,-9,,-9,,1
202505,JOB625177699897,ID2899116426,EMP0836960426,TMP0273117879,202311,,0,999909,-9,0,1,0,0,0,0,,0,,,0,,,1,3576.41,-8,,-8,,1,3576.41,1,166.15,-8,,1,166.15,1,168.55,1,165.78,1,21.22,1,21.57,1
202503,JOB140364891785,ID0910602825,EMP5953770431,-9,201603,,0,999909,-9,0,1,0,0,0,0,,1,201609,26.0,0,,,1,2735.43,-8,,-8,,1,2735.43,1,171.96,1,13.52,1,185.48,1,174.68,1,182.03,1,15.66,1,15.03,1
202409,JOB702997369267,ID7349094095,EMP4893781122,-9,201806,,0,999909,-9,0,0,0,0,0,0,,1,201812,26.0,1,1515.79,51.81,1,5052.65,-8,,1,681.38,1,5734.03,1,172.71,1,15.527312693386884,1,188.23731269338688,1,172.89,1,188.41731269338686,1,29.22,1,30.43,1
202601,JOB787657417815,ID3646251212,EMP1885757662,-9,202010,202103,2,202103,3,0,1,0,0,0,0,,-9,,,0,,,1,4249.14,-8,,-8,,1,4249.14,1,166.43,1,15.15,1,181.59,1,163.49,1,181.98,1,25.99,1,23.35,1
202402,JOB017458190329,ID4387681082,EMP7408596726,-9,201606,,0,999909,-9,0,1,0,0,0,0,,1,201612,26.0,0,,,1,4045.63,-8,,-8,,1,4045.63,1,170.7,-8,,1,170.7,1,167.82,1,168.1,1,24.11,1,24.07,0
202606,JOB842393222074,ID1218914588,EMP1306701321,-9,201907,,0,999909,-9,0,1,0,0,0,0,,0,,,0,,,1,2671.47,1,724.66,-8,,1,3396.13,1,171.84,-8,,1,171.84,1,169.96,1,170.04,1,15.72,1,19.97,1
202608,JOB270948102591,ID9446287813,EMP9491516888,-9,201603,,0,999909,-9,0,1,0,0,0,0,,1,201604,6.0,0,,,1,4050.67,-8,,-8,,1,4050.67,1,172.76,1,10.79,1,183.55,1,172.69,1,184.4,1,23.46,1,21.97,1
202606,JOB707806767014,ID4022163721,EMP7039706930,-9,202504,,0,999909,-9,1,0,0,0,0,0,,0,,,0,,,1,7698.77,-8,,-8,,1,7698.77,1,172.36,-8,,1,172.36,1,174.72,1,175.27,1,44.06,1,43.93,0
202611,JOB077485419232,ID1383342709,EMP8181510387,-9,202309,,0,999909,-9,1,1,0,0,0,0,,1,202311,8.0,0,,,1,7163.84,-8,,-8,,1,7163.84,1,161.11,1,18.97,1,180.07,1,157.93,1,178.82,1,45.36,1,40.06,1
202410,JOB972571099747,ID7864945019,EMP8955716370,TMP8424909327,202207,202211,1,202211,3,0,0,0,0,0,0,,0,,,0,,,1,5550.79,-8,,-8,,1,5550.79,1,165.34,1,18.34,1,183.68,1,163.62,1,184.48,1,33.92,1,30.09,1
202504,JOB958432532503,ID8797078254,EMP3858601499,-9,201509,201609,0,999909,-9,0,1,0,0,0,0,,1,201603,26.0,0,,,1,3867.56,-8,,-8,,1,3867.56,1,168.78,1,15.24,1,184.02,1,167.22,1,182.02,1,23.13,1,21.25,1
202511,JOB250910095967,ID9437165524,-9,-9,201502,201505,-9,201505,4,2,-8,-9,0,0,0,,-9,,,-9,,,-9,,-9,,-9,,-9,,-9,,-9,,-9,,-9,,-9,,-9,,-9,,1
202409,JOB813693991478,ID4060736095,-9,-9,201610,201703,-9,201703,2,2,-8,-9,0,0,0,,-9,,,-9,,,-9,,-9,,-9,,-9,,-9,,-9,,-9,,-9,,-9,,-9,,-9,,1
202402,JOB389120030398,ID8020162291,EMP9653286539,-9,202505,,0,999909,-9,0,1,0,0,0,0,,1,202507,8.0,0,,,1,4491.02,1,322.88,-8,,1,4813.9,1,167.35,-8,,1,167.35,1,167.9,1,167.96,1,26.75,1,28.66,1
202607,JOB088886992027,ID8557151871,EMP5053360732,-9,202409,,0,999909,-9,1,1,0,0,0,0,,1,202411,8.0,0,,,1,6444.99,-8,,-8,,1,6444.99,1,171.38,-8,,1,171.38,1,170.83,1,174.68,1,37.73,1,36.9,1
202401,JOB916694107588,ID4567802211,EMP4337383220,-9,202205,,0,999909,-9,0,0,0,0,0,0,,0,,,0,,,1,3942.76,-8,,1,645.26,1,4588.03,1,168.17,1,18.34826322096498,1,186.51826322096497,1,169.54,1,187.88826322096497,1,23.26,1,24.42,1
202606,JOB855220620477,ID3986766518,EMP2661786408,-9,202202,,0,999909,-9,0,0,0,0,0,0,,1,202203,4.0,0,,,1,4506.57,1,590.04,-8,,1,5096.6,1,169.54,-8,,1,169.54,1,170.55,1,169.99,1,26.42,1,29.98,1
202510,JOB666457358453,ID2235255138,EMP0191363316,-9,202501,,0,999909,-9,0,1,0,0,0,0,,1,202502,4.0,0,,,1,3340.35,1,917.61,-8,,1,4257.96,1,162.55,-8,,1,162.55,1,161.79,1,162.67,1,20.65,1,26.18,1
202510,JOB348517118743,ID3582811872,EMP6442086516,-9,202211,,0,999909,-9,1,1,0,0,0,0,,1,202212,4.0,0,,,1,6237.15,-8,,-8,,1,6237.15,1,160.68,-8,,1,160.68,1,157.7,1,162.97,1,39.55,1,38.27,1
202406,JOB177165587604,ID4410790354,EMP8626421142,-9,201902,,0,999909,-9,1,1,0,0,0,0,,0,,,0,,,1,3784.34,-8,,-8,,1,3784.34,1,170.49,1,17.27,1,187.75,1,170.24,1,185.88,1,22.23,1,20.36,1
202611,JOB588110371924,ID8002714665,EMP4263801706,-9,202108,,0,999909,-9,1,0,0,0,0,0,,1,202111,12.0,0,,,1,6550.19,-8,,-8,,1,6550.19,1,164.89,-8,,1,164.89,1,167.04,1,168.15,1,39.21,1,38.95,1
202406,JOB005313449441,ID8002714665,EMP6228816596,-9,202208,202209,1,202209,1,0,1,0,0,0,0,,1,202209,6.0,0,,,1,4587.91,1,865.42,-8,,1,5453.34,1,164.29,1,10.75,1,175.03,1,162.93,1,176.59,1,28.16,1,30.88,1
202603,JOB838206176053,ID5248160418,-9,-9,202106,202109,-9,202109,3,2,-8,-9,0,0,0,,-9,,,-9,,,-9,,-9,,-9,,-9,,-9,,-9,,-9,,-9,,-9,,-9,,-9,,1
202411,JOB856867914863,ID2465146738,EMP5623004235,-9,202503,,0,999909,-9,0,0,0,0,0,0,,1,202504,6.0,0,,,1,6239.19,-8,,1,507.26,1,6746.45,1,164.85,1,8.935097811508408,1,173.7850978115084,1,161.61,1,170.5450978115084,1,38.61,1,39.56,1
202605,JOB634827764049,ID0549722277,EMP6959571463,-9,201801,,0,999909,-9,0,0,0,0,0,0,,1,201803,8.0,0,,,1,8152.41,-8,,-8,,1,8152.41,1,172.16,-8,,1,172.16,1,172.3,1,171.57,1,47.32,1,47.52,1
202407,JOB510491312676,ID8741165608,EMP1297543620,-9,201806,,0,999909,-9,1,0,0,0,0,0,,0,,,0,,,1,7487.78,-8,,-8,,1,7487.78,1,169.82,-8,,1,169.82,1,167.44,1,171.35,1,44.72,1,43.7,1
202407,JOB881366522837,ID2123080196,EMP9692702971,TMP1680138076,202203,,0,999909,-9,1,1,0,0,0,0,,0,,,0,,,1,7048.61,1,225.03,-8,,1,7273.63,1,165.27,1,15.89,1,181.16,1,167.67,1,178.6,1,42.04,1,40.73,0
202506,JOB438285941227,ID0167100709,EMP0957873465,-9,201902,202006,0,999909,-9,0,1,0,0,0,0,,1,201903,6.0,0,,,1,4154.08,1,389.36,1,335.83,1,4879.26,1,171.05,1,9.218779899614097,1,180.26877989961412,1,171.08,1,180.29877989961412,1,24.28,1,27.06,1
202401,JOB217218396098,ID0167100709,EMP7836833485,-9,201811,,0,999909,-9,0,0,0,0,0,0,,0,,,0,,,1,6736.67,-8,,-8,,1,6736.67,1,164.8,-8,,1,164.8,1,163.08,1,164.23,1,41.31,1,41.02,1
202610,JOB125629860586,ID3062002573,EMP0328170942,-9,202405,202610,0,999909,-9,0,0,0,0,0,0,,1,202406,4.0,1,1446.99,48.35,1,4823.3,-8,,-8,,1,4823.3,1,161.16,-8,,1,161.16,1,161.75,1,163.5,1,29.82,1,29.5,1
202401,JOB486578346552,ID3749755064,EMP8710434500,-9,201606,,0,999909,-9,0,1,0,0,0,0,,1,201612,26.0,0,,,1,3191.24,-8,,-8,,1,3191.24,1,168.28,1,18.06,1,186.34,1,168.76,1,183.72,1,18.91,1,17.37,1
202406,JOB815966546389,ID0655553906,EMP6783238409,-9,202003,,0,999909,-9,0,0,0,0,0,0,,1,202004,6.0,0,,,1,4768.21,-8,,-8,,1,4768.21,1,165.91,-8,,1,165.91,1,167.66,1,166.54,1,28.44,1,28.63,1
202502,JOB334740961202,ID7274867156,EMP4657267120,-9,202008,,0,999909,-9,0,0,0,0,0,0,,1,202009,6.0,0,,,1,4488.25,-8,,-8,,1,4488.25,1,166.53,1,13.88,1,180.41,1,167.48,1,180.15,1,26.8,1,24.91,1
202601,JOB727184523102,ID7449371317,-9,-9,202405,202406,-9,202406,3,2,-8,-9,0,0,0,,-9,,,-9,,,-9,,-9,,-9,,-9,,-9,,-9,,-9,,-9,,-9,,-9,,-9,,1
202512,JOB487553495913,ID7449371317,EMP6695319005,-9,202303,,0,999909,-9,1,0,0,0,0,0,,0,,,0,,,1,5066.68,-8,,-8,,1,5066.68,1,172.08,-8,,1,172.08,1,168.75,1,171.18,1,30.02,1,29.6,1
202610,JOB488296782009,ID1650746807,-9,-9,202311,202312,-9,202312,4,2,-8,-9,0,0,0,,-9,,,-9,,,-9,,-9,,-9,,-9,,-9,,-9,,-9,,-9,,-9,,-9,,-9,,1
202609,JOB377785545976,ID9094753924,EMP9398642521,-9,201705,201707,2,201707,4,0,1,0,0,0,0,,-9,,,0,,,1,3028.18,1,173.59,-8,,1,3201.77,1,162.58,-8,,1,162.58,1,160.6,1,163.24,1,18.86,1,19.61,1
202405,JOB017889766512,ID0305062766,EMP4093422137,-9,201608,,0,999909,-9,0,0,0,0,0,0,,1,201609,6.0,0,,,1,5670.94,1,257.14,-8,,1,5928.08,1,162.35,-8,,1,162.35,1,164.39,1,163.36,1,34.5,1,36.29,1
202502,JOB897568811096,ID4411664804,EMP2273363473,-9,202511,,0,999909,-9,0,0,0,0,0,0,,1,202601,8.0,0,,,1,5441.68,-8,,-8,,1,5441.68,1,163.26,-8,,1,163.26,1,162.64,1,160.57,1,33.46,1,33.89,1
202612,JOB769233067271,ID3246341575,-9,-9,201910,202001,-9,202001,3,2,-8,-9,0,0,0,,-9,,,-9,,,-9,,-9,,-9,,-9,,-9,,-9,,-9,,-9,,-9,,-9,,-9,,1
202606,JOB838182795475,ID3928542865,EMP6176939880,-9,201601,,0,999909,-9,0,0,0,0,0,0,,1,201603,8.0,0,,,1,5224.74,-8,,1,339.87,1,5564.61,1,167.34,1,7.257012908731049,1,174.59701290873105,1,167.56,1,174.81701290873104,1,31.18,1,31.83,1
202505,JOB374959603997,ID3928542865,EMP4769209634,-9,202508,,0,999909,-9,1,0,0,0,0,0,,1,202511,12.0,0,,,1,7230.69,1,844.42,-8,,1,8075.11,1,170.53,-8,,1,170.53,1,169.53,1,169.84,1,42.65,1,47.55,1
202611,JOB137722630393,ID1286567385,-9,-9,201705,201706,-9,201706,3,2,-8,-9,0,0,0,,-9,,,-9,,,-9,,-9,,-9,,-9,,-9,,-9,,-9,,-9,,-9,,-9,,-9,,0
202508,JOB908535714009,ID5524862359,EMP6474341713,-9,201706,,0,999909,-9,1,0,0,0,0,0,,1,201709,12.0,0,,,1,6941.44,-8,,-8,,1,6941.44,1,171.03,-8,,1,171.03,1,173.59,1,173.14,1,39.99,1,40.09,1
202603,JOB908237235996,ID7061378427,EMP7753436394,-9,202110,,0,999909,-9,0,1,0,0,0,1,CIE - Contrat d'initiation à l'emploi,1,202111,4.0,0,,,1,3154.4,1,944.41,-8,,1,4098.81,1,160.06,1,6.95,1,167.0,1,156.87,1,169.11,1,20.11,1,24.24,1
202508,JOB212946163217,ID1662716099,EMP4050502858,-9,201907,201908,1,201908,1,0,0,0,0,0,0,,0,,,0,,,1,3939.29,-8,,-8,,1,3939.29,1,168.01,-8,,1,168.01,1,166.0,1,166.71,1,23.73,1,23.63,1
202408,JOB559212512674,ID7321387493,EMP8217843837,-9,202202,,0,999909,-9,0,0,0,0,0,0,,1,202204,8.0,0,,,1,4064.94,1,991.17,1,190.98,1,5247.09,1,165.03,1,5.1689095113024734,1,170.19890951130247,1,162.4,1,167.56890951130248,1,25.03,1,31.31,1
202602,JOB470026552309,ID8516258311,-9,-9,202506,202510,-9,202510,2,2,-8,-9,0,0,0,,-9,,,-9,,,-9,,-9,,-9,,-9,,-9,,-9,,-9,,-9,,-9,,-9,,-9,,1
202408,JOB806638902509,ID7911705759,-9,-9,202506,202510,-9,202510,3,2,-8,-9,1,0,0,,-9,,,-9,,,-9,,-9,,-9,,-9,,-9,,-9,,-9,,-9,,-9,,-9,,-9,,1
202601,JOB075806654253,ID0279615115,EMP1930584085,-9,202009,,0,999909,-9,0,1,0,0,0,0,,1,202010,4.0,0,,,1,4549.7,1,843.71,1,385.47,1,5778.88,1,170.34,1,9.621385301485187,1,179.9613853014852,1,172.78,1,182.4013853014852,1,26.33,1,31.68,1
202506,JOB288983727573,ID0750358551,EMP2523429781,-9,202102,,0,999909,-9,0,0,0,0,0,0,,1,202103,6.0,0,,,1,6396.63,1,469.1,-8,,1,6865.74,1,161.27,-8,,1,161.27,1,162.56,1,161.74,1,39.35,1,42.45,1
202602,JOB301952508366,ID4358818449,EMP2573364582,-9,202008,,0,999909,-9,0,1,0,0,0,0,,1,202011,12.0,0,,,1,3149.18,1,220.15,-8,,1,3369.33,1,171.53,-8,,1,171.53,1,168.18,1,172.1,1,18.73,1,19.58,1
202502,JOB904792812520,ID1394688859,EMP0910845435,-9,202310,,0,999909,-9,1,0,0,0,0,0,,1,202311,4.0,1,1261.88,50.86,1,4206.26,-8,,-8,,1,4206.26,1,169.53,-8,,1,169.53,1,169.09,1,169.97,1,24.88,1,24.75,1
202608,JOB017762697322,ID7961986144,EMP9299301239,-9,201710,201712,4,201712,2,0,1,0,0,0,0,,-9,,,0,,,1,1910.46,-8,,-8,,1,1910.46,1,80.17,-8,,1,80.17,1,81.03,1,79.35,1,23.58,1,24.08,1
202401,JOB790891116223,ID0080299997,EMP8151113038,-9,201509,201510,1,201510,2,0,0,0,0,0,0,,0,,,0,,,1,6266.82,1,465.77,-8,,1,6732.59,1,161.9,-8,,1,161.9,1,164.91,1,164.73,1,38.0,1,40.87,1
202404,JOB372275537340,ID4137545370,-9,-9,202101,202103,-9,202103,4,2,-8,-9,0,1,0,,-9,,,-9,,,-9,,-9,,-9,,-9,,-9,,-9,,-9,,-9,,-9,,-9,,-9,,1
202508,JOB059671922053,ID0001418053,EMP3015289908,-9,201904,,0,999909,-9,1,0,0,0,0,0,,1,201905,4.0,0,,,1,4364.89,-8,,-8,,1,4364.89,1,163.78,-8,,1,163.78,1,161.59,1,161.78,1,27.01,1,26.98,1
202604,JOB579997610904,ID8658748574,EMP8978830347,-9,201702,,0,999909,-9,0,0,1,0,0,0,,1,201703,6.0,1,1172.55,49.07,1,3908.51,1,465.65,-8,,1,4374.16,1,163.55,-8,,1,163.55,1,163.2,1,166.22,1,23.95,1,26.32,1
202608,JOB847223293338,ID0781252876,-9,TMP6708140641,201704,201708,-9,201708,3,2,-8,-9,0,0,0,,-9,,,-9,,,-9,,-9,,-9,,-9,,-9,,-9,,-9,,-9,,-9,,-9,,-9,,1
202412,JOB107209605668,ID1652578408,-9,-9,201807,201812,-9,201812,4,2,-8,-9,0,0,0,,-9,,,-9,,,-9,,-9,,-9,,-9,,-9,,-9,,-9,,-9,,-9,,-9,,-9,,1
202412,JOB434883035509,ID8537919046,EMP5748559320,TMP2841165659,201802,,0,999909,-9,1,1,0,0,0,0,,1,201803,6.0,0,,,1,7011.77,-8,,-8,,1,7011.77,1,162.01,1,7.9,1,169.91,1,159.07,1,169.58,1,44.08,1,41.35,1
202508,JOB021605179817,ID8054098113,EMP4135653114,-9,201504,,0,999909,-9,0,1,0,0,0,0,,0,,,0,,,1,3794.88,1,372.07,-8,,1,4166.96,1,164.72,-8,,1,164.72,1,163.08,1,167.28,1,23.27,1,24.91,1
202408,JOB883500658347,ID9555714130,-9,-9,202204,202208,-9,202208,2,2,-8,-9,0,0,0,,-9,,,-9,,,-9,,-9,,-9,,-9,,-9,,-9,,-9,,-9,,-9,,-9,,-9,,1
202403,JOB448397019322,ID0205341961,EMP7093342060,-9,202401,,0,999909,-9,1,0,0,0,0,0,,0,,,1,1912.75,51.2,1,6375.82,-8,,-8,,1,6375.82,1,170.68,-8,,1,170.68,1,170.94,1,172.69,1,37.3,1,36.92,1
202504,JOB931708451251,ID0631637542,-9,-9,202101,202105,-9,202105,4,2,-8,-9,0,0,0,,-9,,,-9,,,-9,,-9,,-9,,-9,,-9,,-9,,-9,,-9,,-9,,-9,,-9,,1
202605,JOB996140484153,ID1521812545,EMP0033769294,-9,202110,202202,1,202202,3,0,1,0,0,0,0,,0,,,1,875.62,51.12,1,2918.73,1,303.5,-8,,1,3222.23,1,170.39,-8,,1,170.39,1,170.95,1,173.46,1,17.07,1,18.58,1
202409,JOB814108886872,ID9951407888,EMP3904427972,-9,201808,,0,999909,-9,0,1,0,0,0,0,,1,201809,6.0,0,,,1,3667.06,1,780.0,-8,,1,4447.07,1,170.87,-8,,1,170.87,1,172.97,1,174.27,1,21.2,1,25.52,1
202504,JOB141150271148,ID4488728896,EMP4516144001,-9,201604,,0,999909,-9,0,0,0,0,0,0,,0,,,0,,,1,5933.61,-8,,-8,,1,5933.61,1,161.43,-8,,1,161.43,1,163.27,1,162.23,1,36.34,1,36.58,1
202407,JOB952590693652,ID7383765522,EMP6777532092,-9,201902,201906,1,201906,3,0,0,0,0,0,0,,0,,,0,,,1,6956.87,-8,,-8,,1,6956.87,1,169.94,1,5.81,1,175.75,1,169.95,1,177.34,1,40.93,1,39.23,1
202509,JOB206609855801,ID2242026947,EMP2892139582,-9,201706,,0,999909,-9,0,1,0,0,1,1,CIE - Contrat d'initiation à l'emploi,1,201709,12.0,0,,,1,3493.31,-8,,-8,,1,3493.31,1,169.46,-8,,1,169.46,1,171.17,1,172.57,1,20.41,1,20.24,1
202604,JOB888756531182,ID7400473295,EMP9387338068,-9,201610,201702,1,201702,3,0,1,0,0,0,0,,1,201612,8.0,0,,,1,3974.49,-8,,-8,,1,3974.49,1,161.86,-8,,1,161.86,1,160.09,1,161.05,1,24.83,1,24.68,1
202409,JOB967894904940,ID0086297596,EMP6849128905,-9,202301,,0,999909,-9,1,0,0,0,0,0,,1,202304,12.0,0,,,1,4089.42,-8,,-8,,1,4089.42,1,170.36,-8,,1,170.36,1,168.92,1,170.33,1,24.21,1,24.01,1
202409,JOB001365578375,ID0555885065,EMP3107151252,-9,201511,,0,999909,-9,0,0,0,0,0,0,,1,201512,4.0,0,,,1,3798.63,-8,,-8,,1,3798.63,1,165.54,-8,,1,165.54,1,167.42,1,168.44,1,22.69,1,22.55,1
202609,JOB541206532884,ID0555885065,EMP6989934208,-9,201908,,0,999909,-9,0,0,0,0,0,0,,0,,,0,,,1,3420.54,-8,,-8,,1,3420.54,1,168.58,-8,,1,168.58,1,167.99,1,166.51,1,20.36,1,20.54,0
202511,JOB120387252865,ID7157719146,EMP3541886161,-9,202311,202401,2,202401,3,0,0,0,0,0,0,,-9,,,0,,,1,8014.13,-8,,-8,,1,8014.13,1,160.47,-8,,1,160.47,1,157.67,1,162.4,1,50.83,1,49.35,1
202511,JOB638149112551,ID8196840273,EMP7994874935,-9,202303,202402,0,999909,-9,0,0,0,0,0,0,,1,202305,8.0,0,,,1,4037.63,-8,,-8,,1,4037.63,1,167.75,1,6.96,1,174.71,1,170.8,1,175.17,1,23.64,1,23.05,1
202404,JOB872665569480,ID0714149325,EMP4249299520,-9,202301,,0,999909,-9,0,0,0,0,0,0,,0,,,0,,,1,3642.15,-8,,-8,,1,3642.15,1,172.52,-8,,1,172.52,1,175.71,1,175.25,1,20.73,1,20.78,1
202401,JOB412508560383,ID2560425106,EMP8475943100,-9,201503,201709,0,999909,-9,0,1,0,0,0,1,PAN - Projet d'activité national,1,201506,12.0,0,,,1,3216.25,1,769.84,-8,,1,3986.09,1,165.67,-8,,1,165.67,1,166.96,1,165.37,1,19.26,1,24.1,1
202510,JOB591309629234,ID8350519150,EMP9749135729,-9,201501,,0,999909,-9,0,0,0,0,0,0,,1,201503,8.0,0,,,1,5474.85,-8,,-8,,1,5474.85,1,170.29,-8,,1,170.29,1,170.0,1,172.18,1,32.21,1,31.8,1
202409,JOB819486065124,ID2809789796,EMP4755998520,-9,202501,,0,999909,-9,0,0,0,0,0,0,,1,202503,8.0,0,,,1,6902.16,-8,,-8,,1,6902.16,1,164.65,-8,,1,164.65,1,165.4,1,166.03,1,41.73,1,41.57,1
202512,JOB083183868124,ID1135907018,EMP9983262272,-9,201606,,0,999909,-9,1,0,0,0,1,0,,1,201609,12.0,0,,,1,6362.06,-8,,-8,,1,6362.06,1,170.31,-8,,1,170.31,1,169.81,1,167.17,1,37.47,1,38.06,1
202406,JOB683094777515,ID2881583465,EMP0848552236,-9,201901,201905,1,201905,3,0,0,0,0,0,0,,1,201902,6.0,0,,,1,7394.8,-8,,-8,,1,7394.8,1,170.27,-8,,1,170.27,1,168.37,1,172.41,1,43.92,1,42.89,1
202509,JOB223377106287,ID2881583465,EMP9550673207,-9,202407,202504,1,202504,4,0,1,0,0,0,0,,1,202409,8.0,0,,,1,3277.51,1,901.09,-8,,1,4178.6,1,164.22,-8,,1,164.22,1,167.24,1,162.7,1,19.6,1,25.68,1
202406,JOB904360455104,ID8780583469,EMP5999987280,-9,202101,,0,999909,-9,0,0,0,0,1,0,,1,202107,26.0,0,,,1,5329.6,-8,,-8,,1,5329.6,1,172.86,-8,,1,172.86,1,172.69,1,173.24,1,30.86,1,30.76,1
202510,JOB157967128161,ID1374395500,EMP0460197813,-9,201611,201708,1,201708,4,0,1,0,0,0,0,,1,201705,26.0,0,,,1,3491.5,-8,,-8,,1,3491.5,1,164.89,-8,,1,164.89,1,164.25,1,165.83,1,21.26,1,21.05,1
202603,JOB517514760771,ID2201484241,EMP8139067288,-9,201901,201905,2,201905,3,0,1,0,0,0,0,,-9,,,0,,,1,2899.55,-8,,-8,,1,2899.55,1,164.89,-8,,1,164.89,1,167.15,1,164.71,1,17.35,1,17.6,1
202612,JOB668204052982,ID6794893403,-9,-9,202507,202512,-9,202512,2,2,-8,-9,0,0,0,,-9,,,-9,,,-9,,-9,,-9,,-9,,-9,,-9,,-9,,-9,,-9,,-9,,-9,,1
202501,JOB677981701916,ID6794893403,EMP4409383076,-9,201807,,0,999909,-9,1,0,0,0,0,0,,1,201810,12.0,0,,,1,6297.32,-8,,-8,,1,6297.32,1,167.77,-8,,1,167.77,1,164.91,1,165.98,1,38.19,1,37.94,1
202405,JOB507674485140,ID0411479459,EMP4501338979,-9,201906,201908,4,201908,2,0,0,0,0,0,1,PAN - Projet d'activité national,-9,,,0,,,1,2373.9,-8,,-8,,1,2373.9,1,83.37,-8,,1,83.37,1,84.29,1,81.74,1,28.16,1,29.04,1
202410,JOB360713732603,ID1492835582,EMP1971721283,-9,202210,202302,1,202302,3,0,1,0,0,0,0,,1,202211,4.0,0,,,1,3124.98,1,206.47,-8,,1,3331.45,1,160.98,-8,,1,160.98,1,162.98,1,158.52,1,19.17,1,21.02,1
202602,JOB243857290308,ID1492835582,EMP2538202385,-9,202101,,0,999909,-9,1,0,0,0,0,0,,0,,,0,,,1,6957.97,-8,,-8,,1,6957.97,1,162.59,-8,,1,162.59,1,160.02,1,161.53,1,43.48,1,43.08,1
202505,JOB312567072197,ID7912923585,-9,-9,201907,202001,-9,202001,4,2,-8,-9,0,0,0,,-9,,,-9,,,-9,,-9,,-9,,-9,,-9,,-9,,-9,,-9,,-9,,-9,,-9,,1
202510,JOB968500260663,ID7123060406,EMP7361697748,-9,201908,,0,999909,-9,0,1,0,0,0,0,,1,201909,6.0,0,,,1,4598.27,1,512.35,-8,,1,5110.62,1,164.35,-8,,1,164.35,1,161.91,1,161.23,1,28.4,1,31.7,1
202404,JOB017229744240,ID4634647347,EMP9705802221,-9,202306,,0,999909,-9,0,0,0,0,0,0,,0,,,0,,,1,7861.29,-8,,-8,,1,7861.29,1,160.56,-8,,1,160.56,1,158.64,1,158.19,1,49.55,1,49.7,1
202609,JOB491087211398,ID9246983983,-9,-9,201502,201503,-9,201503,4,2,-8,-9,0,0,0,,-9,,,-9,,,-9,,-9,,-9,,-9,,-9,,-9,,-9,,-9,,-9,,-9,,-9,,1
202401,JOB699088903240,ID6161193427,-9,-9,201504,201506,-9,201506,3,2,-8,-9,0,0,0,,-9,,,-9,,,-9,,-9,,-9,,-9,,-9,,-9,,-9,,-9,,-9,,-9,,-9,,0
202405,JOB213289494363,ID3808511673,EMP8594241838,-9,201901,,0,999909,-9,0,1,0,0,0,0,,1,201903,8.0,0,,,1,4090.32,-8,,-8,,1,4090.32,1,160.59,-8,,1,160.59,1,162.03,1,160.02,1,25.24,1,25.56,1
202609,JOB613432588032,ID7199409106,EMP3250652201,-9,202509,,0,999909,-9,0,0,0,0,0,0,,0,,,0,,,1,5606.37,-8,,-8,,1,5606.37,1,164.71,-8,,1,164.71,1,166.98,1,164.19,1,33.58,1,34.15,1
202505,JOB808920433824,ID7262321953,EMP7698974139,-9,202202,202206,1,202206,3,0,0,0,0,0,0,,1,202204,8.0,0,,,1,4861.87,1,865.51,-8,,1,5727.39,1,162.84,1,13.78,1,176.62,1,161.54,1,175.0,1,30.1,1,32.73,1
202411,JOB360573611819,ID9349818453,EMP1047635884,-9,202211,202303,2,202303,4,0,0,0,0,0,0,,-9,,,0,,,1,5030.71,-8,,-8,,1,5030.71,1,161.74,-8,,1,161.74,1,161.69,1,163.0,1,31.11,1,30.86,1
202604,JOB849010055823,ID7580026596,EMP8516385261,-9,201511,201603,1,201603,3,0,1,0,0,0,0,,1,201605,26.0,0,,,1,3271.59,-8,,-8,,1,3271.59,1,165.1,1,10.18,1,175.29,1,162.02,1,172.37,1,20.19,1,18.98,1
202504,JOB567168504149,ID7580026596,EMP2876104641,-9,202411,,0,999909,-9,1,0,0,0,0,0,,0,,,0,,,1,6916.7,1,568.93,-8,,1,7485.64,1,163.72,-8,,1,163.72,1,162.21,1,164.87,1,42.64,1,45.4,1
202601,JOB111968387613,ID5230654341,EMP4373966635,-9,202410,202411,0,999909,-9,0,1,0,0,0,0,,1,202412,8.0,0,,,1,3559.96,-8,,-8,,1,3559.96,1,161.34,-8,,1,161.34,1,160.1,1,163.1,1,22.24,1,21.83,1
202506,JOB732382722395,ID5230654341,EMP8952182637,TMP0017201686,201810,,0,999909,-9,1,0,0,0,0,0,,1,201812,8.0,0,,,1,7129.64,-8,,-8,,1,7129.64,1,170.08,-8,,1,170.08,1,168.01,1,170.83,1,42.44,1,41.74,1
202610,JOB083248986826,ID9722765852,EMP3494967618,-9,201502,,0,999909,-9,0,1,0,0,0,0,,1,201503,6.0,0,,,1,4001.3,1,249.88,-8,,1,4251.18,1,166.01,-8,,1,166.01,1,165.25,1,163.75,1,24.21,1,25.96,1
202601,JOB894934467015,ID2569746628,EMP6407940966,-9,202511,,0,999909,-9,0,0,0,0,0,0,,0,,,0,,,1,7101.05,-8,,-8,,1,7101.05,1,172.5,1,17.02,1,189.52,1,172.71,1,187.6,1,41.12,1,37.85,1
202606,JOB799227659983,ID9860466750,EMP1618916159,-9,202510,,1,202602,3,0,1,0,0,0,0,,1,202512,8.0,0,,,1,3734.6,-8,,-8,,1,3734.6,1,166.71,-8,,1,166.71,1,164.63,1,167.92,1,22.68,1,22.24,1
202511,JOB838666459811,ID8454778580,EMP8676128730,-9,201901,,0,999909,-9,0,1,0,0,0,0,,1,201903,8.0,0,,,1,3467.52,-8,,-8,,1,3467.52,1,160.53,-8,,1,160.53,1,157.63,1,162.28,1,22.0,1,21.37,1
202506,JOB155515276373,ID2203460137,EMP6923038649,-9,201801,,0,999909,-9,1,0,0,0,0,0,,0,,,1,1234.63,50.34,1,4115.44,-8,,-8,,1,4115.44,1,167.8,-8,,1,167.8,1,170.16,1,164.53,1,24.19,1,25.01,1
202410,JOB906578143200,ID5379050707,EMP3036145828,-9,202309,,0,999909,-9,0,0,0,0,0,0,,0,,,0,,,1,8470.35,1,926.95,1,1471.82,1,10869.13,1,171.93,1,19.91658940269871,1,191.84658940269873,1,175.37,1,195.28658940269872,1,48.3,1,55.66,1
202505,JOB470859139405,ID8465685759,EMP0711186410,-9,202401,202410,1,202410,4,0,1,0,0,0,0,,1,202402,4.0,0,,,1,3116.34,1,890.59,-8,,1,4006.93,1,165.58,-8,,1,165.58,1,164.3,1,163.28,1,18.97,1,24.54,1
202501,JOB245911025861,ID7676636960,EMP5015353429,-9,201602,,0,999909,-9,0,1,0,0,0,0,,1,201604,8.0,0,,,1,2827.0,1,764.66,-8,,1,3591.66,1,166.64,-8,,1,166.64,1,168.63,1,169.0,1,16.76,1,21.25,1
202602,JOB773466931355,ID1260083254,EMP0979711340,-9,202305,,0,999909,-9,0,0,0,0,0,0,,1,202306,4.0,0,,,1,7469.82,-8,,-8,,1,7469.82,1,172.38,-8,,1,172.38,1,173.15,1,175.39,1,43.14,1,42.59,1
202412,JOB571009025820,ID9222183071,EMP1483171760,-9,202104,,0,999909,-9,0,0,0,0,0,0,,1,202110,26.0,0,,,1,7357.18,1,452.26,-8,,1,7809.44,1,164.33,-8,,1,164.33,1,163.49,1,162.03,1,45.0,1,48.2,1
202406,JOB475339817131,ID8051086437,EMP0197558736,-9,202009,,0,999909,-9,1,1,0,0,0,0,,0,,,0,,,1,5173.77,-8,,-8,,1,5173.77,1,163.44,-8,,1,163.44,1,163.64,1,165.53,1,31.62,1,31.26,1
202504,JOB930072179863,ID3516193542,EMP7672083024,-9,202511,,0,999909,-9,0,0,0,0,0,0,,1,202601,8.0,0,,,1,4128.09,-8,,-8,,1,4128.09,1,164.9,-8,,1,164.9,1,167.1,1,167.13,1,24.7,1,24.7,1
202512,JOB192463068996,ID9060435208,-9,-9,202305,202306,-9,202306,4,2,-8,-9,0,0,0,,-9,,,-9,,,-9,,-9,,-9,,-9,,-9,,-9,,-9,,-9,,-9,,-9,,-9,,1
202505,JOB166659841981,ID4979044476,EMP1483874068,-9,202308,,0,999909,-9,1,0,0,0,0,0,,0,,,0,,,1,6443.11,-8,,-8,,1,6443.11,1,171.2,-8,,1,171.2,1,173.26,1,170.43,1,37.19,1,37.81,1
202510,JOB030371745512,ID9730680948,EMP4963557139,-9,201611,,0,999909,-9,1,0,0,0,0,0,,0,,,0,,,1,6519.89,-8,,-8,,1,6519.89,1,172.34,-8,,1,172.34,1,175.25,1,169.27,1,37.2,1,38.52,1
202609,JOB431121322374,ID2628437132,EMP1942783186,-9,201902,,0,999909,-9,1,1,0,0,0,1,CIE - Contrat d'initiation à l'emploi,0,,,0,,,1,5058.02,-8,,-8,,1,5058.02,1,162.99,-8,,1,162.99,1,164.86,1,165.78,1,30.68,1,30.51,0
202605,JOB430866798500,ID8423443303,EMP7745451141,-9,202101,202110,1,202110,4,0,0,0,0,0,0,,0,,,0,,,1,7017.54,-8,,-8,,1,7017.54,1,162.36,1,9.4,1,171.75,1,164.51,1,174.98,1,42.66,1,40.1,1
202505,JOB281701994731,ID8407591699,EMP8783096505,-9,201711,201712,1,201712,1,0,0,0,0,0,0,,1,201805,26.0,0,,,1,4202.75,-8,,-8,,1,4202.75,1,172.36,-8,,1,172.36,1,171.17,1,173.2,1,24.55,1,24.27,1
202508,JOB812615121239,ID9232372732,-9,-9,202110,202112,-9,202112,4,2,-8,-9,0,0,0,,-9,,,-9,,,-9,,-9,,-9,,-9,,-9,,-9,,-9,,-9,,-9,,-9,,-9,,1
202403,JOB230515057161,ID0797477475,-9,-9,201701,201704,-9,201704,4,2,-8,-9,0,0,1,CAE - Contrat d'appui-emploi,-9,,,-9,,,-9,,-9,,-9,,-9,,-9,,-9,,-9,,-9,,-9,,-9,,-9,,1
202601,JOB100567613622,ID4580297114,EMP7066728315,-9,201603,201707,0,999909,-9,0,1,0,0,0,0,,1,201604,6.0,0,,,1,4299.24,-8,,-8,,1,4299.24,1,169.1,-8,,1,169.1,1,172.31,1,168.24,1,24.95,1,25.55,1
202512,JOB690082281959,ID7821353215,EMP4127545937,-9,202011,,0,999909,-9,1,1,0,0,0,0,,1,202012,4.0,0,,,1,4666.19,-8,,-8,,1,4666.19,1,167.51,-8,,1,167.51,1,168.76,1,169.49,1,27.65,1,27.53,1
202604,JOB895644476563,ID9690815233,EMP2641597006,-9,202210,,0,999909,-9,1,0,0,0,0,0,,1,202304,26.0,0,,,1,6225.1,-8,,-8,,1,6225.1,1,162.57,1,14.68,1,177.25,1,162.0,1,178.56,1,38.43,1,34.86,1
202506,JOB562042103981,ID0070222358,EMP6549980778,-9,202404,,0,999909,-9,0,1,0,0,0,0,,1,202407,12.0,0,,,1,4426.58,-8,,-8,,1,4426.58,1,161.82,-8,,1,161.82,1,159.82,1,161.71,1,27.7,1,27.37,1
202612,JOB314719112817,ID0070222358,EMP6266972333,-9,201701,,0,999909,-9,0,1,0,0,0,0,,0,,,0,,,1,3910.25,1,338.65,1,241.65,1,4490.56,1,163.56,1,6.738704525131033,1,170.29870452513103,1,164.13,1,170.86870452513102,1,23.82,1,26.28,1
202406,JOB261863336668,ID9532527408,EMP5561157786,-9,201811,202107,0,999909,-9,1,1,0,0,0,0,,1,201902,12.0,0,,,1,4543.59,-8,,-8,,1,4543.59,1,172.72,-8,,1,172.72,1,174.13,1,173.64,1,26.09,1,26.17,1
202501,JOB994787322354,ID1703673108,EMP6134212810,-9,202109,,0,999909,-9,0,1,0,0,0,0,,0,,,0,,,1,4304.84,1,652.17,-8,,1,4957.0,1,171.78,-8,,1,171.78,1,171.26,1,171.35,1,25.14,1,28.93,1
202612,JOB649589013776,ID7561204768,EMP9640499328,-9,202101,,0,999909,-9,0,1,0,0,0,0,,1,202102,6.0,0,,,1,3722.46,1,960.31,-8,,1,4682.76,1,161.79,-8,,1,161.79,1,163.96,1,158.94,1,22.7,1,29.46,1
202603,JOB430608529239,ID4825649971,-9,TMP8342441011,201610,201701,-9,201701,4,2,-8,-9,0,0,0,,-9,,,-9,,,-9,,-9,,-9,,-9,,-9,,-9,,-9,,-9,,-9,,-9,,-9,,1
202407,JOB071067903985,ID4483320204,EMP3779832137,-9,202502,202608,0,999909,-9,0,0,0,0,0,0,,0,,,0,,,1,4780.14,1,927.26,-8,,1,5707.39,1,168.74,-8,,1,168.74,1,171.68,1,170.41,1,27.84,1,33.49,1
202505,JOB722117409830,ID3932453663,EMP7583318445,-9,201506,,0,999909,-9,1,0,0,0,0,0,,0,,,0,,,1,5614.12,-8,,-8,,1,5614.12,1,167.34,1,18.63,1,185.97,1,165.0,1,188.09,1,34.02,1,29.85,1
202603,JOB394596436460,ID5756702270,EMP7893542581,-9,202502,,0,999909,-9,0,0,0,0,0,0,,0,,,0,,,1,3177.99,-8,,-8,,1,3177.99,1,161.58,-8,,1,161.58,1,163.9,1,161.58,1,19.39,1,19.67,1
202403,JOB015110610081,ID8089083105,EMP9766049191,-9,202505,,0,999909,-9,0,0,0,0,0,0,,1,202506,6.0,0,,,1,3959.44,1,738.16,1,577.08,1,5274.69,1,163.92,1,15.927318752379128,1,179.84731875237912,1,162.76,1,178.68731875237913,1,24.33,1,29.52,1
202402,JOB215920175647,ID8818029785,EMP6425507165,-9,202009,202308,0,999909,-9,1,0,0,0,1,0,,1,202010,4.0,0,,,1,6212.96,-8,,-8,,1,6212.96,1,164.69,1,15.04,1,179.73,1,165.99,1,178.04,1,37.43,1,34.9,0
202502,JOB321198630856,ID6901453591,-9,-9,201704,201710,-9,201710,2,2,-8,-9,0,0,0,,-9,,,-9,,,-9,,-9,,-9,,-9,,-9,,-9,,-9,,-9,,-9,,-9,,-9,,1
202505,JOB092527424533,ID4508177285,EMP6280115467,-9,201808,,0,999909,-9,1,1,0,0,0,0,,1,201902,26.0,0,,,1,6532.23,-8,,-8,,1,6532.23,1,169.42,-8,,1,169.42,1,168.12,1,167.17,1,38.85,1,39.08,1
202503,JOB209288240307,ID6073974807,EMP3388731677,-9,201506,201510,1,201510,3,0,1,0,0,0,0,,0,,,1,1092.99,50.67,1,3643.31,-8,,-8,,1,3643.31,1,168.91,-8,,1,168.91,1,168.8,1,171.53,1,21.58,1,21.24,1
202410,JOB492127532339,ID8778634018,EMP8543760114,-9,201601,,0,999909,-9,0,0,1,0,0,0,,1,201607,26.0,0,,,1,4913.03,1,193.41,-8,,1,5106.44,1,171.24,-8,,1,171.24,1,173.62,1,170.37,1,28.3,1,29.97,1
202405,JOB474434302614,ID9330615311,EMP2185144419,-9,202004,202203,0,999909,-9,0,0,0,0,0,0,,1,202006,8.0,0,,,1,4026.59,1,922.84,-8,,1,4949.42,1,168.71,1,14.8,1,183.5,1,167.06,1,187.16,1,24.1,1,26.44,1
202501,JOB030307459780,ID0383414504,-9,-9,201710,201712,-9,201712,4,2,-8,-9,0,0,0,,-9,,,-9,,,-9,,-9,,-9,,-9,,-9,,-9,,-9,,-9,,-9,,-9,,-9,,1
202603,JOB062615811232,ID7108784147,EMP2364454977,-9,201704,202010,0,999909,-9,0,0,0,0,0,0,,0,,,0,,,1,4233.35,-8,,1,501.42,1,4734.78,1,162.16,1,12.804813366168387,1,174.96481336616839,1,164.73,1,177.53481336616838,1,25.7,1,26.67,1
202610,JOB672989422002,ID6410886430,EMP2559194627,-9,202109,,0,999909,-9,0,1,0,0,0,0,,1,202110,6.0,1,1265.93,49.83,1,4219.76,-8,,-8,,1,4219.76,1,166.09,-8,,1,166.09,1,168.33,1,166.58,1,25.07,1,25.33,1
202608,JOB668585926587,ID2977521752,EMP2181721602,-9,201501,,0,999909,-9,0,0,0,1,0,0,,1,201502,4.0,0,,,1,6134.94,-8,,-8,,1,6134.94,1,161.78,-8,,1,161.78,1,163.15,1,159.77,1,37.6,1,38.4,1
202404,JOB830842417419,ID8756247945,-9,-9,201610,201704,-9,201704,4,2,-8,-9,0,0,0,,-9,,,-9,,,-9,,-9,,-9,,-9,,-9,,-9,,-9,,-9,,-9,,-9,,-9,,1
202606,JOB204960924401,ID5600877709,EMP1282828542,TMP4596751600,202304,202307,2,202307,3,0,1,0,0,0,0,,-9,,,0,,,1,2893.1,1,792.54,-8,,1,3685.64,1,166.0,-8,,1,166.0,1,168.82,1,164.51,1,17.14,1,22.4,0
202405,JOB594926776269,ID5952710500,EMP6826997668,TMP4007440006,202006,,0,999909,-9,1,1,0,0,0,0,,1,202008,8.0,0,,,1,6057.54,-8,,-8,,1,6057.54,1,164.55,-8,,1,164.55,1,162.77,1,164.57,1,37.22,1,36.81,1
202406,JOB319044940550,ID8654790956,EMP0103439314,-9,202302,,0,999909,-9,1,1,0,0,0,0,,1,202308,26.0,0,,,1,5064.99,-8,,-8,,1,5064.99,1,163.83,1,18.7,1,182.53,1,162.51,1,182.23,1,31.17,1,27.79,1
202403,JOB311410063828,ID5513342385,EMP1819363586,-9,202109,,0,999909,-9,0,1,0,0,0,0,,0,,,0,,,1,2656.83,-8,,-8,,1,2656.83,1,166.1,1,19.46,1,185.56,1,165.55,1,188.34,1,16.05,1,14.11,1
202511,JOB090861669334,ID1697605353,EMP9884368875,TMP8900544720,202211,202303,1,202303,3,0,1,0,0,0,0,,0,,,0,,,1,3386.89,-8,,-8,,1,3386.89,1,167.41,-8,,1,167.41,1,169.18,1,170.08,1,20.02,1,19.91,1
202503,JOB299058284283,ID3749742222,EMP9033466238,-9,201601,,0,999909,-9,1,0,0,0,0,0,,0,,,0,,,1,5233.33,-8,,-8,,1,5233.33,1,160.55,-8,,1,160.55,1,160.78,1,158.24,1,32.55,1,33.07,1
202509,JOB780429235144,ID9720060517,EMP3438270760,-9,201511,,0,999909,-9,0,0,0,0,0,0,,0,,,1,1204.28,51.56,1,4014.26,-8,,1,548.68,1,4562.94,1,171.88,1,15.66188947883003,1,187.54188947883003,1,174.3,1,189.96188947883005,1,23.03,1,24.02,1
202610,JOB254025488348,ID5547818825,EMP6812780755,-9,201801,,0,999909,-9,0,0,0,0,0,0,,1,201807,26.0,0,,,1,8136.31,-8,,-8,,1,8136.31,1,164.21,-8,,1,164.21,1,163.33,1,164.96,1,49.82,1,49.32,1
202509,JOB095898550268,ID5547818825,EMP7076201259,-9,201603,,0,999909,-9,0,1,0,0,0,0,,0,,,0,,,1,2756.43,1,627.5,-8,,1,3383.93,1,161.06,1,19.7,1,180.77,1,160.56,1,182.05,1,17.17,1,18.59,1
202505,JOB199212029539,ID5779453180,EMP5280643885,-9,202405,202508,0,999909,-9,1,0,0,0,0,0,,0,,,0,,,1,6101.93,-8,,-8,,1,6101.93,1,160.53,1,18.73,1,179.26,1,159.99,1,182.55,1,38.14,1,33.43,1
202402,JOB967211928952,ID8863602980,EMP7747484964,-9,201502,,0,999909,-9,0,1,0,0,0,0,,1,201503,6.0,0,,,1,3150.89,1,802.04,-8,,1,3952.93,1,172.68,-8,,1,172.68,1,171.05,1,172.36,1,18.42,1,22.93,1
202408,JOB210239729991,ID3203625237,EMP8806958913,-9,202304,,0,999909,-9,0,1,0,0,0,0,,1,202310,26.0,0,,,1,3933.2,-8,,-8,,1,3933.2,1,165.47,-8,,1,165.47,1,162.39,1,167.94,1,24.22,1,23.42,1
202505,JOB239414791132,ID6267206426,EMP6730087827,-9,201809,,0,999909,-9,1,0,0,0,0,0,,0,,,1,1628.14,51.65,1,5427.12,1,918.64,-8,,1,6345.76,1,172.16,-8,,1,172.16,1,173.03,1,174.41,1,31.37,1,36.38,1
202509,JOB103012799965,ID7213045221,EMP1532547001,-9,201607,202508,0,999909,-9,0,0,0,0,0,1,CAE - Contrat d'appui-emploi,1,201610,12.0,0,,,1,6571.32,1,623.37,-8,,1,7194.68,1,170.17,-8,,1,170.17,1,170.78,1,173.03,1,38.48,1,41.58,1
202508,JOB371778351088,ID2536072067,EMP9583711284,-9,202003,,0,999909,-9,0,1,1,0,0,0,,1,202009,26.0,0,,,1,4535.95,-8,,-8,,1,4535.95,1,171.95,1,14.0,1,185.94,1,171.1,1,184.9,1,26.51,1,24.53,1
202409,JOB576924957425,ID1126556030,EMP7821016834,-9,201810,201907,1,201907,4,0,1,0,0,0,0,,1,201811,4.0,0,,,1,4151.95,1,565.72,-8,,1,4717.67,1,167.55,-8,,1,167.55,1,165.89,1,168.42,1,25.03,1,28.01,0
202402,JOB598278099558,ID9256649632,EMP8614492965,-9,202005,202302,0,999909,-9,1,1,0,0,0,0,,0,,,0,,,1,7209.73,1,146.37,-8,,1,7356.1,1,171.79,-8,,1,171.79,1,172.63,1,169.18,1,41.76,1,43.48,1
202602,JOB755075168539,ID0877724356,EMP6827495055,-9,201708,,0,999909,-9,0,1,0,0,0,0,,1,201709,6.0,0,,,1,4629.14,1,259.53,-8,,1,4888.66,1,165.6,-8,,1,165.6,1,168.66,1,167.92,1,27.45,1,29.11,1
202609,JOB598949700810,ID1186314204,EMP1831992507,-9,202508,202512,1,202512,3,0,1,0,1,0,0,,1,202509,4.0,0,,,1,2939.86,-8,,-8,,1,2939.86,1,172.11,-8,,1,172.11,1,174.39,1,174.87,1,16.86,1,16.81,1
202403,JOB944017459824,ID7374691206,EMP0124389602,-9,202301,202310,1,202310,4,0,0,0,0,0,0,,1,202303,8.0,0,,,1,7983.05,-8,,-8,,1,7983.05,1,163.49,-8,,1,163.49,1,163.82,1,165.86,1,48.73,1,48.13,1
202409,JOB877509829226,ID3088186518,EMP4442770282,-9,202010,202102,2,202102,4,0,0,0,0,0,0,,-9,,,0,,,1,8075.91,-8,,-8,,1,8075.91,1,171.19,1,5.53,1,176.72,1,169.03,1,174.77,1,47.78,1,46.21,1
202502,JOB436313959001,ID0864442545,EMP2350199626,-9,202308,202405,1,202405,4,0,0,0,0,0,1,CAE - Contrat d'appui-emploi,1,202311,12.0,0,,,1,6770.73,-8,,-8,,1,6770.73,1,166.43,-8,,1,166.43,1,167.78,1,167.11,1,40.35,1,40.52,0
202508,JOB202122907085,ID3909512528,EMP6135317239,-9,201905,202603,0,999909,-9,0,0,0,0,0,0,,0,,,0,,,1,6329.63,-8,,1,1167.3,1,7496.93,1,161.9,1,19.904829184323084,1,181.8048291843231,1,164.95,1,184.85482918432308,1,38.37,1,40.56,1
202512,JOB927377410763,ID4603083947,EMP1008541768,-9,202305,,0,999909,-9,0,0,0,0,0,0,,0,,,1,2094.99,51.48,1,6983.29,-8,,-8,,1,6983.29,1,171.59,-8,,1,171.59,1,175.01,1,173.78,1,39.9,1,40.18,1
202601,JOB149399875372,ID1730063893,-9,-9,201906,201909,-9,201909,2,2,-8,-9,0,0,1,CAE - Contrat d'appui-emploi,-9,,,-9,,,-9,,-9,,-9,,-9,,-9,,-9,,-9,,-9,,-9,,-9,,-9,,1
202507,JOB206694567397,ID4443877305,EMP1161203648,-9,201908,201912,2,201912,3,0,0,0,0,0,0,,-9,,,0,,,1,7785.91,-8,,1,1219.5,1,9005.41,1,166.3,1,17.36491579282012,1,183.66491579282012,1,167.66,1,185.0249157928201,1,46.44,1,48.67,1
202608,JOB220145406745,ID4426021071,EMP2706915712,-9,202202,202206,1,202206,3,0,1,0,0,0,0,,1,202203,6.0,1,1164.77,50.82,1,3882.58,-8,,-8,,1,3882.58,1,169.41,-8,,1,169.41,1,172.76,1,167.39,1,22.47,1,23.19,1
202507,JOB969315972079,ID9743411325,-9,-9,201903,201909,-9,201909,3,2,-8,-9,0,0,0,,-9,,,-9,,,-9,,-9,,-9,,-9,,-9,,-9,,-9,,-9,,-9,,-9,,-9,,1
202505,JOB068115733211,ID7505647577,EMP6958312868,-9,202008,,0,999909,-9,0,0,0,0,0,0,,1,202009,6.0,0,,,1,4286.81,1,372.44,-8,,1,4659.25,1,166.21,1,13.93,1,180.14,1,163.84,1,182.22,1,26.16,1,25.57,1
202509,JOB891571996213,ID1135827136,EMP7708526649,-9,202111,202208,0,999909,-9,0,0,0,0,0,0,,1,202202,12.0,0,,,1,6805.82,-8,,-8,,1,6805.82,1,161.55,-8,,1,161.55,1,160.32,1,160.62,1,42.45,1,42.37,1
202504,JOB139571620197,ID9132415049,EMP0019205685,-9,201804,,0,999909,-9,0,0,0,0,0,0,,1,201805,6.0,0,,,1,6384.39,-8,,-8,,1,6384.39,1,163.75,-8,,1,163.75,1,164.48,1,160.49,1,38.82,1,39.78,1
202412,JOB236458994859,ID9577885821,EMP5066208000,-9,202410,202411,0,999909,-9,0,1,0,0,0,0,,0,,,0,,,1,2822.02,-8,,-8,,1,2822.02,1,172.12,-8,,1,172.12,1,171.45,1,172.75,1,16.46,1,16.34,1
202602,JOB609711715258,ID3025777743,EMP8043475812,-9,202106,202306,3,202306,5,0,0,0,0,0,0,,-9,,,0,,,1,5969.19,-8,,-8,,1,5969.19,1,159.88,-8,,1,159.88,1,162.88,1,157.35,1,36.65,1,37.94,1
202608,JOB857593009559,ID4248307915,EMP2749268427,-9,202107,,0,999909,-9,0,1,0,0,0,1,CAE - Contrat d'appui-emploi,1,202108,4.0,0,,,1,4469.86,-8,,-8,,1,4469.86,1,166.29,1,10.12,1,176.41,1,168.83,1,173.11,1,26.48,1,25.82,1
202511,JOB272353293918,ID9865540740,EMP5341211398,-9,201610,,0,999909,-9,0,0,0,0,0,0,,1,201704,26.0,0,,,1,6624.75,-8,,1,546.23,1,7170.98,1,167.48,1,9.206172388055057,1,176.68617238805504,1,166.91,1,176.11617238805505,1,39.69,1,40.72,1
202611,JOB285090279311,ID6849255034,EMP8979809774,-9,201810,,0,999909,-9,0,0,0,0,0,0,,1,201811,6.0,0,,,1,4337.53,-8,,-8,,1,4337.53,1,163.41,-8,,1,163.41,1,161.31,1,160.61,1,26.89,1,27.01,1
202506,JOB474506989105,ID5766800785,EMP4552885920,-9,202009,,0,999909,-9,0,0,0,0,0,0,,1,202011,8.0,0,,,1,7256.53,1,951.97,-8,,1,8208.5,1,161.31,-8,,1,161.31,1,160.95,1,160.01,1,45.09,1,51.3,1
202412,JOB118619559409,ID2601471844,EMP9598760738,-9,201805,,0,999909,-9,1,1,0,0,0,1,PAN - Projet d'activité national,1,201806,6.0,0,,,1,6812.3,-8,,-8,,1,6812.3,1,171.9,-8,,1,171.9,1,171.24,1,170.77,1,39.78,1,39.89,1
202410,JOB652754327373,ID5548867989,EMP8287102972,-9,201801,,0,999909,-9,0,1,0,0,0,0,,1,201803,8.0,0,,,1,4045.99,1,312.24,-8,,1,4358.23,1,169.36,-8,,1,169.36,1,168.88,1,167.19,1,23.96,1,26.07,1
202512,JOB009814169878,ID0823112323,EMP1845567289,-9,202308,,0,999909,-9,0,0,0,0,0,0,,0,,,0,,,1,6291.8,-8,,-8,,1,6291.8,1,162.34,-8,,1,162.34,1,162.86,1,163.57,1,38.63,1,38.47,1
202607,JOB192694551568,ID0823112323,EMP8001757680,-9,201708,201710,4,201710,1,0,0,0,0,0,0,,-9,,,0,,,1,1548.9,-8,,-8,,1,1548.9,1,69.85,-8,,1,69.85,1,68.54,1,69.09,1,22.6,1,22.42,1
202606,JOB697642909590,ID0701385601,EMP2305731657,-9,201806,,0,999909,-9,0,1,0,0,0,0,,0,,,0,,,1,3523.49,-8,,-8,,1,3523.49,1,160.32,-8,,1,160.32,1,160.07,1,162.7,1,22.01,1,21.66,1
202410,JOB958687705659,ID0795281851,-9,-9,202110,202112,-9,202112,2,2,-8,-9,0,0,0,,-9,,,-9,,,-9,,-9,,-9,,-9,,-9,,-9,,-9,,-9,,-9,,-9,,-9,,1
202505,JOB317544165471,ID8030513391,EMP1540231565,-9,201609,,0,999909,-9,0,0,0,0,0,0,,1,201703,26.0,0,,,1,5284.59,-8,,-8,,1,5284.59,1,169.48,-8,,1,169.48,1,167.17,1,170.13,1,31.61,1,31.06,1
202403,JOB682140036401,ID3037636048,EMP6007421932,-9,201902,202405,0,999909,-9,0,1,0,0,0,0,,1,201905,12.0,0,,,1,4291.24,-8,,-8,,1,4291.24,1,162.11,-8,,1,162.11,1,165.29,1,163.7,1,25.96,1,26.21,1
202502,JOB371007647588,ID4097280441,-9,TMP0122476433,201505,201506,-9,201506,3,2,-8,-9,0,0,0,,-9,,,-9,,,-9,,-9,,-9,,-9,,-9,,-9,,-9,,-9,,-9,,-9,,-9,,1
202506,JOB573137856243,ID8319068087,EMP6304781423,-9,202402,202403,1,202403,2,0,0,0,0,0,0,,1,202403,4.0,0,,,1,6251.04,-8,,-8,,1,6251.04,1,171.77,-8,,1,171.77,1,169.44,1,168.57,1,36.89,1,37.08,1
202607,JOB693555212509,ID5826453427,EMP0885937325,-9,201804,,0,999909,-9,0,0,0,0,0,0,,0,,,0,,,1,6457.6,1,172.32,-8,,1,6629.93,1,163.25,-8,,1,163.25,1,160.52,1,166.24,1,40.23,1,39.88,1
202502,JOB995875314097,ID2684884805,EMP6663096825,-9,202501,,0,999909,-9,0,0,0,0,0,0,,1,202507,26.0,0,,,1,7403.58,-8,,-8,,1,7403.58,1,172.06,1,11.24,1,183.31,1,174.68,1,179.75,1,42.38,1,41.19,1
202401,JOB560832298484,ID0037348521,EMP6614470705,-9,202106,,0,999909,-9,0,1,0,0,0,0,,0,,,0,,,1,3672.09,-8,,-8,,1,3672.09,1,169.03,1,9.19,1,178.22,1,168.1,1,177.0,1,21.84,1,20.75,1
202510,JOB030990107930,ID6710398778,EMP5186277340,-9,201811,,0,999909,-9,0,0,0,0,0,0,,1,201905,26.0,0,,,1,5146.85,-8,,-8,,1,5146.85,1,168.84,-8,,1,168.84,1,167.21,1,171.48,1,30.78,1,30.01,0
202401,JOB259323499201,ID0813664368,EMP9950309380,-9,202303,202603,3,202603,5,0,1,0,0,0,0,,-9,,,0,,,1,3455.72,-8,,-8,,1,3455.72,1,142.67,1,9.42,1,152.09,1,142.53,1,150.84,1,24.25,1,22.91,1
202405,JOB324857844323,ID2951093772,-9,-9,202505,202510,-9,202510,4,2,-8,-9,0,0,0,,-9,,,-9,,,-9,,-9,,-9,,-9,,-9,,-9,,-9,,-9,,-9,,-9,,-9,,1
202601,JOB351491939553,ID1018479616,EMP1896112048,-9,202511,,0,999909,-9,0,0,0,0,0,0,,1,202512,4.0,0,,,1,7501.74,1,468.16,-8,,1,7969.9,1,170.78,-8,,1,170.78,1,167.41,1,168.89,1,44.81,1,47.19,1
202509,JOB958644229518,ID3339179865,EMP7708153760,-9,202407,,0,999909,-9,1,0,0,0,0,0,,1,202409,8.0,1,1898.65,50.78,1,6328.83,1,438.25,-8,,1,6767.08,1,169.28,-8,,1,169.28,1,166.49,1,167.56,1,38.01,1,40.39,1
202410,JOB456397088183,ID3809745323,EMP2169937298,-9,201506,201510,1,201510,3,0,0,0,0,0,0,,0,,,1,2286.86,48.08,1,7622.86,1,596.08,-8,,1,8218.94,1,160.26,-8,,1,160.26,1,159.42,1,158.29,1,47.82,1,51.92,1
202509,JOB357055471433,ID2261247077,-9,-9,201511,201603,-9,201603,4,2,-8,-9,0,0,0,,-9,,,-9,,,-9,,-9,,-9,,-9,,-9,,-9,,-9,,-9,,-9,,-9,,-9,,1
202409,JOB064468838662,ID6299083334,-9,-9,202105,202111,-9,202111,3,2,-8,-9,0,0,0,,-9,,,-9,,,-9,,-9,,-9,,-9,,-9,,-9,,-9,,-9,,-9,,-9,,-9,,1
202603,JOB205561137913,ID5414569174,EMP7993172623,-9,202402,202411,1,202411,4,0,1,0,0,0,0,,1,202403,6.0,0,,,1,3042.28,1,883.35,-8,,1,3925.64,1,168.69,-8,,1,168.69,1,167.85,1,168.86,1,18.12,1,23.25,1
202603,JOB533011559674,ID4553870781,EMP4283202474,-9,201809,,0,999909,-9,0,0,0,0,0,0,,1,201811,8.0,0,,,1,4092.93,-8,,-8,,1,4092.93,1,160.63,-8,,1,160.63,1,157.51,1,159.29,1,25.99,1,25.69,1
202503,JOB681899119222,ID5823495493,EMP8842126435,TMP6552761852,202003,,0,999909,-9,0,0,0,0,0,0,,1,202006,12.0,0,,,1,6297.22,-8,,-8,,1,6297.22,1,171.73,-8,,1,171.73,1,173.13,1,171.29,1,36.37,1,36.76,1
202612,JOB959264743522,ID7000146118,-9,-9,202305,202311,-9,202311,2,2,-8,-9,0,0,0,,-9,,,-9,,,-9,,-9,,-9,,-9,,-9,,-9,,-9,,-9,,-9,,-9,,-9,,1
202509,JOB958747822251,ID9339170260,EMP3500787335,-9,201611,,0,999909,-9,0,1,0,0,0,0,,0,,,0,,,1,3554.41,-8,,-8,,1,3554.41,1,172.53,-8,,1,172.53,1,172.42,1,170.45,1,20.61,1,20.85,1
202606,JOB761081548656,ID7126746139,EMP9241983835,-9,201810,,0,999909,-9,0,0,0,0,0,0,,0,,,0,,,1,4357.01,1,514.31,-8,,1,4871.33,1,162.77,-8,,1,162.77,1,160.09,1,165.42,1,27.22,1,29.45,1
202409,JOB006262701245,ID7126746139,EMP8572554788,-9,202402,,0,999909,-9,0,1,0,0,0,0,,1,202408,26.0,0,,,1,4036.87,1,252.25,-8,,1,4289.12,1,163.96,-8,,1,163.96,1,162.1,1,162.32,1,24.9,1,26.42,1
202611,JOB761277052973,ID5986898094,EMP6239403683,-9,201704,201705,2,201705,2,0,0,0,0,1,0,,-9,,,0,,,1,5504.85,-8,,1,359.79,1,5864.64,1,167.5,1,7.298415167413673,1,174.79841516741368,1,166.61,1,173.9084151674137,1,33.04,1,33.72,1
202510,JOB987679888949,ID7375587989,EMP7800754300,-9,201607,,0,999909,-9,0,0,0,0,0,0,,0,,,0,,,1,3041.33,-8,,-8,,1,3041.33,1,165.7,-8,,1,165.7,1,164.26,1,167.37,1,18.52,1,18.17,1
202508,JOB883627243153,ID5463122179,-9,-9,201806,201807,-9,201807,4,2,-8,-9,0,0,0,,-9,,,-9,,,-9,,-9,,-9,,-9,,-9,,-9,,-9,,-9,,-9,,-9,,-9,,1
202612,JOB347465931728,ID5463122179,EMP2887595895,-9,201603,201605,2,201605,4,0,0,0,0,0,0,,-9,,,0,,,1,5229.06,1,316.39,-8,,1,5545.45,1,163.81,-8,,1,163.81,1,166.51,1,164.05,1,31.4,1,33.8,1
202611,JOB392849797874,ID1427522771,EMP4612689155,-9,202001,,0,999909,-9,0,0,0,0,0,0,,1,202004,12.0,0,,,1,4849.39,-8,,-8,,1,4849.39,1,165.39,-8,,1,165.39,1,166.6,1,167.43,1,29.11,1,28.96,1
202502,JOB794220045740,ID1427522771,EMP4420246074,-9,202206,,0,999909,-9,0,1,0,0,0,0,,0,,,0,,,1,4273.34,-8,,-8,,1,4273.34,1,169.58,-8,,1,169.58,1,167.98,1,171.6,1,25.44,1,24.9,1
202508,JOB834104929626,ID4893088094,EMP8911191856,-9,202502,,0,999909,-9,1,1,0,0,0,0,,1,202505,12.0,0,,,1,6489.84,-8,,-8,,1,6489.84,1,168.6,-8,,1,168.6,1,166.72,1,167.66,1,38.93,1,38.71,1
202504,JOB859976289441,ID8811272576,EMP2359067875,-9,201704,,0,999909,-9,0,0,0,0,0,0,,1,201705,6.0,0,,,1,7416.22,-8,,-8,,1,7416.22,1,161.32,-8,,1,161.32,1,159.9,1,161.68,1,46.38,1,45.87,1
202406,JOB329717363165,ID8291319300,EMP4098723182,-9,201601,202508,0,999909,-9,0,1,0,0,0,0,,1,201604,12.0,1,895.9,48.7,1,2986.32,-8,,-8,,1,2986.32,1,162.33,-8,,1,162.33,1,163.05,1,162.8,1,18.32,1,18.34,1
202608,JOB518437491915,ID8697361458,EMP7903915882,-9,201802,201806,1,201806,3,0,0,0,0,0,0,,0,,,1,2381.01,48.84,1,7936.69,-8,,-8,,1,7936.69,1,162.81,1,6.51,1,169.31,1,164.68,1,166.2,1,48.19,1,47.75,1
202611,JOB992368163986,ID9103720323,EMP2493239019,-9,201603,,0,999909,-9,0,1,0,0,0,0,,1,201604,6.0,0,,,1,3569.56,1,908.66,-8,,1,4478.23,1,163.39,-8,,1,163.39,1,164.01,1,160.52,1,21.76,1,27.9,1
202505,JOB236192575014,ID6379159594,EMP0215016757,-9,201610,201707,1,201707,4,0,1,0,0,0,0,,1,201704,26.0,0,,,1,3266.23,-8,,-8,,1,3266.23,1,161.26,-8,,1,161.26,1,164.18,1,158.86,1,19.89,1,20.56,1
202412,JOB377024419486,ID0487832923,EMP0811448789,-9,201608,201612,1,201612,3,0,1,0,0,0,0,,0,,,0,,,1,3429.89,-8,,1,254.62,1,3684.51,1,162.53,1,8.043804439657027,1,170.57380443965704,1,159.93,1,167.97380443965704,1,21.45,1,21.94,1
202507,JOB390757049145,ID0487832923,EMP9486681973,-9,201507,,0,999909,-9,0,0,0,0,0,0,,1,201601,26.0,0,,,1,5623.72,-8,,-8,,1,5623.72,1,161.26,-8,,1,161.26,1,161.42,1,163.37,1,34.84,1,34.42,1
202405,JOB330714618013,ID9799411423,EMP5645462986,-9,201710,,0,999909,-9,0,1,0,0,0,0,,1,201804,26.0,0,,,1,2936.07,-8,,-8,,1,2936.07,1,163.89,-8,,1,163.89,1,161.08,1,160.98,1,18.23,1,18.24,1
202510,JOB147428496858,ID3925761160,EMP3688932521,-9,201811,,0,999909,-9,0,1,0,0,0,0,,1,201812,6.0,0,,,1,2796.42,1,236.39,-8,,1,3032.81,1,165.69,-8,,1,165.69,1,164.75,1,168.83,1,16.97,1,17.96,1
202510,JOB636617853593,ID5561292320,-9,-9,202209,202303,-9,202303,2,2,-8,-9,0,0,0,,-9,,,-9,,,-9,,-9,,-9,,-9,,-9,,-9,,-9,,-9,,-9,,-9,,-9,,1
202510,JOB379626445560,ID6477198582,EMP4447342056,-9,202503,,0,999909,-9,0,0,0,0,0,0,,1,202506,12.0,0,,,1,3894.71,1,810.43,-8,,1,4705.14,1,160.07,-8,,1,160.07,1,162.82,1,158.63,1,23.92,1,29.66,1
202602,JOB067994423113,ID2137247626,EMP2409421505,TMP6670588564,202104,202502,0,999909,-9,0,1,0,0,0,0,,0,,,0,,,1,3489.41,-8,,-8,,1,3489.41,1,164.91,-8,,1,164.91,1,162.38,1,164.93,1,21.49,1,21.16,1
202601,JOB587563886616,ID9309428893,EMP1864408299,-9,201706,201708,2,201708,2,0,0,0,0,0,0,,-9,,,0,,,1,6538.92,-8,,-8,,1,6538.92,1,164.42,-8,,1,164.42,1,165.71,1,166.87,1,39.46,1,39.19,1
202405,JOB769317098844,ID0262658494,EMP5323487335,-9,201901,201907,2,201907,3,0,1,0,0,0,0,,-9,,,0,,,1,4236.46,-8,,-8,,1,4236.46,1,167.33,-8,,1,167.33,1,167.85,1,165.56,1,25.24,1,25.59,1
202612,JOB183774386975,ID7714110254,EMP1838098350,-9,202506,,0,999909,-9,0,1,0,0,0,0,,1,202509,12.0,1,853.48,48.94,1,2844.95,-8,,1,258.97,1,3103.92,1,163.12,1,9.899059235579042,1,173.01905923557905,1,163.75,1,173.64905923557905,1,17.37,1,17.87,1
202606,JOB030337633035,ID7505468680,EMP6639741023,-9,201805,201806,1,201806,2,0,1,0,0,0,0,,0,,,0,,,1,3181.3,-8,,-8,,1,3181.3,1,161.02,-8,,1,161.02,1,160.03,1,164.15,1,19.88,1,19.38,1
202504,JOB530443376197,ID7765535274,EMP5540826785,-9,202410,,0,999909,-9,0,0,0,0,0,0,,1,202501,12.0,0,,,1,5799.2,-8,,1,959.04,1,6758.25,1,164.38,1,18.122906344889152,1,182.50290634488914,1,162.07,1,180.19290634488914,1,35.78,1,37.51,1
202402,JOB682741611175,ID2529070626,EMP3133020706,-9,201906,202206,3,202206,5,0,1,0,0,0,0,,-9,,,0,,,1,3489.53,-8,,-8,,1,3489.53,1,144.92,-8,,1,144.92,1,145.12,1,145.05,1,24.05,1,24.06,1
202511,JOB991582697234,ID1851317752,EMP6500403022,-9,202105,202109,0,999909,-9,1,0,0,0,0,0,,0,,,0,,,1,6424.16,1,100.24,-8,,1,6524.4,1,160.04,-8,,1,160.04,1,158.25,1,158.72,1,40.6,1,41.11,1
202411,JOB468569459806,ID6590161133,EMP1763264883,-9,201706,,0,999909,-9,0,0,0,0,0,0,,0,,,0,,,1,5770.94,1,984.47,-8,,1,6755.41,1,163.5,-8,,1,163.5,1,163.87,1,164.28,1,35.22,1,41.12,0
202603,JOB314245983009,ID5659682724,EMP2767814656,-9,202206,202303,1,202303,4,0,0,0,0,0,0,,1,202208,8.0,0,,,1,3276.92,-8,,-8,,1,3276.92,1,161.84,-8,,1,161.84,1,160.12,1,159.81,1,20.47,1,20.51,1
202412,JOB711169519884,ID4878127625,EMP2407818041,TMP8395877355,202411,202412,0,999909,-9,0,0,0,0,0,0,,1,202505,26.0,0,,,1,6972.11,-8,,-8,,1,6972.11,1,166.63,-8,,1,166.63,1,168.9,1,168.79,1,41.28,1,41.31,1
202503,JOB791540082921,ID3604458047,-9,-9,202006,202007,-9,202007,4,2,-8,-9,0,0,0,,-9,,,-9,,,-9,,-9,,-9,,-9,,-9,,-9,,-9,,-9,,-9,,-9,,-9,,1
202607,JOB840899394091,ID8731549593,EMP1765245160,-9,201607,,0,999909,-9,0,0,0,0,0,0,,1,201609,8.0,0,,,1,3232.66,1,694.6,1,258.54,1,4185.8,1,162.33,1,8.655203623149259,1,170.98520362314926,1,164.0,1,172.65520362314925,1,19.71,1,24.24,1
202510,JOB106649508491,ID0563530600,-9,-9,201910,202001,-9,202001,3,2,-8,-9,0,0,0,,-9,,,-9,,,-9,,-9,,-9,,-9,,-9,,-9,,-9,,-9,,-9,,-9,,-9,,1
202505,JOB676580539818,ID0205497495,EMP5574388273,-9,201802,201803,1,201803,2,0,0,0,0,0,0,,1,201803,6.0,0,,,1,6047.02,1,373.53,-8,,1,6420.55,1,167.18,1,13.35,1,180.53,1,166.52,1,181.13,1,36.31,1,35.45,1
202401,JOB208546467513,ID6434993354,EMP8534396049,-9,202402,,0,999909,-9,1,1,0,0,1,0,,1,202403,4.0,0,,,1,4152.87,-8,,-8,,1,4152.87,1,163.08,-8,,1,163.08,1,161.85,1,161.06,1,25.66,1,25.78,1
202409,JOB967674255491,ID6358354937,EMP6155858272,-9,201608,,0,999909,-9,0,1,0,0,0,0,,1,201609,4.0,0,,,1,3387.61,-8,,-8,,1,3387.61,1,168.34,-8,,1,168.34,1,168.98,1,169.06,1,20.05,1,20.04,1
202501,JOB259465498663,ID7200745064,EMP8446914012,-9,201709,,0,999909,-9,0,0,0,0,0,1,CAE - Contrat d'appui-emploi,0,,,0,,,1,3064.34,-8,,-8,,1,3064.34,1,165.28,-8,,1,165.28,1,164.92,1,162.89,1,18.58,1,18.81,1
202511,JOB860329507836,ID5866432654,EMP8673072587,-9,201811,,0,999909,-9,1,1,0,0,0,0,,1,201901,8.0,0,,,1,5250.26,1,926.19,-8,,1,6176.45,1,172.22,-8,,1,172.22,1,174.36,1,173.99,1,30.11,1,35.5,1
202411,JOB845385353926,ID0003392401,EMP9285206512,-9,201510,,0,999909,-9,0,1,0,1,0,0,,1,201511,4.0,0,,,1,4259.48,1,822.97,-8,,1,5082.45,1,171.69,-8,,1,171.69,1,171.13,1,174.8,1,24.89,1,29.08,1
202604,JOB018854277969,ID6869323812,EMP7164219169,-9,201707,,0,999909,-9,0,0,0,0,0,0,,1,201801,26.0,0,,,1,3333.11,1,746.31,1,315.9,1,4395.32,1,160.37,1,10.132896169498553,1,170.50289616949857,1,161.59,1,171.72289616949857,1,20.63,1,25.6,1
202509,JOB154813507725,ID9349261013,EMP1982490081,-9,201702,201706,1,201706,3,0,0,0,0,0,0,,1,201705,12.0,0,,,1,5450.81,-8,,-8,,1,5450.81,1,162.29,-8,,1,162.29,1,161.55,1,159.39,1,33.74,1,34.2,1
202612,JOB792870081634,ID9349261013,EMP7973057856,-9,202209,,0,999909,-9,1,0,0,0,0,0,,1,202211,8.0,0,,,1,4634.2,1,700.32,-8,,1,5334.52,1,168.22,-8,,1,168.22,1,167.45,1,166.11,1,27.68,1,32.11,1
202506,JOB247826800098,ID5943703615,EMP8006651977,-9,202404,202405,4,202405,1,0,1,0,0,0,0,,-9,,,0,,,1,1923.51,-8,,-8,,1,1923.51,1,112.8,1,5.69,1,118.48,1,111.26,1,117.62,1,17.29,1,16.35,1
202608,JOB953348078511,ID5943703615,EMP9545124478,-9,202411,,0,999909,-9,0,0,0,0,0,0,,1,202505,26.0,0,,,1,7609.71,1,866.45,-8,,1,8476.17,1,164.58,-8,,1,164.58,1,162.21,1,164.55,1,46.91,1,51.51,1
202508,JOB392531860121,ID5379086105,EMP0498608122,-9,202401,,0,999909,-9,0,1,0,0,0,0,,0,,,0,,,1,3690.02,1,780.21,-8,,1,4470.23,1,161.05,-8,,1,161.05,1,161.04,1,159.3,1,22.91,1,28.06,1
202407,JOB200596769291,ID6302353492,EMP5844547913,-9,202105,,0,999909,-9,0,0,0,0,0,0,,1,202107,8.0,0,,,1,4646.48,-8,,-8,,1,4646.48,1,161.56,-8,,1,161.56,1,163.05,1,158.36,1,28.5,1,29.34,1
202410,JOB072067361681,ID1286077593,EMP6840353276,-9,201802,202008,1,202008,6,0,1,0,0,1,0,,1,201808,26.0,0,,,1,4758.06,-8,,-8,,1,4758.06,1,171.71,-8,,1,171.71,1,169.16,1,173.89,1,28.13,1,27.36,1
202501,JOB780085576525,ID1331843390,EMP5446263422,-9,202508,202511,0,999909,-9,0,0,0,0,0,0,,0,,,0,,,1,4342.34,-8,,-8,,1,4342.34,1,172.44,-8,,1,172.44,1,174.46,1,170.4,1,24.89,1,25.48,1
202404,JOB223309788627,ID8588200607,EMP8184331691,-9,201802,,0,999909,-9,1,0,0,0,0,0,,1,201808,26.0,1,1493.6,51.14,1,4978.68,-8,,-8,,1,4978.68,1,170.46,-8,,1,170.46,1,169.12,1,170.91,1,29.44,1,29.13,1
202512,JOB952886141526,ID8588200607,EMP4436051144,-9,202405,,0,999909,-9,1,0,0,0,0,0,,0,,,0,,,1,4824.41,-8,,-8,,1,4824.41,1,166.31,-8,,1,166.31,1,163.37,1,165.03,1,29.53,1,29.23,1
202502,JOB394635305056,ID2174250481,EMP9642514117,-9,201706,,0,999909,-9,1,0,0,0,0,0,,0,,,0,,,1,5402.32,-8,,-8,,1,5402.32,1,161.28,-8,,1,161.28,1,160.88,1,162.74,1,33.58,1,33.2,1
202502,JOB700180652661,ID8728807754,EMP8901667155,-9,202105,202109,1,202109,3,0,1,0,0,0,0,,1,202111,26.0,0,,,1,3523.35,-8,,1,262.28,1,3785.63,1,163.28,1,8.103053674328383,1,171.38305367432838,1,166.24,1,174.3430536743284,1,21.19,1,21.71,1
202504,JOB235619251297,ID4330713815,EMP0672170763,-9,202111,,0,999909,-9,0,0,0,0,0,0,,0,,,0,,,1,7482.92,1,995.02,-8,,1,8477.94,1,162.28,-8,,1,162.28,1,160.37,1,160.2,1,46.66,1,52.92,1
202506,JOB903404491475,ID6530536232,-9,-9,202107,202108,-9,202108,2,2,-8,-9,0,0,0,,-9,,,-9,,,-9,,-9,,-9,,-9,,-9,,-9,,-9,,-9,,-9,,-9,,-9,,1
202512,JOB418112190812,ID1052687069,EMP5346948580,-9,202402,,0,999909,-9,0,1,0,0,0,0,,0,,,0,,,1,2917.41,-8,,1,303.62,1,3221.02,1,165.52,1,11.483878138463616,1,177.00387813846362,1,167.17,1,178.6538781384636,1,17.45,1,18.03,1
202601,JOB417220356442,ID2556895348,EMP4973863151,-9,202404,,0,999909,-9,0,0,0,0,0,0,,0,,,0,,,1,7861.2,-8,,-8,,1,7861.2,1,167.18,-8,,1,167.18,1,169.09,1,166.18,1,46.49,1,47.31,1
202601,JOB554081466332,ID6335081469,EMP1701319278,-9,202309,,0,999909,-9,0,0,0,0,0,0,,1,202310,6.0,0,,,1,7628.34,-8,,-8,,1,7628.34,1,163.18,-8,,1,163.18,1,162.69,1,162.44,1,46.89,1,46.96,1
202403,JOB106272764348,ID7939891876,EMP9363231455,-9,202306,202612,0,999909,-9,0,1,0,0,0,0,,0,,,0,,,1,2988.4,-8,,-8,,1,2988.4,1,169.32,-8,,1,169.32,1,170.42,1,167.65,1,17.54,1,17.83,1
202609,JOB391881392791,ID4938958524,EMP9707463246,-9,202408,,0,999909,-9,0,0,0,0,0,0,,1,202409,4.0,0,,,1,6974.16,-8,,1,949.11,1,7923.26,1,166.53,1,15.108588593450825,1,181.63858859345083,1,166.92,1,182.02858859345082,1,41.78,1,43.53,1
202509,JOB785742755072,ID4068456573,EMP7264548437,-9,201504,,0,999909,-9,1,1,0,0,0,0,,1,201505,6.0,0,,,1,6974.22,-8,,-8,,1,6974.22,1,161.94,-8,,1,161.94,1,164.41,1,164.66,1,42.42,1,42.36,1
202409,JOB968988529104,ID6740770282,EMP7569597829,-9,202510,202511,1,202511,2,0,0,0,0,0,0,,1,202601,12.0,1,1258.22,51.6,1,4194.07,-8,,-8,,1,4194.07,1,172.0,-8,,1,172.0,1,168.69,1,175.34,1,24.86,1,23.92,1
202511,JOB340724428894,ID6324630489,EMP6775040992,-9,201906,,0,999909,-9,1,1,0,0,0,0,,0,,,0,,,1,4292.71,-8,,-8,,1,4292.71,1,170.95,-8,,1,170.95,1,169.13,1,172.35,1,25.38,1,24.91,1
202610,JOB740861825949,ID6324630489,EMP4939005266,-9,201801,,0,999909,-9,1,0,0,0,0,0,,1,201807,26.0,0,,,1,7212.38,-8,,-8,,1,7212.38,1,170.49,-8,,1,170.49,1,170.18,1,172.07,1,42.38,1,41.92,1
202402,JOB116834474630,ID9645929162,EMP1315855653,-9,202304,202305,1,202305,2,0,0,0,0,0,0,,1,202306,8.0,0,,,1,8178.04,-8,,-8,,1,8178.04,1,163.7,-8,,1,163.7,1,164.77,1,163.86,1,49.63,1,49.91,0
202610,JOB993295396829,ID9925108520,EMP1368098794,-9,202311,,0,999909,-9,0,1,0,0,0,0,,0,,,0,,,1,3454.83,-8,,1,299.64,1,3754.47,1,163.59,1,9.458824733126162,1,173.04882473312617,1,166.7,1,176.15882473312615,1,20.72,1,21.31,1
202410,JOB592877110955,ID4252803818,EMP1014533588,-9,202102,,0,999909,-9,0,0,0,0,0,0,,1,202108,26.0,0,,,1,3881.99,1,206.81,-8,,1,4088.8,1,163.35,-8,,1,163.35,1,165.16,1,162.38,1,23.5,1,25.18,1
202602,JOB621458149532,ID1676664891,-9,-9,202005,202011,-9,202011,3,2,-8,-9,0,0,0,,-9,,,-9,,,-9,,-9,,-9,,-9,,-9,,-9,,-9,,-9,,-9,,-9,,-9,,1
202611,JOB124720938317,ID7740595203,EMP0360023323,-9,201710,,0,999909,-9,0,0,0,0,0,0,,1,201711,4.0,0,,,1,6373.27,-8,,-8,,1,6373.27,1,162.48,-8,,1,162.48,1,162.3,1,160.09,1,39.27,1,39.81,1
202607,JOB239489203066,ID7740595203,EMP7496845285,-9,202407,202601,1,202601,5,0,0,0,0,0,0,,1,202408,6.0,0,,,1,4025.69,1,459.08,-8,,1,4484.77,1,161.16,-8,,1,161.16,1,160.78,1,159.84,1,25.04,1,28.06,1
202601,JOB593996559815,ID5567522467,-9,-9,202205,202210,-9,202210,2,2,-8,-9,0,0,0,,-9,,,-9,,,-9,,-9,,-9,,-9,,-9,,-9,,-9,,-9,,-9,,-9,,-9,,1
202603,JOB945973841490,ID5639475683,EMP0563561965,-9,202411,,0,999909,-9,0,0,0,0,0,0,,1,202505,26.0,1,2276.62,51.69,1,7588.75,-8,,-8,,1,7588.75,1,172.29,-8,,1,172.29,1,172.26,1,173.95,1,44.05,1,43.63,1
202404,JOB673681671794,ID8085603437,EMP3171514043,-9,202408,,0,999909,-9,1,1,0,0,0,0,,1,202411,12.0,0,,,1,5130.89,-8,,-8,,1,5130.89,1,162.9,-8,,1,162.9,1,164.08,1,162.51,1,31.27,1,31.57,1
202506,JOB482489617035,ID8085603437,EMP7657020786,-9,202407,,0,999909,-9,0,0,0,0,0,0,,1,202410,12.0,0,,,1,5835.38,-8,,-8,,1,5835.38,1,168.37,1,10.13,1,178.5,1,168.88,1,175.17,1,34.55,1,33.31,1
202404,JOB876948100810,ID6876736583,EMP3569177339,-9,201905,,0,999909,-9,0,0,0,0,0,0,,0,,,0,,,1,3748.34,-8,,-8,,1,3748.34,1,163.1,-8,,1,163.1,1,163.08,1,162.34,1,22.98,1,23.09,1
202604,JOB617923353760,ID6875409589,EMP9062753028,-9,201803,,0,999909,-9,0,1,0,0,0,0,,1,201806,12.0,0,,,1,3870.6,-8,,-8,,1,3870.6,1,170.36,1,14.52,1,184.88,1,171.99,1,184.53,1,22.5,1,20.98,1
202401,JOB099506250129,ID0254915772,EMP3416042634,-9,202504,202508,1,202508,3,0,0,0,0,0,0,,1,202505,6.0,0,,,1,6496.08,-8,,-8,,1,6496.08,1,165.94,-8,,1,165.94,1,163.62,1,164.53,1,39.7,1,39.48,1
202511,JOB384584353818,ID5198312751,EMP5448713404,-9,202502,202511,1,202511,4,0,1,0,0,0,0,,1,202508,26.0,0,,,1,3391.89,-8,,-8,,1,3391.89,1,169.85,-8,,1,169.85,1,172.96,1,168.04,1,19.61,1,20.19,1
202610,JOB008728272702,ID2323780064,EMP9439809193,-9,201610,,0,999909,-9,0,1,0,0,0,0,,1,201611,6.0,0,,,1,3295.46,-8,,-8,,1,3295.46,1,170.03,1,9.89,1,179.93,1,169.35,1,177.26,1,19.46,1,18.59,1
202511,JOB120125881383,ID3805344352,-9,-9,201901,201905,-9,201905,3,2,-8,-9,0,0,0,,-9,,,-9,,,-9,,-9,,-9,,-9,,-9,,-9,,-9,,-9,,-9,,-9,,-9,,0
202510,JOB920361854978,ID3165194933,EMP6455056784,-9,202008,,0,999909,-9,0,0,0,0,0,0,,1,202102,26.0,0,,,1,5859.36,1,926.95,-8,,1,6786.31,1,171.48,-8,,1,171.48,1,170.2,1,172.84,1,34.43,1,39.26,1
202508,JOB530839513052,ID7417029017,EMP7080070163,-9,202401,,0,999909,-9,0,0,0,0,0,0,,1,202403,8.0,0,,,1,3783.58,-8,,-8,,1,3783.58,1,164.6,-8,,1,164.6,1,163.47,1,162.06,1,23.15,1,23.35,1
202510,JOB672517264188,ID7657319262,-9,-9,202501,202506,-9,202506,3,2,-8,-9,0,0,0,,-9,,,-9,,,-9,,-9,,-9,,-9,,-9,,-9,,-9,,-9,,-9,,-9,,-9,,1
202508,JOB472463184180,ID3543171953,EMP5487133507,-9,201801,201802,4,201802,1,0,0,0,0,0,0,,-9,,,0,,,1,3821.34,1,105.93,-8,,1,3927.27,1,113.07,-8,,1,113.07,1,110.87,1,113.53,1,34.47,1,34.59,1
202610,JOB234285519053,ID0370785221,EMP0868660476,-9,202408,,0,999909,-9,0,1,0,0,0,0,,0,,,0,,,1,3846.55,-8,,1,517.45,1,4364.0,1,161.67,1,14.498882055903534,1,176.1688820559035,1,163.03,1,177.52888205590352,1,23.59,1,24.58,1
202406,JOB042040636607,ID9539339465,EMP1278137036,-9,202104,202107,2,202107,3,0,1,0,0,0,0,,-9,,,0,,,1,3794.95,-8,,-8,,1,3794.95,1,169.92,-8,,1,169.92,1,171.96,1,172.44,1,22.07,1,22.01,1
202402,JOB456456156707,ID3108020581,EMP4507862287,-9,202006,202010,1,202010,3,0,0,0,0,0,0,,1,202012,26.0,0,,,1,4326.7,-8,,-8,,1,4326.7,1,168.98,-8,,1,168.98,1,165.74,1,169.62,1,26.11,1,25.51,1
202508,JOB678183436997,ID4970600204,EMP8010834472,-9,202110,202207,1,202207,4,0,0,0,0,0,0,,1,202204,26.0,0,,,1,7871.15,-8,,-8,,1,7871.15,1,169.42,-8,,1,169.42,1,171.67,1,169.29,1,45.85,1,46.5,0
202512,JOB597942270157,ID4624971068,EMP6656610932,-9,201908,201909,1,201909,2,0,1,0,0,0,0,,1,201909,4.0,0,,,1,4044.01,-8,,-8,,1,4044.01,1,170.07,1,19.64,1,189.7,1,167.47,1,191.44,1,24.15,1,21.12,1
202505,JOB543668646438,ID1124805711,EMP9812382026,-9,201908,,0,999909,-9,0,0,0,0,0,0,,0,,,0,,,1,5107.54,1,506.48,-8,,1,5614.03,1,168.28,1,18.3,1,186.58,1,169.74,1,188.28,1,30.09,1,29.82,1
202404,JOB301169016055,ID6291227818,EMP4575710038,-9,202505,202601,0,999909,-9,1,1,0,0,0,0,,1,202506,6.0,0,,,1,4460.28,-8,,-8,,1,4460.28,1,169.32,-8,,1,169.32,1,167.11,1,171.67,1,26.69,1,25.98,1
202509,JOB009440904410,ID6291227818,EMP1688305858,TMP1524426439,201605,201606,2,201606,4,0,0,0,0,0,0,,-9,,,0,,,1,6240.59,-8,,-8,,1,6240.59,1,169.34,-8,,1,169.34,1,168.8,1,169.66,1,36.97,1,36.78,1
202402,JOB061299885659,ID5281145430,EMP6581650145,-9,201811,,0,999909,-9,0,0,0,0,0,0,,1,201902,12.0,1,1271.17,49.65,1,4237.24,-8,,-8,,1,4237.24,1,165.49,-8,,1,165.49,1,164.08,1,167.39,1,25.82,1,25.31,1
202607,JOB356201796244,ID4382085264,EMP1476754531,-9,202310,202403,2,202403,2,0,1,0,0,0,0,,-9,,,0,,,1,4425.67,-8,,1,574.52,1,5000.19,1,162.23,1,14.040047154873788,1,176.27004715487377,1,160.87,1,174.91004715487378,1,27.51,1,28.59,1
202606,JOB265307880731,ID2124101002,EMP6102703793,TMP6880882595,202211,202212,0,999909,-9,1,1,0,0,0,0,,1,202301,8.0,0,,,1,5282.2,-8,,-8,,1,5282.2,1,160.19,-8,,1,160.19,1,160.77,1,157.04,1,32.86,1,33.64,1
202605,JOB322062372408,ID1832300400,EMP6890766475,-9,202411,,0,999909,-9,0,0,0,0,0,0,,1,202505,26.0,0,,,1,8103.87,-8,,-8,,1,8103.87,1,172.88,-8,,1,172.88,1,170.39,1,176.18,1,47.56,1,46.0,1
202503,JOB846109941234,ID8574991097,EMP2255483251,-9,202205,,0,999909,-9,0,1,0,0,0,0,,1,202206,4.0,0,,,1,3794.77,1,660.57,-8,,1,4455.34,1,171.89,-8,,1,171.89,1,171.55,1,170.96,1,22.12,1,26.06,1
202509,JOB647185734404,ID9816318059,EMP0109718002,-9,202305,,0,999909,-9,0,1,0,0,0,0,,1,202311,26.0,0,,,1,4435.4,-8,,-8,,1,4435.4,1,170.28,-8,,1,170.28,1,170.48,1,171.48,1,26.02,1,25.87,1
202611,JOB172693520119,ID9816318059,EMP5530561745,-9,201904,,0,999909,-9,1,1,0,0,0,0,,1,201910,26.0,0,,,1,6891.64,-8,,-8,,1,6891.64,1,166.01,-8,,1,166.01,1,166.14,1,165.23,1,41.48,1,41.71,1
202511,JOB928572157693,ID1969753043,EMP8531217035,-9,201608,,0,999909,-9,0,0,0,0,0,0,,1,201610,8.0,0,,,1,3022.99,-8,,-8,,1,3022.99,1,164.65,-8,,1,164.65,1,167.04,1,166.53,1,18.1,1,18.15,1
202503,JOB082670706198,ID6541828858,EMP7242616155,-9,202502,202503,1,202503,1,0,1,0,0,0,0,,1,202508,26.0,0,,,1,3570.28,-8,,-8,,1,3570.28,1,168.04,-8,,1,168.04,1,164.94,1,168.19,1,21.65,1,21.23,1
202504,JOB785481227389,ID5132176734,EMP4080629969,-9,201701,,0,999909,-9,1,1,0,0,0,0,,1,201702,4.0,0,,,1,6438.07,-8,,-8,,1,6438.07,1,170.18,1,18.1,1,188.28,1,167.73,1,188.31,1,38.38,1,34.19,1
202409,JOB903317705202,ID5010748803,EMP8687258544,-9,201706,,0,999909,-9,1,0,0,0,0,0,,0,,,0,,,1,6524.16,-8,,-8,,1,6524.16,1,172.13,-8,,1,172.13,1,170.57,1,170.56,1,38.25,1,38.25,1
202402,JOB337526470917,ID8091718942,EMP7790679753,-9,201604,,0,999909,-9,0,0,0,0,0,1,CAE - Contrat d'appui-emploi,0,,,1,2015.82,48.12,1,6719.41,1,106.01,-8,,1,6825.42,1,160.41,-8,,1,160.41,1,157.41,1,162.31,1,42.69,1,42.05,1
202603,JOB273175160766,ID4690445085,-9,-9,202503,202505,-9,202505,4,2,-8,-9,0,0,0,,-9,,,-9,,,-9,,-9,,-9,,-9,,-9,,-9,,-9,,-9,,-9,,-9,,-9,,1
202411,JOB976437661034,ID4690445085,EMP6346613580,-9,202004,,0,999909,-9,0,0,0,0,0,0,,1,202007,12.0,0,,,1,5192.14,-8,,-8,,1,5192.14,1,166.07,1,8.19,1,174.25,1,168.48,1,177.42,1,30.82,1,29.26,1
202508,JOB292311092654,ID9931295812,EMP7902767823,-9,201902,,0,999909,-9,0,0,0,0,0,0,,0,,,0,,,1,6070.1,-8,,-8,,1,6070.1,1,169.04,-8,,1,169.04,1,171.4,1,170.94,1,35.41,1,35.51,1
202512,JOB277684132602,ID8288596304,EMP5526611085,-9,202201,202306,0,999909,-9,0,1,0,0,1,0,,0,,,1,1006.73,49.62,1,3355.77,-8,,-8,,1,3355.77,1,165.4,-8,,1,165.4,1,167.01,1,164.9,1,20.09,1,20.35,1
202512,JOB305736109019,ID9916201292,EMP0031869549,-9,202102,,0,999909,-9,1,0,0,0,0,0,,1,202104,8.0,0,,,1,5061.08,1,372.6,-8,,1,5433.67,1,166.81,-8,,1,166.81,1,169.89,1,164.27,1,29.79,1,33.08,1
202605,JOB371665527413,ID4924364300,EMP6503719528,-9,201909,,0,999909,-9,0,1,0,0,1,0,,1,201910,4.0,1,926.24,49.72,1,3087.47,-8,,-8,,1,3087.47,1,165.73,1,5.13,1,170.85,1,168.43,1,170.72,1,18.33,1,18.08,1
202507,JOB904227164075,ID9280907889,EMP1600517929,-9,201703,,0,999909,-9,0,1,0,0,0,0,,1,201706,12.0,0,,,1,4166.92,-8,,-8,,1,4166.92,1,166.54,-8,,1,166.54,1,164.78,1,169.46,1,25.29,1,24.59,1
202404,JOB341827621676,ID9280907889,EMP4591109713,-9,201911,201912,1,201912,2,0,1,0,0,0,0,,0,,,0,,,1,4411.89,-8,,-8,,1,4411.89,1,160.68,-8,,1,160.68,1,160.0,1,161.37,1,27.57,1,27.34,1
202604,JOB298600541778,ID6297994256,EMP0430325235,-9,201901,202011,0,999909,-9,0,0,0,0,0,0,,1,201902,6.0,0,,,1,5970.43,-8,,-8,,1,5970.43,1,161.78,-8,,1,161.78,1,164.39,1,160.0,1,36.32,1,37.32,1
202503,JOB562632229833,ID3933521111,EMP9683191598,-9,201903,,0,999909,-9,0,1,0,0,0,0,,1,201904,4.0,0,,,1,3674.21,1,540.38,-8,,1,4214.59,1,166.39,-8,,1,166.39,1,166.58,1,166.21,1,22.06,1,25.36,1
202508,JOB254216924488,ID5974468272,EMP1929177544,-9,202405,,0,999909,-9,0,1,0,0,0,0,,1,202407,8.0,0,,,1,2944.47,-8,,1,295.39,1,3239.85,1,165.99,1,11.101295962040176,1,177.0912959620402,1,164.19,1,175.29129596204018,1,17.93,1,18.48,1
202404,JOB344550859452,ID7388513114,EMP2888507531,-9,202303,202307,2,202307,2,0,1,0,0,0,0,,-9,,,0,,,1,3819.24,1,125.32,1,222.66,1,4167.22,1,164.09,1,6.377630241801565,1,170.46763024180157,1,161.36,1,167.73763024180158,1,23.67,1,24.84,1
202610,JOB615420606678,ID2051583188,EMP8072923237,-9,201502,201503,1,201503,1,0,0,0,0,0,1,CIE - Contrat d'initiation à l'emploi,0,,,0,,,1,4695.21,-8,,-8,,1,4695.21,1,163.61,-8,,1,163.61,1,160.82,1,165.46,1,29.2,1,28.38,1
202508,JOB192818399600,ID6731682119,EMP4497211072,-9,201601,201604,2,201604,3,0,0,0,0,1,0,,-9,,,0,,,1,4509.74,-8,,-8,,1,4509.74,1,165.19,-8,,1,165.19,1,166.16,1,166.25,1,27.14,1,27.13,1
202608,JOB266030414950,ID9932516164,EMP0931768467,TMP2643482531,202505,,0,999909,-9,0,1,0,0,0,0,,1,202507,8.0,0,,,1,2991.27,-8,,-8,,1,2991.27,1,162.47,-8,,1,162.47,1,161.59,1,164.51,1,18.51,1,18.18,1
202601,JOB879122893184,ID4190692654,EMP5931946330,-9,201905,201910,2,201910,3,0,0,0,0,0,0,,-9,,,1,2020.63,50.18,1,6735.43,-8,,-8,,1,6735.43,1,167.27,-8,,1,167.27,1,165.79,1,164.19,1,40.63,1,41.02,1
202508,JOB783116041875,ID4587815579,EMP5279259089,-9,202401,,0,999909,-9,1,1,0,0,0,1,PAN - Projet d'activité national,1,202402,6.0,0,,,1,7014.91,1,374.48,-8,,1,7389.39,1,165.76,-8,,1,165.76,1,163.69,1,168.15,1,42.85,1,43.95,1
202403,JOB853533261670,ID4864626733,EMP2113010513,-9,202204,202406,0,999909,-9,1,0,0,0,0,0,,1,202210,26.0,1,1356.1,49.2,1,4520.33,-8,,-8,,1,4520.33,1,164.01,1,16.85,1,180.86,1,164.87,1,182.89,1,27.42,1,24.72,1
202410,JOB197249590384,ID5061225584,EMP3537855917,-9,202201,,0,999909,-9,0,1,0,0,0,0,,1,202203,8.0,1,1227.78,50.84,1,4092.61,1,968.72,1,718.55,1,5779.87,1,169.48,1,19.837247298694344,1,189.31724729869433,1,172.46,1,192.29724729869434,1,23.73,1,30.06,1
202402,JOB988884295601,ID4526078240,EMP7319283406,-9,201903,,0,999909,-9,0,0,0,0,0,1,PAN - Projet d'activité national,1,201905,8.0,0,,,1,4080.31,-8,,-8,,1,4080.31,1,163.49,-8,,1,163.49,1,164.11,1,162.9,1,24.86,1,25.05,1
202509,JOB593857684635,ID9843639625,EMP4523857918,-9,202303,,0,999909,-9,0,1,0,0,0,1,PAN - Projet d'activité national,1,202304,4.0,0,,,1,3008.23,-8,,-8,,1,3008.23,1,172.36,-8,,1,172.36,1,173.44,1,175.07,1,17.34,1,17.18,1
202412,JOB654934417315,ID3374130645,EMP6112235212,-9,202507,,0,999909,-9,0,1,0,0,0,0,,0,,,0,,,1,3103.1,-8,,-8,,1,3103.1,1,161.78,-8,,1,161.78,1,159.46,1,160.22,1,19.46,1,19.37,1
202511,JOB492268457299,ID2349886179,-9,-9,202510,202512,-9,202512,4,2,-8,-9,0,0,0,,-9,,,-9,,,-9,,-9,,-9,,-9,,-9,,-9,,-9,,-9,,-9,,-9,,-9,,1
202412,JOB226043248948,ID6522551313,EMP3633597097,TMP4522971254,201706,201706,1,201706,0,0,0,0,0,0,0,,0,,,0,,,1,4684.0,-8,,-8,,1,4684.0,1,170.69,-8,,1,170.69,1,167.87,1,170.69,1,27.9,1,27.44,1
202504,JOB397986384798,ID6522551313,EMP5684918505,-9,201810,,0,999909,-9,1,0,0,0,0,0,,1,201811,6.0,0,,,1,5145.12,-8,,-8,,1,5145.12,1,162.49,-8,,1,162.49,1,159.61,1,162.34,1,32.24,1,31.69,1
202503,JOB203079309430,ID8804616417,EMP2997169930,-9,202410,,0,999909,-9,1,0,0,0,0,0,,1,202411,4.0,0,,,1,6990.96,-8,,-8,,1,6990.96,1,166.3,-8,,1,166.3,1,167.26,1,164.74,1,41.8,1,42.44,1
202506,JOB676828028695,ID6470663251,EMP2368538281,-9,201703,,0,999909,-9,0,1,0,0,0,0,,0,,,0,,,1,3497.23,-8,,-8,,1,3497.23,1,171.59,-8,,1,171.59,1,173.22,1,168.3,1,20.19,1,20.78,1
202606,JOB128986304051,ID0613958825,EMP9947876424,-9,202401,,0,999909,-9,1,1,0,0,0,0,,1,202407,26.0,0,,,1,6490.26,-8,,-8,,1,6490.26,1,167.93,-8,,1,167.93,1,166.0,1,168.53,1,39.1,1,38.51,1
202409,JOB635820485017,ID0613958825,EMP4705216362,-9,201601,201908,0,999909,-9,1,1,0,0,1,0,,1,201602,6.0,1,1200.67,49.83,1,4002.24,-8,,-8,,1,4002.24,1,166.09,-8,,1,166.09,1,165.37,1,163.98,1,24.2,1,24.41,1
202609,JOB669288954305,ID8523398794,EMP5534067546,-9,201802,,0,999909,-9,0,0,0,0,0,0,,1,201808,26.0,0,,,1,5147.33,-8,,1,869.26,1,6016.59,1,161.1,1,18.137286189757248,1,179.23728618975724,1,163.25,1,181.38728618975725,1,31.53,1,33.17,1
202409,JOB864358282371,ID4225442250,-9,-9,202503,202507,-9,202507,4,2,-8,-9,0,0,1,PAN - Projet d'activité national,-9,,,-9,,,-9,,-9,,-9,,-9,,-9,,-9,,-9,,-9,,-9,,-9,,-9,,1
202611,JOB244689035618,ID4650939520,EMP8449418029,-9,201511,,0,999909,-9,0,1,0,0,0,0,,1,201512,4.0,0,,,1,2665.78,1,522.71,-8,,1,3188.49,1,160.02,-8,,1,160.02,1,159.14,1,159.5,1,16.75,1,19.99,1
202612,JOB960728226909,ID2006581972,EMP6695218104,-9,202310,202407,1,202407,4,0,1,0,0,0,0,,0,,,0,,,1,3940.13,-8,,-8,,1,3940.13,1,167.55,-8,,1,167.55,1,169.85,1,167.28,1,23.2,1,23.55,1
202609,JOB652859294081,ID9563517060,EMP5780514074,-9,202507,202508,1,202508,1,0,0,0,0,0,0,,1,202601,26.0,0,,,1,6210.87,1,833.54,-8,,1,7044.42,1,161.53,-8,,1,161.53,1,158.92,1,160.62,1,39.08,1,43.86,1
202411,JOB234931067478,ID3350740874,EMP6890326286,TMP6659481397,201811,,0,999909,-9,0,0,0,0,0,0,,1,201905,26.0,0,,,1,6548.07,-8,,-8,,1,6548.07,1,164.44,-8,,1,164.44,1,162.26,1,165.02,1,40.36,1,39.68,1
202603,JOB968199165129,ID3824608144,EMP4201025452,-9,202502,,0,999909,-9,1,0,0,0,0,0,,1,202508,26.0,0,,,1,6756.24,-8,,-8,,1,6756.24,1,163.51,-8,,1,163.51,1,162.44,1,165.25,1,41.59,1,40.88,1
202502,JOB697008720463,ID1212325620,EMP0682727323,-9,201704,,0,999909,-9,0,1,0,0,0,0,,1,201707,12.0,0,,,1,2860.63,-8,,-8,,1,2860.63,1,172.35,-8,,1,172.35,1,173.05,1,173.12,1,16.53,1,16.52,1
202406,JOB700361913530,ID9096052891,EMP5784062010,-9,202006,,0,999909,-9,0,0,0,0,1,0,,1,202012,26.0,0,,,1,4937.93,1,935.49,1,500.84,1,6374.26,1,161.86,1,10.944768959307975,1,172.80476895930798,1,160.85,1,171.79476895930796,1,30.7,1,37.1,1
202601,JOB619287373416,ID3576994906,EMP9453212753,-9,202403,,0,999909,-9,0,1,0,0,0,0,,1,202405,8.0,0,,,1,3516.2,-8,,-8,,1,3516.2,1,172.61,1,10.1,1,182.71,1,173.83,1,185.4,1,20.23,1,18.97,1
202607,JOB206175504763,ID1408707965,EMP9631862245,-9,201701,,0,999909,-9,0,1,0,0,0,0,,0,,,1,1247.06,51.15,1,4156.87,-8,,-8,,1,4156.87,1,170.51,-8,,1,170.51,1,168.2,1,169.43,1,24.71,1,24.53,1
202510,JOB555317891745,ID0514661890,EMP5324198704,-9,201802,,0,999909,-9,0,0,0,0,0,0,,0,,,0,,,1,4351.4,1,384.37,1,359.77,1,5095.54,1,161.23,1,8.886935356868118,1,170.1169353568681,1,161.73,1,170.6169353568681,1,26.91,1,29.87,1
202403,JOB707319979935,ID8645703665,EMP0570069353,-9,202101,,0,999909,-9,0,0,0,0,0,0,,1,202107,26.0,1,1611.58,51.65,1,5371.92,-8,,-8,,1,5371.92,1,172.17,1,10.24,1,182.41,1,169.88,1,181.41,1,31.62,1,29.61,1
202503,JOB280078064370,ID8473418389,EMP3432865152,-9,201701,,0,999909,-9,0,0,0,0,1,0,,1,201702,6.0,0,,,1,7986.4,1,366.85,-8,,1,8353.25,1,161.32,-8,,1,161.32,1,159.93,1,158.63,1,49.94,1,52.66,1
202602,JOB114108618902,ID3955630944,EMP3686644606,TMP4828310761,201811,,0,999909,-9,0,0,0,0,0,0,,0,,,0,,,1,6071.71,1,280.3,-8,,1,6352.01,1,172.97,-8,,1,172.97,1,174.42,1,173.62,1,34.81,1,36.59,0
202508,JOB394229785543,ID5763204074,EMP8647954622,-9,201707,,0,999909,-9,0,1,0,0,0,0,,1,201801,26.0,0,,,1,4254.39,1,115.59,-8,,1,4369.98,1,164.52,-8,,1,164.52,1,163.6,1,165.82,1,26.0,1,26.35,1
202409,JOB113675255181,ID8498454987,EMP8154279463,-9,202203,202212,1,202212,4,0,0,0,0,0,0,,0,,,0,,,1,8272.73,1,681.38,-8,,1,8954.12,1,167.32,1,17.5,1,184.82,1,166.93,1,188.18,1,49.56,1,47.58,1
202510,JOB915115019809,ID4059531571,-9,-9,201704,201708,-9,201708,2,2,-8,-9,0,0,0,,-9,,,-9,,,-9,,-9,,-9,,-9,,-9,,-9,,-9,,-9,,-9,,-9,,-9,,1
202510,JOB628333672530,ID4189189552,EMP6110024710,-9,202504,,0,999909,-9,0,1,0,0,0,0,,1,202507,12.0,0,,,1,3128.49,-8,,1,454.85,1,3583.34,1,169.87,1,16.464819884564378,1,186.33481988456438,1,169.92,1,186.38481988456437,1,18.41,1,19.23,1
202403,JOB467043599797,ID1165990611,EMP2305098723,-9,201605,,0,999909,-9,0,1,0,0,0,0,,1,201607,8.0,0,,,1,4603.7,1,697.22,-8,,1,5300.91,1,169.04,-8,,1,169.04,1,167.33,1,170.06,1,27.51,1,31.17,1
202607,JOB130792898583,ID8785515968,EMP4245746309,-9,201701,,0,999909,-9,0,1,0,0,0,0,,1,201702,4.0,0,,,1,4000.75,1,328.31,-8,,1,4329.06,1,164.39,-8,,1,164.39,1,166.11,1,162.76,1,24.08,1,26.6,1
202406,JOB803287731403,ID8785515968,EMP1266674350,-9,202407,,0,999909,-9,0,1,0,0,0,0,,1,202409,8.0,0,,,1,3130.8,-8,,-8,,1,3130.8,1,168.09,1,18.63,1,186.73,1,169.32,1,189.8,1,18.49,1,16.5,1
202602,JOB929059784613,ID6067789888,EMP2011623168,-9,201908,,0,999909,-9,0,0,0,0,0,0,,1,201909,6.0,1,1307.98,49.66,1,4359.95,1,929.98,-8,,1,5289.93,1,165.55,-8,,1,165.55,1,164.88,1,163.84,1,26.44,1,32.29,1
202408,JOB069451955674,ID2458411792,EMP5754894705,-9,201810,,0,999909,-9,0,1,0,0,0,0,,0,,,0,,,1,3246.27,-8,,-8,,1,3246.27,1,168.0,-8,,1,168.0,1,170.62,1,167.7,1,19.03,1,19.36,1
202403,JOB604748281401,ID2458411792,EMP3130315226,-9,201708,,0,999909,-9,0,1,0,0,0,0,,0,,,0,,,1,3138.3,-8,,-8,,1,3138.3,1,172.36,-8,,1,172.36,1,174.17,1,170.57,1,18.02,1,18.4,1
202505,JOB043823886639,ID9168969992,EMP8141070458,-9,202004,,0,999909,-9,0,1,0,0,0,0,,1,202007,12.0,0,,,1,2661.85,1,351.95,-8,,1,3013.81,1,171.06,-8,,1,171.06,1,169.73,1,171.26,1,15.68,1,17.6,1
202403,JOB922333889552,ID7986002895,EMP4110054964,-9,202308,,0,999909,-9,1,0,0,0,0,0,,0,,,0,,,1,4307.3,1,243.05,-8,,1,4550.34,1,164.23,1,18.41,1,182.64,1,162.77,1,181.96,1,26.46,1,25.01,1
202612,JOB631129538708,ID5044253076,EMP6987236256,-9,201911,202101,0,999909,-9,0,1,0,0,0,0,,1,201912,4.0,0,,,1,3147.58,1,251.32,1,346.36,1,3745.26,1,162.21,1,11.899839063386818,1,174.10983906338683,1,159.02,1,170.91983906338683,1,19.79,1,21.91,1
202602,JOB132387903443,ID0644126741,EMP8864578011,-9,201706,201710,1,201710,3,0,1,1,0,0,0,,1,201707,6.0,0,,,1,4335.57,-8,,-8,,1,4335.57,1,168.91,-8,,1,168.91,1,165.89,1,170.59,1,26.14,1,25.42,1
202402,JOB268481618250,ID2060315644,EMP1812298391,TMP5121635334,201705,,0,999909,-9,1,0,0,0,0,0,,0,,,1,1268.34,49.78,1,4227.81,-8,,-8,,1,4227.81,1,165.95,-8,,1,165.95,1,167.71,1,165.04,1,25.21,1,25.62,1
202503,JOB950235411436,ID1687131996,EMP0733005606,TMP7136967018,202101,202110,1,202110,4,0,0,0,0,0,1,CIE - Contrat d'initiation à l'emploi,1,202102,6.0,0,,,1,3185.77,-8,,1,497.86,1,3683.62,1,167.39,1,17.439300071289992,1,184.82930007129,1,164.91,1,182.34930007128997,1,19.32,1,20.2,1
202502,JOB119274119866,ID1664604236,EMP4949943408,-9,202505,202510,2,202510,4,0,0,0,0,0,0,,-9,,,0,,,1,6654.79,1,468.49,-8,,1,7123.28,1,170.5,-8,,1,170.5,1,171.81,1,168.81,1,38.73,1,42.2,1
202604,JOB497222349375,ID9974642182,EMP5343360032,-9,201703,,0,999909,-9,1,1,0,0,0,0,,0,,,0,,,1,7255.43,1,482.23,-8,,1,7737.66,1,172.31,-8,,1,172.31,1,173.24,1,171.37,1,41.88,1,45.15,1
202410,JOB307068022409,ID5717572600,EMP5120587602,-9,202506,202507,1,202507,1,0,1,0,0,0,0,,1,202509,12.0,0,,,1,3203.05,-8,,-8,,1,3203.05,1,172.5,-8,,1,172.5,1,172.84,1,171.1,1,18.53,1,18.72,1
202412,JOB402813401824,ID8153864800,EMP9695978471,-9,202406,202408,4,202408,2,0,0,0,0,0,0,,-9,,,0,,,1,3602.26,-8,,1,1095.92,1,4698.18,1,84.42,1,17.122079342494978,1,101.54207934249499,1,85.93,1,103.05207934249498,1,41.92,1,45.59,1
202510,JOB849174637271,ID2845468714,EMP5483753835,-9,201610,,0,999909,-9,1,1,0,0,0,0,,1,201704,26.0,0,,,1,5529.16,-8,,-8,,1,5529.16,1,163.3,-8,,1,163.3,1,161.81,1,165.43,1,34.17,1,33.42,1
202407,JOB673906650084,ID3497268527,EMP9666004495,-9,202308,,0,999909,-9,0,1,0,0,0,0,,0,,,0,,,1,3562.77,-8,,-8,,1,3562.77,1,171.68,-8,,1,171.68,1,171.99,1,169.01,1,20.71,1,21.08,1
202405,JOB937395556964,ID0407728056,EMP8399584830,-9,201808,,0,999909,-9,1,1,0,0,0,0,,0,,,0,,,1,5920.46,-8,,-8,,1,5920.46,1,169.96,-8,,1,169.96,1,172.95,1,170.35,1,34.23,1,34.75,1
202602,JOB731861552970,ID6282278009,EMP3525471218,-9,202503,202507,1,202507,3,0,1,0,0,0,0,,1,202504,6.0,0,,,1,2805.37,-8,,-8,,1,2805.37,1,169.35,1,13.98,1,183.32,1,171.93,1,185.75,1,16.32,1,15.1,1
202507,JOB832614521891,ID0382769067,EMP9738603363,-9,201804,,0,999909,-9,0,0,0,0,0,0,,1,201805,6.0,0,,,1,4522.72,-8,,-8,,1,4522.72,1,170.13,-8,,1,170.13,1,172.11,1,166.96,1,26.28,1,27.09,1
202610,JOB138346557524,ID8167549271,EMP2758634350,-9,202109,202201,1,202201,3,0,1,0,0,0,0,,1,202110,4.0,0,,,1,4551.72,-8,,-8,,1,4551.72,1,168.28,-8,,1,168.28,1,166.21,1,167.1,1,27.39,1,27.24,1
202507,JOB740015750422,ID0959602808,EMP4475489527,-9,201903,202302,0,999909,-9,0,1,0,0,1,0,,1,201906,12.0,1,1211.56,48.7,1,4038.52,1,336.31,1,253.35,1,4628.18,1,162.34,1,6.789409460600945,1,169.12940946060095,1,163.62,1,170.40940946060095,1,24.68,1,27.16,1
202509,JOB843946088291,ID1567328982,EMP9439486087,-9,201706,201706,1,201706,0,0,0,0,0,0,0,,0,,,0,,,1,3875.13,1,370.57,1,424.63,1,4670.34,1,160.72,1,11.741064776560687,1,172.46106477656068,1,158.83,1,170.5710647765607,1,24.4,1,27.38,1
202606,JOB089249507622,ID4852068500,EMP3587493615,-9,201706,201804,0,999909,-9,0,0,0,0,0,0,,1,201712,26.0,0,,,1,3172.78,-8,,-8,,1,3172.78,1,171.3,-8,,1,171.3,1,172.76,1,172.12,1,18.37,1,18.43,1
202405,JOB862592924724,ID9687416718,EMP2006991089,-9,202209,,0,999909,-9,0,0,0,0,0,0,,1,202211,8.0,0,,,1,6775.49,-8,,-8,,1,6775.49,1,161.83,-8,,1,161.83,1,161.14,1,161.03,1,42.05,1,42.08,1
202601,JOB733713505294,ID2378103806,EMP7648313066,-9,201506,,0,999909,-9,0,0,0,0,0,0,,0,,,0,,,1,4360.47,-8,,-8,,1,4360.47,1,167.43,-8,,1,167.43,1,167.86,1,167.73,1,25.98,1,26.0,1
202611,JOB651422080739,ID8768314649,EMP7768477610,-9,201508,,0,999909,-9,0,0,0,0,0,0,,1,201510,8.0,0,,,1,7613.36,1,736.18,-8,,1,8349.53,1,168.67,-8,,1,168.67,1,171.58,1,169.86,1,44.37,1,49.16,1
202407,JOB404546507618,ID3014134047,EMP8189571723,-9,201810,201907,1,201907,4,0,0,0,0,0,0,,1,201812,8.0,0,,,1,5755.6,-8,,-8,,1,5755.6,1,168.28,1,12.93,1,181.21,1,167.15,1,183.91,1,34.43,1,31.3,1
202609,JOB991938281590,ID7554897357,-9,-9,202207,202209,-9,202209,3,2,-8,-9,0,0,0,,-9,,,-9,,,-9,,-9,,-9,,-9,,-9,,-9,,-9,,-9,,-9,,-9,,-9,,1
202506,JOB934319747466,ID8988885464,EMP8484210588,-9,202201,202210,0,999909,-9,0,0,0,0,0,0,,1,202203,8.0,0,,,1,4419.02,1,138.3,-8,,1,4557.32,1,172.49,-8,,1,172.49,1,170.97,1,170.9,1,25.85,1,26.67,1
202403,JOB761507392685,ID1030370632,EMP4035735879,-9,201607,,0,999909,-9,1,1,0,0,0,0,,1,201610,12.0,0,,,1,5715.88,-8,,-8,,1,5715.88,1,170.76,-8,,1,170.76,1,168.01,1,167.6,1,34.02,1,34.1,1
202412,JOB265465989729,ID7932168164,EMP7026933833,-9,202307,202311,1,202311,3,0,0,0,0,0,0,,1,202309,8.0,0,,,1,7797.59,1,402.27,1,438.62,1,8638.47,1,164.86,1,6.182267200483896,1,171.0422672004839,1,165.01,1,171.19226720048388,1,47.26,1,50.46,1
202502,JOB038750132749,ID7265109798,EMP8475384333,-9,202101,,0,999909,-9,1,0,0,0,0,0,,1,202107,26.0,0,,,1,6756.06,-8,,-8,,1,6756.06,1,172.09,-8,,1,172.09,1,174.82,1,173.08,1,38.65,1,39.03,1
202503,JOB389284872551,ID8618647192,EMP5556223952,-9,202208,,0,999909,-9,0,1,0,0,0,0,,1,202209,6.0,0,,,1,3119.62,-8,,-8,,1,3119.62,1,165.53,1,9.99,1,175.52,1,167.85,1,177.68,1,18.59,1,17.56,1
202608,JOB642086167332,ID8820034413,EMP5937536057,TMP9456700786,201803,,0,999909,-9,0,0,0,0,0,0,,1,201809,26.0,0,,,1,8111.29,-8,,-8,,1,8111.29,1,168.32,-8,,1,168.32,1,169.03,1,171.04,1,47.99,1,47.42,1
202402,JOB873243821250,ID1622111515,EMP0189317171,-9,202009,,0,999909,-9,0,1,0,0,0,0,,1,202010,6.0,1,1121.62,51.65,1,3738.73,-8,,-8,,1,3738.73,1,172.16,-8,,1,172.16,1,174.7,1,170.35,1,21.4,1,21.95,1
202508,JOB369889269203,ID7434312870,EMP6213296708,-9,202510,202510,1,202510,0,0,0,0,0,0,0,,0,,,0,,,1,7556.16,-8,,-8,,1,7556.16,1,167.88,-8,,1,167.88,1,166.43,1,168.12,1,45.4,1,44.95,1
202407,JOB772442731820,ID4166358977,EMP2131759853,-9,202401,,0,999909,-9,0,1,0,0,0,0,,1,202404,12.0,0,,,1,4659.04,1,378.95,1,803.51,1,5841.5,1,172.91,1,19.880241551533018,1,192.79024155153303,1,173.15,1,193.03024155153304,1,26.91,1,30.26,1
202601,JOB527487449415,ID9570257936,EMP2148159047,-9,201903,,0,999909,-9,0,1,0,0,0,0,,1,201904,6.0,0,,,1,3404.38,1,764.47,-8,,1,4168.85,1,162.93,-8,,1,162.93,1,160.93,1,162.26,1,21.15,1,25.69,1
202512,JOB997392495620,ID5058502922,EMP8661412948,-9,201602,201708,1,201708,5,0,1,0,0,0,0,,1,201603,6.0,0,,,1,3325.34,-8,,-8,,1,3325.34,1,161.71,1,18.02,1,179.73,1,164.6,1,176.38,1,20.2,1,18.85,1
202607,JOB512242099320,ID0940239972,EMP2173718862,-9,201506,,0,999909,-9,0,1,0,0,0,0,,0,,,0,,,1,4485.23,-8,,-8,,1,4485.23,1,165.12,-8,,1,165.12,1,168.36,1,164.68,1,26.64,1,27.24,1
202404,JOB599137627733,ID1218051174,EMP9963157729,-9,202510,,0,999909,-9,1,0,0,0,0,0,,1,202512,8.0,0,,,1,7323.17,-8,,-8,,1,7323.17,1,163.63,-8,,1,163.63,1,165.82,1,164.1,1,44.16,1,44.63,1
202505,JOB272384111292,ID2274633560,EMP5302135582,-9,201908,,0,999909,-9,0,1,0,0,0,0,,1,202002,26.0,0,,,1,4281.92,-8,,-8,,1,4281.92,1,167.27,-8,,1,167.27,1,169.93,1,165.96,1,25.2,1,25.8,1
202608,JOB258601163956,ID7420240470,EMP9882902977,-9,202008,202105,1,202105,4,0,0,0,0,0,0,,0,,,0,,,1,3495.86,-8,,-8,,1,3495.86,1,172.03,-8,,1,172.03,1,168.99,1,172.89,1,20.69,1,20.22,1
202502,JOB113179781814,ID5215922889,EMP3606350191,-9,201604,201709,0,999909,-9,1,1,0,0,0,0,,1,201610,26.0,0,,,1,4734.28,1,663.69,-8,,1,5397.97,1,168.15,-8,,1,168.15,1,167.98,1,166.09,1,28.18,1,32.5,1
202406,JOB270407308171,ID9213380670,EMP7832005790,-9,201704,,0,999909,-9,1,1,0,0,0,1,CAE - Contrat d'appui-emploi,1,201707,12.0,0,,,1,5528.27,-8,,-8,,1,5528.27,1,165.07,-8,,1,165.07,1,165.5,1,165.73,1,33.4,1,33.36,1
202602,JOB363234856188,ID5342652255,EMP0294452603,-9,201703,,0,999909,-9,0,0,0,0,0,0,,1,201709,26.0,0,,,1,5263.78,-8,,-8,,1,5263.78,1,162.6,-8,,1,162.6,1,162.33,1,164.47,1,32.43,1,32.0,1
202609,JOB077887961181,ID0766172415,EMP8810834013,-9,202102,202301,0,999909,-9,0,0,0,0,0,0,,1,202108,26.0,0,,,1,8013.77,-8,,-8,,1,8013.77,1,161.46,-8,,1,161.46,1,159.67,1,163.22,1,50.19,1,49.1,1
202405,JOB416605341061,ID1716921928,EMP9218797537,-9,202105,202405,3,202405,5,0,1,0,0,0,0,,-9,,,0,,,1,2656.07,1,794.24,-8,,1,3450.31,1,166.47,-8,,1,166.47,1,165.41,1,167.82,1,16.06,1,20.56,1
202602,JOB991769998542,ID8270836063,EMP1511391496,-9,201708,,0,999909,-9,1,1,0,0,0,0,,1,201709,4.0,0,,,1,4405.41,-8,,-8,,1,4405.41,1,164.65,-8,,1,164.65,1,165.99,1,167.71,1,26.54,1,26.27,1
202502,JOB678630587105,ID5314369927,EMP1193332318,-9,202408,,0,999909,-9,1,1,0,0,0,0,,1,202410,8.0,0,,,1,4734.47,-8,,-8,,1,4734.47,1,172.1,-8,,1,172.1,1,172.51,1,175.03,1,27.44,1,27.05,1
202606,JOB583518001262,ID0457517467,EMP3623320512,-9,202003,,0,999909,-9,0,0,0,0,0,0,,0,,,0,,,1,7772.75,-8,,-8,,1,7772.75,1,172.78,-8,,1,172.78,1,171.66,1,173.18,1,45.28,1,44.88,1
202403,JOB944182475198,ID3682231295,EMP3759961303,-9,202301,,0,999909,-9,1,0,0,0,0,0,,1,202302,4.0,0,,,1,6794.53,-8,,-8,,1,6794.53,1,164.56,-8,,1,164.56,1,167.38,1,162.23,1,40.59,1,41.88,1
202512,JOB829305455427,ID3812943055,EMP6676296861,-9,202507,,0,999909,-9,0,0,0,0,0,0,,1,202601,26.0,0,,,1,3884.41,1,867.07,-8,,1,4751.48,1,166.84,-8,,1,166.84,1,168.85,1,163.9,1,23.01,1,28.99,1
202610,JOB089165485565,ID9624863391,EMP4038165300,-9,202003,,0,999909,-9,0,1,0,0,0,0,,1,202005,8.0,0,,,1,3392.56,-8,,-8,,1,3392.56,1,164.59,-8,,1,164.59,1,162.53,1,163.1,1,20.87,1,20.8,1
202402,JOB403386136757,ID5036108234,EMP8673654671,-9,202409,,0,999909,-9,0,0,0,0,0,0,,1,202410,6.0,0,,,1,7388.03,1,829.24,-8,,1,8217.27,1,167.93,-8,,1,167.93,1,170.8,1,170.16,1,43.26,1,48.29,1
202601,JOB196618350625,ID7998074458,EMP8171999972,-9,202210,,0,999909,-9,1,1,0,0,0,0,,1,202211,4.0,1,1420.21,48.57,1,4734.03,-8,,-8,,1,4734.03,1,161.91,-8,,1,161.91,1,159.25,1,158.69,1,29.73,1,29.83,1
202510,JOB933320951709,ID5812258978,-9,-9,202211,202304,-9,202304,4,2,-8,-9,0,1,0,,-9,,,-9,,,-9,,-9,,-9,,-9,,-9,,-9,,-9,,-9,,-9,,-9,,-9,,1
202412,JOB762532103566,ID5936218823,EMP1966594720,-9,201711,,0,999909,-9,0,1,0,0,0,0,,1,201802,12.0,0,,,1,3348.12,-8,,-8,,1,3348.12,1,161.63,-8,,1,161.63,1,163.23,1,164.82,1,20.51,1,20.31,1
202604,JOB672781490632,ID5240758335,EMP3753882692,-9,202508,202512,1,202512,3,0,0,0,0,0,1,CAE - Contrat d'appui-emploi,0,,,0,,,1,4341.81,1,184.33,-8,,1,4526.14,1,170.3,-8,,1,170.3,1,169.39,1,168.03,1,25.63,1,26.94,1
202407,JOB244783623828,ID8480434702,EMP5002533133,-9,202408,,0,999909,-9,0,0,0,0,0,0,,1,202502,26.0,0,,,1,3072.92,-8,,-8,,1,3072.92,1,163.97,1,11.06,1,175.03,1,161.06,1,178.33,1,19.08,1,17.23,1
202601,JOB643330726282,ID5223865968,EMP2865719592,-9,201608,,0,999909,-9,0,1,0,0,0,0,,1,201610,8.0,1,1091.41,48.74,1,3638.04,-8,,-8,,1,3638.04,1,162.48,-8,,1,162.48,1,159.49,1,159.43,1,22.81,1,22.82,1
202502,JOB181344107968,ID1373459482,EMP2656733209,-9,201710,,0,999909,-9,0,1,0,1,0,0,,1,201712,8.0,0,,,1,3085.96,-8,,-8,,1,3085.96,1,163.59,-8,,1,163.59,1,165.32,1,165.54,1,18.67,1,18.64,0
202606,JOB380824572769,ID7810257884,EMP9082734229,-9,201910,,0,999909,-9,0,0,1,0,0,0,,0,,,0,,,1,3703.27,1,998.16,-8,,1,4701.43,1,161.41,-8,,1,161.41,1,163.03,1,164.4,1,22.72,1,28.6,1
202502,JOB142286124279,ID1540701401,EMP0661493607,-9,202502,,0,999909,-9,1,1,0,0,0,0,,0,,,0,,,1,5189.24,-8,,-8,,1,5189.24,1,171.94,-8,,1,171.94,1,171.79,1,173.88,1,30.21,1,29.84,1
202605,JOB269749664816,ID0549215562,EMP0311478834,-9,202402,202406,1,202406,3,0,0,0,0,0,0,,1,202403,6.0,0,,,1,4112.53,-8,,-8,,1,4112.53,1,167.05,1,6.14,1,173.19,1,166.02,1,172.45,1,24.77,1,23.85,1
202602,JOB070897047391,ID0194151523,EMP2950343882,-9,202001,,0,999909,-9,0,1,0,0,1,0,,1,202004,12.0,0,,,1,3157.21,-8,,1,165.59,1,3322.8,1,162.51,1,5.682137591638724,1,168.19213759163873,1,164.56,1,170.24213759163874,1,19.19,1,19.52,1
202610,JOB960451918504,ID6037722868,EMP8920070624,-9,201705,201706,1,201706,2,0,0,0,0,0,0,,0,,,0,,,1,8156.15,1,420.73,-8,,1,8576.88,1,170.57,-8,,1,170.57,1,173.25,1,172.86,1,47.08,1,49.62,1
202510,JOB762046726190,ID5597862835,EMP7221382925,TMP2989969852,201507,201807,3,201807,5,0,0,0,0,0,0,,-9,,,0,,,1,7080.65,-8,,-8,,1,7080.65,1,168.52,-8,,1,168.52,1,166.93,1,169.01,1,42.42,1,41.89,1
202407,JOB687566232057,ID8216234624,EMP2272263876,-9,201502,,0,999909,-9,0,0,0,0,0,0,,1,201508,26.0,0,,,1,3167.86,1,799.8,1,150.62,1,4118.27,1,161.7,1,5.125419108039836,1,166.82541910803982,1,163.13,1,168.25541910803983,1,19.42,1,24.48,1
202502,JOB727727116057,ID6725958187,EMP2554285734,-9,201802,,0,999909,-9,0,0,0,0,0,0,,1,201805,12.0,0,,,1,4491.62,-8,,-8,,1,4491.62,1,161.04,-8,,1,161.04,1,163.28,1,158.69,1,27.51,1,28.3,1
202502,JOB755126319993,ID1431480251,-9,-9,202201,202202,-9,202202,4,2,-8,-9,0,0,0,,-9,,,-9,,,-9,,-9,,-9,,-9,,-9,,-9,,-9,,-9,,-9,,-9,,-9,,1
202603,JOB033243023541,ID6470026314,EMP6972069364,-9,201701,201808,0,999909,-9,1,1,0,0,0,0,,0,,,1,1584.47,48.9,1,5281.58,-8,,-8,,1,5281.58,1,163.01,-8,,1,163.01,1,163.13,1,161.79,1,32.38,1,32.64,1
202610,JOB914229029258,ID6470026314,EMP3752276690,-9,202503,,0,999909,-9,0,0,0,0,0,1,CIE - Contrat d'initiation à l'emploi,0,,,1,985.83,51.07,1,3286.1,1,201.27,-8,,1,3487.37,1,170.23,-8,,1,170.23,1,172.49,1,167.85,1,19.05,1,20.78,1
202510,JOB959680916448,ID4187148771,EMP6797095598,-9,201907,,0,999909,-9,0,1,0,0,0,0,,1,201910,12.0,0,,,1,4572.71,-8,,-8,,1,4572.71,1,167.98,-8,,1,167.98,1,168.11,1,165.62,1,27.2,1,27.61,1
202604,JOB949243981662,ID1761715116,EMP3717568162,-9,201910,201912,0,999909,-9,0,0,0,0,0,0,,1,201911,6.0,1,1543.58,48.19,1,5145.25,-8,,-8,,1,5145.25,1,160.64,-8,,1,160.64,1,160.93,1,163.25,1,31.97,1,31.52,1
202606,JOB511133929418,ID0512806610,-9,-9,201902,201905,-9,201905,4,2,-8,-9,0,1,0,,-9,,,-9,,,-9,,-9,,-9,,-9,,-9,,-9,,-9,,-9,,-9,,-9,,-9,,1
202506,JOB906170401881,ID0512806610,EMP5942150248,-9,202003,,0,999909,-9,0,0,0,0,0,0,,0,,,1,2538.94,51.65,1,8463.12,-8,,-8,,1,8463.12,1,172.18,-8,,1,172.18,1,172.04,1,173.41,1,49.19,1,48.8,1
202408,JOB008013857400,ID5911690250,EMP6639542160,-9,202208,,0,999909,-9,1,0,0,0,0,0,,0,,,0,,,1,4623.41,1,129.7,-8,,1,4753.11,1,169.31,-8,,1,169.31,1,166.14,1,168.69,1,27.83,1,28.18,1
202407,JOB129011684414,ID3737435497,EMP7760571298,-9,202108,,0,999909,-9,1,1,0,0,0,0,,1,202111,12.0,0,,,1,5669.65,-8,,-8,,1,5669.65,1,165.26,-8,,1,165.26,1,164.78,1,167.09,1,34.41,1,33.93,0
202412,JOB626439374015,ID3188152471,EMP7112664376,-9,201604,,0,999909,-9,0,0,0,0,0,0,,1,201610,26.0,0,,,1,3829.12,-8,,-8,,1,3829.12,1,166.11,-8,,1,166.11,1,169.08,1,168.37,1,22.65,1,22.74,1
202611,JOB559241861157,ID1510318637,EMP2489010448,-9,202311,,0,999909,-9,0,0,0,0,0,0,,1,202401,8.0,1,918.37,48.61,1,3061.23,-8,,-8,,1,3061.23,1,162.04,-8,,1,162.04,1,163.67,1,159.68,1,18.7,1,19.17,1
202501,JOB320194443444,ID6589691244,EMP6169234667,-9,202403,,0,999909,-9,0,1,0,0,0,0,,0,,,0,,,1,3735.24,-8,,1,269.7,1,4004.94,1,170.32,1,8.198582814859574,1,178.51858281485957,1,173.6,1,181.79858281485957,1,21.52,1,22.03,1
202502,JOB296353526571,ID8713182222,-9,-9,201902,201903,-9,201903,2,2,-8,-9,0,0,0,,-9,,,-9,,,-9,,-9,,-9,,-9,,-9,,-9,,-9,,-9,,-9,,-9,,-9,,1
202610,JOB066406665369,ID1294390636,EMP3970019359,-9,201808,,0,999909,-9,1,0,0,0,0,0,,0,,,0,,,1,7272.54,-8,,-8,,1,7272.54,1,165.07,-8,,1,165.07,1,163.6,1,167.77,1,44.45,1,43.35,1
202607,JOB160130861821,ID8396540840,EMP8109513976,-9,202202,,0,999909,-9,0,0,0,1,0,0,,1,202203,6.0,0,,,1,7393.17,-8,,1,605.11,1,7998.29,1,172.84,1,9.431033577194498,1,182.2710335771945,1,175.83,1,185.2610335771945,1,42.05,1,43.17,1
202607,JOB507098728488,ID1585628585,EMP9603588937,-9,202501,,0,999909,-9,0,0,0,0,0,0,,1,202502,4.0,0,,,1,3103.42,-8,,-8,,1,3103.42,1,168.46,-8,,1,168.46,1,167.14,1,169.42,1,18.57,1,18.32,1
202606,JOB924040443045,ID5248900134,EMP4742432864,-9,201509,201610,0,999909,-9,1,0,0,0,0,0,,1,201510,6.0,0,,,1,4753.13,-8,,-8,,1,4753.13,1,163.12,-8,,1,163.12,1,162.38,1,163.79,1,29.27,1,29.02,1
202412,JOB692032196559,ID6376402608,EMP5372332735,-9,202106,,0,999909,-9,0,0,0,0,0,0,,0,,,0,,,1,3468.94,-8,,-8,,1,3468.94,1,164.57,-8,,1,164.57,1,166.02,1,167.66,1,20.89,1,20.69,1
202406,JOB739062001046,ID6376402608,EMP4715998377,-9,202202,202602,0,999909,-9,1,0,0,0,0,0,,1,202204,8.0,1,1098.21,48.67,1,3660.71,-8,,-8,,1,3660.71,1,162.24,1,17.93,1,180.17,1,161.38,1,178.78,1,22.68,1,20.48,1
202507,JOB980239196340,ID5258289595,EMP5083122330,-9,201703,201809,1,201809,5,0,1,0,0,0,0,,1,201706,12.0,0,,,1,2581.15,-8,,1,331.51,1,2912.66,1,163.61,1,14.008860467916104,1,177.6188604679161,1,161.54,1,175.54886046791609,1,15.98,1,16.59,0
202510,JOB401582133074,ID9297915981,EMP8378499729,-9,201610,201904,1,201904,6,0,0,0,0,0,0,,1,201612,8.0,0,,,1,8396.66,-8,,-8,,1,8396.66,1,171.12,-8,,1,171.12,1,170.11,1,174.23,1,49.36,1,48.19,1
202612,JOB850695226843,ID7337502057,EMP6155368434,-9,202103,202309,1,202309,6,0,0,0,0,0,0,,1,202109,26.0,0,,,1,3214.03,-8,,-8,,1,3214.03,1,172.81,1,5.2,1,178.01,1,173.03,1,180.73,1,18.57,1,17.78,1
202507,JOB284103163782,ID1694629020,-9,-9,201910,202002,-9,202002,4,2,-8,-9,0,0,0,,-9,,,-9,,,-9,,-9,,-9,,-9,,-9,,-9,,-9,,-9,,-9,,-9,,-9,,1
202403,JOB527881760849,ID1123705058,EMP2637147805,-9,202007,,0,999909,-9,0,1,0,0,1,0,,1,202010,12.0,0,,,1,2655.15,-8,,-8,,1,2655.15,1,161.56,-8,,1,161.56,1,160.32,1,158.58,1,16.56,1,16.74,1
202607,JOB388498774544,ID3701124738,EMP1077404031,-9,201606,,0,999909,-9,0,0,0,0,0,0,,1,201612,26.0,0,,,1,4029.2,-8,,1,623.07,1,4652.27,1,166.12,1,17.125588589231008,1,183.245588589231,1,167.8,1,184.925588589231,1,24.01,1,25.16,1
202507,JOB699776093324,ID3536043174,EMP4507506395,-9,202410,,0,999909,-9,0,0,0,0,0,0,,1,202411,4.0,0,,,1,4722.98,-8,,-8,,1,4722.98,1,168.91,-8,,1,168.91,1,170.76,1,167.93,1,27.66,1,28.12,1
202402,JOB456194887598,ID6363085605,EMP1159169723,-9,201909,,0,999909,-9,0,1,0,0,0,0,,1,201911,8.0,0,,,1,4305.61,-8,,1,671.71,1,4977.32,1,160.66,1,16.709443651960676,1,177.36944365196067,1,160.65,1,177.35944365196067,1,26.8,1,28.06,1
202611,JOB029155591390,ID4309728995,EMP5274163684,TMP4485126214,202101,202210,0,999909,-9,1,1,0,0,0,0,,1,202107,26.0,0,,,1,3947.89,-8,,-8,,1,3947.89,1,168.46,-8,,1,168.46,1,171.4,1,171.66,1,23.03,1,23.0,1
202512,JOB293826808174,ID3780993138,EMP3714817159,-9,202410,,0,999909,-9,0,0,0,0,0,0,,0,,,0,,,1,5015.45,-8,,-8,,1,5015.45,1,163.9,-8,,1,163.9,1,163.25,1,164.48,1,30.72,1,30.49,1
202502,JOB705560447317,ID0217245559,EMP0720544155,-9,201509,,0,999909,-9,0,0,0,0,0,0,,0,,,1,1059.29,48.41,1,3530.96,-8,,-8,,1,3530.96,1,161.36,-8,,1,161.36,1,161.11,1,164.47,1,21.92,1,21.47,1
202406,JOB004380213038,ID1390825007,EMP4221502756,-9,201901,201903,2,201903,2,0,0,0,0,1,0,,-9,,,0,,,1,3661.81,-8,,-8,,1,3661.81,1,162.5,-8,,1,162.5,1,164.56,1,160.07,1,22.25,1,22.88,1
202503,JOB947662536212,ID3009963673,EMP0120864933,-9,202306,,0,999909,-9,0,1,0,0,0,0,,1,202307,4.0,0,,,1,3526.67,1,889.12,-8,,1,4415.8,1,171.91,-8,,1,171.91,1,174.31,1,170.49,1,20.23,1,25.9,1
202404,JOB651741440782,ID9496398952,EMP0901888680,-9,201907,,0,999909,-9,0,1,0,0,0,0,,0,,,0,,,1,3779.13,-8,,-8,,1,3779.13,1,163.21,-8,,1,163.21,1,165.31,1,161.36,1,22.86,1,23.42,1
202609,JOB146603740064,ID6883610855,-9,-9,201506,201507,-9,201507,4,2,-8,-9,0,0,0,,-9,,,-9,,,-9,,-9,,-9,,-9,,-9,,-9,,-9,,-9,,-9,,-9,,-9,,1
202507,JOB406344128256,ID4753954889,EMP6246124177,-9,201906,,0,999909,-9,0,1,0,0,0,0,,0,,,0,,,1,3600.65,1,374.69,-8,,1,3975.34,1,170.7,1,16.03,1,186.73,1,170.19,1,189.18,1,21.16,1,21.01,1
202512,JOB692791602663,ID3731425145,EMP4790847302,-9,201603,,0,999909,-9,0,0,0,0,0,0,,0,,,0,,,1,3260.15,-8,,-8,,1,3260.15,1,172.58,-8,,1,172.58,1,174.86,1,174.52,1,18.64,1,18.68,1
202509,JOB548241220571,ID3539315896,EMP4809097319,-9,202108,,0,999909,-9,1,1,0,0,1,0,,0,,,0,,,1,6065.01,-8,,-8,,1,6065.01,1,165.79,-8,,1,165.79,1,162.55,1,163.03,1,37.31,1,37.2,0
202608,JOB871209967698,ID0513090839,EMP4746835927,TMP7032843192,201802,202102,3,202102,5,0,1,0,0,0,0,,-9,,,0,,,1,4404.27,-8,,-8,,1,4404.27,1,163.95,-8,,1,163.95,1,166.82,1,163.73,1,26.4,1,26.9,1
202512,JOB880994368029,ID0836536219,EMP0805091887,-9,202205,202309,0,999909,-9,0,0,0,0,0,0,,1,202208,12.0,0,,,1,7968.74,-8,,1,658.36,1,8627.1,1,171.35,1,9.437722496357727,1,180.78772249635773,1,171.46,1,180.89772249635774,1,46.48,1,47.69,1
202412,JOB537346838102,ID3199242385,EMP9390679439,-9,201910,201911,1,201911,1,0,1,0,0,0,0,,0,,,0,,,1,3134.36,1,712.62,1,494.49,1,4341.48,1,166.19,1,17.47941691523355,1,183.66941691523354,1,163.79,1,181.26941691523353,1,19.14,1,23.95,1
202503,JOB194351612055,ID9563908396,EMP4122168693,-9,201707,201801,2,201801,3,0,1,0,0,0,0,,-9,,,0,,,1,3835.81,-8,,-8,,1,3835.81,1,166.55,-8,,1,166.55,1,164.45,1,163.92,1,23.33,1,23.4,1
202611,JOB751371393725,ID7958813448,EMP9537731802,-9,202111,202301,0,999909,-9,0,0,0,0,0,0,,1,202205,26.0,0,,,1,3829.97,-8,,-8,,1,3829.97,1,163.62,-8,,1,163.62,1,164.96,1,166.65,1,23.22,1,22.98,1
202509,JOB854786322755,ID3153543765,EMP8631482346,-9,201710,,0,999909,-9,0,1,0,0,0,0,,1,201711,6.0,0,,,1,3185.63,1,476.17,-8,,1,3661.8,1,172.7,-8,,1,172.7,1,175.88,1,171.0,1,18.11,1,21.41,1
202606,JOB389477931319,ID0966166870,EMP7714370629,TMP0552212414,201609,,0,999909,-9,0,1,0,0,0,0,,1,201610,4.0,0,,,1,2876.85,-8,,-8,,1,2876.85,1,166.45,-8,,1,166.45,1,163.22,1,169.04,1,17.63,1,17.02,1
202608,JOB315937838382,ID8441293930,EMP2065685576,-9,201808,,0,999909,-9,0,1,0,0,0,0,,1,201809,6.0,0,,,1,3024.96,1,680.56,-8,,1,3705.51,1,165.38,1,6.29,1,171.67,1,162.52,1,174.06,1,18.61,1,21.29,1
202401,JOB894417589128,ID4631975103,EMP9429241682,-9,202507,,1,202604,4,0,0,0,0,0,0,,0,,,0,,,1,7992.17,-8,,-8,,1,7992.17,1,171.25,-8,,1,171.25,1,174.41,1,172.28,1,45.82,1,46.39,1
202407,JOB554600183331,ID1597187857,EMP9402153066,-9,202110,,0,999909,-9,0,1,0,0,0,0,,0,,,0,,,1,4543.82,-8,,-8,,1,4543.82,1,170.75,-8,,1,170.75,1,171.38,1,172.36,1,26.51,1,26.36,1
202412,JOB272848717106,ID0089723669,EMP8516508648,TMP7560960126,202310,202407,1,202407,4,0,1,0,0,0,0,,1,202404,26.0,1,769.57,48.85,1,2565.22,1,296.23,-8,,1,2861.45,1,162.83,1,12.0,1,174.84,1,165.03,1,177.0,1,15.54,1,16.17,1
202508,JOB231218181528,ID1470501163,EMP0421940847,-9,201607,,0,999909,-9,0,1,0,0,0,0,,1,201608,4.0,0,,,1,3345.96,-8,,-8,,1,3345.96,1,172.61,-8,,1,172.61,1,170.83,1,174.37,1,19.59,1,19.19,1
202501,JOB991087198805,ID2358643694,-9,-9,201505,201511,-9,201511,2,2,-8,-9,0,1,1,CAE - Contrat d'appui-emploi,-9,,,-9,,,-9,,-9,,-9,,-9,,-9,,-9,,-9,,-9,,-9,,-9,,-9,,1
202512,JOB551822077079,ID9500067158,EMP7800010995,-9,202306,,0,999909,-9,0,0,0,0,0,0,,1,202307,6.0,0,,,1,6770.58,-8,,-8,,1,6770.58,1,160.37,-8,,1,160.37,1,159.83,1,162.27,1,42.36,1,41.72,1
202410,JOB683424691353,ID3444287509,EMP4936860283,-9,202107,,0,999909,-9,1,0,0,0,0,0,,1,202108,6.0,0,,,1,5637.32,-8,,-8,,1,5637.32,1,165.3,1,16.14,1,181.44,1,167.58,1,178.15,1,33.64,1,31.64,1
202605,JOB598940399004,ID0324309424,EMP3135672159,-9,202311,,0,999909,-9,0,1,0,0,0,0,,1,202312,6.0,0,,,1,3955.67,1,421.92,-8,,1,4377.59,1,164.47,-8,,1,164.47,1,162.78,1,165.93,1,24.3,1,26.38,1
202405,JOB769576822537,ID2859467901,EMP4739131133,-9,202410,202503,0,999909,-9,1,1,0,0,0,0,,0,,,0,,,1,6304.08,-8,,-8,,1,6304.08,1,169.3,-8,,1,169.3,1,169.67,1,170.54,1,37.15,1,36.97,1
202405,JOB525421612175,ID9090839712,EMP6804333468,-9,202302,,0,999909,-9,1,0,0,0,0,0,,1,202304,8.0,1,2313.96,51.83,1,7713.21,1,358.32,-8,,1,8071.54,1,172.78,-8,,1,172.78,1,175.36,1,169.39,1,43.99,1,47.65,1
202505,JOB311069283814,ID7758709331,-9,-9,202303,202308,-9,202308,4,2,-8,-9,0,0,0,,-9,,,-9,,,-9,,-9,,-9,,-9,,-9,,-9,,-9,,-9,,-9,,-9,,-9,,1
202408,JOB852787712869,ID8349868210,EMP1298632417,-9,201804,201901,1,201901,4,0,0,0,0,0,0,,0,,,0,,,1,5434.6,-8,,-8,,1,5434.6,1,172.1,-8,,1,172.1,1,170.08,1,173.4,1,31.95,1,31.34,1
202412,JOB144682621245,ID3756564269,EMP9604242456,-9,202110,202111,0,999909,-9,0,0,0,0,0,0,,0,,,0,,,1,5320.99,-8,,-8,,1,5320.99,1,166.5,-8,,1,166.5,1,166.93,1,164.63,1,31.88,1,32.32,1
202609,JOB164024404265,ID9242385597,EMP3702964742,-9,202507,,0,999909,-9,0,1,0,0,0,0,,1,202601,26.0,0,,,1,4701.83,-8,,-8,,1,4701.83,1,172.86,-8,,1,172.86,1,173.97,1,170.27,1,27.03,1,27.61,1
202506,JOB163239999863,ID5310489865,EMP5926372896,-9,202307,202404,1,202404,4,0,0,0,0,0,0,,1,202308,4.0,0,,,1,5189.07,1,343.75,-8,,1,5532.82,1,170.83,-8,,1,170.83,1,169.91,1,167.59,1,30.54,1,33.01,1
202411,JOB508729830816,ID2059662438,EMP3106954810,-9,202003,,0,999909,-9,0,0,0,0,1,0,,1,202004,4.0,0,,,1,3976.32,-8,,1,694.82,1,4671.14,1,162.59,1,18.940500667035792,1,181.5305006670358,1,162.92,1,181.86050066703578,1,24.41,1,25.69,0
202508,JOB424888820900,ID6339819805,EMP5784208885,-9,202401,,0,999909,-9,0,1,0,0,0,0,,1,202403,8.0,1,1109.45,48.2,1,3698.16,-8,,-8,,1,3698.16,1,160.65,-8,,1,160.65,1,159.89,1,160.4,1,23.13,1,23.06,0
202401,JOB925701935426,ID9721521190,EMP7095990426,-9,202107,,0,999909,-9,1,0,0,0,0,0,,1,202110,12.0,0,,,1,6258.05,1,325.84,-8,,1,6583.89,1,171.68,-8,,1,171.68,1,171.49,1,169.51,1,36.49,1,38.84,1
202401,JOB922840535739,ID9721521190,EMP1685458350,-9,201706,,0,999909,-9,0,0,0,0,1,0,,0,,,0,,,1,3964.0,1,229.08,-8,,1,4193.08,1,169.15,-8,,1,169.15,1,171.26,1,168.64,1,23.15,1,24.86,1
202504,JOB866944137877,ID3702746731,EMP8343014127,-9,201702,,0,999909,-9,0,0,0,0,0,0,,1,201708,26.0,0,,,1,3954.15,1,544.96,-8,,1,4499.11,1,171.22,-8,,1,171.22,1,173.95,1,174.22,1,22.73,1,25.82,1
202401,JOB867020916630,ID8768092579,EMP4097059824,-9,201708,,0,999909,-9,1,0,0,0,0,0,,0,,,0,,,1,7035.55,1,282.54,-8,,1,7318.09,1,164.84,-8,,1,164.84,1,166.83,1,165.91,1,42.17,1,44.11,1
202501,JOB637941356981,ID1069198908,EMP3204313035,-9,202104,202105,1,202105,2,0,1,0,0,0,0,,0,,,0,,,1,2913.31,-8,,1,485.58,1,3398.89,1,167.68,1,18.63228103717178,1,186.31228103717177,1,166.52,1,185.1522810371718,1,17.5,1,18.36,1
202604,JOB124462231267,ID0929964341,EMP9846646868,-9,202106,202406,3,202406,5,0,1,0,0,0,0,,-9,,,0,,,1,3973.65,-8,,-8,,1,3973.65,1,168.6,-8,,1,168.6,1,171.11,1,171.36,1,23.22,1,23.19,1
202504,JOB601960349626,ID3698947376,EMP7304517938,-9,202308,,0,999909,-9,0,0,0,0,0,0,,1,202310,8.0,0,,,1,6880.2,-8,,-8,,1,6880.2,1,167.92,1,10.08,1,178.0,1,170.94,1,179.44,1,40.25,1,38.34,1
202405,JOB581933611944,ID9517803076,EMP3209973496,-9,201508,,0,999909,-9,0,1,0,0,0,0,,1,201510,8.0,0,,,1,4335.53,-8,,1,337.6,1,4673.13,1,162.84,1,8.453287703069947,1,171.29328770306995,1,165.52,1,173.97328770306996,1,26.19,1,26.86,1
202601,JOB239505953393,ID8226609467,EMP2531453656,-9,202511,202512,0,999909,-9,1,1,0,0,0,0,,0,,,0,,,1,4114.45,1,828.32,-8,,1,4942.78,1,166.8,-8,,1,166.8,1,169.04,1,164.72,1,24.34,1,30.01,1
202609,JOB413116459711,ID8327455391,EMP7491184512,-9,201604,,0,999909,-9,0,0,0,0,0,0,,0,,,0,,,1,5787.72,-8,,-8,,1,5787.72,1,167.56,-8,,1,167.56,1,169.31,1,166.13,1,34.18,1,34.84,1
202608,JOB944679072757,ID1399225785,EMP5926275133,-9,202510,,0,999909,-9,0,1,0,0,0,0,,1,202604,26.0,0,,,1,3400.03,1,765.69,-8,,1,4165.72,1,163.6,-8,,1,163.6,1,165.74,1,165.69,1,20.51,1,25.14,1
202605,JOB390789758568,ID1399225785,EMP1197516792,-9,202106,,0,999909,-9,0,1,0,0,0,1,CAE - Contrat d'appui-emploi,1,202107,4.0,0,,,1,2944.5,-8,,-8,,1,2944.5,1,167.83,-8,,1,167.83,1,165.06,1,166.88,1,17.84,1,17.64,1
202410,JOB322418395842,ID7941758697,EMP3142905649,-9,202011,202108,0,999909,-9,0,0,0,0,0,0,,1,202012,6.0,0,,,1,7610.87,-8,,-8,,1,7610.87,1,161.35,-8,,1,161.35,1,160.6,1,163.27,1,47.39,1,46.62,1
202507,JOB528577655241,ID9094475398,EMP1926886831,-9,201701,,0,999909,-9,0,0,0,0,0,0,,1,201707,26.0,0,,,1,6766.27,-8,,-8,,1,6766.27,1,160.23,-8,,1,160.23,1,162.25,1,160.06,1,41.7,1,42.27,1
202401,JOB776867518923,ID6294478262,EMP6299229007,-9,201808,201905,1,201905,4,0,1,0,0,0,0,,1,201811,12.0,0,,,1,3910.44,-8,,-8,,1,3910.44,1,167.38,-8,,1,167.38,1,170.5,1,169.79,1,22.94,1,23.03,1
202402,JOB151596583530,ID6091740093,EMP1090655330,-9,202001,202411,0,999909,-9,0,1,0,0,0,0,,1,202003,8.0,0,,,1,4030.4,-8,,-8,,1,4030.4,1,162.18,-8,,1,162.18,1,162.18,1,159.5,1,24.85,1,25.27,1
202604,JOB975787746215,ID0092739206,EMP4242644451,-9,202505,,0,999909,-9,0,0,0,0,0,0,,1,202507,8.0,0,,,1,7349.96,-8,,-8,,1,7349.96,1,168.19,-8,,1,168.19,1,168.31,1,165.43,1,43.67,1,44.43,1
202507,JOB899352144242,ID1088453922,EMP9100246189,-9,202309,,0,999909,-9,1,1,0,0,0,0,,1,202311,8.0,0,,,1,7020.58,-8,,-8,,1,7020.58,1,163.49,-8,,1,163.49,1,160.5,1,161.26,1,43.74,1,43.54,1
202609,JOB653291322413,ID1223012127,EMP6102146132,-9,201602,,0,999909,-9,0,0,0,0,0,0,,1,201603,6.0,1,1972.64,51.65,1,6575.46,1,520.81,-8,,1,7096.27,1,172.15,-8,,1,172.15,1,173.34,1,169.78,1,37.93,1,41.8,1
202411,JOB897047785600,ID0520193107,EMP4308786103,-9,201506,,0,999909,-9,1,1,0,0,0,0,,0,,,0,,,1,4036.67,-8,,-8,,1,4036.67,1,165.8,-8,,1,165.8,1,166.39,1,166.75,1,24.26,1,24.21,1
202502,JOB269052019131,ID0644587007,EMP3789240277,TMP5969244868,201711,,0,999909,-9,0,0,0,0,0,0,,1,201802,12.0,0,,,1,3473.29,1,904.57,1,342.88,1,4720.74,1,172.87,1,11.376940152537788,1,184.2469401525378,1,172.41,1,183.7869401525378,1,20.15,1,25.69,1
202405,JOB843056279827,ID0644587007,EMP3537264792,-9,201904,,0,999909,-9,0,1,0,0,0,0,,1,201905,4.0,0,,,1,2633.56,-8,,-8,,1,2633.56,1,160.53,-8,,1,160.53,1,158.3,1,159.42,1,16.64,1,16.52,1
202506,JOB415861816263,ID9838146893,EMP6132701892,-9,201806,,0,999909,-9,0,1,0,0,0,0,,1,201807,6.0,0,,,1,3710.44,-8,,-8,,1,3710.44,1,169.17,1,15.29,1,184.46,1,169.48,1,181.81,1,21.89,1,20.41,1
202604,JOB418748459554,ID8630292965,EMP8956879455,-9,202403,,0,999909,-9,0,1,0,0,0,1,PAN - Projet d'activité national,1,202404,4.0,0,,,1,4273.72,-8,,-8,,1,4273.72,1,169.27,-8,,1,169.27,1,166.24,1,171.64,1,25.71,1,24.9,1
202504,JOB863337141385,ID8486646174,EMP3645255036,-9,202206,202404,0,999909,-9,0,0,0,0,0,0,,1,202207,4.0,0,,,1,4026.03,-8,,-8,,1,4026.03,1,163.88,-8,,1,163.88,1,162.56,1,165.91,1,24.77,1,24.27,1
202603,JOB470386696494,ID1837440263,EMP7849088227,-9,202408,202411,0,999909,-9,1,0,0,0,0,0,,0,,,0,,,1,4953.09,1,514.13,-8,,1,5467.22,1,160.62,-8,,1,160.62,1,157.63,1,159.92,1,31.42,1,34.19,1
202403,JOB998142997558,ID4394757580,-9,-9,201806,201809,-9,201809,2,2,-8,-9,0,0,0,,-9,,,-9,,,-9,,-9,,-9,,-9,,-9,,-9,,-9,,-9,,-9,,-9,,-9,,1
202410,JOB180450193415,ID7427514469,EMP0721909905,-9,202404,,0,999909,-9,1,1,0,0,0,0,,1,202406,8.0,0,,,1,4476.36,1,449.57,-8,,1,4925.93,1,167.48,-8,,1,167.48,1,165.08,1,167.56,1,27.12,1,29.4,1
202507,JOB736467763025,ID0090787328,-9,-9,202107,202111,-9,202111,4,2,-8,-9,0,0,0,,-9,,,-9,,,-9,,-9,,-9,,-9,,-9,,-9,,-9,,-9,,-9,,-9,,-9,,1
202404,JOB066406060328,ID1613290363,EMP7600504242,-9,201811,,0,999909,-9,0,0,0,0,0,0,,1,201901,8.0,0,,,1,5642.96,1,325.66,-8,,1,5968.62,1,171.95,1,5.98,1,177.93,1,170.46,1,178.14,1,33.1,1,33.51,1
202610,JOB097964846151,ID5578407149,-9,-9,201501,201504,-9,201504,4,2,-8,-9,0,0,0,,-9,,,-9,,,-9,,-9,,-9,,-9,,-9,,-9,,-9,,-9,,-9,,-9,,-9,,1
202609,JOB816796877137,ID8573974418,-9,-9,202107,202110,-9,202110,3,2,-8,-9,0,0,0,,-9,,,-9,,,-9,,-9,,-9,,-9,,-9,,-9,,-9,,-9,,-9,,-9,,-9,,1
202411,JOB034832087208,ID2491727881,EMP6704491324,-9,201805,,0,999909,-9,0,0,0,0,0,0,,0,,,0,,,1,7021.19,-8,,-8,,1,7021.19,1,170.23,-8,,1,170.23,1,171.31,1,170.12,1,40.99,1,41.27,1
202604,JOB773627512511,ID6796090105,EMP6076689007,TMP2056921510,201711,,0,999909,-9,0,0,0,0,0,1,PAN - Projet d'activité national,1,201712,4.0,1,1238.96,51.55,1,4129.86,-8,,-8,,1,4129.86,1,171.83,-8,,1,171.83,1,168.53,1,171.21,1,24.51,1,24.12,1
202407,JOB563589532659,ID6843555259,EMP1388652249,-9,202107,202301,1,202301,5,0,0,0,0,0,0,,1,202108,6.0,0,,,1,7340.88,-8,,-8,,1,7340.88,1,168.04,-8,,1,168.04,1,165.44,1,169.1,1,44.37,1,43.41,1
202608,JOB604257804976,ID5410845563,EMP3044241448,-9,202405,,0,999909,-9,0,1,0,0,0,1,CIE - Contrat d'initiation à l'emploi,1,202407,8.0,0,,,1,3998.39,-8,,-8,,1,3998.39,1,166.35,-8,,1,166.35,1,165.36,1,169.6,1,24.18,1,23.58,1
202608,JOB974758961014,ID5410845563,EMP1214618205,-9,202202,,0,999909,-9,0,0,0,0,0,0,,1,202208,26.0,0,,,1,3996.33,-8,,-8,,1,3996.33,1,160.56,-8,,1,160.56,1,159.03,1,161.81,1,25.13,1,24.7,1
202409,JOB814736267741,ID9430748817,EMP4130904440,-9,202201,,0,999909,-9,1,1,0,0,0,0,,1,202204,12.0,0,,,1,4498.14,-8,,-8,,1,4498.14,1,163.78,-8,,1,163.78,1,162.41,1,162.26,1,27.7,1,27.72,1
202407,JOB416304181867,ID9566718834,EMP5979904747,-9,202208,,0,999909,-9,1,0,0,0,0,0,,1,202210,8.0,0,,,1,6377.22,-8,,-8,,1,6377.22,1,168.0,1,13.57,1,181.57,1,165.6,1,178.18,1,38.51,1,35.79,1
202612,JOB474095505915,ID5187561110,EMP9780049120,-9,201806,,0,999909,-9,0,1,0,0,0,0,,1,201809,12.0,0,,,1,3317.07,-8,,-8,,1,3317.07,1,161.17,-8,,1,161.17,1,162.11,1,160.25,1,20.46,1,20.7,1
202503,JOB398961055838,ID0868933403,EMP0208413712,-9,201511,,0,999909,-9,0,1,0,0,0,0,,1,201512,6.0,0,,,1,3006.38,1,927.76,-8,,1,3934.14,1,172.7,-8,,1,172.7,1,169.59,1,172.88,1,17.73,1,22.76,1
202505,JOB072215373531,ID8723814643,EMP5294606971,-9,201601,201905,0,999909,-9,0,1,0,0,0,0,,1,201607,26.0,0,,,1,2738.08,1,278.92,-8,,1,3017.0,1,171.33,-8,,1,171.33,1,172.48,1,171.95,1,15.87,1,17.55,1
202512,JOB429180604498,ID6383336839,EMP2595640524,-9,201901,,0,999909,-9,0,1,0,0,0,0,,0,,,0,,,1,4250.13,1,156.82,1,384.78,1,4791.74,1,160.22,1,9.670289169754167,1,169.89028916975417,1,158.5,1,168.17028916975417,1,26.81,1,28.49,1
202508,JOB150795961045,ID7950707696,EMP3410654436,-9,202102,,0,999909,-9,0,0,0,0,0,0,,1,202103,6.0,0,,,1,6246.18,-8,,-8,,1,6246.18,1,167.68,-8,,1,167.68,1,168.09,1,168.36,1,37.16,1,37.1,1
202608,JOB380416354745,ID8564674354,EMP4292602717,-9,201705,201911,1,201911,6,0,1,0,0,0,0,,1,201707,8.0,0,,,1,3212.45,-8,,-8,,1,3212.45,1,164.01,-8,,1,164.01,1,162.57,1,166.3,1,19.76,1,19.32,1
202506,JOB099697537070,ID8093850294,EMP1646514124,-9,201509,,0,999909,-9,0,1,0,0,0,1,PAN - Projet d'activité national,1,201511,8.0,1,1092.27,50.84,1,3640.9,1,129.46,-8,,1,3770.36,1,169.47,-8,,1,169.47,1,170.76,1,167.84,1,21.32,1,22.46,1
202508,JOB908894787299,ID7362285259,EMP1484538522,-9,202302,202311,1,202311,4,0,0,0,0,0,0,,1,202308,26.0,0,,,1,4678.76,-8,,-8,,1,4678.76,1,169.28,-8,,1,169.28,1,166.34,1,168.57,1,28.13,1,27.76,1
202610,JOB197815310462,ID4424179421,EMP2924819890,-9,201607,202609,0,999909,-9,1,0,0,0,0,0,,1,201610,12.0,0,,,1,5622.71,-8,,-8,,1,5622.71,1,168.21,-8,,1,168.21,1,164.96,1,169.75,1,34.09,1,33.12,1
202407,JOB700438085591,ID6699569720,EMP5728296530,-9,202109,,0,999909,-9,0,0,0,0,0,0,,1,202111,8.0,0,,,1,4546.55,-8,,-8,,1,4546.55,1,161.82,-8,,1,161.82,1,162.78,1,161.34,1,27.93,1,28.18,1
202611,JOB959011806190,ID8261925710,EMP5143723172,-9,202308,202611,0,999909,-9,0,0,0,0,0,0,,1,202310,8.0,0,,,1,6823.53,-8,,-8,,1,6823.53,1,166.64,1,11.65,1,178.3,1,164.41,1,180.12,1,41.5,1,37.88,1
202501,JOB917571107164,ID9926504105,EMP2925676845,-9,201509,,0,999909,-9,0,0,0,0,0,0,,0,,,0,,,1,3255.65,-8,,-8,,1,3255.65,1,166.79,1,8.65,1,175.44,1,163.61,1,176.13,1,19.9,1,18.48,1
202509,JOB979868076526,ID4058131509,EMP1520054834,-9,202408,202412,1,202412,3,0,0,0,0,0,0,,1,202409,4.0,0,,,1,6118.95,-8,,-8,,1,6118.95,1,171.15,-8,,1,171.15,1,169.53,1,172.62,1,36.09,1,35.45,1
202502,JOB083939897232,ID7455282613,EMP4620538546,-9,201702,201706,1,201706,3,0,0,0,0,0,0,,1,201703,6.0,0,,,1,7462.28,-8,,-8,,1,7462.28,1,167.07,1,19.91,1,186.97,1,166.26,1,189.45,1,44.88,1,39.39,1
202609,JOB605997775339,ID9157725214,EMP9829582038,-9,201708,,0,999909,-9,0,0,0,0,0,0,,0,,,0,,,1,8041.73,-8,,1,1258.09,1,9299.82,1,165.35,1,17.245480235390126,1,182.5954802353901,1,166.14,1,183.3854802353901,1,48.4,1,50.71,1
202409,JOB730107218860,ID9157725214,EMP1600345606,-9,202111,202208,1,202208,4,0,1,0,0,0,0,,0,,,0,,,1,2801.15,1,143.36,-8,,1,2944.5,1,163.76,-8,,1,163.76,1,161.42,1,166.84,1,17.35,1,17.65,1
202512,JOB718701428047,ID1589662243,EMP5934933310,-9,202010,202601,0,999909,-9,0,0,0,0,1,0,,1,202011,6.0,0,,,1,5189.38,-8,,1,497.62,1,5687.0,1,172.37,1,11.019228469812269,1,183.38922846981228,1,175.22,1,186.23922846981228,1,29.62,1,30.54,1
202508,JOB234077804500,ID5806740745,EMP6894894672,-9,201603,,0,999909,-9,0,1,0,0,0,0,,0,,,0,,,1,3467.75,1,380.17,1,204.64,1,4052.56,1,165.28,1,6.502449490313834,1,171.78244949031384,1,163.79,1,170.29244949031383,1,21.17,1,23.8,1
202610,JOB151286353924,ID6723970649,EMP2425939775,-9,202301,,0,999909,-9,1,0,0,0,0,0,,1,202307,26.0,1,1721.25,48.72,1,5737.49,-8,,-8,,1,5737.49,1,162.41,1,11.61,1,174.02,1,159.52,1,174.05,1,35.97,1,32.96,1
202404,JOB773480585438,ID4162885741,EMP3141472941,-9,202006,,0,999909,-9,0,1,0,0,0,0,,1,202012,26.0,0,,,1,3630.67,-8,,-8,,1,3630.67,1,168.1,1,17.68,1,185.77,1,168.43,1,187.74,1,21.56,1,19.34,1
202605,JOB826323654540,ID1992882822,EMP4093708474,-9,201503,,0,999909,-9,0,0,0,0,0,0,,1,201509,26.0,0,,,1,5008.47,-8,,-8,,1,5008.47,1,162.56,-8,,1,162.56,1,165.62,1,160.73,1,30.24,1,31.16,1
202509,JOB156345010852,ID9370439305,EMP0142849889,-9,201507,,0,999909,-9,0,1,0,0,0,0,,0,,,0,,,1,3875.76,-8,,-8,,1,3875.76,1,170.75,-8,,1,170.75,1,173.26,1,169.06,1,22.37,1,22.93,1
202602,JOB281661775487,ID7277556170,EMP5172431802,-9,202302,,0,999909,-9,1,1,1,0,0,0,,1,202303,6.0,0,,,1,6039.88,-8,,-8,,1,6039.88,1,165.97,-8,,1,165.97,1,165.9,1,169.17,1,36.41,1,35.7,1
202404,JOB866316494000,ID7643872613,EMP0835552374,-9,202304,,0,999909,-9,1,0,0,0,0,0,,0,,,0,,,1,5260.48,-8,,-8,,1,5260.48,1,162.61,-8,,1,162.61,1,162.29,1,163.39,1,32.41,1,32.2,1
202404,JOB834720093166,ID4572437468,EMP5160785390,-9,201802,201805,0,999909,-9,1,0,0,0,1,0,,1,201808,26.0,0,,,1,3885.85,1,392.76,-8,,1,4278.61,1,168.71,-8,,1,168.71,1,169.53,1,171.45,1,22.92,1,24.96,1
202503,JOB747469725522,ID9163403277,EMP0134083446,-9,202001,202002,1,202002,1,0,0,0,0,0,0,,0,,,0,,,1,3024.24,1,743.29,-8,,1,3767.54,1,167.46,-8,,1,167.46,1,166.27,1,168.05,1,18.19,1,22.42,1
202606,JOB419880204520,ID2687310559,EMP7158781553,-9,202511,,0,999909,-9,0,0,0,0,0,0,,1,202512,4.0,0,,,1,6897.72,-8,,1,1042.17,1,7939.9,1,162.33,1,16.35089807891423,1,178.68089807891425,1,163.67,1,180.02089807891423,1,42.14,1,44.11,1
202606,JOB548859158011,ID2574975890,EMP6218788817,-9,202506,202510,1,202510,3,0,0,0,0,0,0,,0,,,1,1702.82,50.65,1,5676.06,-8,,1,558.58,1,6234.64,1,168.85,1,11.077593106276094,1,179.92759310627608,1,167.36,1,178.4375931062761,1,33.92,1,34.94,1
202510,JOB617865282923,ID5244214520,EMP2839135030,-9,202505,,0,999909,-9,0,1,0,0,0,0,,0,,,0,,,1,3676.09,-8,,-8,,1,3676.09,1,166.59,-8,,1,166.59,1,164.77,1,168.02,1,22.31,1,21.88,1
202407,JOB363267033087,ID9339236032,EMP8091749875,-9,201906,,0,999909,-9,0,0,0,0,0,1,CAE - Contrat d'appui-emploi,1,201908,8.0,0,,,1,6506.19,-8,,1,560.14,1,7066.33,1,163.71,1,9.396157123004416,1,173.10615712300444,1,163.74,1,173.13615712300444,1,39.73,1,40.81,1
202406,JOB904578692183,ID2295845906,EMP2347001644,-9,201806,,0,999909,-9,1,1,0,0,0,0,,1,201807,4.0,0,,,1,7214.01,-8,,-8,,1,7214.01,1,171.03,-8,,1,171.03,1,168.12,1,171.0,1,42.91,1,42.19,1
202512,JOB141298062670,ID3510961897,-9,-9,202203,202209,-9,202209,4,2,-8,-9,0,0,0,,-9,,,-9,,,-9,,-9,,-9,,-9,,-9,,-9,,-9,,-9,,-9,,-9,,-9,,1
202502,JOB569958862602,ID6330987173,EMP7090863227,-9,201902,201906,1,201906,3,0,1,0,0,0,1,CAE - Contrat d'appui-emploi,0,,,0,,,1,2653.37,-8,,-8,,1,2653.37,1,165.52,1,17.14,1,182.66,1,163.47,1,183.94,1,16.23,1,14.43,1
202512,JOB380973045187,ID6330987173,EMP3763159709,-9,201901,,0,999909,-9,0,1,0,0,0,0,,0,,,0,,,1,3691.19,-8,,-8,,1,3691.19,1,165.47,1,15.07,1,180.53,1,164.07,1,182.55,1,22.5,1,20.22,1
202601,JOB259302941255,ID3550468075,EMP3904306919,-9,202403,,0,999909,-9,1,1,0,0,0,0,,1,202404,6.0,0,,,1,6104.36,-8,,-8,,1,6104.36,1,167.85,-8,,1,167.85,1,167.99,1,168.74,1,36.34,1,36.18,1
202411,JOB437052954384,ID3550468075,EMP2207582924,-9,202211,202305,2,202305,2,0,1,0,0,0,0,,-9,,,0,,,1,4373.17,1,356.98,-8,,1,4730.14,1,164.64,-8,,1,164.64,1,166.68,1,162.5,1,26.24,1,29.11,1
202411,JOB383082385797,ID4224704940,EMP5777595992,TMP6405615961,202406,,3,202706,5,0,1,0,0,0,0,,-9,,,0,,,1,3218.01,1,103.48,-8,,1,3321.49,1,150.38,-8,,1,150.38,1,150.96,1,151.39,1,21.32,1,21.94,0
202404,JOB387509827232,ID8423784996,-9,-9,202508,202512,-9,202512,4,2,-8,-9,0,0,0,,-9,,,-9,,,-9,,-9,,-9,,-9,,-9,,-9,,-9,,-9,,-9,,-9,,-9,,1
202409,JOB006447828954,ID9335184227,EMP6548236929,-9,201704,,0,999909,-9,0,1,0,0,0,0,,1,201706,8.0,0,,,1,3058.97,1,662.99,-8,,1,3721.96,1,172.91,-8,,1,172.91,1,173.07,1,175.24,1,17.67,1,21.24,1
202509,JOB742806012825,ID5374095764,-9,TMP0763825448,202306,202311,-9,202311,2,2,-8,-9,0,0,0,,-9,,,-9,,,-9,,-9,,-9,,-9,,-9,,-9,,-9,,-9,,-9,,-9,,-9,,1
202506,JOB150247173575,ID5944867597,EMP7363459360,-9,202301,202404,0,999909,-9,0,0,0,0,0,0,,1,202303,8.0,0,,,1,4221.46,-8,,-8,,1,4221.46,1,160.35,-8,,1,160.35,1,160.67,1,161.87,1,26.27,1,26.08,1
202402,JOB666134675635,ID0604421491,-9,-9,201807,201810,-9,201810,2,2,-8,-9,0,0,0,,-9,,,-9,,,-9,,-9,,-9,,-9,,-9,,-9,,-9,,-9,,-9,,-9,,-9,,1
202505,JOB843538825463,ID1385245932,EMP1003057076,-9,202509,,0,999909,-9,0,0,0,0,0,0,,0,,,0,,,1,4779.57,1,589.96,-8,,1,5369.54,1,164.98,-8,,1,164.98,1,161.9,1,165.67,1,29.52,1,32.41,1
202609,JOB019115703614,ID1280241589,EMP2156844153,-9,201909,202206,0,999909,-9,0,0,0,0,0,0,,1,201912,12.0,0,,,1,7603.66,-8,,-8,,1,7603.66,1,170.94,-8,,1,170.94,1,171.94,1,173.28,1,44.22,1,43.88,1
202406,JOB861012095048,ID7145316733,EMP6885867539,-9,201503,,0,999909,-9,0,0,0,0,0,0,,1,201504,4.0,0,,,1,5833.36,1,767.84,-8,,1,6601.2,1,170.45,-8,,1,170.45,1,167.23,1,172.97,1,34.88,1,38.16,1
202412,JOB595244558058,ID4425050342,-9,-9,201606,201607,-9,201607,3,2,-8,-9,0,0,1,PAN - Projet d'activité national,-9,,,-9,,,-9,,-9,,-9,,-9,,-9,,-9,,-9,,-9,,-9,,-9,,-9,,1
202508,JOB975255400238,ID0529094484,EMP1362850490,-9,201504,,0,999909,-9,0,1,0,0,0,0,,1,201507,12.0,1,1024.8,49.63,1,3416.0,1,800.87,-8,,1,4216.88,1,165.44,-8,,1,165.44,1,168.02,1,164.51,1,20.33,1,25.63,1
202402,JOB658320323450,ID9772672278,EMP3855456626,-9,201609,201701,2,201701,3,0,0,0,0,0,0,,-9,,,0,,,1,3601.65,-8,,-8,,1,3601.65,1,170.71,-8,,1,170.71,1,167.94,1,170.36,1,21.45,1,21.14,1
202406,JOB404184609485,ID7178240226,EMP2356114523,-9,202403,202407,1,202407,3,0,1,0,0,0,0,,1,202409,26.0,1,1039.24,51.79,1,3464.12,-8,,-8,,1,3464.12,1,172.62,-8,,1,172.62,1,172.29,1,175.84,1,20.11,1,19.7,1
202412,JOB707225307515,ID9283073718,EMP8485705320,-9,202008,202105,1,202105,4,0,1,0,0,0,0,,1,202009,6.0,0,,,1,4463.31,1,873.46,1,392.72,1,5729.49,1,172.9,1,10.142198680532815,1,183.0421986805328,1,175.53,1,185.6721986805328,1,25.43,1,30.86,0
202410,JOB138522098819,ID9673835877,EMP5798803706,-9,202509,202603,0,999909,-9,0,0,0,0,0,0,,1,202512,12.0,0,,,1,4026.77,-8,,-8,,1,4026.77,1,162.33,-8,,1,162.33,1,160.66,1,162.07,1,25.06,1,24.85,1
202505,JOB745572841520,ID3569384095,EMP8375998274,-9,202006,,0,999909,-9,1,0,0,0,0,0,,1,202008,8.0,0,,,1,3878.47,-8,,-8,,1,3878.47,1,160.2,-8,,1,160.2,1,158.18,1,162.11,1,24.52,1,23.92,1
202608,JOB141806065265,ID8830758978,EMP0550024458,-9,201705,201709,1,201709,3,0,0,0,0,0,0,,0,,,0,,,1,3453.47,-8,,-8,,1,3453.47,1,164.22,-8,,1,164.22,1,161.76,1,165.89,1,21.35,1,20.82,1
202508,JOB160910777266,ID7459562635,EMP4473952627,-9,202005,,0,999909,-9,0,0,0,0,0,0,,1,202007,8.0,0,,,1,7403.86,1,939.2,-8,,1,8343.06,1,164.59,-8,,1,164.59,1,163.0,1,163.96,1,45.42,1,50.88,1
202505,JOB260746933470,ID7205340435,EMP6528084655,-9,202302,,0,999909,-9,1,1,0,0,0,0,,1,202303,6.0,0,,,1,7064.9,-8,,-8,,1,7064.9,1,163.48,-8,,1,163.48,1,160.89,1,165.12,1,43.91,1,42.79,1
202509,JOB404763046279,ID8845673453,EMP0469804450,-9,202001,202002,2,202002,4,0,1,0,0,0,0,,-9,,,0,,,1,4208.76,1,390.02,-8,,1,4598.78,1,165.97,-8,,1,165.97,1,168.39,1,162.76,1,24.99,1,28.25,1
202602,JOB855134339313,ID8845673453,-9,-9,202406,202409,-9,202409,2,2,-8,-9,0,0,0,,-9,,,-9,,,-9,,-9,,-9,,-9,,-9,,-9,,-9,,-9,,-9,,-9,,-9,,1
202406,JOB499057088174,ID6336451967,-9,TMP9490600009,202010,202103,-9,202103,3,2,-8,-9,0,0,0,,-9,,,-9,,,-9,,-9,,-9,,-9,,-9,,-9,,-9,,-9,,-9,,-9,,-9,,1
202406,JOB865325975039,ID6336451967,EMP8224932773,-9,201710,201904,1,201904,5,0,1,0,0,0,0,,1,201711,4.0,0,,,1,3249.03,1,215.53,-8,,1,3464.56,1,161.26,-8,,1,161.26,1,158.73,1,160.11,1,20.47,1,21.64,1
202512,JOB934299861961,ID3274533883,EMP0600909600,TMP1478046940,202203,,0,999909,-9,0,1,0,0,0,0,,1,202205,8.0,0,,,1,3467.94,-8,,1,492.08,1,3960.02,1,169.55,1,16.038879006382587,1,185.5888790063826,1,171.48,1,187.51887900638258,1,20.22,1,21.12,1
202411,JOB350078479916,ID2191859646,EMP4145138423,-9,202409,202506,1,202506,4,0,0,0,0,0,0,,0,,,0,,,1,6241.07,-8,,-8,,1,6241.07,1,161.77,-8,,1,161.77,1,159.29,1,164.83,1,39.18,1,37.86,1
202603,JOB189996723540,ID2090353798,EMP2950077776,-9,202411,,0,999909,-9,0,1,0,0,0,0,,1,202412,6.0,0,,,1,2556.42,1,957.77,-8,,1,3514.19,1,164.36,-8,,1,164.36,1,166.49,1,167.44,1,15.35,1,20.99,0
202609,JOB912621398852,ID2090353798,EMP0005990067,-9,202209,,0,999909,-9,0,1,0,0,0,0,,0,,,0,,,1,3675.45,-8,,-8,,1,3675.45,1,171.42,1,7.38,1,178.8,1,169.33,1,179.78,1,21.71,1,20.44,1
202602,JOB352763472306,ID0143528324,EMP6858784498,-9,201909,202001,1,202001,3,0,0,0,0,0,0,,0,,,0,,,1,7678.46,1,776.67,-8,,1,8455.12,1,162.3,-8,,1,162.3,1,160.26,1,163.47,1,47.91,1,51.72,1
202404,JOB935734461181,ID1516529752,EMP7451928757,-9,201702,,0,999909,-9,1,1,0,0,0,0,,1,201704,8.0,0,,,1,4804.74,-8,,-8,,1,4804.74,1,163.55,-8,,1,163.55,1,161.51,1,166.74,1,29.75,1,28.82,1
202409,JOB996855094609,ID8126204527,-9,-9,202003,202006,-9,202006,4,2,-8,-9,0,0,0,,-9,,,-9,,,-9,,-9,,-9,,-9,,-9,,-9,,-9,,-9,,-9,,-9,,-9,,1
202610,JOB770550641820,ID8729721144,EMP3066077932,-9,202006,202101,0,999909,-9,0,1,0,0,0,0,,1,202008,8.0,0,,,1,3249.68,-8,,1,199.65,1,3449.33,1,167.97,1,6.879521193373482,1,174.84952119337348,1,166.4,1,173.27952119337348,1,19.53,1,19.91,1
202403,JOB648922516996,ID8729721144,EMP1543216447,TMP0921424350,202310,,0,999909,-9,0,0,0,0,0,0,,0,,,1,955.65,48.73,1,3185.51,-8,,-8,,1,3185.51,1,162.42,-8,,1,162.42,1,163.52,1,159.25,1,19.48,1,20.0,1
202608,JOB920567345366,ID0039784351,EMP2492556919,-9,201810,,0,999909,-9,0,1,0,0,0,0,,0,,,0,,,1,4536.71,1,863.26,-8,,1,5399.98,1,164.73,-8,,1,164.73,1,164.12,1,161.92,1,27.64,1,33.35,1
202510,JOB629147878908,ID8564114464,EMP8379771811,-9,201602,,0,999909,-9,0,0,0,0,0,0,,1,201604,8.0,1,1612.05,50.36,1,5373.5,-8,,-8,,1,5373.5,1,167.86,-8,,1,167.86,1,169.55,1,166.37,1,31.69,1,32.3,1
202404,JOB344016832302,ID8564114464,EMP1573618353,TMP4713262730,202208,,0,999909,-9,1,1,0,0,0,0,,1,202209,6.0,0,,,1,6360.25,1,331.89,-8,,1,6692.13,1,167.96,-8,,1,167.96,1,169.04,1,164.74,1,37.63,1,40.62,1
202601,JOB388882209047,ID9434899515,EMP2776623116,-9,202007,,0,999909,-9,0,1,0,0,0,0,,1,202010,12.0,0,,,1,3421.19,-8,,-8,,1,3421.19,1,170.38,1,7.49,1,177.87,1,168.87,1,178.71,1,20.26,1,19.14,1
202604,JOB198775521215,ID3571043999,EMP6339943026,-9,202506,,0,999909,-9,1,0,0,0,0,0,,1,202508,8.0,0,,,1,7296.36,-8,,-8,,1,7296.36,1,172.31,-8,,1,172.31,1,173.61,1,169.71,1,42.03,1,42.99,1
202412,JOB387166986286,ID9017149493,EMP0551070017,-9,202109,202201,1,202201,3,0,0,0,0,0,1,CAE - Contrat d'appui-emploi,0,,,0,,,1,5826.37,-8,,-8,,1,5826.37,1,165.18,-8,,1,165.18,1,162.09,1,166.5,1,35.95,1,34.99,1
202406,JOB829221731135,ID2039248155,EMP1240252748,-9,202303,,0,999909,-9,1,1,0,0,0,0,,1,202304,4.0,0,,,1,6716.8,-8,,-8,,1,6716.8,1,162.09,-8,,1,162.09,1,162.87,1,162.16,1,41.24,1,41.42,1
202402,JOB389225782331,ID8823870281,EMP6461060466,-9,202308,,0,999909,-9,0,1,0,0,0,0,,1,202310,8.0,0,,,1,3094.21,-8,,-8,,1,3094.21,1,166.08,-8,,1,166.08,1,166.01,1,165.07,1,18.64,1,18.74,0
202610,JOB387810642845,ID5216076084,EMP9049350379,TMP6105026273,202511,,0,999909,-9,0,0,0,0,0,0,,1,202512,4.0,0,,,1,7543.62,1,224.31,-8,,1,7767.93,1,171.59,-8,,1,171.59,1,173.08,1,173.07,1,43.58,1,44.88,1
202501,JOB912187534132,ID5549585961,EMP6138455820,-9,202210,202211,1,202211,2,0,0,0,0,0,0,,1,202211,4.0,0,,,1,8357.63,-8,,-8,,1,8357.63,1,168.43,-8,,1,168.43,1,169.59,1,166.24,1,49.28,1,50.27,1
202604,JOB738281836238,ID6592150330,EMP4479583789,-9,201601,,0,999909,-9,0,0,0,0,0,0,,1,201604,12.0,0,,,1,7644.11,-8,,-8,,1,7644.11,1,169.52,1,15.13,1,184.65,1,167.69,1,184.82,1,45.58,1,41.36,1
202604,JOB105606420162,ID9560516691,EMP4411194287,-9,202004,,0,999909,-9,1,1,0,0,0,0,,1,202005,4.0,0,,,1,3783.11,-8,,-8,,1,3783.11,1,162.84,-8,,1,162.84,1,161.2,1,165.64,1,23.47,1,22.84,1
202409,JOB065095123770,ID3552946263,EMP7055176726,-9,202510,,1,202607,4,0,1,0,0,0,0,,1,202512,8.0,0,,,1,3667.77,1,982.63,-8,,1,4650.4,1,165.18,-8,,1,165.18,1,165.64,1,164.88,1,22.14,1,28.2,1
202512,JOB920717575515,ID9018925117,EMP1191465112,-9,202511,,0,999909,-9,0,1,0,0,0,0,,1,202601,8.0,0,,,1,3568.7,-8,,-8,,1,3568.7,1,165.6,-8,,1,165.6,1,165.67,1,168.13,1,21.54,1,21.23,1
202404,JOB908535704502,ID9418150927,EMP8144996052,-9,201710,201712,4,201712,2,0,0,0,0,0,0,,-9,,,0,,,1,1384.56,-8,,-8,,1,1384.56,1,71.51,-8,,1,71.51,1,72.93,1,72.52,1,18.98,1,19.09,1
202401,JOB999366520499,ID9418150927,EMP2423380058,TMP4042426306,201505,,0,999909,-9,0,0,0,0,0,0,,1,201507,8.0,0,,,1,4695.29,-8,,-8,,1,4695.29,1,166.84,-8,,1,166.84,1,168.74,1,167.56,1,27.83,1,28.02,1
202412,JOB491437358486,ID6894408409,-9,-9,202201,202203,-9,202203,2,2,-8,-9,0,0,0,,-9,,,-9,,,-9,,-9,,-9,,-9,,-9,,-9,,-9,,-9,,-9,,-9,,-9,,1
202607,JOB231730714290,ID7867157421,EMP2891176272,-9,202411,,0,999909,-9,0,1,0,0,0,0,,1,202412,6.0,1,862.65,50.05,1,2875.49,-8,,-8,,1,2875.49,1,166.84,-8,,1,166.84,1,167.27,1,166.19,1,17.19,1,17.3,1
202407,JOB714038780863,ID6438519719,EMP1584248174,-9,201703,,0,999909,-9,0,1,0,0,0,0,,1,201706,12.0,0,,,1,3287.28,1,522.27,-8,,1,3809.54,1,160.12,-8,,1,160.12,1,159.32,1,157.05,1,20.63,1,24.26,1
202504,JOB467288578402,ID7352660832,EMP2379627492,-9,202205,,0,999909,-9,0,1,0,0,0,0,,1,202206,6.0,0,,,1,3591.1,1,892.64,-8,,1,4483.74,1,166.35,-8,,1,166.35,1,164.52,1,168.53,1,21.83,1,26.6,1
202505,JOB750800939040,ID8318397926,EMP6546313579,-9,202308,,0,999909,-9,0,1,0,0,0,0,,0,,,0,,,1,4016.22,-8,,-8,,1,4016.22,1,163.16,-8,,1,163.16,1,165.18,1,161.23,1,24.31,1,24.91,1
202407,JOB920193808770,ID0801593843,-9,-9,202511,202605,-9,202605,2,2,-8,-9,0,0,0,,-9,,,-9,,,-9,,-9,,-9,,-9,,-9,,-9,,-9,,-9,,-9,,-9,,-9,,0
202610,JOB421677568237,ID7156787577,EMP3944612493,-9,202002,,0,999909,-9,0,1,0,0,0,0,,1,202003,6.0,0,,,1,3315.51,-8,,-8,,1,3315.51,1,162.41,-8,,1,162.41,1,161.68,1,161.39,1,20.51,1,20.54,1
202505,JOB980262353143,ID1393405458,EMP1360499805,-9,201601,,0,999909,-9,0,1,0,0,0,0,,1,201602,6.0,0,,,1,4478.46,-8,,-8,,1,4478.46,1,167.74,-8,,1,167.74,1,168.81,1,168.74,1,26.53,1,26.54,1
202404,JOB761506475735,ID2714363547,EMP7270182187,-9,201701,201907,1,201907,6,0,1,0,0,0,0,,1,201703,8.0,0,,,1,3803.37,-8,,-8,,1,3803.37,1,171.45,-8,,1,171.45,1,173.33,1,170.85,1,21.94,1,22.26,1
202411,JOB608452302961,ID7477522147,EMP8823792268,-9,202208,202209,1,202209,1,0,0,0,0,0,0,,1,202209,6.0,0,,,1,7827.63,-8,,-8,,1,7827.63,1,170.9,1,16.02,1,186.92,1,169.83,1,185.19,1,46.09,1,42.27,1
202502,JOB272330021178,ID8102170764,EMP6732320075,TMP2058464084,202007,,0,999909,-9,0,0,0,0,0,0,,1,202008,6.0,0,,,1,7739.96,-8,,-8,,1,7739.96,1,172.56,-8,,1,172.56,1,173.72,1,175.64,1,44.55,1,44.07,1
202401,JOB127123268212,ID8070999183,EMP3941270229,-9,201507,,0,999909,-9,1,0,0,0,0,0,,1,201508,6.0,0,,,1,4461.75,-8,,-8,,1,4461.75,1,168.23,-8,,1,168.23,1,170.04,1,169.93,1,26.24,1,26.26,1
202406,JOB013975033996,ID7468929967,EMP6160327103,-9,201907,,0,999909,-9,0,1,0,0,0,0,,1,201909,8.0,1,871.01,50.8,1,2903.37,1,775.1,-8,,1,3678.47,1,169.32,-8,,1,169.32,1,167.31,1,169.76,1,17.35,1,21.67,1
202507,JOB487685981400,ID9252798302,EMP2193189541,-9,202104,202201,1,202201,4,0,0,0,0,0,0,,1,202107,12.0,0,,,1,7016.95,-8,,-8,,1,7016.95,1,160.04,-8,,1,160.04,1,162.04,1,160.35,1,43.3,1,43.76,1
202409,JOB548659984338,ID1920882379,EMP6835822014,TMP8633248526,201905,,0,999909,-9,1,0,0,0,0,0,,1,201906,4.0,0,,,1,5038.38,1,297.64,-8,,1,5336.02,1,164.85,-8,,1,164.85,1,162.12,1,167.08,1,31.08,1,31.94,1
202604,JOB837861224649,ID8278566647,EMP3757663124,-9,201711,201911,3,201911,5,0,0,0,0,0,0,,-9,,,0,,,1,3812.63,-8,,-8,,1,3812.63,1,140.81,-8,,1,140.81,1,143.45,1,143.03,1,26.58,1,26.66,1
202407,JOB779120599187,ID0275982750,EMP9823869016,-9,202007,202009,4,202009,1,0,1,0,0,0,0,,-9,,,0,,,1,1006.22,1,988.14,1,266.07,1,2260.43,1,64.71,1,11.40721207784513,1,76.11721207784512,1,65.85,1,77.25721207784513,1,15.28,1,29.26,1
202507,JOB719151174228,ID9552337635,EMP7028245912,-9,202305,,0,999909,-9,0,0,0,0,0,0,,1,202307,8.0,0,,,1,7235.52,1,896.64,-8,,1,8132.16,1,168.62,1,12.11,1,180.74,1,169.94,1,177.59,1,42.58,1,45.79,1
202512,JOB676345194651,ID9667645361,-9,-9,201804,201806,-9,201806,4,2,-8,-9,0,0,0,,-9,,,-9,,,-9,,-9,,-9,,-9,,-9,,-9,,-9,,-9,,-9,,-9,,-9,,1
202401,JOB882194716552,ID9647745823,EMP2680159563,-9,201907,202004,1,202004,4,0,0,0,0,0,0,,1,201908,6.0,0,,,1,4458.17,-8,,-8,,1,4458.17,1,161.98,1,11.1,1,173.08,1,161.18,1,176.18,1,27.66,1,25.3,1
202605,JOB434141693084,ID2406241336,EMP7094987498,-9,201802,,0,999909,-9,0,1,0,0,0,0,,1,201803,6.0,0,,,1,3398.29,-8,,-8,,1,3398.29,1,162.9,-8,,1,162.9,1,164.86,1,165.05,1,20.61,1,20.59,1
202501,JOB875930673248,ID3292178563,EMP4316933702,-9,202410,,0,999909,-9,0,1,0,0,0,0,,1,202412,8.0,0,,,1,3654.57,-8,,-8,,1,3654.57,1,169.28,-8,,1,169.28,1,166.69,1,168.15,1,21.92,1,21.73,1
202410,JOB584377773096,ID4792917892,EMP9286184025,-9,201706,202403,0,999909,-9,0,0,0,0,0,1,CAE - Contrat d'appui-emploi,0,,,0,,,1,4733.21,-8,,-8,,1,4733.21,1,169.01,-8,,1,169.01,1,169.38,1,169.53,1,27.94,1,27.92,1
202612,JOB653842660807,ID2756564654,EMP8269622522,-9,201907,,0,999909,-9,0,0,0,0,0,0,,1,201909,8.0,0,,,1,6604.04,1,747.96,-8,,1,7351.99,1,164.2,-8,,1,164.2,1,163.11,1,165.65,1,40.49,1,44.38,1
202502,JOB785364933380,ID8477780545,EMP3034380853,-9,201610,201702,1,201702,3,0,1,0,0,0,0,,1,201701,12.0,0,,,1,3229.69,1,884.98,-8,,1,4114.67,1,165.84,-8,,1,165.84,1,168.82,1,165.24,1,19.13,1,24.9,1
202504,JOB043345426993,ID0084532173,EMP2535238574,-9,201503,201609,1,201609,5,0,1,0,0,0,0,,1,201506,12.0,0,,,1,3634.0,1,152.59,-8,,1,3786.59,1,171.82,-8,,1,171.82,1,169.94,1,171.68,1,21.38,1,22.06,1
202401,JOB780569709594,ID9515473272,EMP6759875149,-9,201805,,0,999909,-9,0,1,0,0,0,0,,1,201806,6.0,1,1181.27,49.94,1,3937.55,-8,,1,627.35,1,4564.9,1,166.46,1,17.680749626771373,1,184.14074962677137,1,163.45,1,181.13074962677138,1,24.09,1,25.2,1
202410,JOB604973570135,ID1918277920,EMP9582593140,-9,201901,,0,999909,-9,0,1,0,0,0,0,,1,201904,12.0,0,,,1,3383.2,1,886.86,-8,,1,4270.06,1,169.5,-8,,1,169.5,1,172.29,1,172.22,1,19.64,1,24.79,1
202402,JOB693428869609,ID9606857474,EMP3644136356,-9,202310,,0,999909,-9,0,0,0,0,0,0,,1,202311,6.0,1,1351.01,48.06,1,4503.36,-8,,-8,,1,4503.36,1,160.19,-8,,1,160.19,1,161.75,1,161.47,1,27.84,1,27.89,1
202507,JOB062563202862,ID4510677370,-9,-9,202011,202103,-9,202103,2,2,-8,-9,0,0,0,,-9,,,-9,,,-9,,-9,,-9,,-9,,-9,,-9,,-9,,-9,,-9,,-9,,-9,,1
202410,JOB847293168762,ID9126015736,-9,-9,201701,201703,-9,201703,3,2,-8,-9,0,0,0,,-9,,,-9,,,-9,,-9,,-9,,-9,,-9,,-9,,-9,,-9,,-9,,-9,,-9,,1
202503,JOB994580655129,ID7363655085,-9,-9,202503,202508,-9,202508,4,2,-8,-9,0,0,0,,-9,,,-9,,,-9,,-9,,-9,,-9,,-9,,-9,,-9,,-9,,-9,,-9,,-9,,1
202603,JOB123472098964,ID1827644815,EMP2476554124,-9,201611,201708,1,201708,4,0,0,0,0,0,0,,1,201702,12.0,0,,,1,7916.63,1,881.33,-8,,1,8797.95,1,171.59,-8,,1,171.59,1,171.45,1,168.75,1,46.17,1,52.14,1
202506,JOB647328383833,ID8564149653,-9,-9,202104,202107,-9,202107,4,2,-8,-9,0,0,0,,-9,,,-9,,,-9,,-9,,-9,,-9,,-9,,-9,,-9,,-9,,-9,,-9,,-9,,1
202508,JOB072046221734,ID8564149653,EMP7127114500,-9,202503,,0,999909,-9,1,0,0,0,0,0,,0,,,0,,,1,6757.14,-8,,-8,,1,6757.14,1,167.79,-8,,1,167.79,1,168.6,1,170.3,1,40.08,1,39.68,1
202405,JOB887440135179,ID5783781210,EMP8799736455,-9,202106,,0,999909,-9,0,0,0,0,0,0,,1,202108,8.0,0,,,1,7637.16,-8,,-8,,1,7637.16,1,168.26,-8,,1,168.26,1,170.87,1,169.32,1,44.7,1,45.1,1
202612,JOB061721194211,ID0173131271,EMP1714696665,-9,201510,,0,999909,-9,0,1,0,0,0,0,,1,201511,6.0,0,,,1,4350.66,-8,,-8,,1,4350.66,1,165.22,-8,,1,165.22,1,162.66,1,165.88,1,26.75,1,26.23,1
202408,JOB372529891237,ID4262277142,-9,-9,201508,201602,-9,201602,3,2,-8,-9,0,0,0,,-9,,,-9,,,-9,,-9,,-9,,-9,,-9,,-9,,-9,,-9,,-9,,-9,,-9,,1
202504,JOB369297046359,ID5572460528,EMP8089496018,-9,202411,,0,999909,-9,1,1,0,0,0,1,CAE - Contrat d'appui-emploi,0,,,0,,,1,3991.27,-8,,-8,,1,3991.27,1,168.3,1,10.49,1,178.79,1,166.53,1,180.54,1,23.97,1,22.11,1
202510,JOB870606079777,ID3393900133,EMP6581088453,-9,202108,202306,0,999909,-9,0,0,0,0,0,0,,1,202109,6.0,0,,,1,7641.12,-8,,-8,,1,7641.12,1,160.47,-8,,1,160.47,1,157.63,1,161.81,1,48.48,1,47.22,1
202402,JOB945275927672,ID3393900133,EMP1462400670,-9,202105,202311,0,999909,-9,1,1,0,0,0,0,,1,202107,8.0,0,,,1,3641.76,1,510.19,-8,,1,4151.94,1,162.64,1,8.24,1,170.89,1,159.53,1,174.14,1,22.83,1,23.84,1
202603,JOB920231369988,ID1254281257,EMP6232528123,-9,202309,,0,999909,-9,1,1,0,0,0,0,,1,202312,12.0,0,,,1,4056.07,-8,,-8,,1,4056.07,1,160.73,-8,,1,160.73,1,161.86,1,162.47,1,25.06,1,24.97,1
202403,JOB521456394407,ID8637822425,EMP8489373402,-9,202511,202512,0,999909,-9,0,1,0,0,0,0,,1,202605,26.0,0,,,1,3534.19,-8,,-8,,1,3534.19,1,172.86,-8,,1,172.86,1,170.79,1,173.21,1,20.69,1,20.4,1
202510,JOB076563438679,ID4501209319,EMP6290903527,-9,201705,,0,999909,-9,0,0,0,0,0,0,,1,201708,12.0,0,,,1,7918.42,-8,,-8,,1,7918.42,1,165.64,1,15.67,1,181.31,1,168.33,1,178.39,1,47.04,1,44.39,1
202508,JOB413963167373,ID4978758857,EMP9127524274,-9,202408,,0,999909,-9,0,1,0,0,0,0,,0,,,0,,,1,4713.01,1,952.06,-8,,1,5665.07,1,168.38,-8,,1,168.38,1,171.23,1,166.01,1,27.52,1,34.12,1
202410,JOB885414157704,ID2748647184,EMP4608092671,-9,202305,,0,999909,-9,0,1,0,0,0,0,,1,202311,26.0,0,,,1,2745.66,-8,,-8,,1,2745.66,1,162.12,-8,,1,162.12,1,159.41,1,160.19,1,17.22,1,17.14,1
202402,JOB806046311118,ID9224885938,EMP9288658711,-9,202409,,0,999909,-9,0,0,0,0,0,0,,1,202503,26.0,0,,,1,5930.35,-8,,-8,,1,5930.35,1,163.09,-8,,1,163.09,1,163.9,1,164.38,1,36.18,1,36.08,1
202603,JOB210090905543,ID5599583415,EMP8717515112,-9,201708,201711,2,201711,2,0,1,0,1,0,0,,-9,,,0,,,1,3481.75,-8,,-8,,1,3481.75,1,172.31,1,17.37,1,189.67,1,174.58,1,192.65,1,19.94,1,18.07,1
202405,JOB295743746697,ID5338934402,EMP5108544557,-9,201907,202004,1,202004,4,0,1,0,0,0,0,,1,201908,6.0,0,,,1,4289.22,-8,,-8,,1,4289.22,1,164.83,-8,,1,164.83,1,164.28,1,163.06,1,26.11,1,26.3,1
202605,JOB778169177147,ID6755294112,EMP0643401203,-9,202402,,0,999909,-9,0,0,0,0,0,0,,1,202404,8.0,0,,,1,6570.82,-8,,-8,,1,6570.82,1,171.56,-8,,1,171.56,1,172.06,1,174.33,1,38.19,1,37.69,1
202612,JOB158339103400,ID9794827331,EMP5560757919,-9,201802,,0,999909,-9,0,1,0,0,0,0,,0,,,0,,,1,2551.28,1,324.54,1,162.89,1,3038.72,1,160.31,1,6.823615407750641,1,167.13361540775065,1,161.48,1,168.30361540775064,1,15.8,1,18.05,1
202509,JOB155698153930,ID9794827331,-9,-9,202206,202210,-9,202210,2,2,-8,-9,0,0,0,,-9,,,-9,,,-9,,-9,,-9,,-9,,-9,,-9,,-9,,-9,,-9,,-9,,-9,,1
202505,JOB908294129675,ID9591570327,EMP1600210194,-9,201811,,0,999909,-9,0,0,0,0,0,0,,1,201812,6.0,0,,,1,6981.58,-8,,-8,,1,6981.58,1,168.01,-8,,1,168.01,1,165.05,1,165.83,1,42.3,1,42.1,1
202505,JOB043664146933,ID9464912056,EMP8097188345,-9,201910,,0,999909,-9,0,1,0,0,0,0,,0,,,0,,,1,3144.73,-8,,-8,,1,3144.73,1,161.5,1,13.9,1,175.4,1,164.56,1,175.42,1,19.11,1,17.93,1
202509,JOB325356853513,ID3797290643,EMP6178036310,-9,201606,,0,999909,-9,1,1,0,0,0,0,,1,201612,26.0,0,,,1,7479.46,-8,,-8,,1,7479.46,1,171.53,-8,,1,171.53,1,169.79,1,171.31,1,44.05,1,43.66,1
202410,JOB748289032576,ID3593337649,EMP8787697503,-9,202404,,0,999909,-9,0,0,0,0,0,0,,1,202405,4.0,0,,,1,4565.52,-8,,-8,,1,4565.52,1,169.83,-8,,1,169.83,1,168.87,1,170.11,1,27.04,1,26.84,1
202508,JOB779269681102,ID4482951550,EMP0160890313,-9,201707,202202,0,999909,-9,1,1,0,0,0,0,,1,201710,12.0,0,,,1,3967.11,1,494.74,-8,,1,4461.85,1,170.1,-8,,1,170.1,1,173.11,1,169.45,1,22.92,1,26.33,1
202509,JOB034358114248,ID6297857839,EMP5615315788,-9,201801,,0,999909,-9,0,0,0,0,0,0,,1,201802,6.0,0,,,1,6931.04,-8,,-8,,1,6931.04,1,163.67,-8,,1,163.67,1,164.64,1,166.82,1,42.1,1,41.55,1
202611,JOB986313825880,ID7055455667,EMP7023131035,-9,202009,,0,999909,-9,0,1,0,0,0,0,,1,202103,26.0,0,,,1,2850.06,-8,,-8,,1,2850.06,1,167.32,-8,,1,167.32,1,168.54,1,164.36,1,16.91,1,17.34,1
202411,JOB970358780538,ID2859521663,EMP6204428841,TMP9613933639,201503,201507,1,201507,3,0,0,0,0,0,0,,1,201506,12.0,0,,,1,5569.33,-8,,-8,,1,5569.33,1,172.08,-8,,1,172.08,1,172.48,1,168.82,1,32.29,1,32.99,1
202507,JOB268634716405,ID3521910327,EMP9912180685,-9,201511,,0,999909,-9,0,0,0,0,1,0,,1,201602,12.0,0,,,1,7518.72,1,791.7,-8,,1,8310.42,1,169.73,-8,,1,169.73,1,169.14,1,169.85,1,44.45,1,48.93,0
202503,JOB348154874390,ID2378026099,EMP3794261601,-9,202406,,0,999909,-9,1,0,0,0,0,0,,0,,,0,,,1,7440.82,1,272.14,-8,,1,7712.96,1,168.69,1,7.16,1,175.85,1,170.12,1,178.77,1,43.74,1,43.14,1
202409,JOB645762025159,ID5651867226,EMP2679402641,-9,201707,,0,999909,-9,0,1,0,0,0,0,,1,201708,6.0,0,,,1,2839.57,-8,,-8,,1,2839.57,1,172.94,-8,,1,172.94,1,170.1,1,172.31,1,16.69,1,16.48,1
202612,JOB822500138454,ID4444665596,EMP4411547732,-9,201910,,0,999909,-9,0,1,0,0,0,0,,1,202001,12.0,0,,,1,4121.11,1,570.32,-8,,1,4691.44,1,168.7,-8,,1,168.7,1,170.12,1,170.98,1,24.22,1,27.44,1
202608,JOB059186840027,ID8202492722,EMP6468815888,-9,201603,201905,0,999909,-9,0,0,0,0,0,1,CAE - Contrat d'appui-emploi,0,,,0,,,1,5195.51,-8,,-8,,1,5195.51,1,170.03,1,15.88,1,185.91,1,167.5,1,188.9,1,31.02,1,27.5,1
202504,JOB070765212724,ID1178951769,EMP5299592114,-9,201603,,0,999909,-9,1,0,0,0,0,0,,1,201609,26.0,0,,,1,3841.41,-8,,-8,,1,3841.41,1,162.52,-8,,1,162.52,1,164.54,1,164.57,1,23.35,1,23.34,1
202503,JOB517477359344,ID4816497447,EMP7868044036,-9,201806,201912,0,999909,-9,0,1,0,0,0,0,,0,,,0,,,1,3315.21,1,887.09,-8,,1,4202.3,1,161.66,-8,,1,161.66,1,160.75,1,164.67,1,20.62,1,25.52,1
202610,JOB574709102203,ID4059106564,EMP2739080899,-9,201504,,0,999909,-9,0,0,0,0,0,0,,1,201507,12.0,0,,,1,3578.97,-8,,-8,,1,3578.97,1,167.41,-8,,1,167.41,1,164.63,1,165.3,1,21.74,1,21.65,1
202411,JOB474360915408,ID1011180584,EMP7634974705,-9,201703,,0,999909,-9,0,0,0,0,0,0,,1,201704,6.0,0,,,1,4153.25,-8,,-8,,1,4153.25,1,160.95,-8,,1,160.95,1,158.74,1,159.63,1,26.16,1,26.02,1
202401,JOB788430011646,ID0867323821,EMP9567081507,TMP1343863044,201606,,0,999909,-9,0,0,0,0,0,0,,1,201609,12.0,0,,,1,6894.15,-8,,-8,,1,6894.15,1,165.64,-8,,1,165.64,1,163.9,1,162.48,1,42.06,1,42.43,1
202411,JOB107837844091,ID0867323821,EMP5360002666,-9,202301,202302,1,202302,2,0,1,0,0,0,0,,1,202303,8.0,1,843.87,48.35,1,2812.9,1,883.06,-8,,1,3695.96,1,161.17,-8,,1,161.17,1,158.65,1,159.23,1,17.73,1,23.21,1
202506,JOB229222737202,ID4259849803,EMP0327607360,-9,201701,201705,1,201705,3,0,0,0,0,0,0,,1,201707,26.0,0,,,1,7137.45,-8,,-8,,1,7137.45,1,168.1,-8,,1,168.1,1,167.79,1,169.7,1,42.54,1,42.06,1
202506,JOB611152599412,ID7239614978,EMP3929915725,-9,202302,,0,999909,-9,0,1,0,0,0,0,,1,202304,8.0,0,,,1,4076.03,-8,,-8,,1,4076.03,1,170.72,-8,,1,170.72,1,172.28,1,169.37,1,23.66,1,24.07,1
202503,JOB473782137370,ID1642477350,EMP2731601362,-9,201505,,0,999909,-9,0,0,0,0,0,1,CAE - Contrat d'appui-emploi,1,201506,6.0,0,,,1,3442.84,-8,,-8,,1,3442.84,1,168.75,-8,,1,168.75,1,166.32,1,168.01,1,20.7,1,20.49,1
202612,JOB519325695661,ID0197533842,EMP1477237354,-9,201806,202012,1,202012,6,0,0,0,0,0,0,,1,201808,8.0,0,,,1,3879.49,-8,,-8,,1,3879.49,1,169.62,-8,,1,169.62,1,168.62,1,168.39,1,23.01,1,23.04,1
202511,JOB621371906826,ID3114509828,EMP5616363782,-9,202210,202601,0,999909,-9,1,0,0,0,0,0,,1,202212,8.0,0,,,1,5435.47,-8,,-8,,1,5435.47,1,170.55,1,10.74,1,181.29,1,172.14,1,181.7,1,31.58,1,29.91,1
202411,JOB504598504948,ID7947590757,EMP9724121379,-9,202202,,0,999909,-9,1,0,0,0,0,0,,0,,,0,,,1,4855.95,1,995.43,-8,,1,5851.39,1,166.58,-8,,1,166.58,1,165.09,1,165.54,1,29.41,1,35.35,1
202602,JOB113463046429,ID4889366037,EMP8582584203,-9,201503,202010,0,999909,-9,0,0,0,0,0,0,,1,201506,12.0,0,,,1,3508.51,1,607.54,-8,,1,4116.04,1,163.26,1,11.43,1,174.69,1,165.99,1,177.75,1,21.14,1,23.16,1
202408,JOB838379298975,ID4192700665,EMP6447598088,-9,201910,,0,999909,-9,0,0,0,0,0,0,,0,,,0,,,1,7591.3,-8,,-8,,1,7591.3,1,172.71,-8,,1,172.71,1,170.95,1,174.11,1,44.41,1,43.6,1
202402,JOB752803465706,ID2970371774,EMP1295083474,-9,202203,,0,999909,-9,0,1,0,0,0,0,,1,202206,12.0,0,,,1,4433.36,-8,,-8,,1,4433.36,1,172.72,-8,,1,172.72,1,169.86,1,171.22,1,26.1,1,25.89,1
202605,JOB715406905954,ID3321192344,EMP3469921618,-9,201702,,0,999909,-9,1,0,0,0,1,0,,0,,,0,,,1,6625.86,-8,,-8,,1,6625.86,1,167.75,-8,,1,167.75,1,166.88,1,165.49,1,39.7,1,40.04,1
202607,JOB271660405837,ID7249080744,EMP7468212261,-9,202211,202212,4,202212,1,0,1,0,0,0,0,,-9,,,0,,,1,2143.76,-8,,-8,,1,2143.76,1,99.06,-8,,1,99.06,1,100.55,1,97.85,1,21.32,1,21.91,1
202607,JOB157406097296,ID3256384409,EMP0077235407,-9,202407,,0,999909,-9,1,1,0,0,0,0,,0,,,0,,,1,6726.14,-8,,-8,,1,6726.14,1,164.0,-8,,1,164.0,1,163.88,1,162.33,1,41.04,1,41.43,1
202502,JOB442520083456,ID9437234298,EMP7023512448,-9,202407,,0,999909,-9,0,1,0,0,0,0,,1,202410,12.0,0,,,1,3962.88,-8,,1,175.87,1,4138.75,1,172.35,1,5.09933263869174,1,177.44933263869174,1,170.51,1,175.60933263869174,1,23.24,1,23.57,1
202506,JOB746621105567,ID8462324684,EMP7200971668,TMP8476016335,202505,202506,1,202506,1,0,1,0,0,1,0,,1,202507,8.0,0,,,1,3710.8,1,373.82,-8,,1,4084.62,1,170.1,-8,,1,170.1,1,173.25,1,172.05,1,21.42,1,23.74,0
202509,JOB690839079617,ID9899266232,EMP0293046562,-9,202108,,0,999909,-9,0,0,0,0,0,0,,1,202111,12.0,0,,,1,3773.09,1,922.3,-8,,1,4695.39,1,168.27,-8,,1,168.27,1,166.21,1,166.18,1,22.7,1,28.25,1
202408,JOB562845073168,ID0804354937,EMP0748882840,TMP1116170334,202005,,0,999909,-9,1,1,0,0,0,0,,0,,,0,,,1,6046.77,-8,,-8,,1,6046.77,1,167.48,-8,,1,167.48,1,170.0,1,169.84,1,35.57,1,35.6,1
202612,JOB468787316805,ID6261890545,EMP0156337045,-9,202210,202504,1,202504,6,0,0,0,0,0,0,,1,202212,8.0,0,,,1,6559.41,1,409.36,-8,,1,6968.78,1,160.17,-8,,1,160.17,1,158.9,1,157.96,1,41.28,1,44.12,1
202411,JOB152508350632,ID3600219733,EMP5807999624,-9,202404,202408,1,202408,3,0,1,0,0,0,1,PAN - Projet d'activité national,1,202405,6.0,0,,,1,3607.69,-8,,-8,,1,3607.69,1,161.59,-8,,1,161.59,1,162.43,1,162.56,1,22.21,1,22.19,1
202405,JOB453967055110,ID6079239212,EMP2100153157,-9,201601,,0,999909,-9,1,0,0,0,0,0,,1,201602,6.0,0,,,1,3774.73,-8,,-8,,1,3774.73,1,170.9,-8,,1,170.9,1,173.32,1,170.38,1,21.78,1,22.15,1
202401,JOB979729746719,ID0356175598,EMP3094865831,-9,202503,202504,1,202504,2,0,0,0,0,0,0,,1,202504,4.0,0,,,1,3465.06,-8,,-8,,1,3465.06,1,171.2,-8,,1,171.2,1,169.83,1,172.68,1,20.4,1,20.07,1
202612,JOB326178930525,ID3631117120,EMP9139710410,-9,202007,,0,999909,-9,0,0,0,0,0,0,,1,202008,6.0,0,,,1,6855.29,-8,,-8,,1,6855.29,1,166.51,-8,,1,166.51,1,165.98,1,164.95,1,41.3,1,41.56,1
202411,JOB556230812254,ID6623070958,EMP5790351107,-9,201906,202202,0,999909,-9,0,0,0,0,0,0,,0,,,0,,,1,3174.77,-8,,-8,,1,3174.77,1,169.49,-8,,1,169.49,1,170.87,1,170.44,1,18.58,1,18.63,1
202502,JOB369130699939,ID2843872864,EMP2001622135,-9,202102,202612,0,999909,-9,0,1,0,0,0,0,,0,,,0,,,1,4431.32,1,922.07,-8,,1,5353.4,1,162.52,-8,,1,162.52,1,162.67,1,164.79,1,27.24,1,32.49,1
202412,JOB454528513503,ID6580443017,EMP2927040278,-9,202303,,0,999909,-9,0,1,0,0,0,0,,1,202309,26.0,0,,,1,3917.24,-8,,-8,,1,3917.24,1,168.12,-8,,1,168.12,1,165.02,1,171.12,1,23.74,1,22.89,1
202401,JOB186390898553,ID3071941300,EMP2412597003,-9,201803,,0,999909,-9,1,0,0,0,0,0,,1,201809,26.0,0,,,1,5114.41,-8,,-8,,1,5114.41,1,164.64,-8,,1,164.64,1,167.72,1,162.73,1,30.49,1,31.43,1
202602,JOB276211711444,ID3034819183,EMP0231465446,-9,202208,202212,2,202212,2,0,0,0,0,0,0,,-9,,,0,,,1,4053.2,1,423.09,-8,,1,4476.29,1,161.58,-8,,1,161.58,1,160.64,1,160.9,1,25.23,1,27.82,1
202402,JOB682719590183,ID6972217517,EMP7612784210,TMP4910668718,202002,,0,999909,-9,0,1,0,0,0,0,,1,202003,6.0,0,,,1,3234.0,1,886.6,-8,,1,4120.6,1,161.74,1,17.37,1,179.11,1,162.08,1,182.08,1,19.95,1,22.63,1
202611,JOB649011865143,ID8250264890,EMP0871135567,-9,202304,202308,1,202308,3,0,0,0,1,0,0,,1,202310,26.0,0,,,1,3469.08,1,550.83,-8,,1,4019.91,1,164.27,-8,,1,164.27,1,165.57,1,165.98,1,20.95,1,24.22,1
202511,JOB450033409397,ID2209339090,-9,-9,201703,201704,-9,201704,4,2,-8,-9,0,0,0,,-9,,,-9,,,-9,,-9,,-9,,-9,,-9,,-9,,-9,,-9,,-9,,-9,,-9,,1
202603,JOB955923657971,ID4576434392,EMP2237174098,-9,202009,,0,999909,-9,1,0,0,0,0,0,,1,202012,12.0,0,,,1,4311.13,-8,,-8,,1,4311.13,1,160.37,-8,,1,160.37,1,157.82,1,159.52,1,27.32,1,27.03,0
202506,JOB993561002699,ID9514096196,EMP5355021500,-9,202311,202511,3,202511,5,0,0,0,0,0,0,,-9,,,0,,,1,4699.32,1,322.53,-8,,1,5021.85,1,142.6,-8,,1,142.6,1,143.69,1,141.85,1,32.7,1,35.4,1
202504,JOB092303982716,ID9531393046,EMP2967784225,-9,201802,,0,999909,-9,1,1,0,0,0,0,,0,,,0,,,1,5430.84,1,838.89,-8,,1,6269.73,1,165.51,-8,,1,165.51,1,167.56,1,164.34,1,32.41,1,38.15,1
202506,JOB366557781604,ID3935813229,EMP4171646031,-9,202410,202604,0,999909,-9,0,0,0,0,0,0,,0,,,0,,,1,4264.35,1,461.79,-8,,1,4726.15,1,166.74,-8,,1,166.74,1,169.79,1,165.74,1,25.12,1,28.52,1
202407,JOB099581879206,ID8349726568,EMP0575564020,-9,202004,,0,999909,-9,0,1,0,0,0,0,,1,202007,12.0,0,,,1,3901.28,1,196.27,-8,,1,4097.55,1,162.45,1,9.1,1,171.55,1,165.32,1,174.01,1,23.6,1,23.55,1
202505,JOB536410037812,ID7094984408,EMP9837699720,-9,202105,,0,999909,-9,0,0,0,0,0,0,,1,202106,4.0,0,,,1,3414.85,-8,,-8,,1,3414.85,1,172.75,1,18.84,1,191.59,1,172.93,1,192.58,1,19.75,1,17.73,1
202504,JOB134186030456,ID9462447053,EMP4753464078,-9,202501,202506,2,202506,2,0,1,0,0,0,0,,-9,,,0,,,1,3604.02,-8,,-8,,1,3604.02,1,162.23,-8,,1,162.23,1,164.16,1,162.61,1,21.95,1,22.16,0
202508,JOB718960492967,ID6171982706,EMP6615988185,-9,202508,,0,999909,-9,0,1,0,0,0,0,,1,202511,12.0,0,,,1,3604.81,-8,,-8,,1,3604.81,1,172.5,1,7.3,1,179.8,1,173.57,1,181.49,1,20.77,1,19.86,1
202511,JOB183525418104,ID2559646849,EMP8455690039,-9,202108,,0,999909,-9,1,0,0,0,0,0,,0,,,0,,,1,6298.65,-8,,-8,,1,6298.65,1,161.54,-8,,1,161.54,1,162.0,1,163.18,1,38.88,1,38.6,1
202507,JOB806009919812,ID3781887969,EMP8044321864,-9,201809,,0,999909,-9,0,0,0,0,0,0,,1,201810,6.0,0,,,1,4020.53,1,817.34,1,720.4,1,5558.28,1,163.65,1,19.548584848184603,1,183.19858484818462,1,161.75,1,181.2985848481846,1,24.86,1,30.66,1
202412,JOB800035212487,ID7559617544,-9,-9,201503,201505,-9,201505,3,2,-8,-9,0,0,0,,-9,,,-9,,,-9,,-9,,-9,,-9,,-9,,-9,,-9,,-9,,-9,,-9,,-9,,1
202604,JOB847906954877,ID1309667754,EMP9922222864,-9,201603,,0,999909,-9,1,0,0,0,0,0,,1,201606,12.0,0,,,1,3806.14,-8,,-8,,1,3806.14,1,161.28,-8,,1,161.28,1,163.23,1,163.38,1,23.32,1,23.3,1
202505,JOB105940504216,ID9148248528,-9,-9,202103,202106,-9,202106,4,2,-8,-9,0,0,0,,-9,,,-9,,,-9,,-9,,-9,,-9,,-9,,-9,,-9,,-9,,-9,,-9,,-9,,1
202505,JOB513493635440,ID3055474764,EMP2306087753,-9,201604,,0,999909,-9,1,0,0,0,0,0,,1,201605,4.0,1,1223.74,48.7,1,4079.13,-8,,-8,,1,4079.13,1,162.35,-8,,1,162.35,1,165.25,1,162.31,1,24.68,1,25.13,1
202607,JOB924946417791,ID4154101952,EMP0788052535,-9,202108,,0,999909,-9,0,1,0,0,0,0,,0,,,0,,,1,4673.3,-8,,-8,,1,4673.3,1,169.95,-8,,1,169.95,1,169.38,1,172.58,1,27.59,1,27.08,0
202512,JOB852375233394,ID4154101952,EMP4530274964,-9,201510,201602,1,201602,3,0,0,0,0,0,0,,1,201511,6.0,0,,,1,7232.46,-8,,-8,,1,7232.46,1,162.51,-8,,1,162.51,1,165.32,1,161.76,1,43.75,1,44.71,1
202610,JOB539932692743,ID8548235261,EMP5273130876,-9,202501,,0,999909,-9,0,1,0,0,0,0,,1,202504,12.0,0,,,1,4315.36,-8,,1,270.56,1,4585.92,1,163.6,1,6.838064369635456,1,170.43806436963544,1,163.28,1,170.11806436963545,1,26.43,1,26.96,1
202504,JOB881403328976,ID8138629649,EMP0299223872,-9,202001,,0,999909,-9,0,0,0,1,0,0,,1,202003,8.0,0,,,1,8045.03,-8,,1,1258.34,1,9303.37,1,162.01,1,16.893500570905992,1,178.90350057090598,1,162.42,1,179.31350057090597,1,49.53,1,51.88,1
202402,JOB461715056095,ID2910064851,-9,-9,202302,202304,-9,202304,2,2,-8,-9,0,0,0,,-9,,,-9,,,-9,,-9,,-9,,-9,,-9,,-9,,-9,,-9,,-9,,-9,,-9,,1
202610,JOB114850869714,ID9055733282,EMP2785561114,-9,202404,202409,2,202409,4,0,1,0,0,0,0,,-9,,,0,,,1,3288.06,-8,,-8,,1,3288.06,1,171.29,-8,,1,171.29,1,171.08,1,173.51,1,19.22,1,18.95,1
202503,JOB124704721482,ID8507395382,EMP8267410929,-9,202309,,0,999909,-9,1,1,0,0,0,0,,1,202403,26.0,0,,,1,4136.99,1,986.59,-8,,1,5123.58,1,162.93,-8,,1,162.93,1,161.45,1,161.31,1,25.62,1,31.76,1
202609,JOB774605477444,ID0211054925,EMP9590501679,-9,201808,,0,999909,-9,0,0,0,0,0,0,,1,201810,8.0,0,,,1,3395.58,1,354.3,-8,,1,3749.89,1,163.49,1,18.34,1,181.83,1,163.13,1,178.48,1,20.82,1,21.01,1
202511,JOB372661680410,ID7805945117,EMP0911129656,-9,201504,201704,3,201704,5,0,1,0,0,0,0,,-9,,,0,,,1,3984.77,1,828.92,-8,,1,4813.69,1,172.69,-8,,1,172.69,1,170.72,1,173.56,1,23.34,1,27.74,1
202608,JOB302959432079,ID2928066013,EMP0455258898,-9,201807,201809,4,201809,1,0,1,0,0,0,0,,-9,,,0,,,1,1796.83,1,643.63,1,194.27,1,2634.73,1,91.83,1,6.618885225043626,1,98.44888522504363,1,90.04,1,96.65888522504363,1,19.96,1,27.26,1
202501,JOB229720931744,ID4793713721,-9,-9,201905,201911,-9,201911,4,2,-8,-9,0,0,0,,-9,,,-9,,,-9,,-9,,-9,,-9,,-9,,-9,,-9,,-9,,-9,,-9,,-9,,1
202406,JOB031868858984,ID4056840043,EMP0466131990,-9,202304,202608,0,999909,-9,0,1,0,0,0,0,,0,,,1,1283.45,51.84,1,4278.17,-8,,-8,,1,4278.17,1,172.8,-8,,1,172.8,1,174.17,1,175.56,1,24.56,1,24.37,1
202611,JOB187593428289,ID7882875539,EMP7269198104,-9,202303,202605,0,999909,-9,0,1,0,0,0,0,,1,202306,12.0,0,,,1,2798.91,-8,,1,308.65,1,3107.55,1,161.34,1,11.861081164065979,1,173.20108116406598,1,164.36,1,176.221081164066,1,17.03,1,17.63,1
202604,JOB278625064831,ID9482625998,EMP3448794008,-9,202408,202505,1,202505,4,0,0,0,0,0,0,,1,202411,12.0,0,,,1,4714.5,-8,,-8,,1,4714.5,1,170.39,-8,,1,170.39,1,171.24,1,170.82,1,27.53,1,27.6,1
202603,JOB119741986784,ID5873410716,EMP1884578293,-9,202111,202111,1,202111,0,0,1,0,0,0,0,,1,202202,12.0,0,,,1,3959.89,-8,,-8,,1,3959.89,1,168.64,-8,,1,168.64,1,168.2,1,171.81,1,23.54,1,23.05,1
202408,JOB424645220716,ID8363415984,EMP3585768744,TMP1409791134,202206,,0,999909,-9,1,0,0,0,0,0,,1,202207,6.0,0,,,1,6505.94,-8,,-8,,1,6505.94,1,163.54,-8,,1,163.54,1,165.51,1,163.15,1,39.31,1,39.88,1
202401,JOB203533932368,ID0261591946,-9,-9,201906,201909,-9,201909,3,2,-8,-9,0,0,0,,-9,,,-9,,,-9,,-9,,-9,,-9,,-9,,-9,,-9,,-9,,-9,,-9,,-9,,1
202409,JOB760512667648,ID3082468208,EMP5733852559,-9,202107,,0,999909,-9,1,1,0,0,0,0,,1,202110,12.0,0,,,1,4772.54,-8,,-8,,1,4772.54,1,170.57,1,14.14,1,184.71,1,172.49,1,182.02,1,27.67,1,26.22,1
202502,JOB256612475792,ID3082468208,EMP1218619952,TMP8016395131,201808,201811,2,201811,4,0,0,0,0,0,0,,-9,,,0,,,1,4471.12,1,683.18,-8,,1,5154.29,1,167.44,-8,,1,167.44,1,165.68,1,168.84,1,26.99,1,30.53,1
202611,JOB944870128015,ID8508907852,EMP2399118664,TMP6499392263,201908,202005,1,202005,4,0,0,0,0,0,0,,1,201909,6.0,0,,,1,6093.71,-8,,1,1083.0,1,7176.71,1,163.19,1,19.335205909813823,1,182.52520590981382,1,166.42,1,185.7552059098138,1,36.62,1,38.64,1
202409,JOB749778866583,ID5182736053,EMP4997319267,-9,201604,,0,999909,-9,0,0,0,0,0,0,,1,201605,4.0,0,,,1,6172.6,1,717.29,-8,,1,6889.89,1,170.82,1,16.77,1,187.6,1,172.98,1,188.01,1,35.68,1,36.65,0
202403,JOB538541135718,ID1982000630,EMP1173523737,-9,201503,,0,999909,-9,0,0,0,0,0,0,,0,,,0,,,1,7753.09,-8,,1,636.05,1,8389.14,1,163.67,1,8.95151042950111,1,172.6215104295011,1,166.07,1,175.0215104295011,1,46.69,1,47.93,1
202607,JOB439333099907,ID8608016650,EMP5668790992,-9,201504,,0,999909,-9,0,0,0,0,0,0,,0,,,0,,,1,5446.63,-8,,1,882.13,1,6328.76,1,163.31,1,17.63306487687273,1,180.94306487687274,1,161.52,1,179.15306487687275,1,33.72,1,35.33,0
202602,JOB859985850592,ID9809073005,EMP7180058141,-9,202401,,0,999909,-9,0,1,0,0,0,0,,1,202407,26.0,0,,,1,2626.1,1,860.45,-8,,1,3486.55,1,163.29,-8,,1,163.29,1,164.61,1,164.88,1,15.95,1,21.15,1
202512,JOB291525742787,ID5880387966,EMP7850468034,-9,202504,,0,999909,-9,1,0,0,0,0,0,,1,202506,8.0,0,,,1,5109.5,1,937.19,-8,,1,6046.69,1,169.52,-8,,1,169.52,1,166.3,1,172.64,1,30.72,1,35.02,1
202504,JOB534972540449,ID1286031526,-9,-9,201502,201506,-9,201506,3,2,-8,-9,0,0,0,,-9,,,-9,,,-9,,-9,,-9,,-9,,-9,,-9,,-9,,-9,,-9,,-9,,-9,,1
202606,JOB433748570716,ID8232416007,EMP3312161889,-9,201807,,0,999909,-9,0,1,0,0,0,0,,1,201808,4.0,0,,,1,2856.58,1,244.34,-8,,1,3100.92,1,162.39,-8,,1,162.39,1,162.25,1,159.66,1,17.61,1,19.42,1
202504,JOB836008692004,ID0609211253,EMP6069081932,TMP8103356378,202410,202412,0,999909,-9,0,0,0,0,0,0,,1,202411,4.0,0,,,1,5762.49,-8,,-8,,1,5762.49,1,164.73,-8,,1,164.73,1,165.07,1,165.74,1,34.91,1,34.77,1
202511,JOB046538855517,ID0479821242,EMP3482072820,TMP7755683560,201808,201905,1,201905,4,0,1,0,0,0,0,,1,201811,12.0,0,,,1,2993.53,-8,,-8,,1,2993.53,1,172.46,-8,,1,172.46,1,171.5,1,175.6,1,17.45,1,17.05,1
202411,JOB666957899434,ID0890488758,EMP2053485373,-9,202304,202412,0,999909,-9,1,0,0,0,0,0,,1,202310,26.0,0,,,1,5569.95,1,172.61,-8,,1,5742.55,1,165.43,1,9.5,1,174.93,1,164.76,1,173.18,1,33.81,1,33.16,1
202604,JOB652717488785,ID3811552627,EMP9314856137,-9,201511,,0,999909,-9,1,1,1,0,0,0,,1,201601,8.0,0,,,1,5552.4,-8,,-8,,1,5552.4,1,161.42,-8,,1,161.42,1,163.65,1,160.92,1,33.93,1,34.5,1
202404,JOB195811295807,ID5169482510,EMP7692740748,-9,202208,,0,999909,-9,0,0,0,0,0,0,,1,202210,8.0,0,,,1,6681.88,-8,,-8,,1,6681.88,1,166.91,-8,,1,166.91,1,165.76,1,164.89,1,40.31,1,40.52,1
202611,JOB676268252928,ID5169482510,EMP7153494687,-9,202408,,0,999909,-9,0,0,0,0,0,0,,1,202409,6.0,0,,,1,5827.56,-8,,1,1010.33,1,6837.89,1,160.44,1,18.543711099404227,1,178.98371109940422,1,163.58,1,182.12371109940423,1,35.63,1,37.55,1
202603,JOB796599370633,ID2166832090,EMP0718163748,-9,201708,,0,999909,-9,1,1,0,0,0,0,,1,201802,26.0,0,,,1,6967.99,-8,,-8,,1,6967.99,1,160.98,-8,,1,160.98,1,158.78,1,158.69,1,43.88,1,43.91,1
202407,JOB223278548895,ID8774133275,EMP9345207146,-9,201907,,0,999909,-9,0,0,0,0,0,0,,1,201908,4.0,0,,,1,4417.5,-8,,-8,,1,4417.5,1,164.35,-8,,1,164.35,1,163.51,1,164.13,1,27.02,1,26.91,1
202604,JOB749112480959,ID8975794114,EMP9050952414,-9,202007,,0,999909,-9,0,0,0,0,0,0,,1,202009,8.0,1,1467.32,48.24,1,4891.05,1,844.52,-8,,1,5735.57,1,160.81,-8,,1,160.81,1,163.74,1,163.21,1,29.87,1,35.14,1
202603,JOB521872371878,ID1604374207,EMP2826888891,-9,201502,202605,0,999909,-9,0,0,0,0,0,0,,1,201508,26.0,0,,,1,7809.34,-8,,-8,,1,7809.34,1,168.59,1,14.44,1,183.03,1,171.72,1,179.67,1,45.48,1,43.46,1
202409,JOB764677546881,ID6963404840,EMP1967675429,-9,201906,,0,999909,-9,0,1,0,0,0,0,,1,201907,6.0,0,,,1,2676.83,-8,,-8,,1,2676.83,1,164.99,1,16.93,1,181.92,1,167.89,1,178.58,1,15.94,1,14.99,1
202402,JOB853926655017,ID9140409382,EMP7734381551,-9,202305,,0,999909,-9,1,0,0,0,0,0,,0,,,0,,,1,4174.87,-8,,-8,,1,4174.87,1,165.61,-8,,1,165.61,1,168.4,1,168.01,1,24.79,1,24.85,1
202603,JOB787914395460,ID2232488983,EMP9658894080,TMP4512140529,202509,202510,1,202510,1,0,1,0,0,0,0,,0,,,0,,,1,4642.16,1,575.15,-8,,1,5217.31,1,171.69,-8,,1,171.69,1,172.4,1,173.24,1,26.93,1,30.12,1
202603,JOB187084718549,ID8276666427,EMP0297793582,-9,202302,,0,999909,-9,1,0,0,0,0,0,,1,202303,6.0,1,1275.89,51.51,1,4252.98,1,227.2,-8,,1,4480.18,1,171.7,-8,,1,171.7,1,170.84,1,173.9,1,24.89,1,25.76,1
202604,JOB291047160784,ID1911054412,EMP3473762229,-9,202110,,0,999909,-9,1,1,0,0,0,0,,0,,,0,,,1,3806.97,-8,,-8,,1,3806.97,1,166.52,-8,,1,166.52,1,167.83,1,167.89,1,22.68,1,22.68,1
202402,JOB015702434950,ID9082071796,EMP0007549175,-9,202507,,0,999909,-9,1,0,0,0,0,0,,1,202601,26.0,0,,,1,3707.88,-8,,-8,,1,3707.88,1,163.74,1,8.4,1,172.14,1,164.68,1,170.17,1,22.52,1,21.79,1
202611,JOB718170469353,ID9082071796,-9,-9,202102,202104,-9,202104,2,2,-8,-9,0,0,0,,-9,,,-9,,,-9,,-9,,-9,,-9,,-9,,-9,,-9,,-9,,-9,,-9,,-9,,1
202407,JOB093828585471,ID7971066331,EMP7105207233,TMP3155941242,202005,202112,0,999909,-9,1,0,0,0,0,0,,1,202008,12.0,0,,,1,3990.5,-8,,-8,,1,3990.5,1,169.95,-8,,1,169.95,1,172.17,1,168.92,1,23.18,1,23.62,1
202506,JOB320812125322,ID3301529531,EMP2519829543,-9,201710,,0,999909,-9,1,0,1,0,0,0,,0,,,1,1763.1,49.22,1,5876.99,-8,,-8,,1,5876.99,1,164.06,-8,,1,164.06,1,165.62,1,163.9,1,35.48,1,35.86,1
202503,JOB018918552433,ID3812724996,EMP2257987307,-9,202002,202108,1,202108,5,0,0,0,0,0,0,,0,,,1,1124.35,51.25,1,3747.82,-8,,-8,,1,3747.82,1,170.84,-8,,1,170.84,1,172.38,1,172.46,1,21.74,1,21.73,0
202409,JOB099856385099,ID4126276599,EMP8793751018,-9,201710,,0,999909,-9,0,1,0,0,0,0,,1,201801,12.0,0,,,1,4518.27,1,218.8,-8,,1,4737.08,1,163.39,-8,,1,163.39,1,162.06,1,160.13,1,27.88,1,29.58,1
202401,JOB864412687578,ID9918791419,EMP2123783274,-9,202104,,0,999909,-9,1,0,0,0,0,0,,1,202106,8.0,0,,,1,6272.7,1,425.78,-8,,1,6698.47,1,164.48,-8,,1,164.48,1,163.06,1,166.3,1,38.47,1,40.28,1
202410,JOB761854725035,ID1313036950,EMP8987794024,-9,202204,,0,999909,-9,0,1,0,0,0,0,,1,202205,6.0,0,,,1,2942.5,-8,,-8,,1,2942.5,1,163.77,-8,,1,163.77,1,161.06,1,166.04,1,18.27,1,17.72,1
202508,JOB521027958355,ID0978561869,EMP0050105008,-9,202309,,0,999909,-9,0,1,0,0,0,0,,1,202310,4.0,0,,,1,3564.86,-8,,-8,,1,3564.86,1,164.54,-8,,1,164.54,1,166.9,1,163.98,1,21.36,1,21.74,1
202405,JOB985862464640,ID8967185452,EMP9606634998,-9,201606,,0,999909,-9,0,1,0,0,0,0,,0,,,0,,,1,3681.28,1,581.55,-8,,1,4262.83,1,162.66,-8,,1,162.66,1,165.57,1,164.13,1,22.23,1,25.97,1
202602,JOB274130742148,ID8980350919,EMP1149398170,-9,202208,,0,999909,-9,0,1,0,0,1,0,,1,202209,4.0,0,,,1,3344.78,1,638.17,-8,,1,3982.95,1,161.36,-8,,1,161.36,1,160.89,1,163.11,1,20.79,1,24.42,1
202508,JOB269638069966,ID8980350919,EMP7510962158,-9,202206,,0,999909,-9,0,1,0,0,0,0,,0,,,0,,,1,3061.97,-8,,-8,,1,3061.97,1,160.16,-8,,1,160.16,1,162.29,1,163.3,1,18.87,1,18.75,1
202602,JOB563553140825,ID5641870136,EMP5559463269,-9,201808,,0,999909,-9,1,1,0,0,0,0,,1,201809,4.0,0,,,1,4422.51,-8,,-8,,1,4422.51,1,165.7,1,12.07,1,177.77,1,162.76,1,178.2,1,27.17,1,24.82,1
202611,JOB496462725737,ID9015175873,EMP4831308028,-9,202302,202306,1,202306,3,0,1,0,0,0,0,,1,202303,4.0,0,,,1,3672.35,-8,,-8,,1,3672.35,1,164.63,-8,,1,164.63,1,167.5,1,165.62,1,21.92,1,22.17,1
202601,JOB668260969663,ID8260176222,EMP4112803418,-9,202305,202309,1,202309,3,0,1,0,0,0,0,,0,,,0,,,1,3917.22,-8,,-8,,1,3917.22,1,166.1,-8,,1,166.1,1,166.09,1,163.36,1,23.58,1,23.98,1
202409,JOB025370645610,ID1823096260,EMP6713617139,-9,202410,,0,999909,-9,0,1,0,0,0,0,,1,202411,4.0,0,,,1,3967.93,-8,,-8,,1,3967.93,1,172.97,-8,,1,172.97,1,173.4,1,172.74,1,22.88,1,22.97,1
202605,JOB328683245539,ID3984194675,EMP4701217822,-9,202302,202505,0,999909,-9,1,0,0,0,0,0,,1,202304,8.0,0,,,1,6401.43,-8,,-8,,1,6401.43,1,168.49,1,16.99,1,185.49,1,166.47,1,183.95,1,38.45,1,34.8,1
202607,JOB577817066913,ID6659527665,EMP0323734504,-9,202303,,0,999909,-9,0,0,0,0,0,0,,0,,,0,,,1,5861.28,-8,,-8,,1,5861.28,1,167.76,-8,,1,167.76,1,166.23,1,166.31,1,35.26,1,35.24,1
202611,JOB887609295482,ID8996530338,EMP6947303793,-9,201505,201510,0,999909,-9,0,1,0,0,0,0,,1,201506,6.0,0,,,1,3897.45,-8,,-8,,1,3897.45,1,169.46,-8,,1,169.46,1,172.48,1,171.62,1,22.6,1,22.71,1
202408,JOB386100753257,ID4986912497,EMP0019447306,-9,202309,,0,999909,-9,0,1,0,0,0,0,,1,202403,26.0,0,,,1,4356.51,-8,,-8,,1,4356.51,1,161.35,-8,,1,161.35,1,162.0,1,159.62,1,26.89,1,27.29,1
202406,JOB171049638171,ID4186875278,EMP1822228360,-9,202305,202306,1,202306,1,0,0,0,0,1,1,PAN - Projet d'activité national,0,,,0,,,1,5578.2,-8,,-8,,1,5578.2,1,170.98,-8,,1,170.98,1,168.97,1,173.43,1,33.01,1,32.16,1
202606,JOB936150336665,ID2863668888,EMP6420728041,-9,202102,202612,0,999909,-9,0,1,0,0,0,0,,1,202103,4.0,1,916.52,48.24,1,3055.07,-8,,-8,,1,3055.07,1,160.8,-8,,1,160.8,1,162.93,1,159.5,1,18.75,1,19.15,1
202609,JOB226958845772,ID1294929436,EMP4059895205,-9,202003,,0,999909,-9,0,0,0,0,0,0,,1,202004,6.0,0,,,1,7857.63,-8,,-8,,1,7857.63,1,163.76,-8,,1,163.76,1,164.11,1,161.36,1,47.88,1,48.7,1
202607,JOB358769527347,ID1294929436,EMP2496554930,-9,202501,,3,202801,5,0,1,0,0,0,0,,-9,,,0,,,1,3188.56,-8,,-8,,1,3188.56,1,166.26,-8,,1,166.26,1,168.67,1,166.78,1,18.9,1,19.12,1
202509,JOB096749199123,ID1337203730,EMP5279613778,-9,201902,,0,999909,-9,1,1,0,0,0,0,,1,201908,26.0,0,,,1,4774.71,-8,,-8,,1,4774.71,1,166.96,1,8.62,1,175.58,1,163.74,1,176.41,1,29.16,1,27.07,1
202404,JOB578883156912,ID0619197125,EMP0803728453,-9,201806,201811,0,999909,-9,1,0,0,0,0,0,,1,201807,6.0,1,1637.55,51.6,1,5458.5,1,669.92,-8,,1,6128.42,1,172.0,-8,,1,172.0,1,170.72,1,168.64,1,31.97,1,36.34,1
202502,JOB778785078709,ID2278920889,EMP5340952408,TMP2558102144,201910,202007,1,202007,4,0,1,0,0,0,0,,0,,,0,,,1,2634.47,1,869.17,-8,,1,3503.65,1,167.59,-8,,1,167.59,1,168.0,1,166.58,1,15.68,1,21.03,1
202509,JOB118302097903,ID6638888781,EMP3448419569,-9,202404,,1,202610,6,0,1,0,0,0,0,,1,202405,6.0,0,,,1,3921.62,-8,,-8,,1,3921.62,1,163.74,-8,,1,163.74,1,165.17,1,164.45,1,23.74,1,23.85,1
202501,JOB055039066021,ID0761688325,EMP9927320947,-9,202311,,0,999909,-9,1,0,0,0,0,0,,0,,,0,,,1,6638.93,-8,,-8,,1,6638.93,1,171.94,-8,,1,171.94,1,171.99,1,168.62,1,38.6,1,39.37,1
202604,JOB777869560898,ID8732986684,-9,-9,201707,201708,-9,201708,3,2,-8,-9,0,0,0,,-9,,,-9,,,-9,,-9,,-9,,-9,,-9,,-9,,-9,,-9,,-9,,-9,,-9,,1
202505,JOB779163493017,ID8732986684,EMP3226763766,-9,201503,201504,1,201504,2,0,1,0,0,0,0,,0,,,0,,,1,3784.1,-8,,1,548.89,1,4333.0,1,161.64,1,15.630838302490343,1,177.27083830249032,1,164.49,1,180.12083830249034,1,23.01,1,24.06,1
202405,JOB688653128410,ID6642477409,EMP8444841915,-9,202311,202505,1,202505,5,0,1,0,0,0,0,,1,202402,12.0,0,,,1,2873.77,-8,,-8,,1,2873.77,1,161.87,-8,,1,161.87,1,163.77,1,163.06,1,17.55,1,17.62,1
202502,JOB440670294004,ID6642477409,EMP7851721417,-9,201802,,0,999909,-9,0,0,0,0,0,0,,1,201803,4.0,0,,,1,4512.71,1,505.21,-8,,1,5017.92,1,163.45,-8,,1,163.45,1,163.59,1,162.87,1,27.59,1,30.81,1
202605,JOB339775044487,ID7090982547,EMP8347852845,-9,201706,201709,2,201709,3,0,0,0,0,0,0,,-9,,,0,,,1,7502.55,-8,,-8,,1,7502.55,1,168.07,-8,,1,168.07,1,165.06,1,165.3,1,45.45,1,45.39,0
202612,JOB550933924578,ID9940479449,-9,TMP2854458886,202206,202207,-9,202207,4,2,-8,-9,0,0,0,,-9,,,-9,,,-9,,-9,,-9,,-9,,-9,,-9,,-9,,-9,,-9,,-9,,-9,,1
202606,JOB217515635153,ID5265814099,EMP1155529114,-9,201709,,0,999909,-9,1,1,0,0,0,0,,1,201712,12.0,0,,,1,6521.96,-8,,-8,,1,6521.96,1,170.49,1,9.67,1,180.16,1,168.59,1,181.68,1,38.69,1,35.9,1
202506,JOB686132409396,ID9210518089,EMP6473532955,-9,201903,201904,1,201904,2,0,0,0,0,0,0,,0,,,0,,,1,8020.14,1,407.88,-8,,1,8428.02,1,170.74,-8,,1,170.74,1,167.7,1,173.67,1,47.82,1,48.53,1
202607,JOB467657639116,ID9210518089,EMP7597755884,-9,201505,,0,999909,-9,0,1,0,0,0,0,,1,201506,6.0,0,,,1,3092.21,-8,,1,289.74,1,3381.94,1,167.45,1,10.45992867573598,1,177.90992867573596,1,170.67,1,181.12992867573598,1,18.12,1,18.67,1
202408,JOB488872114510,ID7380934804,-9,-9,201511,201602,-9,201602,2,2,-8,-9,0,0,0,,-9,,,-9,,,-9,,-9,,-9,,-9,,-9,,-9,,-9,,-9,,-9,,-9,,-9,,1
202612,JOB442889692576,ID5278965743,EMP6967773281,-9,202111,,0,999909,-9,0,1,0,0,0,0,,1,202112,4.0,0,,,1,3116.18,-8,,-8,,1,3116.18,1,160.35,1,5.43,1,165.78,1,158.19,1,163.46,1,19.7,1,19.06,0
202604,JOB343098814284,ID9380264275,EMP8837446453,-9,202309,,0,999909,-9,0,0,0,0,0,0,,1,202403,26.0,0,,,1,3915.72,-8,,-8,,1,3915.72,1,170.89,-8,,1,170.89,1,168.23,1,168.86,1,23.28,1,23.19,1
202611,JOB356071420829,ID4444104543,EMP1906467538,-9,202501,,0,999909,-9,0,1,0,0,0,0,,1,202502,6.0,0,,,1,4599.07,1,457.16,1,397.93,1,5454.17,1,166.98,1,9.631970595001485,1,176.61197059500148,1,165.25,1,174.8819705950015,1,27.83,1,31.19,1
202605,JOB487719739326,ID7224872709,EMP5564463695,-9,201708,,0,999909,-9,1,0,0,0,0,0,,1,201710,8.0,0,,,1,7127.5,-8,,-8,,1,7127.5,1,163.65,-8,,1,163.65,1,165.25,1,161.06,1,43.13,1,44.25,1
202611,JOB432540124246,ID7224872709,EMP4240252779,-9,202407,,0,999909,-9,0,1,0,0,0,0,,1,202409,8.0,0,,,1,2999.39,-8,,-8,,1,2999.39,1,171.54,-8,,1,171.54,1,172.38,1,171.08,1,17.4,1,17.53,1
202511,JOB727689354755,ID8630872233,EMP7577587640,-9,202310,,0,999909,-9,1,0,0,0,0,0,,1,202312,8.0,0,,,1,6105.46,-8,,-8,,1,6105.46,1,160.12,-8,,1,160.12,1,157.55,1,157.36,1,38.75,1,38.8,1
202502,JOB425408677566,ID1498216248,EMP7073931492,-9,202201,202401,3,202401,5,0,0,0,0,0,0,,-9,,,0,,,1,6019.03,1,176.87,-8,,1,6195.9,1,149.72,-8,,1,149.72,1,150.19,1,148.81,1,40.08,1,41.64,1
202508,JOB330607047707,ID7255971315,-9,-9,201805,201810,-9,201810,3,2,-8,-9,0,0,0,,-9,,,-9,,,-9,,-9,,-9,,-9,,-9,,-9,,-9,,-9,,-9,,-9,,-9,,1
202511,JOB709194392619,ID5986878354,EMP1385551524,-9,202307,,0,999909,-9,0,1,0,0,0,0,,1,202309,8.0,0,,,1,3777.75,-8,,-8,,1,3777.75,1,164.57,1,18.32,1,182.89,1,162.0,1,183.21,1,23.32,1,20.62,1
202603,JOB346602614623,ID8682257015,EMP0468017979,-9,202502,202610,0,999909,-9,1,1,0,0,0,0,,1,202508,26.0,0,,,1,6874.68,1,602.72,-8,,1,7477.41,1,169.13,-8,,1,169.13,1,169.31,1,172.39,1,40.6,1,43.37,1
202405,JOB007282371618,ID4860839634,EMP9807597244,-9,202106,,0,999909,-9,0,1,0,0,0,0,,0,,,0,,,1,4646.41,1,952.63,-8,,1,5599.04,1,170.73,-8,,1,170.73,1,168.99,1,167.75,1,27.5,1,33.38,1
202612,JOB027748166142,ID9944243917,EMP7960229011,-9,201802,,0,999909,-9,0,0,0,0,0,0,,0,,,1,1093.7,51.0,1,3645.67,-8,,-8,,1,3645.67,1,170.01,-8,,1,170.01,1,171.7,1,170.37,1,21.23,1,21.4,1
202601,JOB494568235758,ID1652222608,EMP5291011578,TMP6208158109,201709,202103,0,999909,-9,0,0,0,0,0,0,,1,201803,26.0,1,2063.21,51.87,1,6877.36,-8,,-8,,1,6877.36,1,172.89,1,11.92,1,184.82,1,170.25,1,187.8,1,40.4,1,36.62,1
202604,JOB190910444893,ID9693000838,EMP2024962300,-9,201911,,0,999909,-9,0,1,0,0,0,0,,1,201912,6.0,0,,,1,4658.34,1,706.2,-8,,1,5364.54,1,166.78,1,5.7,1,172.49,1,164.96,1,172.84,1,28.24,1,31.04,1
202606,JOB558171683075,ID0555470437,EMP4922230660,-9,202504,,0,999909,-9,0,0,0,0,0,0,,1,202507,12.0,0,,,1,4810.73,-8,,-8,,1,4810.73,1,160.52,1,10.78,1,171.3,1,163.52,1,169.11,1,29.42,1,28.45,1
202401,JOB093166757676,ID3667923263,EMP2797598307,-9,201801,201802,1,201802,2,0,0,0,0,0,0,,1,201804,12.0,0,,,1,4991.92,-8,,-8,,1,4991.92,1,167.86,-8,,1,167.86,1,170.86,1,169.06,1,29.22,1,29.53,1
202502,JOB770534397445,ID1555227747,EMP9072501492,-9,202507,,0,999909,-9,0,1,0,0,0,0,,0,,,0,,,1,3939.66,-8,,-8,,1,3939.66,1,166.65,-8,,1,166.65,1,164.47,1,167.48,1,23.95,1,23.52,1
202405,JOB494153641227,ID6330131743,EMP7760321686,-9,202511,,0,999909,-9,0,1,0,0,0,0,,1,202512,4.0,0,,,1,4277.03,-8,,-8,,1,4277.03,1,161.31,-8,,1,161.31,1,159.56,1,163.29,1,26.81,1,26.19,1
202507,JOB571695361406,ID5060380816,-9,-9,201607,201609,-9,201609,2,2,-8,-9,0,1,0,,-9,,,-9,,,-9,,-9,,-9,,-9,,-9,,-9,,-9,,-9,,-9,,-9,,-9,,1
202403,JOB248386905882,ID4162174818,EMP6988411847,-9,202301,,0,999909,-9,1,1,0,0,0,0,,1,202307,26.0,0,,,1,4378.78,1,522.46,-8,,1,4901.24,1,165.21,-8,,1,165.21,1,164.46,1,165.85,1,26.63,1,29.55,1
202607,JOB204692011080,ID3973815967,-9,TMP2920745330,202104,202106,-9,202106,4,2,-8,-9,0,0,0,,-9,,,-9,,,-9,,-9,,-9,,-9,,-9,,-9,,-9,,-9,,-9,,-9,,-9,,1
202506,JOB584827494730,ID3973815967,EMP6832968012,-9,201603,,0,999909,-9,0,0,0,0,0,0,,1,201606,12.0,0,,,1,5190.92,-8,,-8,,1,5190.92,1,167.47,1,19.35,1,186.82,1,170.64,1,185.27,1,30.42,1,28.02,1
202603,JOB420219119034,ID4274927023,EMP2958323515,-9,202207,,0,999909,-9,1,1,0,0,0,0,,0,,,0,,,1,5422.22,-8,,-8,,1,5422.22,1,171.32,-8,,1,171.32,1,169.01,1,170.2,1,32.08,1,31.86,1
202606,JOB165250459339,ID9989632980,EMP2487152136,-9,201910,201911,0,999909,-9,0,1,0,0,0,0,,0,,,0,,,1,3516.39,-8,,-8,,1,3516.39,1,162.33,-8,,1,162.33,1,164.55,1,163.79,1,21.37,1,21.47,1
202612,JOB871233067565,ID3724222811,EMP7364927718,-9,202109,,0,999909,-9,0,1,0,0,0,0,,1,202112,12.0,0,,,1,4578.49,1,715.64,-8,,1,5294.14,1,171.84,-8,,1,171.84,1,171.04,1,174.02,1,26.77,1,30.42,1
202405,JOB537103674381,ID7976690876,EMP0704708677,-9,202203,,0,999909,-9,1,1,0,0,0,0,,1,202204,6.0,0,,,1,5440.35,1,617.43,-8,,1,6057.78,1,170.31,-8,,1,170.31,1,167.12,1,173.08,1,32.55,1,35.0,1
202605,JOB492604488599,ID3919884194,EMP6818922393,-9,201910,202001,4,202001,1,0,1,0,0,0,0,,-9,,,0,,,1,1469.78,-8,,-8,,1,1469.78,1,68.8,1,12.2,1,81.0,1,68.02,1,81.88,1,21.61,1,17.95,1
202610,JOB109201238985,ID0453478226,EMP3760986740,-9,201611,,0,999909,-9,0,1,0,0,0,0,,1,201612,6.0,0,,,1,2738.49,1,367.2,-8,,1,3105.69,1,164.63,-8,,1,164.63,1,166.64,1,162.92,1,16.43,1,19.06,1
202605,JOB640843534469,ID7983180444,EMP9285294485,-9,201511,,0,999909,-9,1,1,0,0,0,0,,1,201512,6.0,0,,,1,5444.43,1,935.78,-8,,1,6380.21,1,161.46,-8,,1,161.46,1,160.69,1,160.51,1,33.88,1,39.75,1
202602,JOB353810715259,ID2161044787,EMP6930571656,-9,202510,,0,999909,-9,1,1,0,0,0,0,,1,202604,26.0,0,,,1,6191.0,1,966.81,-8,,1,7157.81,1,172.04,-8,,1,172.04,1,169.03,1,172.98,1,36.63,1,41.38,1
202510,JOB793555840069,ID3872912302,EMP2378641356,-9,202505,,0,999909,-9,0,0,0,0,0,0,,0,,,0,,,1,3420.62,1,293.6,1,242.6,1,3956.82,1,171.11,1,8.0904479910949,1,179.2004479910949,1,173.75,1,181.8404479910949,1,19.69,1,21.76,1
202605,JOB685509178424,ID1320411012,EMP8759503038,-9,201511,201602,4,201602,1,0,1,0,0,1,0,,-9,,,0,,,1,2693.74,-8,,-8,,1,2693.74,1,111.29,-8,,1,111.29,1,109.47,1,113.31,1,24.61,1,23.77,1
202511,JOB656302094290,ID9420260584,EMP0987903301,-9,202003,202209,1,202209,6,0,1,0,0,0,0,,0,,,0,,,1,3009.64,-8,,1,541.77,1,3551.42,1,166.46,1,19.97658248033111,1,186.4365824803311,1,169.75,1,189.7265824803311,1,17.73,1,18.72,1
202605,JOB491142109523,ID3700311575,EMP1191176171,-9,201802,,0,999909,-9,0,0,0,0,0,0,,1,201805,12.0,0,,,1,6013.1,-8,,1,369.54,1,6382.64,1,172.17,1,7.053989334418169,1,179.22398933441815,1,171.19,1,178.24398933441816,1,35.13,1,35.81,1
202409,JOB529611751505,ID1584631553,EMP1076743933,-9,201504,201703,0,999909,-9,0,0,0,0,0,0,,1,201505,4.0,0,,,1,4240.79,-8,,-8,,1,4240.79,1,168.11,1,5.24,1,173.35,1,164.78,1,175.34,1,25.74,1,24.19,1
202507,JOB700293909404,ID8554284523,EMP4289549963,-9,202009,,0,999909,-9,1,0,0,0,0,0,,1,202011,8.0,0,,,1,4941.62,1,908.81,-8,,1,5850.44,1,172.17,-8,,1,172.17,1,169.71,1,170.86,1,29.12,1,34.24,1
202508,JOB086897375421,ID0274626509,EMP3828321732,-9,201901,,0,999909,-9,0,0,0,0,0,0,,0,,,0,,,1,5535.55,-8,,-8,,1,5535.55,1,165.5,-8,,1,165.5,1,163.12,1,165.86,1,33.94,1,33.37,1
202411,JOB154865744387,ID0274626509,EMP5384073116,-9,202006,202008,4,202008,0,0,0,0,0,0,0,,-9,,,1,963.68,23.36,1,3212.26,-8,,1,824.7,1,4036.96,1,77.88,1,13.329752581119656,1,91.20975258111966,1,79.28,1,92.60975258111966,1,40.52,1,43.59,1
202403,JOB399050202311,ID0967683956,EMP5493451484,-9,202106,202307,0,999909,-9,0,1,0,0,0,0,,1,202109,12.0,0,,,1,3760.1,1,705.52,-8,,1,4465.61,1,166.07,-8,,1,166.07,1,165.88,1,167.44,1,22.67,1,26.67,1
202510,JOB613995459854,ID1777273277,EMP5151240295,-9,201504,,0,999909,-9,0,0,0,0,0,0,,1,201505,6.0,0,,,1,7066.48,-8,,-8,,1,7066.48,1,167.08,-8,,1,167.08,1,170.03,1,170.33,1,41.56,1,41.49,1
202605,JOB783281498091,ID3564414525,EMP5127108467,-9,202111,,0,999909,-9,1,1,0,0,0,0,,1,202112,4.0,0,,,1,5925.3,-8,,-8,,1,5925.3,1,162.96,-8,,1,162.96,1,160.29,1,159.77,1,36.97,1,37.09,1
202407,JOB307158336611,ID4984663800,EMP3632880891,-9,201909,,0,999909,-9,1,1,0,0,0,0,,0,,,0,,,1,4547.99,1,312.77,-8,,1,4860.77,1,168.86,-8,,1,168.86,1,166.64,1,171.05,1,27.29,1,28.42,1
202510,JOB317127507767,ID3290899549,EMP7479122304,-9,201603,,0,999909,-9,1,1,0,0,0,0,,1,201606,12.0,1,1223.56,50.2,1,4078.54,-8,,-8,,1,4078.54,1,167.35,1,5.99,1,173.34,1,168.69,1,174.93,1,24.18,1,23.32,1
202502,JOB565915039046,ID8820436073,EMP2070902473,-9,202010,,0,999909,-9,0,1,0,0,0,0,,1,202101,12.0,0,,,1,3809.45,1,990.01,-8,,1,4799.46,1,161.44,-8,,1,161.44,1,163.58,1,161.18,1,23.29,1,29.78,1
202610,JOB926259528281,ID7925903391,EMP3620901993,-9,201607,,0,999909,-9,0,0,0,0,0,0,,0,,,0,,,1,3799.0,-8,,1,570.86,1,4369.86,1,166.41,1,16.670627428275814,1,183.08062742827582,1,165.87,1,182.54062742827583,1,22.9,1,23.94,1
202505,JOB106044723970,ID4840391735,EMP9685682911,TMP5206726110,201601,,0,999909,-9,0,1,0,0,0,1,CAE - Contrat d'appui-emploi,1,201602,4.0,0,,,1,4739.93,-8,,-8,,1,4739.93,1,171.0,-8,,1,171.0,1,169.68,1,171.58,1,27.93,1,27.63,1
202510,JOB264877502822,ID2618751618,EMP9674814560,-9,202308,,0,999909,-9,1,1,0,0,0,0,,0,,,0,,,1,4264.48,-8,,-8,,1,4264.48,1,163.53,-8,,1,163.53,1,163.33,1,164.62,1,26.11,1,25.9,1
202410,JOB899201024683,ID9890689162,EMP0843808934,-9,201911,,0,999909,-9,0,0,0,0,0,0,,0,,,0,,,1,4447.71,-8,,-8,,1,4447.71,1,163.83,1,6.21,1,170.04,1,161.0,1,172.05,1,27.63,1,25.85,1
202409,JOB612439020830,ID1526769923,EMP6405113639,-9,201508,202301,0,999909,-9,0,1,0,0,0,0,,1,201511,12.0,0,,,1,4290.43,-8,,1,329.14,1,4619.57,1,170.79,1,8.734660157555346,1,179.52466015755533,1,172.37,1,181.10466015755534,1,24.89,1,25.51,1
202407,JOB835668004101,ID0484636396,-9,-9,202107,202110,-9,202110,2,2,-8,-9,0,0,0,,-9,,,-9,,,-9,,-9,,-9,,-9,,-9,,-9,,-9,,-9,,-9,,-9,,-9,,1
202411,JOB264161755487,ID4523833327,EMP8385429758,-9,202310,,0,999909,-9,0,0,0,0,0,0,,1,202404,26.0,1,2208.93,51.01,1,7363.09,1,887.46,-8,,1,8250.55,1,170.03,-8,,1,170.03,1,171.37,1,170.54,1,42.97,1,48.38,1
202601,JOB982491072995,ID9599597818,EMP3156129176,-9,202402,202406,0,999909,-9,0,1,0,0,0,0,,1,202405,12.0,0,,,1,3517.75,-8,,-8,,1,3517.75,1,166.06,-8,,1,166.06,1,164.6,1,163.26,1,21.37,1,21.55,0
202509,JOB748433740850,ID9363661414,EMP6038540155,TMP3830502419,202502,202506,1,202506,3,0,0,0,0,0,0,,1,202503,6.0,0,,,1,6603.49,1,725.31,-8,,1,7328.81,1,167.82,-8,,1,167.82,1,164.67,1,170.18,1,40.1,1,43.07,1
202508,JOB082134922218,ID5460710665,EMP9364599384,-9,201804,,0,999909,-9,0,1,0,0,0,0,,1,201805,4.0,0,,,1,3172.81,-8,,-8,,1,3172.81,1,165.61,-8,,1,165.61,1,163.14,1,168.31,1,19.45,1,18.85,1
202406,JOB662914164229,ID9568096455,EMP5007227251,-9,202105,202404,0,999909,-9,0,0,0,0,0,0,,1,202107,8.0,0,,,1,2973.43,-8,,-8,,1,2973.43,1,163.08,-8,,1,163.08,1,160.47,1,161.06,1,18.53,1,18.46,1
202401,JOB531173955035,ID4982098108,EMP5591369913,-9,202007,202011,1,202011,3,0,1,0,0,0,0,,1,202010,12.0,0,,,1,4098.13,1,295.13,-8,,1,4393.26,1,169.92,-8,,1,169.92,1,170.6,1,172.46,1,24.02,1,25.47,1
202403,JOB817214706898,ID3692318195,EMP1205468409,-9,201507,,0,999909,-9,0,1,0,0,0,0,,0,,,0,,,1,4442.61,-8,,-8,,1,4442.61,1,163.86,1,6.84,1,170.7,1,161.56,1,168.36,1,27.5,1,26.39,1
202412,JOB267485773597,ID0132898336,EMP6955416610,-9,201908,,0,999909,-9,0,1,0,0,0,0,,1,202002,26.0,0,,,1,4043.59,-8,,-8,,1,4043.59,1,163.73,-8,,1,163.73,1,163.27,1,160.68,1,24.77,1,25.17,1
202412,JOB493426549453,ID1340165556,EMP2941874045,-9,201510,,0,999909,-9,1,0,0,0,0,0,,1,201601,12.0,0,,,1,4311.36,1,680.16,-8,,1,4991.53,1,172.97,1,16.44,1,189.41,1,169.89,1,186.13,1,25.38,1,26.82,1
202405,JOB618754073342,ID0542474972,EMP8481601446,-9,202007,202204,0,999909,-9,1,1,0,0,0,0,,0,,,0,,,1,5793.6,-8,,-8,,1,5793.6,1,160.3,-8,,1,160.3,1,160.37,1,160.31,1,36.13,1,36.14,1
202406,JOB596555171356,ID1168776736,EMP2421322171,-9,202002,,0,999909,-9,1,0,0,0,0,0,,0,,,0,,,1,4224.58,-8,,-8,,1,4224.58,1,172.38,-8,,1,172.38,1,169.01,1,174.89,1,25.0,1,24.16,0
202501,JOB346393201800,ID4196480173,EMP9696636848,TMP5652910306,202102,,0,999909,-9,0,0,0,0,0,0,,1,202104,8.0,0,,,1,3073.92,-8,,-8,,1,3073.92,1,168.21,-8,,1,168.21,1,171.52,1,166.78,1,17.92,1,18.43,1
202503,JOB853118917440,ID6298345461,EMP7568913680,-9,201705,,0,999909,-9,1,0,0,0,0,0,,1,201711,26.0,0,,,1,7471.92,-8,,-8,,1,7471.92,1,168.91,-8,,1,168.91,1,166.77,1,172.26,1,44.8,1,43.38,1
202603,JOB770904756227,ID5881609261,EMP2031890171,-9,201608,,0,999909,-9,0,0,0,0,0,0,,1,201611,12.0,0,,,1,3789.99,-8,,1,270.52,1,4060.5,1,168.31,1,8.008942477863538,1,176.31894247786354,1,170.08,1,178.08894247786355,1,22.28,1,22.8,1
202410,JOB950527487665,ID7175189540,EMP0365658689,-9,202403,,0,999909,-9,0,1,0,0,0,0,,1,202405,8.0,0,,,1,3855.28,-8,,-8,,1,3855.28,1,163.49,-8,,1,163.49,1,163.13,1,165.42,1,23.63,1,23.31,1
202402,JOB888506052014,ID8222549927,EMP0418487780,-9,202202,,0,999909,-9,0,0,0,0,0,0,,0,,,0,,,1,4132.35,-8,,-8,,1,4132.35,1,164.8,-8,,1,164.8,1,163.71,1,167.01,1,25.24,1,24.74,1
202502,JOB366785429543,ID9634406757,-9,-9,201701,201702,-9,201702,2,2,-8,-9,0,0,0,,-9,,,-9,,,-9,,-9,,-9,,-9,,-9,,-9,,-9,,-9,,-9,,-9,,-9,,1
202412,JOB476633370400,ID6599449006,EMP4663871079,-9,202411,202510,0,999909,-9,0,0,0,0,0,0,,1,202505,26.0,0,,,1,7039.66,-8,,-8,,1,7039.66,1,160.35,-8,,1,160.35,1,157.61,1,158.63,1,44.67,1,44.38,1
202403,JOB854741870749,ID6599449006,EMP0565931528,TMP8794271812,202208,202608,0,999909,-9,0,1,0,0,0,1,CIE - Contrat d'initiation à l'emploi,1,202210,8.0,0,,,1,4214.89,-8,,1,590.06,1,4804.95,1,172.5,1,16.09943729879357,1,188.59943729879356,1,170.58,1,186.67943729879357,1,24.71,1,25.74,1
202410,JOB335384091759,ID6972806060,EMP4926689086,-9,201910,202002,1,202002,3,0,0,0,0,0,0,,1,201911,4.0,0,,,1,5384.23,-8,,-8,,1,5384.23,1,172.4,-8,,1,172.4,1,171.49,1,172.84,1,31.4,1,31.15,1
202411,JOB428329414846,ID6865837983,EMP8787980780,-9,202507,,0,999909,-9,0,0,0,0,0,1,CAE - Contrat d'appui-emploi,1,202508,6.0,0,,,1,3211.88,-8,,-8,,1,3211.88,1,162.6,1,18.98,1,181.58,1,161.27,1,181.15,1,19.92,1,17.73,1
202601,JOB608613406874,ID3874233931,EMP3452545369,-9,201904,201908,1,201908,3,0,1,0,0,0,0,,1,201905,6.0,0,,,1,4447.43,-8,,-8,,1,4447.43,1,161.45,-8,,1,161.45,1,162.84,1,159.06,1,27.31,1,27.96,1
202502,JOB815299133689,ID3874233931,EMP2544581730,-9,202010,202303,0,999909,-9,0,0,0,0,0,1,PAN - Projet d'activité national,1,202101,12.0,1,2440.31,51.4,1,8134.37,-8,,-8,,1,8134.37,1,171.33,1,16.54,1,187.87,1,172.07,1,184.85,1,47.27,1,44.01,1
202412,JOB577171771655,ID8231658813,EMP4051630352,-9,202404,,0,999909,-9,1,1,0,0,0,0,,0,,,0,,,1,5407.01,1,842.55,-8,,1,6249.56,1,170.84,-8,,1,170.84,1,172.78,1,173.19,1,31.29,1,36.08,1
202505,JOB070994616919,ID7933249390,EMP3606312312,-9,201604,,0,999909,-9,1,0,0,0,0,0,,1,201605,4.0,0,,,1,6585.26,-8,,-8,,1,6585.26,1,168.94,-8,,1,168.94,1,170.62,1,169.7,1,38.6,1,38.81,1
202611,JOB060750924940,ID3746707043,EMP1098095703,-9,202201,,0,999909,-9,1,1,0,0,0,0,,1,202202,4.0,0,,,1,6000.21,-8,,-8,,1,6000.21,1,161.25,1,14.05,1,175.3,1,160.0,1,175.95,1,37.5,1,34.1,1
202601,JOB557773361957,ID1467481385,EMP0145418922,-9,201907,,0,999909,-9,0,0,0,0,0,0,,1,201908,6.0,0,,,1,6444.84,1,160.49,-8,,1,6605.33,1,165.04,-8,,1,165.04,1,168.24,1,164.01,1,38.31,1,40.27,1
202402,JOB280492563669,ID1467481385,EMP4206741787,-9,201601,,0,999909,-9,1,0,0,0,0,0,,1,201602,6.0,0,,,1,5741.74,1,330.14,-8,,1,6071.88,1,166.74,-8,,1,166.74,1,166.73,1,166.1,1,34.44,1,36.56,1
202406,JOB676741628907,ID2598723997,-9,-9,201904,201905,-9,201905,2,2,-8,-9,0,0,0,,-9,,,-9,,,-9,,-9,,-9,,-9,,-9,,-9,,-9,,-9,,-9,,-9,,-9,,1
202604,JOB045661271429,ID2598723997,EMP0864412575,-9,201601,,0,999909,-9,0,0,0,0,0,0,,0,,,0,,,1,7009.77,1,600.2,-8,,1,7609.97,1,171.96,1,8.81,1,180.78,1,169.45,1,180.06,1,41.37,1,42.26,1
202611,JOB727017921950,ID2652181514,EMP5440113220,-9,201905,,0,999909,-9,0,1,0,0,0,0,,1,201907,8.0,0,,,1,2722.52,1,776.07,-8,,1,3498.59,1,163.03,-8,,1,163.03,1,163.44,1,164.43,1,16.66,1,21.28,1
202404,JOB691438859793,ID2858149086,EMP2011639373,-9,201603,201604,1,201604,1,0,1,0,0,0,0,,1,201605,8.0,0,,,1,2764.84,1,308.81,-8,,1,3073.65,1,164.57,-8,,1,164.57,1,162.72,1,162.79,1,16.99,1,18.88,1
202612,JOB639496689131,ID8698058035,EMP4570442908,-9,202306,202311,2,202311,4,0,1,0,0,0,0,,-9,,,0,,,1,2612.1,-8,,-8,,1,2612.1,1,162.28,-8,,1,162.28,1,165.43,1,161.05,1,15.79,1,16.22,1
202410,JOB298141611875,ID1543207741,EMP0234629051,-9,202310,202312,2,202312,3,0,1,0,0,0,0,,-9,,,0,,,1,3715.19,1,970.14,-8,,1,4685.33,1,160.66,-8,,1,160.66,1,158.3,1,161.24,1,23.47,1,29.06,1
202510,JOB848234251702,ID2126685388,EMP1650567824,-9,202408,202412,1,202412,3,0,1,0,0,0,0,,1,202411,12.0,0,,,1,3380.72,-8,,-8,,1,3380.72,1,167.51,-8,,1,167.51,1,168.26,1,165.35,1,20.09,1,20.45,1
202512,JOB008391136385,ID2025455627,EMP0836826573,-9,202408,202504,0,999909,-9,0,0,0,0,0,0,,1,202409,4.0,0,,,1,6530.62,-8,,-8,,1,6530.62,1,164.72,-8,,1,164.72,1,163.04,1,163.88,1,40.06,1,39.85,1
202411,JOB774036678712,ID6652570966,EMP1838171717,-9,202011,,0,999909,-9,0,0,0,0,0,0,,0,,,0,,,1,4329.53,-8,,1,521.62,1,4851.15,1,164.67,1,13.226197648994678,1,177.89619764899467,1,167.29,1,180.51619764899468,1,25.88,1,26.87,1
202508,JOB190135474576,ID1313837012,EMP3176402486,-9,201809,202002,0,999909,-9,0,0,0,0,0,0,,0,,,0,,,1,4708.96,-8,,-8,,1,4708.96,1,160.61,-8,,1,160.61,1,157.72,1,160.13,1,29.86,1,29.41,0
202501,JOB835868472632,ID9713653149,EMP5741022782,-9,201709,,0,999909,-9,0,0,0,0,0,1,PAN - Projet d'activité national,0,,,0,,,1,6444.3,-8,,-8,,1,6444.3,1,170.81,1,9.35,1,180.16,1,169.24,1,181.17,1,38.08,1,35.57,1
202611,JOB848216763973,ID4554529714,EMP7561894111,-9,202311,202511,3,202511,5,0,1,0,0,0,0,,-9,,,0,,,1,2957.68,-8,,-8,,1,2957.68,1,169.81,-8,,1,169.81,1,172.52,1,172.0,1,17.14,1,17.2,1
202602,JOB646031467844,ID4520856771,-9,-9,202101,202102,-9,202102,4,2,-8,-9,0,0,0,,-9,,,-9,,,-9,,-9,,-9,,-9,,-9,,-9,,-9,,-9,,-9,,-9,,-9,,1
202404,JOB187766334616,ID8512429740,EMP8559516669,-9,202103,,0,999909,-9,0,1,0,0,0,0,,1,202104,6.0,0,,,1,2918.57,-8,,1,267.3,1,3185.87,1,160.82,1,9.819278125648545,1,170.63927812564853,1,161.38,1,171.19927812564853,1,18.09,1,18.61,1
202512,JOB067293826709,ID4600280975,EMP3463149497,-9,201606,,0,999909,-9,1,1,0,0,0,0,,0,,,0,,,1,5830.88,-8,,-8,,1,5830.88,1,170.32,-8,,1,170.32,1,173.6,1,171.2,1,33.59,1,34.06,1
202601,JOB810845798984,ID2850359158,EMP7011780949,-9,201509,,0,999909,-9,1,0,0,0,0,0,,1,201512,12.0,0,,,1,7309.14,-8,,-8,,1,7309.14,1,166.08,-8,,1,166.08,1,168.67,1,169.23,1,43.33,1,43.19,1
202509,JOB025977792054,ID2651187451,EMP5126714109,-9,202304,202609,0,999909,-9,1,1,0,0,0,0,,1,202305,6.0,0,,,1,5033.15,-8,,-8,,1,5033.15,1,167.51,-8,,1,167.51,1,168.98,1,170.43,1,29.79,1,29.53,0
202511,JOB254568275378,ID8563884280,EMP6541516744,-9,201709,202506,0,999909,-9,0,0,0,0,0,0,,0,,,1,1563.13,51.14,1,5210.44,-8,,-8,,1,5210.44,1,170.46,-8,,1,170.46,1,167.82,1,172.75,1,31.05,1,30.16,1
202502,JOB406441475207,ID7662945524,EMP0623414301,-9,201910,,0,999909,-9,0,0,0,0,0,0,,1,202001,12.0,0,,,1,3682.49,-8,,1,628.53,1,4311.02,1,161.69,1,18.398212785260505,1,180.0882127852605,1,161.96,1,180.35821278526052,1,22.74,1,23.9,1
202404,JOB264226493975,ID4290953475,EMP0423963152,-9,201901,,0,999909,-9,0,1,0,0,0,0,,0,,,0,,,1,3150.11,-8,,-8,,1,3150.11,1,171.41,-8,,1,171.41,1,169.75,1,172.58,1,18.56,1,18.25,0
202611,JOB763900082192,ID3312695736,EMP2863687003,-9,202209,,0,999909,-9,0,0,0,0,0,0,,0,,,0,,,1,5097.71,-8,,-8,,1,5097.71,1,168.77,-8,,1,168.77,1,166.09,1,169.77,1,30.69,1,30.03,1
202608,JOB868335147559,ID4608220681,EMP1602294612,-9,202011,202103,1,202103,3,0,1,0,0,0,0,,1,202012,6.0,1,1048.29,48.4,1,3494.3,-8,,-8,,1,3494.3,1,161.32,1,6.92,1,168.24,1,162.03,1,167.46,1,21.57,1,20.87,1
202508,JOB366211468453,ID3058673718,EMP9986164634,-9,201802,,0,999909,-9,1,1,0,0,0,0,,1,201804,8.0,1,2259.71,50.72,1,7532.37,-8,,-8,,1,7532.37,1,169.05,1,6.62,1,175.67,1,167.89,1,173.41,1,44.86,1,43.44,1
202402,JOB280246948798,ID4900031784,EMP0323522849,-9,202208,,0,999909,-9,0,0,0,0,0,0,,1,202209,6.0,0,,,1,5765.58,1,209.24,-8,,1,5974.82,1,162.32,-8,,1,162.32,1,163.58,1,164.41,1,35.25,1,36.34,1
202501,JOB850497592726,ID2769221529,EMP4306847885,-9,202303,,0,999909,-9,0,0,0,0,0,0,,1,202304,4.0,0,,,1,3132.82,-8,,-8,,1,3132.82,1,163.46,-8,,1,163.46,1,164.17,1,162.61,1,19.08,1,19.27,1
202510,JOB228926963387,ID6108103877,EMP6156240330,TMP7363028326,201704,,0,999909,-9,0,0,0,0,0,0,,1,201707,12.0,0,,,1,3994.27,-8,,1,286.07,1,4280.34,1,161.22,1,7.697688086136308,1,168.9176880861363,1,163.94,1,171.6376880861363,1,24.36,1,24.94,1
202602,JOB419579203298,ID3951275902,EMP8180916176,-9,201701,202001,3,202001,5,0,0,0,0,0,0,,-9,,,0,,,1,2995.49,-8,,-8,,1,2995.49,1,155.24,-8,,1,155.24,1,157.84,1,157.59,1,18.98,1,19.01,1
202412,JOB335316094328,ID9912024486,EMP1719638643,-9,202010,,0,999909,-9,0,1,0,0,0,0,,0,,,0,,,1,3201.47,-8,,-8,,1,3201.47,1,165.77,-8,,1,165.77,1,162.81,1,163.56,1,19.66,1,19.57,1
202507,JOB368354311983,ID4001302740,EMP7939254794,-9,201706,,0,999909,-9,0,1,0,0,0,0,,0,,,0,,,1,4447.06,-8,,-8,,1,4447.06,1,163.97,-8,,1,163.97,1,160.87,1,165.07,1,27.64,1,26.94,1
202407,JOB502310549924,ID1046764793,EMP8784121327,TMP8717590308,201811,,0,999909,-9,0,1,0,0,0,1,PAN - Projet d'activité national,1,201812,4.0,1,988.04,48.73,1,3293.46,-8,,-8,,1,3293.46,1,162.42,-8,,1,162.42,1,161.61,1,161.0,1,20.38,1,20.46,1
202505,JOB536965903383,ID1046764793,EMP0327389247,-9,202402,,0,999909,-9,1,1,0,0,0,0,,1,202408,26.0,0,,,1,7414.19,-8,,-8,,1,7414.19,1,170.52,-8,,1,170.52,1,167.73,1,169.87,1,44.2,1,43.65,1
202411,JOB859931905824,ID2786222045,EMP6862983979,TMP1533236756,202407,,0,999909,-9,1,1,0,0,0,0,,0,,,1,1607.87,51.48,1,5359.56,-8,,-8,,1,5359.56,1,171.6,-8,,1,171.6,1,170.43,1,169.47,1,31.45,1,31.63,1
202502,JOB823826707951,ID8212401447,EMP1974321314,-9,202201,,0,999909,-9,0,1,0,0,0,0,,1,202204,12.0,0,,,1,3528.97,-8,,-8,,1,3528.97,1,160.19,-8,,1,160.19,1,161.14,1,157.03,1,21.9,1,22.47,1
202506,JOB467318449944,ID8531274392,EMP2552282719,-9,201510,201510,1,201510,0,0,1,0,0,0,0,,1,201604,26.0,0,,,1,3779.23,-8,,-8,,1,3779.23,1,169.8,-8,,1,169.8,1,170.8,1,172.81,1,22.13,1,21.87,1
202412,JOB442330295674,ID8531274392,EMP9431953126,-9,202504,,0,999909,-9,1,1,0,0,0,0,,1,202507,12.0,0,,,1,6286.26,-8,,-8,,1,6286.26,1,170.04,-8,,1,170.04,1,169.67,1,172.71,1,37.05,1,36.4,1
202503,JOB090332954292,ID3651709106,EMP0643597990,-9,201810,,0,999909,-9,0,1,0,0,0,0,,1,201811,6.0,0,,,1,3389.99,-8,,-8,,1,3389.99,1,172.86,-8,,1,172.86,1,175.53,1,170.91,1,19.31,1,19.83,1
202511,JOB233282824582,ID6113069616,EMP9179995091,TMP9158751953,201806,,0,999909,-9,0,1,0,0,0,0,,0,,,0,,,1,3100.47,-8,,-8,,1,3100.47,1,169.8,1,17.91,1,187.71,1,169.06,1,187.75,1,18.34,1,16.51,1
202502,JOB021248614669,ID5910292620,EMP5292155978,-9,202410,202411,2,202411,3,0,0,0,0,0,0,,-9,,,0,,,1,7427.45,-8,,-8,,1,7427.45,1,165.03,1,10.26,1,175.29,1,167.21,1,171.91,1,44.42,1,43.21,1
202401,JOB705561711371,ID5910292620,EMP2680436353,-9,202107,,0,999909,-9,0,1,0,0,0,0,,1,202201,26.0,0,,,1,2723.76,-8,,-8,,1,2723.76,1,172.82,1,6.92,1,179.74,1,170.6,1,183.29,1,15.97,1,14.86,1
202605,JOB149206675491,ID9846132025,EMP3912959864,-9,201811,,0,999909,-9,1,0,0,0,0,0,,1,201905,26.0,0,,,1,3952.28,1,881.3,-8,,1,4833.58,1,168.92,-8,,1,168.92,1,168.17,1,168.09,1,23.5,1,28.76,1
202512,JOB682900560325,ID9846132025,-9,-9,202211,202301,-9,202301,2,2,-8,-9,0,0,0,,-9,,,-9,,,-9,,-9,,-9,,-9,,-9,,-9,,-9,,-9,,-9,,-9,,-9,,1
202508,JOB911680779915,ID7541149380,EMP4763087408,-9,201704,,0,999909,-9,1,0,0,0,0,0,,1,201705,4.0,0,,,1,6505.33,-8,,-8,,1,6505.33,1,168.95,-8,,1,168.95,1,171.43,1,168.83,1,37.95,1,38.53,1
202507,JOB728333325079,ID7541149380,EMP1427125418,-9,201505,,0,999909,-9,1,0,0,0,0,1,CIE - Contrat d'initiation à l'emploi,1,201511,26.0,0,,,1,5075.56,-8,,-8,,1,5075.56,1,169.76,1,8.65,1,178.41,1,169.99,1,180.81,1,29.86,1,28.07,1
202506,JOB465612081113,ID6827835451,EMP8760777302,-9,201904,202411,0,999909,-9,0,1,0,0,0,0,,1,201907,12.0,0,,,1,4364.27,-8,,1,687.08,1,5051.35,1,164.29,1,17.243101641392748,1,181.53310164139273,1,166.23,1,183.47310164139273,1,26.25,1,27.53,1
202401,JOB387275317041,ID5838680275,EMP2789431615,-9,201902,,0,999909,-9,0,0,1,0,0,0,,1,201905,12.0,0,,,1,6979.26,-8,,-8,,1,6979.26,1,161.71,-8,,1,161.71,1,163.32,1,162.38,1,42.73,1,42.98,1
202609,JOB959762617336,ID8696741095,-9,-9,202410,202412,-9,202412,3,2,-8,-9,0,0,0,,-9,,,-9,,,-9,,-9,,-9,,-9,,-9,,-9,,-9,,-9,,-9,,-9,,-9,,1
202610,JOB525484321615,ID0222544485,EMP8858410638,-9,201609,,0,999909,-9,0,0,0,0,0,0,,0,,,0,,,1,8053.42,1,554.08,-8,,1,8607.5,1,169.8,-8,,1,169.8,1,169.05,1,167.48,1,47.64,1,51.39,1
202601,JOB771781609132,ID2363963310,-9,-9,202311,202312,-9,202312,4,2,-8,-9,0,0,0,,-9,,,-9,,,-9,,-9,,-9,,-9,,-9,,-9,,-9,,-9,,-9,,-9,,-9,,1
202410,JOB539088575751,ID2689421236,-9,-9,202010,202104,-9,202104,2,2,-8,-9,0,0,0,,-9,,,-9,,,-9,,-9,,-9,,-9,,-9,,-9,,-9,,-9,,-9,,-9,,-9,,1
202605,JOB408467934529,ID8628666098,EMP2784276635,-9,202301,,0,999909,-9,1,1,0,0,0,0,,1,202307,26.0,0,,,1,5223.98,-8,,-8,,1,5223.98,1,161.52,-8,,1,161.52,1,162.01,1,164.69,1,32.24,1,31.72,1
202403,JOB966856605982,ID7117787506,-9,-9,201504,201506,-9,201506,3,2,-8,-9,0,0,0,,-9,,,-9,,,-9,,-9,,-9,,-9,,-9,,-9,,-9,,-9,,-9,,-9,,-9,,1
202501,JOB693298247844,ID3423059772,EMP6428961615,-9,202408,202409,1,202409,1,0,0,0,0,0,0,,1,202410,8.0,0,,,1,3644.32,1,705.79,1,398.29,1,4748.4,1,167.96,1,12.23763879124678,1,180.1976387912468,1,167.17,1,179.40763879124677,1,21.8,1,26.47,1
202507,JOB720394370820,ID2352392376,EMP4904938540,-9,201503,,0,999909,-9,0,1,0,0,0,0,,0,,,0,,,1,4540.73,-8,,1,365.26,1,4905.99,1,163.93,1,8.791147293754943,1,172.72114729375494,1,164.28,1,173.07114729375493,1,27.64,1,28.35,0
202408,JOB485622959430,ID3790486852,EMP3611231148,-9,201606,201609,4,201609,0,0,1,0,0,0,0,,-9,,,0,,,1,1283.14,-8,,-8,,1,1283.14,1,73.48,-8,,1,73.48,1,72.74,1,73.42,1,17.64,1,17.48,1
202408,JOB149553768680,ID7494814785,EMP7245254055,-9,202510,,3,202810,5,0,0,0,0,0,0,,-9,,,0,,,1,5010.37,-8,,-8,,1,5010.37,1,172.36,1,9.76,1,182.13,1,173.92,1,184.0,1,28.81,1,27.23,1
202502,JOB879837870582,ID6834391997,EMP6995865482,-9,201910,201911,0,999909,-9,1,1,0,0,0,1,PAN - Projet d'activité national,1,202001,12.0,0,,,1,4976.81,1,472.04,-8,,1,5448.85,1,160.9,-8,,1,160.9,1,162.93,1,162.81,1,30.55,1,33.47,1
202511,JOB564456521998,ID5542440652,EMP1343411542,-9,201902,,0,999909,-9,0,1,0,0,0,0,,0,,,0,,,1,4152.87,1,778.73,-8,,1,4931.6,1,160.79,-8,,1,160.79,1,160.34,1,159.16,1,25.9,1,30.99,1
202504,JOB818754441897,ID9032113316,-9,-9,202408,202411,-9,202411,2,2,-8,-9,0,0,0,,-9,,,-9,,,-9,,-9,,-9,,-9,,-9,,-9,,-9,,-9,,-9,,-9,,-9,,1
202406,JOB473647985066,ID5788875334,EMP7986652448,-9,202203,,0,999909,-9,0,1,0,0,0,1,CAE - Contrat d'appui-emploi,1,202205,8.0,0,,,1,3688.09,1,268.24,-8,,1,3956.32,1,166.26,-8,,1,166.26,1,167.13,1,169.38,1,22.07,1,23.36,1
202410,JOB773374254189,ID3533418760,EMP8568359899,-9,202303,,0,999909,-9,0,1,0,0,0,0,,1,202304,6.0,0,,,1,3622.72,1,829.94,1,376.88,1,4829.54,1,160.09,1,11.103034099364793,1,171.1930340993648,1,157.51,1,168.6130340993648,1,23.0,1,28.64,1
202504,JOB936593424190,ID5868917540,EMP9929972114,-9,201702,201703,4,201703,2,0,1,0,0,1,0,,-9,,,0,,,1,2725.88,-8,,-8,,1,2725.88,1,102.16,-8,,1,102.16,1,101.55,1,103.95,1,26.84,1,26.22,1
202608,JOB178032963208,ID5868917540,EMP0484593972,-9,202205,,0,999909,-9,1,1,0,0,0,0,,1,202211,26.0,0,,,1,5949.08,1,608.27,-8,,1,6557.35,1,166.98,1,15.72,1,182.7,1,169.4,1,184.63,1,35.12,1,35.52,1
202512,JOB979280316100,ID0956555222,EMP8688617250,-9,202205,,0,999909,-9,0,0,0,0,0,0,,0,,,0,,,1,3299.0,1,489.09,-8,,1,3788.09,1,168.39,-8,,1,168.39,1,171.72,1,171.35,1,19.21,1,22.11,1
202510,JOB609025824621,ID0956555222,EMP6468065126,-9,202304,202305,4,202305,0,0,0,0,0,0,0,,-9,,,0,,,1,2868.29,1,830.25,-8,,1,3698.54,1,102.7,-8,,1,102.7,1,102.69,1,102.57,1,27.93,1,36.06,1
202406,JOB458970928554,ID9991983120,EMP5284588400,-9,202001,202010,1,202010,4,0,1,0,0,0,0,,1,202003,8.0,0,,,1,3684.51,-8,,-8,,1,3684.51,1,170.01,1,16.61,1,186.62,1,170.06,1,184.68,1,21.67,1,19.95,1
202404,JOB584720104780,ID8232928328,EMP8564405922,-9,202506,,0,999909,-9,0,1,0,0,0,0,,1,202509,12.0,0,,,1,3029.94,-8,,-8,,1,3029.94,1,166.32,-8,,1,166.32,1,168.89,1,163.86,1,17.94,1,18.49,1
202507,JOB622832388019,ID6937663662,EMP3062076645,-9,202502,,0,999909,-9,1,0,0,0,0,0,,0,,,0,,,1,3922.21,-8,,-8,,1,3922.21,1,172.52,1,13.31,1,185.83,1,173.37,1,189.5,1,22.62,1,20.7,1
202605,JOB826866938609,ID0961939194,EMP7105925102,-9,201608,201612,1,201612,3,0,0,0,0,0,0,,0,,,0,,,1,7952.97,1,989.68,1,827.58,1,9770.22,1,160.14,1,11.109351810123666,1,171.24935181012364,1,161.1,1,172.20935181012365,1,49.37,1,56.73,1
202408,JOB530544685304,ID4426188712,EMP8339832411,-9,202508,,0,999909,-9,1,0,0,0,0,0,,0,,,0,,,1,3645.37,1,480.99,-8,,1,4126.36,1,161.98,-8,,1,161.98,1,164.96,1,161.59,1,22.1,1,25.54,1
202410,JOB033584865428,ID9280349406,EMP1307468237,-9,201511,,0,999909,-9,0,0,0,0,0,0,,1,201601,8.0,0,,,1,3116.67,-8,,-8,,1,3116.67,1,160.49,-8,,1,160.49,1,160.06,1,161.44,1,19.47,1,19.31,1
202410,JOB808767692821,ID1898845784,EMP9351766815,-9,201701,201806,0,999909,-9,0,1,0,0,0,0,,1,201702,4.0,0,,,1,2879.96,1,422.13,1,507.6,1,3809.69,1,163.04,1,19.157436726479027,1,182.19743672647903,1,164.76,1,183.91743672647902,1,17.48,1,20.71,1
202411,JOB073021714958,ID7081434627,EMP4968508877,-9,201901,,0,999909,-9,0,1,0,0,0,0,,1,201907,26.0,0,,,1,4476.37,1,286.17,-8,,1,4762.53,1,165.06,-8,,1,165.06,1,165.83,1,167.04,1,26.99,1,28.51,1
202504,JOB276354386070,ID8202569743,EMP8628119958,-9,202008,,0,999909,-9,0,0,0,0,0,0,,1,202011,12.0,0,,,1,6012.69,-8,,-8,,1,6012.69,1,169.63,-8,,1,169.63,1,172.54,1,172.48,1,34.85,1,34.86,1
202611,JOB496483443038,ID3733755057,EMP0977112246,-9,201509,202307,0,999909,-9,0,0,0,0,0,0,,0,,,0,,,1,5152.61,-8,,-8,,1,5152.61,1,161.0,-8,,1,161.0,1,163.23,1,158.0,1,31.57,1,32.61,1
202403,JOB814224596762,ID3733755057,EMP3118785054,-9,201706,,0,999909,-9,0,0,0,0,0,0,,1,201707,6.0,0,,,1,3705.7,-8,,-8,,1,3705.7,1,164.09,-8,,1,164.09,1,163.44,1,161.1,1,22.67,1,23.0,1
202507,JOB523335421135,ID7476438048,EMP2433932669,-9,202101,,0,999909,-9,0,1,0,0,0,0,,1,202103,8.0,0,,,1,4213.8,-8,,1,279.16,1,4492.97,1,162.85,1,7.192544864482992,1,170.04254486448298,1,164.21,1,171.402544864483,1,25.66,1,26.21,1
202409,JOB082450466385,ID9829382035,EMP2391461609,-9,202407,,0,999909,-9,0,1,0,0,0,0,,1,202410,12.0,0,,,1,3111.47,-8,,-8,,1,3111.47,1,165.58,-8,,1,165.58,1,162.55,1,168.22,1,19.14,1,18.5,1
202503,JOB926637082265,ID4673072401,EMP1575450302,-9,201810,,0,999909,-9,0,1,0,0,0,0,,0,,,0,,,1,4307.55,-8,,-8,,1,4307.55,1,160.41,-8,,1,160.41,1,160.92,1,162.29,1,26.77,1,26.54,1
202505,JOB840698827339,ID7297548624,EMP4279513388,-9,201808,,0,999909,-9,1,1,0,0,0,0,,1,201902,26.0,0,,,1,3683.5,1,873.56,-8,,1,4557.06,1,165.58,1,15.94,1,181.52,1,165.35,1,181.17,1,22.28,1,25.15,1
202409,JOB183979847934,ID2997747359,EMP4765517763,-9,202004,,0,999909,-9,0,1,0,0,0,0,,1,202005,4.0,0,,,1,2945.3,-8,,-8,,1,2945.3,1,165.44,1,7.45,1,172.89,1,168.55,1,175.02,1,17.47,1,16.83,1
202502,JOB390448396710,ID9078408007,-9,-9,202207,202301,-9,202301,4,2,-8,-9,0,0,0,,-9,,,-9,,,-9,,-9,,-9,,-9,,-9,,-9,,-9,,-9,,-9,,-9,,-9,,1
202609,JOB781642233439,ID7676939256,EMP7401678744,-9,201703,,0,999909,-9,0,0,0,0,0,0,,0,,,0,,,1,7898.67,-8,,-8,,1,7898.67,1,166.24,-8,,1,166.24,1,169.3,1,163.88,1,46.65,1,48.2,1
202508,JOB741954182568,ID3959080067,EMP5516229374,-9,202511,,0,999909,-9,1,1,0,0,0,0,,1,202512,4.0,0,,,1,7631.54,-8,,-8,,1,7631.54,1,172.19,-8,,1,172.19,1,171.88,1,174.93,1,44.4,1,43.63,1
202608,JOB524288494977,ID8054196361,-9,-9,202207,202209,-9,202209,3,2,-8,-9,0,0,0,,-9,,,-9,,,-9,,-9,,-9,,-9,,-9,,-9,,-9,,-9,,-9,,-9,,-9,,1
202601,JOB891874810743,ID5494543413,EMP9121506942,-9,201904,,0,999909,-9,0,0,0,0,0,0,,1,201910,26.0,0,,,1,4410.81,1,845.77,-8,,1,5256.58,1,172.98,-8,,1,172.98,1,173.25,1,175.15,1,25.46,1,30.01,1
202601,JOB161238461932,ID5243068282,EMP0222602541,-9,202506,202507,0,999909,-9,1,0,0,0,0,1,CAE - Contrat d'appui-emploi,0,,,0,,,1,5363.28,-8,,-8,,1,5363.28,1,161.56,-8,,1,161.56,1,163.46,1,163.08,1,32.81,1,32.89,1
202403,JOB138391002167,ID5617210376,-9,-9,201709,201711,-9,201711,4,2,-8,-9,0,0,0,,-9,,,-9,,,-9,,-9,,-9,,-9,,-9,,-9,,-9,,-9,,-9,,-9,,-9,,1
202511,JOB210513766539,ID3482866304,EMP1530297695,-9,202307,202412,0,999909,-9,1,1,0,0,0,0,,0,,,0,,,1,5410.91,-8,,-8,,1,5410.91,1,161.71,-8,,1,161.71,1,162.03,1,161.5,1,33.39,1,33.5,1
202602,JOB266805935332,ID7050485535,EMP5298886527,-9,201802,,0,999909,-9,0,0,0,0,0,1,PAN - Projet d'activité national,1,201803,4.0,0,,,1,3030.11,-8,,-8,,1,3030.11,1,161.84,-8,,1,161.84,1,164.27,1,159.73,1,18.45,1,18.97,1
202407,JOB780437966199,ID9573264100,EMP9799055367,-9,201901,,0,999909,-9,0,0,0,0,0,0,,1,201902,6.0,0,,,1,5412.24,-8,,-8,,1,5412.24,1,163.79,-8,,1,163.79,1,164.0,1,160.95,1,33.0,1,33.63,1
202609,JOB752096133806,ID2758748489,EMP0973015245,-9,202011,,0,999909,-9,1,1,0,0,0,0,,0,,,0,,,1,6455.81,-8,,-8,,1,6455.81,1,170.01,1,16.31,1,186.31,1,168.59,1,188.33,1,38.29,1,34.28,1
202603,JOB182161492370,ID8243717774,EMP5332850589,TMP5646979320,201811,,0,999909,-9,1,0,0,0,0,0,,0,,,0,,,1,7163.87,-8,,-8,,1,7163.87,1,163.93,-8,,1,163.93,1,166.06,1,165.29,1,43.14,1,43.34,1
202507,JOB513689031818,ID8243717774,EMP6557214995,-9,201802,201811,1,201811,4,0,1,0,0,0,0,,1,201804,8.0,0,,,1,3254.46,-8,,-8,,1,3254.46,1,165.34,-8,,1,165.34,1,163.01,1,165.37,1,19.96,1,19.68,1
202405,JOB547351797057,ID3921406053,EMP0223243553,-9,202509,,0,999909,-9,0,0,0,0,0,0,,1,202603,26.0,0,,,1,5706.08,-8,,-8,,1,5706.08,1,165.84,-8,,1,165.84,1,164.59,1,167.35,1,34.67,1,34.1,1
202404,JOB414860195889,ID3715545606,EMP1613555026,-9,201907,,0,999909,-9,0,0,0,0,0,0,,1,202001,26.0,0,,,1,4310.65,-8,,-8,,1,4310.65,1,163.83,-8,,1,163.83,1,164.79,1,162.41,1,26.16,1,26.54,0
202607,JOB844303194044,ID5128616671,EMP9152668571,-9,202411,,0,999909,-9,0,1,0,0,0,0,,1,202412,4.0,0,,,1,4329.17,-8,,-8,,1,4329.17,1,162.92,-8,,1,162.92,1,160.31,1,164.73,1,27.0,1,26.28,1
202501,JOB545145288140,ID4817734467,EMP1084063975,-9,202102,202103,4,202103,2,0,1,0,0,0,0,,-9,,,1,590.48,30.26,1,1968.25,-8,,1,457.9,1,2426.15,1,100.86,1,15.6430558895789,1,116.5030558895789,1,102.5,1,118.1430558895789,1,19.2,1,20.54,1
202602,JOB599431878033,ID8922086617,EMP4396589792,-9,201708,,0,999909,-9,0,0,0,0,0,0,,0,,,0,,,1,5937.52,-8,,-8,,1,5937.52,1,160.77,-8,,1,160.77,1,158.37,1,159.98,1,37.49,1,37.11,1
202405,JOB046218863541,ID1174217166,EMP0922275802,-9,201601,,0,999909,-9,1,1,0,0,0,0,,1,201603,8.0,0,,,1,6125.37,1,468.13,-8,,1,6593.5,1,166.24,-8,,1,166.24,1,168.29,1,165.38,1,36.4,1,39.87,1
202405,JOB183844725153,ID1706026228,EMP7675572230,-9,201910,,0,999909,-9,1,0,0,0,0,0,,1,201911,4.0,0,,,1,5500.88,-8,,-8,,1,5500.88,1,168.85,1,18.49,1,187.34,1,166.91,1,184.96,1,32.96,1,29.74,1
202409,JOB241174628601,ID2445867948,EMP8010191877,-9,202008,,0,999909,-9,0,0,0,0,0,0,,1,202011,12.0,0,,,1,4150.26,-8,,-8,,1,4150.26,1,171.12,1,18.49,1,189.61,1,172.86,1,192.13,1,24.01,1,21.6,1
202401,JOB428580814487,ID2445867948,EMP0338360844,-9,202302,,0,999909,-9,0,1,0,0,0,0,,1,202303,6.0,0,,,1,2981.85,-8,,-8,,1,2981.85,1,166.72,-8,,1,166.72,1,168.05,1,165.42,1,17.74,1,18.03,1
202603,JOB569908557268,ID8205101443,EMP3233532528,-9,202109,202307,0,999909,-9,0,0,0,0,0,0,,0,,,0,,,1,4722.13,-8,,-8,,1,4722.13,1,168.69,-8,,1,168.69,1,170.01,1,166.37,1,27.78,1,28.38,1
202506,JOB255520514593,ID8205101443,EMP8256562700,-9,202308,,0,999909,-9,0,0,0,0,0,0,,1,202309,4.0,0,,,1,7056.12,-8,,-8,,1,7056.12,1,165.83,1,18.69,1,184.52,1,168.19,1,181.94,1,41.95,1,38.78,1
202511,JOB444798481160,ID3683398677,EMP1605202022,-9,201808,,0,999909,-9,0,0,0,0,1,0,,1,201810,8.0,0,,,1,4482.15,-8,,-8,,1,4482.15,1,171.02,-8,,1,171.02,1,168.34,1,174.19,1,26.63,1,25.73,1
202511,JOB672515058848,ID3340951841,EMP3863554141,-9,201705,,0,999909,-9,1,0,0,0,0,0,,0,,,0,,,1,4360.84,-8,,-8,,1,4360.84,1,163.64,1,19.84,1,183.48,1,166.57,1,180.41,1,26.18,1,24.17,1
202408,JOB213066411513,ID0798971696,EMP3750416608,-9,201603,201803,3,201803,5,0,1,0,0,0,0,,-9,,,0,,,1,2400.81,1,643.35,-8,,1,3044.16,1,145.08,-8,,1,145.08,1,147.48,1,147.09,1,16.28,1,20.7,1
202409,JOB261031967155,ID2324805076,EMP2920333721,-9,202302,,0,999909,-9,0,1,0,0,0,0,,0,,,0,,,1,4312.97,1,126.81,1,715.54,1,5155.31,1,161.27,1,17.836794237005662,1,179.10679423700566,1,164.32,1,182.15679423700567,1,26.25,1,28.3,1
202509,JOB169853827182,ID2324805076,-9,TMP9551317888,202406,202412,-9,202412,4,2,-8,-9,0,0,0,,-9,,,-9,,,-9,,-9,,-9,,-9,,-9,,-9,,-9,,-9,,-9,,-9,,-9,,1
202508,JOB530875960515,ID0254081945,EMP8681829151,-9,201909,,0,999909,-9,1,1,0,1,0,0,,0,,,0,,,1,3845.15,-8,,-8,,1,3845.15,1,172.36,-8,,1,172.36,1,173.02,1,174.61,1,22.22,1,22.02,1
202505,JOB554662636145,ID8534708611,EMP7196993052,-9,201703,,0,999909,-9,1,0,0,0,0,0,,0,,,1,2187.52,49.7,1,7291.72,-8,,-8,,1,7291.72,1,165.66,-8,,1,165.66,1,164.14,1,162.95,1,44.42,1,44.75,1
202604,JOB388662145339,ID3456981314,EMP9800917487,-9,202108,202402,1,202402,6,0,1,0,0,0,0,,1,202111,12.0,0,,,1,3807.25,-8,,-8,,1,3807.25,1,171.97,-8,,1,171.97,1,170.99,1,174.92,1,22.27,1,21.77,1
202603,JOB130454043343,ID7047221452,EMP5761514150,-9,202502,202507,2,202507,3,0,0,0,0,0,0,,-9,,,0,,,1,7156.48,-8,,-8,,1,7156.48,1,162.28,-8,,1,162.28,1,160.16,1,160.46,1,44.68,1,44.6,1
202505,JOB656496547144,ID7047221452,EMP3215236191,-9,202305,202511,1,202511,6,0,1,0,0,0,0,,1,202308,12.0,0,,,1,3012.84,1,933.37,-8,,1,3946.21,1,171.01,-8,,1,171.01,1,167.85,1,168.29,1,17.95,1,23.45,1
202405,JOB358564343191,ID7953185137,EMP1183502335,-9,202110,,0,999909,-9,0,1,0,0,0,0,,1,202201,12.0,0,,,1,4251.47,-8,,-8,,1,4251.47,1,166.88,-8,,1,166.88,1,170.14,1,165.3,1,24.99,1,25.72,1
202410,JOB980762206828,ID7868381051,EMP7686242641,-9,202209,202306,1,202306,4,0,0,0,0,0,0,,1,202210,6.0,0,,,1,5003.36,1,614.91,1,617.33,1,6235.6,1,165.86,1,13.642869652225713,1,179.50286965222574,1,164.09,1,177.7328696522257,1,30.49,1,35.08,1
202509,JOB754967430388,ID8030100471,EMP8982050858,-9,202003,,0,999909,-9,1,0,0,0,0,0,,1,202005,8.0,0,,,1,3899.95,-8,,-8,,1,3899.95,1,171.24,-8,,1,171.24,1,172.74,1,174.01,1,22.58,1,22.41,1
202608,JOB604850369303,ID5436852890,EMP1164047220,-9,201608,201705,0,999909,-9,0,0,0,0,0,0,,0,,,0,,,1,8151.75,-8,,-8,,1,8151.75,1,171.25,-8,,1,171.25,1,172.97,1,174.34,1,47.13,1,46.76,1
202408,JOB847139520979,ID9622837292,EMP7479596645,-9,201705,,0,999909,-9,0,1,0,0,0,0,,1,201706,4.0,0,,,1,4286.52,-8,,-8,,1,4286.52,1,164.55,-8,,1,164.55,1,162.75,1,161.43,1,26.34,1,26.55,1
202610,JOB468663553545,ID9622837292,-9,-9,201606,201610,-9,201610,4,2,-8,-9,0,0,1,PAN - Projet d'activité national,-9,,,-9,,,-9,,-9,,-9,,-9,,-9,,-9,,-9,,-9,,-9,,-9,,-9,,1
202511,JOB475950395205,ID6177977030,EMP3472560183,-9,202010,,0,999909,-9,0,0,0,0,0,0,,0,,,0,,,1,5198.37,1,974.86,1,962.48,1,7135.7,1,160.68,1,19.833357028658142,1,180.51335702865816,1,162.5,1,182.33335702865816,1,31.99,1,39.14,1
202501,JOB822992671991,ID8051447529,EMP1872230179,-9,201605,,0,999909,-9,0,1,0,0,0,0,,1,201611,26.0,0,,,1,2853.39,1,621.46,-8,,1,3474.85,1,170.77,-8,,1,170.77,1,171.34,1,168.89,1,16.65,1,20.57,1
202605,JOB978989174085,ID0699187145,EMP2482542284,-9,202301,202403,0,999909,-9,1,1,0,0,0,0,,1,202302,4.0,1,1455.08,50.57,1,4850.26,-8,,-8,,1,4850.26,1,168.55,-8,,1,168.55,1,171.2,1,168.74,1,28.33,1,28.74,1
202611,JOB944397823250,ID1068915346,EMP5185972435,-9,202305,202308,2,202308,4,0,0,0,0,0,0,,-9,,,0,,,1,3337.79,-8,,-8,,1,3337.79,1,161.57,-8,,1,161.57,1,160.56,1,162.96,1,20.79,1,20.48,1
202405,JOB646383139145,ID8558704685,EMP8848866750,-9,202506,,0,999909,-9,0,1,0,0,0,0,,1,202508,8.0,0,,,1,4196.11,1,237.05,-8,,1,4433.16,1,163.16,-8,,1,163.16,1,165.62,1,165.21,1,25.34,1,26.83,1
202412,JOB708734592954,ID9788277126,EMP1916846315,-9,201911,,0,999909,-9,0,0,0,0,0,0,,0,,,0,,,1,6081.38,1,164.35,-8,,1,6245.72,1,163.71,-8,,1,163.71,1,163.91,1,160.73,1,37.1,1,38.86,1
202402,JOB289989106554,ID6964514664,EMP9792384254,-9,202110,202111,1,202111,2,0,1,0,0,0,0,,1,202112,8.0,0,,,1,4702.34,-8,,-8,,1,4702.34,1,172.02,-8,,1,172.02,1,173.55,1,171.8,1,27.1,1,27.37,1
202405,JOB436053499429,ID9772440791,EMP6659850205,-9,202001,202004,2,202004,4,0,1,0,0,0,0,,-9,,,1,1297.38,48.73,1,4324.61,-8,,-8,,1,4324.61,1,162.43,-8,,1,162.43,1,162.71,1,160.93,1,26.58,1,26.87,1
202506,JOB932308343791,ID7435911079,-9,-9,201611,201705,-9,201705,2,2,-8,-9,0,0,0,,-9,,,-9,,,-9,,-9,,-9,,-9,,-9,,-9,,-9,,-9,,-9,,-9,,-9,,1
202411,JOB298536854894,ID0289705806,EMP8085905866,-9,202104,,0,999909,-9,0,0,0,0,0,0,,1,202105,4.0,0,,,1,6231.69,1,848.69,1,303.5,1,7383.89,1,172.4,1,5.597628746593707,1,177.9976287465937,1,175.81,1,181.4076287465937,1,35.45,1,40.7,1
202411,JOB337408105180,ID0289705806,EMP0433905398,-9,202107,,0,999909,-9,0,1,0,0,0,0,,1,202108,6.0,0,,,1,3375.78,-8,,-8,,1,3375.78,1,162.13,-8,,1,162.13,1,162.4,1,164.47,1,20.79,1,20.53,1
202506,JOB686465139787,ID6270329163,EMP2009319848,-9,202102,,0,999909,-9,0,0,0,0,0,0,,1,202103,4.0,0,,,1,4329.46,1,279.06,1,781.45,1,5389.97,1,161.72,1,19.459992002454456,1,181.17999200245447,1,160.71,1,180.16999200245448,1,26.94,1,29.92,1
202611,JOB750852886582,ID2782483673,EMP2112805461,-9,202309,202311,4,202311,1,0,0,0,0,0,0,,-9,,,0,,,1,5732.97,-8,,-8,,1,5732.97,1,119.99,-8,,1,119.99,1,120.42,1,118.36,1,47.61,1,48.44,1
202601,JOB875826616225,ID7115275825,EMP5555664086,-9,201709,,0,999909,-9,0,0,0,0,0,0,,1,201710,6.0,0,,,1,5334.75,1,653.45,-8,,1,5988.2,1,166.61,-8,,1,166.61,1,168.86,1,168.74,1,31.59,1,35.49,1
202407,JOB086030262583,ID9890279745,EMP6481907440,-9,202405,,0,999909,-9,0,0,0,0,0,0,,1,202408,12.0,0,,,1,7657.1,-8,,-8,,1,7657.1,1,161.85,-8,,1,161.85,1,162.19,1,164.22,1,47.21,1,46.63,1
202601,JOB857000716731,ID5824975745,EMP1745487658,-9,201611,201612,1,201612,2,0,0,0,0,0,0,,1,201701,8.0,0,,,1,3413.99,1,164.09,-8,,1,3578.08,1,161.62,-8,,1,161.62,1,161.04,1,163.67,1,21.2,1,21.86,1
202608,JOB632830345297,ID7048296234,EMP2876819327,-9,201505,,0,999909,-9,0,1,0,0,0,0,,1,201506,6.0,0,,,1,3785.4,1,628.93,-8,,1,4414.33,1,167.23,1,9.76,1,176.99,1,165.09,1,179.11,1,22.93,1,24.65,1
202408,JOB381427268290,ID8675572452,EMP2952306541,-9,201605,,0,999909,-9,0,0,0,0,0,0,,1,201606,6.0,0,,,1,5607.15,1,956.03,-8,,1,6563.18,1,168.43,-8,,1,168.43,1,171.29,1,165.41,1,32.73,1,39.68,1
202604,JOB324370817238,ID6463869353,EMP4129398266,-9,202005,202202,0,999909,-9,0,1,0,0,0,0,,0,,,0,,,1,2709.28,-8,,-8,,1,2709.28,1,160.6,-8,,1,160.6,1,162.64,1,159.12,1,16.66,1,17.03,1
202606,JOB982088596978,ID6771320308,EMP1733669936,TMP5605285521,201904,,0,999909,-9,0,0,0,0,0,0,,1,201910,26.0,0,,,1,6864.57,-8,,-8,,1,6864.57,1,169.32,-8,,1,169.32,1,166.85,1,171.72,1,41.14,1,39.98,1
202409,JOB799622969933,ID6771320308,EMP6623894587,-9,202506,,0,999909,-9,1,1,0,0,0,0,,1,202512,26.0,0,,,1,5722.8,-8,,-8,,1,5722.8,1,161.2,-8,,1,161.2,1,159.1,1,160.71,1,35.97,1,35.61,1
202410,JOB562493144353,ID9706410644,EMP3907801051,-9,202102,,0,999909,-9,0,0,0,0,0,0,,1,202104,8.0,0,,,1,6261.74,-8,,-8,,1,6261.74,1,164.36,-8,,1,164.36,1,167.34,1,165.07,1,37.42,1,37.93,1
202503,JOB042155524911,ID9491161960,EMP3577833099,-9,201501,202401,0,999909,-9,0,0,1,1,1,0,,1,201507,26.0,0,,,1,5688.18,1,603.86,-8,,1,6292.03,1,167.8,-8,,1,167.8,1,169.18,1,165.26,1,33.62,1,38.07,1
202605,JOB781410443120,ID3819862408,EMP9062678894,TMP5502943964,201802,,0,999909,-9,1,1,0,0,0,0,,0,,,0,,,1,5229.53,-8,,-8,,1,5229.53,1,164.82,-8,,1,164.82,1,165.5,1,166.24,1,31.6,1,31.46,1
202606,JOB935463827665,ID3585626925,EMP1759584939,-9,202101,,0,999909,-9,1,1,1,0,0,1,CAE - Contrat d'appui-emploi,0,,,0,,,1,5875.39,1,368.83,-8,,1,6244.22,1,162.59,-8,,1,162.59,1,163.86,1,163.88,1,35.86,1,38.1,1
202507,JOB122905304082,ID4064606207,-9,-9,202105,202109,-9,202109,3,2,-8,-9,0,0,0,,-9,,,-9,,,-9,,-9,,-9,,-9,,-9,,-9,,-9,,-9,,-9,,-9,,-9,,1
202505,JOB334021449182,ID1733311870,EMP7708447112,-9,202504,,0,999909,-9,1,0,0,0,0,0,,1,202505,6.0,0,,,1,4421.88,1,321.56,-8,,1,4743.45,1,166.81,-8,,1,166.81,1,164.66,1,168.22,1,26.85,1,28.2,1
202601,JOB093531892086,ID1135027255,EMP4595676752,-9,202309,202310,1,202310,2,0,0,0,0,0,0,,1,202310,6.0,0,,,1,6576.97,-8,,-8,,1,6576.97,1,161.74,-8,,1,161.74,1,159.99,1,159.97,1,41.11,1,41.11,1
202604,JOB687643860579,ID1135027255,EMP4738994333,-9,202503,,0,999909,-9,1,0,0,0,0,0,,1,202504,4.0,0,,,1,4344.18,-8,,-8,,1,4344.18,1,163.04,1,19.53,1,182.57,1,160.08,1,181.55,1,27.14,1,23.93,1
202609,JOB591196231510,ID9775016190,EMP5078041584,-9,202402,,0,999909,-9,0,1,0,0,0,0,,0,,,0,,,1,4030.08,-8,,-8,,1,4030.08,1,164.44,-8,,1,164.44,1,162.1,1,162.27,1,24.86,1,24.84,1
202508,JOB696755281476,ID1927136520,EMP6617182316,-9,201501,,0,999909,-9,0,1,0,0,0,0,,1,201503,8.0,0,,,1,2886.83,-8,,-8,,1,2886.83,1,164.36,-8,,1,164.36,1,165.62,1,164.34,1,17.43,1,17.57,1
202501,JOB097631501084,ID0287419757,EMP1199039944,-9,202306,202407,0,999909,-9,0,1,0,0,0,0,,0,,,0,,,1,3221.18,-8,,-8,,1,3221.18,1,172.27,-8,,1,172.27,1,171.86,1,175.28,1,18.74,1,18.38,1
202409,JOB088829151011,ID9079927442,EMP4763046572,-9,202006,202507,0,999909,-9,1,1,0,0,0,0,,1,202012,26.0,0,,,1,6244.75,1,361.49,-8,,1,6606.24,1,165.31,-8,,1,165.31,1,167.24,1,163.75,1,37.34,1,40.34,1
202604,JOB392692822418,ID4704324355,EMP4234446757,-9,202408,,0,999909,-9,0,1,0,0,0,1,CAE - Contrat d'appui-emploi,0,,,0,,,1,2873.53,-8,,-8,,1,2873.53,1,166.23,-8,,1,166.23,1,167.48,1,163.91,1,17.16,1,17.53,1
202507,JOB698934560119,ID6099262098,-9,-9,202211,202302,-9,202302,3,2,-8,-9,0,0,0,,-9,,,-9,,,-9,,-9,,-9,,-9,,-9,,-9,,-9,,-9,,-9,,-9,,-9,,1
202509,JOB194617546699,ID6137036292,EMP1076132405,-9,202304,,0,999909,-9,1,0,0,0,0,0,,0,,,0,,,1,4140.4,-8,,-8,,1,4140.4,1,165.84,-8,,1,165.84,1,162.93,1,167.55,1,25.41,1,24.71,1
202509,JOB255778450670,ID5504402465,EMP1420100298,-9,201601,,0,999909,-9,0,1,0,0,0,0,,1,201603,8.0,0,,,1,4804.72,-8,,-8,,1,4804.72,1,172.67,-8,,1,172.67,1,171.52,1,174.36,1,28.01,1,27.56,1
202602,JOB115440942626,ID4093923234,EMP7750456845,-9,201902,,0,999909,-9,0,1,0,0,0,0,,1,201905,12.0,0,,,1,2677.1,1,469.34,-8,,1,3146.44,1,161.18,-8,,1,161.18,1,159.54,1,162.91,1,16.78,1,19.31,1
202608,JOB949146568229,ID0248895008,EMP6163854779,-9,202307,,0,999909,-9,1,1,0,0,0,0,,1,202308,6.0,0,,,1,5667.4,-8,,-8,,1,5667.4,1,171.11,1,8.37,1,179.48,1,167.71,1,178.66,1,33.79,1,31.72,1
202409,JOB907684623395,ID4359862460,EMP5543318461,-9,202005,,0,999909,-9,0,0,0,0,0,0,,1,202008,12.0,1,1031.85,51.73,1,3439.51,-8,,-8,,1,3439.51,1,172.42,-8,,1,172.42,1,171.95,1,173.68,1,20.0,1,19.8,1
202411,JOB128719485416,ID0088683518,EMP9571770038,-9,202501,202510,1,202510,4,0,0,0,0,0,0,,1,202503,8.0,0,,,1,4476.16,-8,,-8,,1,4476.16,1,166.25,-8,,1,166.25,1,165.85,1,167.25,1,26.99,1,26.76,1
202401,JOB621765396982,ID4539455467,EMP2110134594,-9,202009,,0,999909,-9,0,1,0,0,0,0,,0,,,0,,,1,4135.58,1,166.64,-8,,1,4302.23,1,166.96,-8,,1,166.96,1,168.67,1,169.66,1,24.52,1,25.36,1
202411,JOB595043305432,ID1124322444,EMP2773699282,-9,202208,,0,999909,-9,0,0,0,0,0,0,,1,202209,6.0,0,,,1,2903.39,-8,,1,382.58,1,3285.98,1,160.79,1,14.124891127326084,1,174.9148911273261,1,159.76,1,173.88489112732609,1,18.17,1,18.9,1
202606,JOB139833664973,ID9391036853,EMP0609109727,-9,202101,,0,999909,-9,0,0,0,0,0,0,,0,,,0,,,1,4338.89,-8,,1,505.05,1,4843.93,1,166.56,1,12.925049383220959,1,179.48504938322097,1,163.62,1,176.54504938322097,1,26.52,1,27.44,1
202606,JOB584558959511,ID2810318692,EMP9623695966,-9,201804,201810,2,201810,3,0,1,0,0,0,0,,-9,,,0,,,1,4157.82,-8,,-8,,1,4157.82,1,163.97,-8,,1,163.97,1,165.5,1,162.3,1,25.12,1,25.62,1
202409,JOB361986158481,ID7050787126,EMP5851234370,-9,202106,202110,1,202110,3,0,0,1,0,0,0,,1,202109,12.0,0,,,1,5964.14,-8,,-8,,1,5964.14,1,171.92,-8,,1,171.92,1,169.08,1,173.56,1,35.27,1,34.36,1
202601,JOB806924064676,ID4849556915,EMP2342821405,-9,201905,201909,1,201909,3,0,0,0,0,0,0,,1,201907,8.0,0,,,1,3943.07,-8,,-8,,1,3943.07,1,168.42,-8,,1,168.42,1,166.04,1,165.15,1,23.75,1,23.88,1
202409,JOB382250976798,ID7918292183,EMP8436550996,-9,201707,,0,999909,-9,0,0,0,0,0,0,,1,201801,26.0,0,,,1,7066.83,1,649.94,-8,,1,7716.77,1,168.24,1,5.52,1,173.76,1,168.47,1,174.36,1,41.95,1,44.26,0
202412,JOB448750164044,ID7523734001,EMP5625364230,-9,201911,202309,0,999909,-9,0,1,0,0,0,0,,1,202005,26.0,0,,,1,4037.47,-8,,-8,,1,4037.47,1,164.68,-8,,1,164.68,1,167.75,1,166.14,1,24.07,1,24.3,1
202410,JOB150057906349,ID5316624694,EMP9790307713,-9,202209,,0,999909,-9,1,0,0,0,0,1,CIE - Contrat d'initiation à l'emploi,1,202211,8.0,0,,,1,4688.11,-8,,-8,,1,4688.11,1,168.41,-8,,1,168.41,1,165.52,1,165.89,1,28.32,1,28.26,1
202508,JOB127453069504,ID1513501674,EMP8625622421,-9,201601,201706,0,999909,-9,0,0,0,0,0,0,,1,201604,12.0,0,,,1,7879.98,1,524.64,1,603.89,1,9008.51,1,166.82,1,8.523000651267619,1,175.3430006512676,1,169.98,1,178.5030006512676,1,46.36,1,50.47,1
202611,JOB778413779907,ID6451986436,EMP8969009108,-9,201708,202212,0,999909,-9,0,1,0,0,0,0,,0,,,0,,,1,2776.32,1,310.57,-8,,1,3086.88,1,168.42,-8,,1,168.42,1,167.1,1,169.03,1,16.61,1,18.26,1
202609,JOB619955197108,ID9880077304,EMP8443771451,-9,201905,,0,999909,-9,1,1,0,0,0,0,,1,201911,26.0,0,,,1,3874.99,1,314.66,-8,,1,4189.64,1,163.1,-8,,1,163.1,1,161.18,1,161.86,1,24.04,1,25.88,1
202408,JOB650379216136,ID0611309160,EMP2364532426,-9,201906,,0,999909,-9,0,1,0,0,0,0,,0,,,0,,,1,4007.13,1,121.0,-8,,1,4128.13,1,171.55,-8,,1,171.55,1,169.79,1,169.85,1,23.6,1,24.3,1
202407,JOB936171656766,ID5264702560,-9,-9,201806,201811,-9,201811,4,2,-8,-9,0,0,0,,-9,,,-9,,,-9,,-9,,-9,,-9,,-9,,-9,,-9,,-9,,-9,,-9,,-9,,1
202603,JOB793128845308,ID6814935670,EMP4218888213,-9,202504,,0,999909,-9,0,1,0,0,0,0,,0,,,0,,,1,4472.29,-8,,-8,,1,4472.29,1,163.76,-8,,1,163.76,1,166.32,1,167.01,1,26.89,1,26.78,0
202511,JOB588044833231,ID6814935670,EMP2137475031,TMP9006608792,201904,202612,0,999909,-9,1,0,0,0,0,0,,1,201906,8.0,0,,,1,6946.82,1,250.21,-8,,1,7197.03,1,166.65,1,7.93,1,174.58,1,167.82,1,172.16,1,41.39,1,41.8,1
202412,JOB625470075712,ID7593249711,EMP7864185552,-9,202111,202511,0,999909,-9,0,1,0,0,0,0,,0,,,0,,,1,3818.31,1,805.79,1,540.4,1,5164.5,1,169.68,1,16.009668919283712,1,185.68966891928372,1,172.22,1,188.2296689192837,1,22.17,1,27.44,1
202606,JOB397486323551,ID6424369204,EMP4821126468,-9,201705,202101,0,999909,-9,0,1,0,0,0,0,,1,201711,26.0,0,,,1,4444.19,-8,,-8,,1,4444.19,1,161.52,-8,,1,161.52,1,161.87,1,164.29,1,27.46,1,27.05,1
202511,JOB626154759314,ID0400281323,EMP9769467082,-9,201802,,0,999909,-9,1,1,0,0,0,0,,0,,,0,,,1,6339.84,1,833.03,-8,,1,7172.87,1,169.58,-8,,1,169.58,1,171.01,1,172.65,1,37.07,1,41.55,1
202409,JOB641041967083,ID2170605503,EMP6762647081,-9,201501,201502,1,201502,2,0,1,0,0,0,0,,0,,,0,,,1,4164.94,-8,,-8,,1,4164.94,1,163.65,-8,,1,163.65,1,162.05,1,166.73,1,25.7,1,24.98,1
202402,JOB246365828675,ID3923463406,EMP8883695420,-9,202404,,0,999909,-9,0,0,1,0,0,0,,1,202405,4.0,0,,,1,7328.18,-8,,-8,,1,7328.18,1,164.47,-8,,1,164.47,1,161.87,1,164.75,1,45.27,1,44.48,1
202509,JOB823941233934,ID6293778677,EMP4263158708,-9,202002,,0,999909,-9,0,0,0,0,0,0,,1,202005,12.0,0,,,1,4987.08,1,822.01,-8,,1,5809.09,1,167.12,-8,,1,167.12,1,169.14,1,168.81,1,29.48,1,34.41,1
202602,JOB422215352724,ID6356097078,EMP3563459592,-9,202403,,0,999909,-9,1,0,0,0,0,0,,0,,,0,,,1,6714.88,1,959.51,-8,,1,7674.39,1,172.59,-8,,1,172.59,1,175.09,1,170.85,1,38.35,1,44.92,1
202506,JOB051312400372,ID6356097078,EMP6901350563,-9,202303,,0,999909,-9,1,1,0,0,0,0,,1,202304,6.0,0,,,1,6821.25,1,648.52,-8,,1,7469.77,1,166.34,-8,,1,166.34,1,168.88,1,165.11,1,40.39,1,45.24,1
202604,JOB505395341839,ID5115364644,EMP4652615267,-9,201506,201508,2,201508,3,0,1,0,0,0,0,,-9,,,0,,,1,3005.75,1,786.28,-8,,1,3792.03,1,162.62,-8,,1,162.62,1,159.82,1,162.54,1,18.81,1,23.33,1
202612,JOB362183356359,ID3711423131,EMP6491490229,-9,202009,202010,0,999909,-9,0,0,0,0,0,0,,1,202012,12.0,1,1470.63,49.54,1,4902.1,-8,,-8,,1,4902.1,1,165.14,-8,,1,165.14,1,163.86,1,165.74,1,29.92,1,29.58,1
202502,JOB009745878701,ID3711423131,EMP4127724816,-9,202111,202311,3,202311,5,0,0,0,0,0,0,,-9,,,0,,,1,8274.45,-8,,1,590.68,1,8865.14,1,172.27,1,8.19849995446821,1,180.46849995446823,1,171.79,1,179.9884999544682,1,48.17,1,49.25,1
202606,JOB732875124940,ID7090812918,EMP8058581122,-9,201809,,0,999909,-9,0,0,0,0,0,0,,1,201810,4.0,0,,,1,3862.61,-8,,1,530.16,1,4392.78,1,167.46,1,15.323163375531784,1,182.78316337553179,1,165.88,1,181.20316337553177,1,23.29,1,24.24,1
202504,JOB684805473577,ID9002353017,EMP3846987923,-9,201701,,0,999909,-9,0,0,0,0,0,0,,1,201707,26.0,0,,,1,7156.37,-8,,-8,,1,7156.37,1,164.91,-8,,1,164.91,1,164.24,1,166.41,1,43.57,1,43.0,1
202408,JOB675427956771,ID5989174090,EMP8192737625,-9,201809,,0,999909,-9,0,1,0,0,0,0,,1,201810,6.0,0,,,1,2801.95,-8,,-8,,1,2801.95,1,166.84,-8,,1,166.84,1,168.7,1,168.63,1,16.61,1,16.62,1
202606,JOB186255112160,ID8231241955,EMP5935340417,-9,201910,,0,999909,-9,0,0,0,0,0,0,,1,202001,12.0,0,,,1,4469.39,1,130.75,-8,,1,4600.14,1,171.06,1,17.28,1,188.34,1,173.1,1,188.95,1,25.82,1,24.35,1
202504,JOB152010198092,ID6333323248,EMP5515169351,-9,201908,,0,999909,-9,0,1,0,0,0,0,,1,201911,12.0,0,,,1,4490.33,1,859.36,-8,,1,5349.69,1,167.14,-8,,1,167.14,1,170.39,1,166.92,1,26.35,1,32.05,1
202602,JOB588064845112,ID4340438245,EMP7061029765,-9,202110,202202,1,202202,3,0,1,0,0,0,0,,1,202111,6.0,0,,,1,4565.51,1,195.44,-8,,1,4760.95,1,165.48,-8,,1,165.48,1,166.84,1,167.2,1,27.36,1,28.47,1
202503,JOB232644295399,ID7714830278,EMP9250145432,-9,201909,,0,999909,-9,0,0,0,0,1,0,,1,202003,26.0,0,,,1,8062.41,1,132.86,-8,,1,8195.27,1,164.86,-8,,1,164.86,1,164.67,1,167.15,1,48.96,1,49.03,1
202407,JOB638932149479,ID0565247929,EMP5744142522,-9,202403,,0,999909,-9,0,1,0,0,0,0,,1,202409,26.0,0,,,1,3199.34,-8,,-8,,1,3199.34,1,162.97,-8,,1,162.97,1,161.19,1,160.68,1,19.85,1,19.91,1
202506,JOB802950648525,ID7589697459,EMP9353527245,-9,201909,,0,999909,-9,1,0,0,0,0,0,,1,202003,26.0,0,,,1,4656.88,-8,,-8,,1,4656.88,1,163.18,-8,,1,163.18,1,162.08,1,161.64,1,28.73,1,28.81,1
202611,JOB710692920079,ID7589697459,EMP4185119184,-9,201710,,0,999909,-9,1,1,0,0,0,0,,0,,,0,,,1,4874.87,-8,,-8,,1,4874.87,1,169.36,-8,,1,169.36,1,167.95,1,167.58,1,29.03,1,29.09,1
202412,JOB080391267142,ID5200229390,EMP1927100020,-9,201911,,0,999909,-9,0,0,0,0,0,0,,1,202002,12.0,0,,,1,3652.34,-8,,-8,,1,3652.34,1,172.59,-8,,1,172.59,1,173.58,1,173.67,1,21.04,1,21.03,1
202610,JOB754507854447,ID2511345071,EMP5395885967,-9,202209,202412,0,999909,-9,1,1,0,0,0,0,,1,202303,26.0,0,,,1,6773.56,1,834.54,-8,,1,7608.1,1,172.11,-8,,1,172.11,1,174.3,1,169.41,1,38.86,1,44.91,1
202412,JOB674227004910,ID4564208927,EMP8318699783,-9,201709,,0,999909,-9,0,1,0,0,0,0,,0,,,0,,,1,3572.88,1,747.31,1,514.96,1,4835.14,1,160.51,1,15.42281418265871,1,175.9328141826587,1,158.76,1,174.1828141826587,1,22.5,1,27.76,1
202408,JOB169657416874,ID7932630804,EMP5621327613,-9,201502,,0,999909,-9,0,0,0,0,0,0,,1,201508,26.0,0,,,1,4579.43,-8,,-8,,1,4579.43,1,163.75,1,12.67,1,176.42,1,165.66,1,175.59,1,27.64,1,26.08,1
202511,JOB783507859163,ID8312309869,EMP5338294839,-9,201508,201605,1,201605,4,0,0,1,0,0,0,,1,201510,8.0,0,,,1,3813.81,-8,,-8,,1,3813.81,1,166.25,-8,,1,166.25,1,166.29,1,167.52,1,22.93,1,22.77,1
202608,JOB183891232651,ID5297951440,EMP6975500282,-9,202206,,0,999909,-9,0,1,0,0,1,0,,1,202207,4.0,0,,,1,4441.46,-8,,-8,,1,4441.46,1,163.26,-8,,1,163.26,1,163.26,1,161.6,1,27.2,1,27.48,1
202411,JOB956749772445,ID5297951440,-9,-9,201903,201909,-9,201909,3,2,-8,-9,0,0,0,,-9,,,-9,,,-9,,-9,,-9,,-9,,-9,,-9,,-9,,-9,,-9,,-9,,-9,,1
202606,JOB086011131520,ID1624759434,EMP2330430727,-9,202108,202202,2,202202,3,0,1,0,0,0,0,,-9,,,0,,,1,4097.84,-8,,-8,,1,4097.84,1,166.1,-8,,1,166.1,1,169.29,1,164.55,1,24.21,1,24.9,1
202503,JOB823997417969,ID3853390343,EMP3439932762,-9,202002,,0,999909,-9,0,1,0,0,0,0,,1,202003,6.0,1,1149.82,49.26,1,3832.73,-8,,1,242.96,1,4075.7,1,164.19,1,6.9387898714216245,1,171.12878987142162,1,166.21,1,173.14878987142163,1,23.06,1,23.54,1
202609,JOB020771304462,ID0509534306,EMP3642683854,-9,202101,,0,999909,-9,0,1,0,0,0,1,CIE - Contrat d'initiation à l'emploi,1,202104,12.0,1,799.4,48.54,1,2664.68,-8,,-8,,1,2664.68,1,161.8,1,18.26,1,180.06,1,163.83,1,182.59,1,16.26,1,14.59,1
202401,JOB260279022683,ID8079887170,EMP9084923213,-9,201904,201905,1,201905,2,0,0,0,0,0,0,,1,201907,12.0,0,,,1,3759.62,1,342.3,-8,,1,4101.91,1,162.97,-8,,1,162.97,1,165.58,1,163.73,1,22.71,1,25.05,1
202608,JOB705855398019,ID0657164562,EMP6261831631,-9,201507,,0,999909,-9,1,0,0,0,0,0,,1,201508,6.0,0,,,1,7473.35,-8,,-8,,1,7473.35,1,171.35,-8,,1,171.35,1,171.68,1,168.54,1,43.53,1,44.34,1
202509,JOB454678252454,ID6517778256,-9,-9,202303,202309,-9,202309,4,2,-8,-9,0,0,0,,-9,,,-9,,,-9,,-9,,-9,,-9,,-9,,-9,,-9,,-9,,-9,,-9,,-9,,1
202512,JOB718664278761,ID6517778256,EMP2862307497,-9,202306,,0,999909,-9,0,0,0,0,0,0,,1,202307,6.0,0,,,1,2941.8,-8,,1,159.86,1,3101.66,1,160.57,1,5.817086772431269,1,166.38708677243127,1,162.66,1,168.47708677243128,1,18.09,1,18.41,1
202505,JOB517633210721,ID1425319514,EMP6022750360,-9,202404,,0,999909,-9,0,0,0,0,0,0,,0,,,0,,,1,3204.67,-8,,-8,,1,3204.67,1,166.89,-8,,1,166.89,1,164.63,1,166.07,1,19.47,1,19.3,1
202605,JOB049312134606,ID5196007041,EMP3035164501,-9,201509,,0,999909,-9,0,0,0,0,0,0,,0,,,0,,,1,6852.32,-8,,-8,,1,6852.32,1,165.9,-8,,1,165.9,1,164.98,1,162.85,1,41.53,1,42.08,1
202404,JOB641282258613,ID0280100440,EMP9280007747,-9,202006,202009,0,999909,-9,1,1,0,0,0,0,,0,,,1,1411.29,50.36,1,4704.29,-8,,-8,,1,4704.29,1,167.87,-8,,1,167.87,1,166.49,1,169.07,1,28.26,1,27.82,1
202603,JOB073380954584,ID9088601232,-9,-9,201703,201709,-9,201709,2,2,-8,-9,0,0,0,,-9,,,-9,,,-9,,-9,,-9,,-9,,-9,,-9,,-9,,-9,,-9,,-9,,-9,,1
202610,JOB115285371613,ID0723620329,EMP5924147710,-9,202101,202110,1,202110,4,0,0,1,0,0,0,,1,202103,8.0,0,,,1,3364.25,-8,,-8,,1,3364.25,1,160.75,-8,,1,160.75,1,159.47,1,163.7,1,21.1,1,20.55,1
202512,JOB659390992476,ID9663498983,EMP1741640121,-9,202005,,0,999909,-9,0,0,0,0,0,0,,1,202006,6.0,0,,,1,5954.69,-8,,-8,,1,5954.69,1,161.94,1,16.62,1,178.55,1,162.47,1,180.76,1,36.65,1,32.94,1
202502,JOB161382171286,ID7603394228,EMP7820069955,-9,202502,,0,999909,-9,0,0,0,0,0,0,,0,,,0,,,1,7086.09,1,299.09,1,999.0,1,8384.17,1,169.71,1,15.950520925230562,1,185.66052092523057,1,171.44,1,187.39052092523056,1,41.33,1,44.74,1
202512,JOB715232703657,ID2903569352,EMP8193288191,-9,201504,,0,999909,-9,1,0,0,0,0,0,,1,201510,26.0,0,,,1,6152.56,-8,,-8,,1,6152.56,1,169.42,-8,,1,169.42,1,167.01,1,166.46,1,36.84,1,36.96,1
202411,JOB919601110129,ID7146792779,EMP3122206781,-9,201806,202504,0,999909,-9,0,1,0,0,0,0,,1,201812,26.0,0,,,1,2493.78,1,737.35,-8,,1,3231.13,1,160.75,-8,,1,160.75,1,159.59,1,159.41,1,15.63,1,20.27,1
202501,JOB860409634158,ID3309562126,EMP9019309560,-9,202508,,0,999909,-9,1,1,0,0,0,0,,1,202602,26.0,0,,,1,4441.58,1,530.77,-8,,1,4972.35,1,162.92,-8,,1,162.92,1,160.38,1,163.8,1,27.69,1,30.36,1
202501,JOB956958764959,ID0109333390,EMP4342927094,-9,201710,201801,2,201801,3,0,1,0,0,0,0,,-9,,,0,,,1,3345.97,1,865.53,1,445.86,1,4657.36,1,162.37,1,14.424156121619713,1,176.79415612161972,1,165.45,1,179.8741561216197,1,20.22,1,25.89,1
202412,JOB141735042994,ID2502757649,EMP6475674384,-9,201704,201706,2,201706,2,0,1,0,0,0,0,,-9,,,0,,,1,4359.88,1,796.0,-8,,1,5155.88,1,172.37,-8,,1,172.37,1,169.15,1,169.35,1,25.78,1,30.45,1
202501,JOB185220998802,ID5376000694,EMP2621915746,-9,202306,202506,3,202506,5,0,0,0,0,0,0,,-9,,,0,,,1,6298.58,-8,,-8,,1,6298.58,1,172.81,-8,,1,172.81,1,169.43,1,172.67,1,37.18,1,36.48,1
202508,JOB379568885863,ID2304932138,-9,-9,202505,202509,-9,202509,2,2,-8,-9,0,1,0,,-9,,,-9,,,-9,,-9,,-9,,-9,,-9,,-9,,-9,,-9,,-9,,-9,,-9,,1
202411,JOB158238732535,ID5130519116,EMP3363415050,-9,202405,,0,999909,-9,1,0,0,0,0,0,,1,202407,8.0,0,,,1,6660.28,1,936.07,-8,,1,7596.35,1,163.66,1,8.22,1,171.88,1,165.04,1,170.18,1,40.36,1,44.64,1
202402,JOB031224082486,ID7091409378,EMP1677860575,-9,201507,,0,999909,-9,0,0,0,0,0,0,,0,,,0,,,1,7824.12,-8,,-8,,1,7824.12,1,172.03,-8,,1,172.03,1,170.7,1,171.59,1,45.84,1,45.6,1
202509,JOB187908861097,ID2127927975,EMP0540352914,TMP9463388612,202001,202110,0,999909,-9,0,0,0,0,0,0,,1,202004,12.0,0,,,1,6290.33,-8,,-8,,1,6290.33,1,161.62,-8,,1,161.62,1,159.9,1,160.86,1,39.34,1,39.1,1
202512,JOB452124723694,ID4129306345,EMP5804543787,-9,202006,,0,999909,-9,1,1,0,0,0,0,,1,202012,26.0,0,,,1,3555.86,-8,,-8,,1,3555.86,1,160.47,-8,,1,160.47,1,158.72,1,157.82,1,22.4,1,22.53,1
202507,JOB812864437900,ID5905455988,EMP5887221514,-9,201511,201811,3,201811,5,0,0,0,0,0,0,,-9,,,0,,,1,5659.04,-8,,-8,,1,5659.04,1,168.47,-8,,1,168.47,1,168.44,1,170.97,1,33.6,1,33.1,1
202402,JOB516089310426,ID3507919875,EMP8601018150,-9,201509,,0,999909,-9,1,1,0,0,1,0,,0,,,0,,,1,6542.94,-8,,-8,,1,6542.94,1,171.92,-8,,1,171.92,1,169.48,1,168.62,1,38.61,1,38.8,1
202407,JOB607507299000,ID6843759422,EMP5879591319,-9,202106,,0,999909,-9,0,0,0,0,0,0,,0,,,0,,,1,3291.96,1,783.81,-8,,1,4075.77,1,168.36,-8,,1,168.36,1,168.35,1,165.33,1,19.55,1,24.65,1
202410,JOB970967791442,ID6843759422,EMP5714794992,-9,202209,202211,0,999909,-9,1,1,0,0,0,0,,1,202303,26.0,0,,,1,6350.51,1,934.04,-8,,1,7284.54,1,160.98,-8,,1,160.98,1,159.44,1,159.75,1,39.83,1,45.6,1
202512,JOB067128382453,ID3397962560,EMP9959381144,-9,201606,,0,999909,-9,0,0,0,0,0,0,,1,201609,12.0,0,,,1,7842.44,-8,,-8,,1,7842.44,1,169.95,1,16.18,1,186.13,1,168.83,1,184.54,1,46.45,1,42.5,1
202507,JOB988703656442,ID3397962560,EMP2782586394,-9,201704,,0,999909,-9,0,1,0,0,0,0,,0,,,0,,,1,3145.41,1,688.06,1,510.45,1,4343.93,1,162.51,1,17.58200118739422,1,180.0920011873942,1,165.22,1,182.8020011873942,1,19.04,1,23.76,1
202406,JOB426021487132,ID2973617418,EMP0688083155,-9,202506,,0,999909,-9,0,0,0,0,0,0,,1,202509,12.0,0,,,1,7245.23,-8,,-8,,1,7245.23,1,161.33,-8,,1,161.33,1,161.4,1,161.17,1,44.89,1,44.95,1
202611,JOB306754054850,ID0111557381,EMP6631654740,-9,201509,201910,0,999909,-9,0,0,0,0,0,0,,0,,,0,,,1,4018.67,1,456.49,-8,,1,4475.17,1,161.14,-8,,1,161.14,1,163.28,1,161.27,1,24.61,1,27.75,1
202410,JOB956044504941,ID0111557381,EMP0699787641,-9,202106,202304,0,999909,-9,0,0,0,0,0,0,,1,202112,26.0,0,,,1,4247.55,1,823.94,-8,,1,5071.49,1,164.91,-8,,1,164.91,1,166.92,1,167.06,1,25.45,1,30.36,1
202406,JOB258174742873,ID9238175657,EMP9347519954,-9,202506,,0,999909,-9,1,0,0,0,0,0,,0,,,0,,,1,5396.64,-8,,-8,,1,5396.64,1,162.78,-8,,1,162.78,1,161.76,1,160.43,1,33.36,1,33.64,0
202602,JOB753016209195,ID5397847443,-9,-9,202011,202103,-9,202103,3,2,-8,-9,0,0,0,,-9,,,-9,,,-9,,-9,,-9,,-9,,-9,,-9,,-9,,-9,,-9,,-9,,-9,,1
202602,JOB860430419902,ID8012884590,EMP1139871014,-9,202302,,0,999909,-9,0,0,0,0,0,0,,0,,,0,,,1,5754.1,-8,,-8,,1,5754.1,1,162.18,-8,,1,162.18,1,164.13,1,164.87,1,35.06,1,34.9,1
202511,JOB772176864160,ID6848988840,EMP1750699042,-9,202302,,0,999909,-9,0,1,0,0,0,0,,1,202304,8.0,0,,,1,3369.91,-8,,-8,,1,3369.91,1,160.19,1,9.27,1,169.46,1,157.72,1,168.8,1,21.37,1,19.96,1
202605,JOB568972066683,ID9369059888,EMP2230077508,-9,202001,,0,999909,-9,1,1,0,0,0,0,,1,202003,8.0,0,,,1,4908.17,-8,,-8,,1,4908.17,1,167.49,-8,,1,167.49,1,169.64,1,166.68,1,28.93,1,29.45,1
202609,JOB252439366153,ID0405426301,EMP3541270042,-9,201607,,0,999909,-9,0,1,0,0,0,0,,1,201610,12.0,0,,,1,2524.17,-8,,-8,,1,2524.17,1,160.53,-8,,1,160.53,1,163.69,1,160.85,1,15.42,1,15.69,1
202611,JOB922111116998,ID0223146943,EMP2189520696,-9,202503,202505,4,202505,1,0,0,0,0,0,0,,-9,,,0,,,1,1667.25,-8,,-8,,1,1667.25,1,87.52,-8,,1,87.52,1,88.63,1,87.11,1,18.81,1,19.14,1
202411,JOB623764565949,ID2098566682,EMP2162074970,-9,202009,,0,999909,-9,0,0,0,0,0,0,,1,202010,4.0,0,,,1,6844.01,-8,,1,488.95,1,7332.96,1,164.32,1,7.8262774562266895,1,172.14627745622667,1,162.83,1,170.6562774562267,1,42.03,1,42.97,1
202508,JOB983303824608,ID0359361856,EMP4422201500,-9,202410,,0,999909,-9,0,1,0,0,0,0,,1,202504,26.0,0,,,1,4252.55,-8,,-8,,1,4252.55,1,162.63,-8,,1,162.63,1,164.23,1,161.3,1,25.89,1,26.36,1
202412,JOB625219761654,ID9044598972,-9,-9,202311,202404,-9,202404,2,2,-8,-9,0,1,0,,-9,,,-9,,,-9,,-9,,-9,,-9,,-9,,-9,,-9,,-9,,-9,,-9,,-9,,1
202408,JOB384043234289,ID1885857492,EMP6778903886,-9,202101,,0,999909,-9,1,0,0,0,0,1,PAN - Projet d'activité national,1,202102,4.0,0,,,1,5743.01,1,242.91,-8,,1,5985.93,1,167.63,-8,,1,167.63,1,164.96,1,166.06,1,34.81,1,36.05,1
202406,JOB299361831858,ID0897484359,EMP1778028560,-9,201705,,0,999909,-9,0,0,0,0,0,0,,0,,,0,,,1,6650.97,-8,,-8,,1,6650.97,1,171.74,-8,,1,171.74,1,171.6,1,170.38,1,38.76,1,39.04,0
202405,JOB387820349450,ID6062516396,EMP5312883428,-9,201501,,0,999909,-9,1,0,0,0,0,0,,1,201502,4.0,0,,,1,4610.17,-8,,-8,,1,4610.17,1,161.55,1,15.13,1,176.68,1,163.47,1,179.0,1,28.2,1,25.76,1
202605,JOB376020118543,ID9509716593,EMP1967428013,TMP2274650856,202303,,0,999909,-9,0,1,0,0,0,0,,0,,,1,1326.31,50.82,1,4421.04,1,537.83,-8,,1,4958.86,1,169.41,-8,,1,169.41,1,167.62,1,172.52,1,26.38,1,28.74,1
202606,JOB426410105939,ID8110767238,EMP2352089003,-9,202504,,0,999909,-9,0,1,0,0,0,0,,1,202506,8.0,0,,,1,3386.58,-8,,-8,,1,3386.58,1,168.69,-8,,1,168.69,1,168.31,1,166.89,1,20.12,1,20.29,1
202411,JOB858801370008,ID3465275950,-9,-9,202002,202006,-9,202006,2,2,-8,-9,0,0,0,,-9,,,-9,,,-9,,-9,,-9,,-9,,-9,,-9,,-9,,-9,,-9,,-9,,-9,,1
202407,JOB411904526030,ID1687201804,-9,-9,202306,202312,-9,202312,4,2,-8,-9,0,0,0,,-9,,,-9,,,-9,,-9,,-9,,-9,,-9,,-9,,-9,,-9,,-9,,-9,,-9,,1
202602,JOB833032774636,ID5906400480,EMP2681817351,-9,201804,,0,999909,-9,0,0,0,0,0,0,,1,201806,8.0,0,,,1,4374.67,1,490.28,1,582.49,1,5447.44,1,172.24,1,15.289284064628509,1,187.5292840646285,1,174.06,1,189.3492840646285,1,25.13,1,28.77,1
202606,JOB057081940510,ID1509377292,EMP7366561299,-9,201709,,0,999909,-9,0,0,0,0,0,0,,1,201710,4.0,0,,,1,6882.11,1,547.9,-8,,1,7430.01,1,167.89,-8,,1,167.89,1,165.06,1,169.5,1,41.69,1,43.83,0
202406,JOB792114824417,ID8665821516,EMP8080862279,-9,201602,202409,0,999909,-9,0,1,0,0,0,0,,0,,,0,,,1,3519.37,1,477.96,-8,,1,3997.33,1,163.45,-8,,1,163.45,1,163.47,1,161.36,1,21.53,1,24.77,1
202503,JOB986716169019,ID6205429338,EMP6563467466,-9,201503,,0,999909,-9,0,1,0,0,0,0,,0,,,0,,,1,3962.42,-8,,-8,,1,3962.42,1,168.78,-8,,1,168.78,1,168.16,1,170.16,1,23.56,1,23.29,0
202604,JOB965258351413,ID6205429338,EMP0525764431,-9,202406,,0,999909,-9,0,1,0,0,0,0,,1,202408,8.0,0,,,1,3325.16,1,200.9,1,486.69,1,4012.75,1,164.03,1,16.005566986072015,1,180.035566986072,1,161.36,1,177.36556698607203,1,20.61,1,22.62,1
202607,JOB160033959268,ID2995397340,EMP2946924176,-9,202107,,0,999909,-9,0,0,0,0,0,0,,1,202108,4.0,0,,,1,5439.35,1,221.41,-8,,1,5660.76,1,165.9,1,6.46,1,172.36,1,162.77,1,175.45,1,33.42,1,32.26,1
202505,JOB120929977550,ID6076966907,EMP8965526942,-9,201807,201811,1,201811,3,0,0,0,0,0,0,,1,201808,6.0,0,,,1,7965.89,-8,,-8,,1,7965.89,1,166.18,-8,,1,166.18,1,167.46,1,166.56,1,47.57,1,47.83,1
202505,JOB603644163071,ID7587338591,EMP9600362394,TMP8432328857,202502,,0,999909,-9,0,0,0,0,0,0,,1,202503,6.0,0,,,1,5133.74,-8,,-8,,1,5133.74,1,165.21,-8,,1,165.21,1,166.21,1,163.6,1,30.89,1,31.38,1
202410,JOB336749839022,ID0527183194,EMP8492167278,-9,201711,,0,999909,-9,0,1,0,0,1,0,,1,201802,12.0,0,,,1,4428.54,-8,,-8,,1,4428.54,1,166.17,-8,,1,166.17,1,167.08,1,167.79,1,26.51,1,26.39,1
202402,JOB411481306577,ID7190939415,EMP3704359449,-9,202508,202511,2,202511,4,0,0,0,0,0,0,,-9,,,0,,,1,3861.05,-8,,-8,,1,3861.05,1,161.89,-8,,1,161.89,1,163.92,1,162.36,1,23.55,1,23.78,1
202410,JOB607314583833,ID0500202134,EMP3328793851,-9,201504,,0,999909,-9,0,0,0,0,0,0,,0,,,0,,,1,8318.69,-8,,-8,,1,8318.69,1,166.63,-8,,1,166.63,1,163.34,1,167.51,1,50.93,1,49.66,1
202404,JOB609884833820,ID9862129770,EMP6983000344,-9,202007,202104,1,202104,4,0,0,0,0,0,0,,1,202008,6.0,0,,,1,8009.86,-8,,-8,,1,8009.86,1,169.34,-8,,1,169.34,1,166.79,1,170.05,1,48.02,1,47.1,1
202403,JOB833595899673,ID6412900943,EMP3754825658,-9,202202,,0,999909,-9,0,0,0,0,0,0,,1,202203,4.0,0,,,1,5262.57,1,201.75,-8,,1,5464.32,1,160.08,-8,,1,160.08,1,161.45,1,158.77,1,32.6,1,34.42,1
202607,JOB310203659433,ID1571755293,EMP5648188536,-9,201802,201811,0,999909,-9,0,0,0,0,0,0,,0,,,0,,,1,3754.73,-8,,1,617.14,1,4371.87,1,171.36,1,18.7768997877604,1,190.1368997877604,1,173.69,1,192.46689978776038,1,21.62,1,22.71,1
202611,JOB275679951972,ID2566616252,EMP2343297959,-9,201507,201604,1,201604,4,0,1,0,0,0,0,,0,,,0,,,1,4547.19,-8,,-8,,1,4547.19,1,172.8,-8,,1,172.8,1,171.11,1,172.28,1,26.57,1,26.39,1
202501,JOB499712581673,ID9830691067,EMP6269187986,-9,202304,,0,999909,-9,0,0,0,0,0,0,,0,,,0,,,1,6418.06,1,862.1,1,1056.04,1,8336.2,1,165.43,1,18.146858194374733,1,183.57685819437475,1,164.85,1,182.99685819437474,1,38.93,1,45.55,1
202401,JOB702569298677,ID2935276109,EMP6664352738,-9,202202,202206,1,202206,3,0,1,0,0,0,1,CIE - Contrat d'initiation à l'emploi,0,,,0,,,1,3537.8,-8,,-8,,1,3537.8,1,167.56,1,7.69,1,175.25,1,166.19,1,175.09,1,21.29,1,20.21,1
202401,JOB245462255259,ID0242390722,EMP5677175473,-9,201908,,0,999909,-9,1,0,0,0,0,0,,1,201909,4.0,0,,,1,6467.15,-8,,-8,,1,6467.15,1,167.78,1,15.18,1,182.97,1,168.8,1,181.59,1,38.31,1,35.61,1
202602,JOB304657207937,ID1966865199,EMP6094282346,-9,202502,,0,999909,-9,0,0,0,0,0,0,,0,,,0,,,1,7235.2,1,580.71,1,815.1,1,8631.0,1,165.5,1,12.429831709790683,1,177.92983170979068,1,166.39,1,178.81983170979066,1,43.48,1,48.27,1
202502,JOB924772913180,ID5286227267,EMP4071399690,-9,201702,,0,999909,-9,0,0,0,0,0,0,,1,201708,26.0,0,,,1,3525.69,-8,,-8,,1,3525.69,1,160.56,-8,,1,160.56,1,162.8,1,162.59,1,21.66,1,21.68,1
202503,JOB716987919054,ID9970433005,EMP4870110553,-9,202104,,0,999909,-9,0,1,0,0,0,0,,0,,,0,,,1,2629.88,-8,,-8,,1,2629.88,1,161.06,-8,,1,161.06,1,163.73,1,161.55,1,16.06,1,16.28,1
202501,JOB090488236195,ID5862131908,EMP9212928017,-9,202510,,0,999909,-9,1,0,0,0,0,0,,1,202601,12.0,0,,,1,4074.36,-8,,-8,,1,4074.36,1,166.51,-8,,1,166.51,1,163.78,1,169.24,1,24.88,1,24.07,1
202609,JOB843030208429,ID5862131908,EMP0140675582,-9,201805,,0,999909,-9,1,1,0,0,0,0,,0,,,0,,,1,4189.45,-8,,-8,,1,4189.45,1,171.5,-8,,1,171.5,1,174.36,1,173.95,1,24.03,1,24.08,1
202604,JOB931921466031,ID7852366415,EMP5387673209,-9,202209,202211,2,202211,3,0,0,1,0,0,0,,-9,,,0,,,1,4023.67,-8,,-8,,1,4023.67,1,162.69,-8,,1,162.69,1,164.38,1,164.48,1,24.48,1,24.46,1
202409,JOB275258753827,ID5222693530,EMP4431027169,-9,201905,,0,999909,-9,0,1,0,0,0,0,,0,,,0,,,1,2965.72,-8,,-8,,1,2965.72,1,163.93,-8,,1,163.93,1,165.66,1,166.5,1,17.9,1,17.81,1
202608,JOB177868569659,ID3326128995,EMP8208633429,-9,201902,,0,999909,-9,0,1,0,0,0,0,,1,201908,26.0,1,795.14,49.81,1,2650.48,1,866.62,-8,,1,3517.1,1,166.02,-8,,1,166.02,1,162.91,1,163.82,1,16.27,1,21.47,1
202509,JOB678545521509,ID6437573444,-9,-9,201906,201908,-9,201908,4,2,-8,-9,0,0,0,,-9,,,-9,,,-9,,-9,,-9,,-9,,-9,,-9,,-9,,-9,,-9,,-9,,-9,,1
202606,JOB237389015447,ID5672239090,EMP9555928598,-9,201708,,0,999909,-9,0,0,0,0,1,0,,1,201709,4.0,1,2078.53,49.4,1,6928.42,1,589.69,1,404.42,1,7922.53,1,164.65,1,6.40718372429371,1,171.0571837242937,1,164.82,1,171.2271837242937,1,42.04,1,46.27,1
202411,JOB873063071692,ID5330793792,EMP1226882019,-9,202311,202312,1,202312,2,0,1,0,0,0,0,,1,202405,26.0,0,,,1,4447.07,-8,,-8,,1,4447.07,1,172.62,-8,,1,172.62,1,170.89,1,175.25,1,26.02,1,25.38,0
202512,JOB208661181085,ID3660827703,EMP2566972418,TMP1978377211,201708,,0,999909,-9,0,0,0,0,0,0,,0,,,0,,,1,7914.41,1,267.77,-8,,1,8182.17,1,160.53,-8,,1,160.53,1,159.14,1,158.33,1,49.73,1,51.68,1
202605,JOB125468271548,ID1215986341,EMP9693867364,-9,202501,,0,999909,-9,0,1,0,0,0,0,,1,202502,6.0,1,1397.13,50.74,1,4657.11,-8,,-8,,1,4657.11,1,169.14,-8,,1,169.14,1,168.53,1,171.71,1,27.63,1,27.12,1
202601,JOB043700985240,ID7980786639,EMP4160973620,-9,202507,,0,999909,-9,0,0,0,0,0,1,CAE - Contrat d'appui-emploi,1,202510,12.0,0,,,1,3297.04,1,844.18,-8,,1,4141.21,1,164.25,-8,,1,164.25,1,165.58,1,162.14,1,19.91,1,25.54,1
202503,JOB827353200037,ID8741132952,EMP9952806363,-9,202301,202512,0,999909,-9,1,1,0,0,0,0,,1,202304,12.0,0,,,1,5414.16,-8,,-8,,1,5414.16,1,165.6,-8,,1,165.6,1,162.64,1,166.06,1,33.29,1,32.6,1
202606,JOB931467372648,ID5193500230,-9,-9,201503,201509,-9,201509,4,2,-8,-9,0,0,0,,-9,,,-9,,,-9,,-9,,-9,,-9,,-9,,-9,,-9,,-9,,-9,,-9,,-9,,1
202612,JOB030857654551,ID5185196079,EMP8629299284,-9,202007,,0,999909,-9,1,0,0,0,0,0,,0,,,0,,,1,5757.23,1,886.22,-8,,1,6643.45,1,162.78,-8,,1,162.78,1,161.66,1,160.98,1,35.61,1,41.27,1
202608,JOB042765952425,ID1105684602,EMP0598969592,-9,202404,202405,1,202405,1,0,0,0,0,1,0,,1,202410,26.0,0,,,1,5569.72,-8,,-8,,1,5569.72,1,163.84,-8,,1,163.84,1,166.41,1,163.41,1,33.47,1,34.08,1
202507,JOB935725866089,ID2657047592,EMP1043025868,-9,202108,202409,0,999909,-9,0,0,0,0,0,0,,1,202111,12.0,0,,,1,5457.56,-8,,-8,,1,5457.56,1,172.27,-8,,1,172.27,1,173.29,1,173.79,1,31.49,1,31.4,0
202611,JOB162271801744,ID2354001347,EMP3194944618,-9,202106,,0,999909,-9,0,1,0,0,0,0,,1,202109,12.0,1,919.52,48.18,1,3065.06,1,971.05,-8,,1,4036.11,1,160.59,-8,,1,160.59,1,157.87,1,162.57,1,19.42,1,24.83,1
202612,JOB418820553617,ID6338696651,EMP2259506047,-9,202010,,0,999909,-9,1,1,0,0,0,0,,1,202011,6.0,0,,,1,4179.48,-8,,-8,,1,4179.48,1,162.51,1,6.91,1,169.42,1,164.67,1,169.74,1,25.38,1,24.62,1
202406,JOB422183226414,ID6386463904,EMP8229498472,-9,201510,,0,999909,-9,1,0,0,0,0,0,,1,201601,12.0,0,,,1,6358.34,1,740.62,-8,,1,7098.96,1,160.89,-8,,1,160.89,1,163.5,1,163.01,1,38.89,1,43.55,1
202609,JOB093925375121,ID2384109106,-9,-9,201901,201907,-9,201907,4,2,-8,-9,0,0,0,,-9,,,-9,,,-9,,-9,,-9,,-9,,-9,,-9,,-9,,-9,,-9,,-9,,-9,,1
202410,JOB624542651668,ID4039231962,EMP8130921268,-9,201707,201709,4,201709,2,0,0,0,0,0,0,,-9,,,0,,,1,3556.33,1,801.4,-8,,1,4357.74,1,71.15,-8,,1,71.15,1,70.23,1,71.19,1,50.64,1,61.21,1
202407,JOB383343490633,ID4003771626,EMP3609128988,-9,201605,,0,999909,-9,1,0,0,0,0,0,,1,201606,4.0,0,,,1,7003.63,-8,,-8,,1,7003.63,1,170.41,1,7.3,1,177.7,1,172.23,1,175.29,1,40.66,1,39.95,1
202411,JOB854857216007,ID5356665141,EMP5865651778,-9,202010,202107,1,202107,4,0,0,0,0,0,0,,1,202011,4.0,0,,,1,7630.56,-8,,1,697.56,1,8328.12,1,169.85,1,10.351430531068047,1,180.20143053106804,1,167.01,1,177.36143053106804,1,45.69,1,46.96,1
202611,JOB303372825362,ID0687283118,EMP0258911366,TMP0965411210,202209,202403,1,202403,5,0,0,0,0,0,1,CAE - Contrat d'appui-emploi,1,202212,12.0,0,,,1,3312.89,-8,,-8,,1,3312.89,1,171.1,-8,,1,171.1,1,167.99,1,167.85,1,19.72,1,19.74,1
202605,JOB461021618563,ID0540123081,EMP3746460932,-9,201906,202007,0,999909,-9,0,0,0,0,0,0,,1,201909,12.0,0,,,1,2926.81,-8,,-8,,1,2926.81,1,161.19,1,7.96,1,169.15,1,160.46,1,166.93,1,18.24,1,17.53,1
202603,JOB967437888591,ID6804275470,-9,-9,201609,201701,-9,201701,2,2,-8,-9,0,0,0,,-9,,,-9,,,-9,,-9,,-9,,-9,,-9,,-9,,-9,,-9,,-9,,-9,,-9,,1
202604,JOB622115600529,ID4925443105,EMP8210378009,TMP8411423438,201802,,0,999909,-9,0,1,0,0,0,0,,1,201805,12.0,0,,,1,4213.48,-8,,-8,,1,4213.48,1,161.63,-8,,1,161.63,1,161.43,1,158.86,1,26.1,1,26.52,1
202507,JOB107879678335,ID1357465721,EMP7499901433,-9,202307,,0,999909,-9,0,1,0,0,0,0,,0,,,0,,,1,3283.1,-8,,-8,,1,3283.1,1,167.98,-8,,1,167.98,1,171.16,1,169.21,1,19.18,1,19.4,0
202402,JOB961634261847,ID5467568788,EMP5992310459,-9,201505,201506,1,201506,2,0,1,0,0,0,1,CAE - Contrat d'appui-emploi,1,201508,12.0,0,,,1,4455.6,-8,,-8,,1,4455.6,1,161.7,-8,,1,161.7,1,160.25,1,159.79,1,27.8,1,27.88,1
202411,JOB662762369382,ID5467568788,EMP5309080345,-9,201707,,0,999909,-9,0,0,0,0,0,0,,0,,,0,,,1,8134.03,1,832.41,-8,,1,8966.44,1,170.63,-8,,1,170.63,1,171.89,1,168.96,1,47.32,1,53.07,0
202608,JOB572892552953,ID2735563749,-9,-9,201707,201711,-9,201711,2,2,-8,-9,0,0,0,,-9,,,-9,,,-9,,-9,,-9,,-9,,-9,,-9,,-9,,-9,,-9,,-9,,-9,,1
202510,JOB180108340138,ID7068284566,EMP0641324710,-9,201808,,0,999909,-9,1,1,0,0,0,1,CAE - Contrat d'appui-emploi,1,201809,4.0,0,,,1,7100.22,-8,,-8,,1,7100.22,1,168.52,-8,,1,168.52,1,167.07,1,166.6,1,42.5,1,42.62,1
202403,JOB664762066456,ID0934929454,EMP2052242700,-9,202105,202305,3,202305,5,0,0,0,0,0,0,,-9,,,0,,,1,5718.94,-8,,-8,,1,5718.94,1,148.08,-8,,1,148.08,1,147.84,1,150.3,1,38.68,1,38.05,1
202606,JOB623430212917,ID2845681970,EMP1476573115,-9,202310,,0,999909,-9,0,0,0,0,0,1,CIE - Contrat d'initiation à l'emploi,1,202404,26.0,0,,,1,7523.73,1,556.12,-8,,1,8079.85,1,161.77,-8,,1,161.77,1,163.72,1,159.92,1,45.95,1,50.52,1
202606,JOB825130411941,ID8866040833,-9,-9,202507,202509,-9,202509,3,2,-8,-9,0,0,0,,-9,,,-9,,,-9,,-9,,-9,,-9,,-9,,-9,,-9,,-9,,-9,,-9,,-9,,1
202612,JOB140442886857,ID9605060499,EMP6356164146,-9,202006,,0,999909,-9,1,0,0,1,0,0,,0,,,0,,,1,6175.3,-8,,-8,,1,6175.3,1,163.08,-8,,1,163.08,1,163.88,1,160.61,1,37.68,1,38.45,1
202603,JOB677324681644,ID7666377167,-9,-9,201806,201807,-9,201807,3,2,-8,-9,0,0,0,,-9,,,-9,,,-9,,-9,,-9,,-9,,-9,,-9,,-9,,-9,,-9,,-9,,-9,,1
202408,JOB728973465633,ID4976330011,-9,-9,201911,202003,-9,202003,4,2,-8,-9,0,0,0,,-9,,,-9,,,-9,,-9,,-9,,-9,,-9,,-9,,-9,,-9,,-9,,-9,,-9,,1
202501,JOB975300492495,ID6871297085,EMP1733168348,-9,202203,,0,999909,-9,1,0,0,0,0,0,,1,202204,6.0,0,,,1,5338.71,1,936.9,-8,,1,6275.61,1,161.96,1,19.12,1,181.08,1,164.73,1,181.54,1,32.41,1,34.57,1
202401,JOB952427021277,ID6770903393,EMP9031408944,-9,202104,,0,999909,-9,1,0,0,0,0,1,PAN - Projet d'activité national,1,202110,26.0,0,,,1,6207.33,-8,,-8,,1,6207.33,1,165.86,-8,,1,165.86,1,167.37,1,165.77,1,37.09,1,37.45,1
202608,JOB147614878423,ID5184750613,EMP2771404811,-9,202410,,0,999909,-9,0,1,0,0,0,0,,1,202411,4.0,0,,,1,3670.47,-8,,-8,,1,3670.47,1,170.91,-8,,1,170.91,1,171.89,1,169.26,1,21.35,1,21.69,1
202606,JOB094852904225,ID9242230541,EMP4465931200,-9,201606,,0,999909,-9,0,0,0,0,0,0,,0,,,0,,,1,4888.24,-8,,-8,,1,4888.24,1,162.53,-8,,1,162.53,1,162.08,1,161.04,1,30.16,1,30.35,1
202502,JOB702822027418,ID6936631649,EMP0727619199,-9,202204,,0,999909,-9,0,1,0,0,0,0,,1,202206,8.0,0,,,1,2740.41,-8,,-8,,1,2740.41,1,171.01,-8,,1,171.01,1,167.9,1,174.43,1,16.32,1,15.71,1
202401,JOB180302082929,ID1008060343,EMP3736604700,-9,201808,,0,999909,-9,0,0,0,0,0,0,,1,201810,8.0,0,,,1,6366.99,-8,,-8,,1,6366.99,1,170.36,-8,,1,170.36,1,170.83,1,168.97,1,37.27,1,37.68,1
202503,JOB434702000473,ID8298537239,EMP3856343347,-9,202309,,0,999909,-9,1,0,0,0,0,0,,1,202312,12.0,0,,,1,4775.3,-8,,-8,,1,4775.3,1,167.5,-8,,1,167.5,1,168.06,1,166.63,1,28.41,1,28.66,1
202412,JOB397812021778,ID4816816219,EMP0476762954,-9,201604,,0,999909,-9,0,0,0,0,0,0,,0,,,0,,,1,3594.64,-8,,-8,,1,3594.64,1,166.53,-8,,1,166.53,1,164.09,1,169.56,1,21.91,1,21.2,1
202510,JOB092435029940,ID4069333599,EMP0679315538,-9,201703,,0,999909,-9,1,1,0,0,0,0,,1,201709,26.0,0,,,1,6140.41,-8,,-8,,1,6140.41,1,165.67,-8,,1,165.67,1,164.64,1,163.77,1,37.3,1,37.49,1
202604,JOB798795476297,ID3919524837,EMP6557497199,-9,201510,,0,999909,-9,0,0,0,0,0,0,,1,201511,6.0,0,,,1,6163.33,-8,,-8,,1,6163.33,1,170.71,-8,,1,170.71,1,167.98,1,169.08,1,36.69,1,36.45,1
202509,JOB421103303413,ID9505540376,-9,-9,202305,202309,-9,202309,2,2,-8,-9,0,0,0,,-9,,,-9,,,-9,,-9,,-9,,-9,,-9,,-9,,-9,,-9,,-9,,-9,,-9,,1
202512,JOB917789321775,ID7361404151,EMP3623267088,-9,202109,,0,999909,-9,0,1,0,0,0,0,,1,202110,6.0,0,,,1,3058.87,1,310.82,-8,,1,3369.69,1,164.42,-8,,1,164.42,1,163.97,1,164.34,1,18.66,1,20.5,0
202504,JOB926611525591,ID9457629411,EMP9359204754,-9,202405,,0,999909,-9,0,1,0,0,0,0,,1,202411,26.0,0,,,1,3530.77,1,760.25,-8,,1,4291.02,1,166.21,-8,,1,166.21,1,164.21,1,169.35,1,21.5,1,25.34,1
202507,JOB640568559749,ID3647522753,EMP3150344507,TMP8636356035,202101,,0,999909,-9,0,0,1,1,0,0,,1,202104,12.0,1,2374.95,51.33,1,7916.51,-8,,1,632.67,1,8549.17,1,171.11,1,9.116457751194151,1,180.22645775119418,1,171.76,1,180.87645775119415,1,46.09,1,47.27,1
202407,JOB492698795360,ID0525122369,EMP8048156892,-9,201910,,0,999909,-9,0,0,0,0,0,0,,1,201912,8.0,0,,,1,5146.77,1,414.34,-8,,1,5561.11,1,160.68,-8,,1,160.68,1,159.5,1,159.66,1,32.27,1,34.83,1
202504,JOB257548519879,ID0525122369,EMP7156369001,-9,201904,201908,1,201908,3,0,1,0,0,0,0,,0,,,0,,,1,2702.59,-8,,-8,,1,2702.59,1,171.72,-8,,1,171.72,1,174.46,1,172.85,1,15.49,1,15.64,1
202609,JOB233363775591,ID2935273265,EMP9815439339,-9,202207,202210,0,999909,-9,0,0,0,0,0,1,PAN - Projet d'activité national,0,,,0,,,1,4885.0,-8,,-8,,1,4885.0,1,162.11,-8,,1,162.11,1,159.27,1,164.35,1,30.67,1,29.72,1
202602,JOB196221632484,ID3829728131,EMP9444249998,-9,202308,202312,1,202312,3,0,0,0,0,0,0,,1,202310,8.0,0,,,1,6914.14,-8,,-8,,1,6914.14,1,164.66,-8,,1,164.66,1,164.27,1,166.57,1,42.09,1,41.51,1
202608,JOB584176914263,ID0690486829,EMP6474900827,-9,201507,,0,999909,-9,1,0,0,0,0,0,,1,201510,12.0,0,,,1,4815.07,-8,,-8,,1,4815.07,1,161.69,-8,,1,161.69,1,162.7,1,160.02,1,29.59,1,30.09,1
202604,JOB829931466619,ID6158925530,-9,-9,202507,202511,-9,202511,2,2,-8,-9,0,0,0,,-9,,,-9,,,-9,,-9,,-9,,-9,,-9,,-9,,-9,,-9,,-9,,-9,,-9,,1
202511,JOB922884034208,ID7655366483,EMP2217071862,-9,201802,,0,999909,-9,1,1,0,0,0,0,,1,201803,6.0,0,,,1,4539.91,-8,,-8,,1,4539.91,1,162.06,-8,,1,162.06,1,158.84,1,161.68,1,28.58,1,28.08,1
202605,JOB001980574846,ID2609196830,EMP6234323972,-9,202007,202510,0,999909,-9,0,1,0,0,0,0,,1,202008,6.0,0,,,1,2990.51,1,481.94,-8,,1,3472.45,1,168.08,1,15.51,1,183.59,1,169.98,1,180.34,1,17.59,1,19.26,1
202509,JOB403937085777,ID2609196830,EMP1840322318,-9,201904,,0,999909,-9,1,0,0,0,0,0,,1,201905,6.0,0,,,1,7499.17,-8,,-8,,1,7499.17,1,172.39,-8,,1,172.39,1,173.59,1,171.49,1,43.2,1,43.73,1
202505,JOB589154667100,ID0780644603,EMP8447911139,-9,202208,,0,999909,-9,1,1,0,0,0,0,,1,202209,6.0,0,,,1,5715.9,1,225.84,-8,,1,5941.74,1,160.57,-8,,1,160.57,1,159.96,1,163.74,1,35.73,1,36.29,1
202410,JOB746058035032,ID7947503072,EMP3346594705,-9,201809,,0,999909,-9,1,1,0,0,0,0,,1,201812,12.0,0,,,1,5158.98,-8,,-8,,1,5158.98,1,171.3,1,12.73,1,184.04,1,168.67,1,187.21,1,30.59,1,27.56,1
202608,JOB004052401730,ID8420728915,EMP7548117235,-9,202311,,0,999909,-9,0,1,0,0,0,1,PAN - Projet d'activité national,1,202312,6.0,0,,,1,3845.28,-8,,-8,,1,3845.28,1,168.05,1,5.83,1,173.89,1,165.12,1,172.39,1,23.29,1,22.31,1
202509,JOB554670912570,ID6017704788,EMP9057503764,-9,202102,202211,0,999909,-9,0,1,0,0,0,0,,0,,,0,,,1,3687.73,1,434.81,1,557.81,1,4680.36,1,170.95,1,17.238866045030665,1,188.18886604503066,1,167.56,1,184.79886604503068,1,22.01,1,25.33,1
202612,JOB129302098444,ID6054916906,EMP1400244997,-9,202311,202408,1,202408,4,0,1,0,0,0,0,,1,202405,26.0,0,,,1,4759.96,1,950.87,-8,,1,5710.83,1,170.76,-8,,1,170.76,1,172.98,1,169.88,1,27.52,1,33.62,1
202411,JOB520022983233,ID0776675017,EMP7438244974,-9,201510,,0,999909,-9,0,0,0,0,0,0,,0,,,0,,,1,7219.14,1,604.08,-8,,1,7823.22,1,169.1,-8,,1,169.1,1,171.69,1,169.76,1,42.05,1,46.08,1
202503,JOB827248737753,ID0794319513,EMP6843560868,-9,202011,,0,999909,-9,0,1,0,0,0,0,,1,202102,12.0,0,,,1,4163.75,1,769.66,-8,,1,4933.41,1,165.32,1,18.95,1,184.27,1,164.3,1,187.7,1,25.34,1,26.28,1
202606,JOB040137571073,ID0890825149,EMP4286469470,-9,201805,,0,999909,-9,0,0,0,0,0,0,,1,201811,26.0,0,,,1,7467.26,1,961.94,-8,,1,8429.2,1,169.71,-8,,1,169.71,1,168.23,1,169.04,1,44.39,1,49.87,1
202411,JOB012875076339,ID6463727954,EMP6892468633,-9,202304,,0,999909,-9,0,1,0,0,0,0,,1,202305,6.0,0,,,1,3256.98,-8,,-8,,1,3256.98,1,163.42,-8,,1,163.42,1,162.66,1,161.95,1,20.02,1,20.11,1
202509,JOB281864486999,ID1699291694,EMP3362699725,-9,202403,202412,1,202412,4,0,0,0,0,0,0,,1,202406,12.0,0,,,1,8260.63,1,728.27,-8,,1,8988.9,1,165.71,-8,,1,165.71,1,164.62,1,163.31,1,50.18,1,55.04,1
202610,JOB655688921164,ID2243845682,EMP1540978370,-9,201709,,0,999909,-9,0,0,0,0,0,0,,0,,,0,,,1,5651.84,-8,,-8,,1,5651.84,1,160.76,-8,,1,160.76,1,163.83,1,158.69,1,34.5,1,35.62,1
202605,JOB207570298705,ID8906045643,EMP6160757589,-9,202403,,0,999909,-9,1,0,0,0,0,0,,1,202404,6.0,0,,,1,6319.81,1,114.25,-8,,1,6434.06,1,168.41,-8,,1,168.41,1,165.98,1,171.69,1,38.08,1,37.47,1
202512,JOB185120898278,ID8906045643,EMP5411569175,-9,201504,,0,999909,-9,0,0,0,0,0,1,PAN - Projet d'activité national,1,201505,4.0,0,,,1,4402.88,1,331.1,-8,,1,4733.98,1,166.48,-8,,1,166.48,1,166.58,1,165.23,1,26.43,1,28.65,1
202501,JOB193076657161,ID8020439931,EMP0731125640,-9,202211,202309,0,999909,-9,0,0,0,0,0,0,,1,202212,6.0,0,,,1,4196.89,-8,,-8,,1,4196.89,1,165.39,-8,,1,165.39,1,165.86,1,163.39,1,25.3,1,25.69,1
202410,JOB233660946763,ID8020439931,EMP9297112700,-9,202503,202606,0,999909,-9,0,0,0,0,0,0,,1,202505,8.0,0,,,1,6108.28,-8,,1,541.72,1,6649.99,1,172.89,1,10.221920385545197,1,183.11192038554518,1,171.66,1,181.8819203855452,1,35.58,1,36.56,1
202612,JOB451683921926,ID6917981106,EMP7149660185,TMP3026415607,202301,202302,1,202302,1,0,0,0,0,0,0,,0,,,0,,,1,3784.94,-8,,-8,,1,3784.94,1,167.49,-8,,1,167.49,1,166.69,1,170.75,1,22.71,1,22.17,1
202411,JOB529006404982,ID9087087929,EMP1547296789,-9,202110,,0,999909,-9,0,1,0,0,0,0,,0,,,0,,,1,4124.78,-8,,-8,,1,4124.78,1,160.34,-8,,1,160.34,1,158.54,1,157.44,1,26.02,1,26.2,1
202601,JOB194354538604,ID0298330825,EMP2388952790,-9,202501,,0,999909,-9,0,1,0,0,0,0,,1,202507,26.0,0,,,1,3624.85,-8,,-8,,1,3624.85,1,169.26,-8,,1,169.26,1,166.17,1,172.58,1,21.81,1,21.0,1
202603,JOB724965306533,ID9655268918,EMP8666083557,-9,202405,,0,999909,-9,0,0,0,0,0,0,,1,202408,12.0,0,,,1,4984.04,-8,,-8,,1,4984.04,1,162.56,1,17.26,1,179.82,1,160.53,1,181.58,1,31.05,1,27.45,1
202503,JOB962312599899,ID9364894735,EMP6639535566,-9,201902,201911,1,201911,4,0,0,0,0,0,0,,1,201903,4.0,1,1030.15,48.62,1,3433.82,1,360.33,-8,,1,3794.15,1,162.07,-8,,1,162.07,1,160.68,1,162.95,1,21.37,1,23.28,1
202510,JOB447132446955,ID9360730950,-9,-9,201808,201809,-9,201809,4,2,-8,-9,0,0,0,,-9,,,-9,,,-9,,-9,,-9,,-9,,-9,,-9,,-9,,-9,,-9,,-9,,-9,,1
202410,JOB260840084613,ID9401654940,EMP8533627026,-9,202403,,0,999909,-9,0,1,0,0,0,0,,1,202404,6.0,0,,,1,4054.09,1,122.07,-8,,1,4176.17,1,170.18,1,10.17,1,180.35,1,171.31,1,178.82,1,23.67,1,23.35,1
202404,JOB059184767733,ID9048839404,-9,-9,202002,202007,-9,202007,2,2,-8,-9,0,0,0,,-9,,,-9,,,-9,,-9,,-9,,-9,,-9,,-9,,-9,,-9,,-9,,-9,,-9,,1
202408,JOB468870119211,ID7472484319,EMP6051190365,-9,201811,,0,999909,-9,0,0,0,0,0,0,,1,201901,8.0,0,,,1,7285.57,1,562.09,-8,,1,7847.66,1,169.79,-8,,1,169.79,1,171.51,1,167.08,1,42.48,1,46.97,1
202611,JOB659306821140,ID6978159689,-9,-9,202206,202207,-9,202207,4,2,-8,-9,0,0,0,,-9,,,-9,,,-9,,-9,,-9,,-9,,-9,,-9,,-9,,-9,,-9,,-9,,-9,,1
202501,JOB719250287093,ID8706821675,EMP2264232544,-9,202210,,0,999909,-9,0,0,0,0,0,0,,1,202211,6.0,0,,,1,5209.18,-8,,-8,,1,5209.18,1,172.39,-8,,1,172.39,1,175.03,1,170.32,1,29.76,1,30.58,1
202604,JOB321635155435,ID3516761903,EMP7684612620,-9,202304,,0,999909,-9,0,0,0,0,0,0,,1,202306,8.0,0,,,1,4112.64,-8,,1,185.62,1,4298.27,1,171.05,1,5.146885286486049,1,176.19688528648607,1,169.05,1,174.19688528648607,1,24.33,1,24.67,1
202609,JOB222771347294,ID5039424452,EMP8193112573,-9,202101,202105,1,202105,3,0,0,0,0,0,0,,1,202107,26.0,0,,,1,5853.09,1,532.88,-8,,1,6385.97,1,163.34,-8,,1,163.34,1,163.44,1,165.3,1,35.81,1,38.63,1
202411,JOB014824543064,ID5286494931,EMP1521463823,-9,202402,,0,999909,-9,0,1,0,0,0,1,PAN - Projet d'activité national,1,202405,12.0,0,,,1,4001.1,-8,,-8,,1,4001.1,1,165.42,-8,,1,165.42,1,165.42,1,164.77,1,24.19,1,24.28,1
202405,JOB998865662989,ID2159298165,EMP0028440235,-9,202106,,0,999909,-9,0,0,0,0,0,0,,1,202108,8.0,0,,,1,3227.68,1,515.68,-8,,1,3743.36,1,163.27,-8,,1,163.27,1,162.13,1,164.98,1,19.91,1,22.69,1
202511,JOB798764720985,ID1741989947,EMP4402297646,-9,201704,,0,999909,-9,0,0,0,0,0,0,,0,,,0,,,1,4039.95,-8,,-8,,1,4039.95,1,162.33,-8,,1,162.33,1,162.61,1,164.06,1,24.84,1,24.62,1
202608,JOB519195987139,ID5097661662,EMP5751028336,-9,202503,,3,202703,5,0,0,1,0,0,0,,-9,,,0,,,1,5258.49,-8,,-8,,1,5258.49,1,143.06,-8,,1,143.06,1,144.58,1,142.6,1,36.37,1,36.88,1
202512,JOB386628428871,ID5805373984,EMP6983871041,-9,202302,,0,999909,-9,1,1,0,0,1,0,,1,202304,8.0,0,,,1,7168.12,-8,,-8,,1,7168.12,1,160.96,-8,,1,160.96,1,163.44,1,157.97,1,43.86,1,45.38,1
202607,JOB947614406540,ID2402221841,EMP8281300364,-9,201605,,0,999909,-9,1,0,0,0,0,0,,0,,,0,,,1,5991.2,-8,,-8,,1,5991.2,1,160.37,-8,,1,160.37,1,157.61,1,160.21,1,38.01,1,37.4,1
202609,JOB786693277299,ID3450539676,EMP2945992935,-9,202303,,0,999909,-9,0,1,0,0,0,0,,0,,,0,,,1,3329.4,1,278.57,-8,,1,3607.96,1,160.55,1,5.38,1,165.93,1,161.77,1,162.89,1,20.58,1,22.15,1
202603,JOB990681562195,ID7378962338,EMP3465326225,-9,202207,202211,1,202211,3,0,0,0,0,0,0,,0,,,0,,,1,4210.91,-8,,-8,,1,4210.91,1,162.77,-8,,1,162.77,1,161.76,1,163.93,1,26.03,1,25.69,1
202611,JOB053654487574,ID4859420595,EMP9191005453,-9,201501,,0,999909,-9,0,0,0,0,0,0,,0,,,0,,,1,7873.0,-8,,-8,,1,7873.0,1,166.79,-8,,1,166.79,1,165.7,1,163.55,1,47.51,1,48.14,1
202505,JOB521701551484,ID9718148299,-9,-9,201508,201601,-9,201601,3,2,-8,-9,0,0,0,,-9,,,-9,,,-9,,-9,,-9,,-9,,-9,,-9,,-9,,-9,,-9,,-9,,-9,,1
202411,JOB893284897305,ID2847198679,-9,-9,202209,202210,-9,202210,2,2,-8,-9,0,0,0,,-9,,,-9,,,-9,,-9,,-9,,-9,,-9,,-9,,-9,,-9,,-9,,-9,,-9,,0
202505,JOB554170780386,ID5158428735,EMP1712076813,-9,202006,,0,999909,-9,0,1,0,0,0,0,,1,202009,12.0,0,,,1,2934.66,1,537.77,1,418.15,1,3890.57,1,164.04,1,15.58225157024921,1,179.6222515702492,1,160.93,1,176.51225157024922,1,18.24,1,22.04,1
202502,JOB352213946316,ID5628696249,EMP7612702965,-9,202204,,0,999909,-9,0,0,0,0,0,0,,1,202210,26.0,0,,,1,5209.14,1,240.46,-8,,1,5449.6,1,164.9,-8,,1,164.9,1,162.6,1,166.46,1,32.04,1,32.74,1
202506,JOB060914498559,ID0779265797,EMP9795965644,-9,201704,,0,999909,-9,0,0,0,0,0,0,,1,201705,6.0,0,,,1,8182.91,-8,,-8,,1,8182.91,1,168.42,-8,,1,168.42,1,169.95,1,168.43,1,48.15,1,48.58,1
202510,JOB794751103020,ID8457192277,-9,-9,201704,201706,-9,201706,3,2,-8,-9,0,0,0,,-9,,,-9,,,-9,,-9,,-9,,-9,,-9,,-9,,-9,,-9,,-9,,-9,,-9,,1
202411,JOB488875235238,ID5577538248,EMP8102248966,-9,202303,,0,999909,-9,1,0,0,0,0,0,,1,202306,12.0,0,,,1,4513.48,-8,,-8,,1,4513.48,1,166.87,-8,,1,166.87,1,169.3,1,168.65,1,26.66,1,26.76,1
202412,JOB417807278080,ID6873090936,EMP6290955157,-9,201804,201805,4,201805,1,0,0,0,0,0,0,,-9,,,0,,,1,2193.88,-8,,-8,,1,2193.88,1,97.91,-8,,1,97.91,1,99.76,1,97.85,1,21.99,1,22.42,1
202602,JOB182330426093,ID6873090936,EMP2212871411,-9,202109,202405,0,999909,-9,0,1,0,0,0,0,,0,,,0,,,1,4100.41,-8,,1,373.69,1,4474.09,1,170.91,1,10.383819137345263,1,181.29381913734525,1,170.83,1,181.21381913734527,1,24.0,1,24.69,1
202512,JOB406874171083,ID9978151407,EMP5740261734,-9,201802,,0,999909,-9,1,0,0,0,0,0,,1,201808,26.0,1,1678.37,48.32,1,5594.55,1,948.74,-8,,1,6543.3,1,161.06,-8,,1,161.06,1,159.97,1,163.96,1,34.97,1,39.91,1
202503,JOB422257232906,ID2671044859,EMP8108443983,-9,202204,,0,999909,-9,1,1,0,0,0,0,,1,202205,4.0,0,,,1,6094.14,-8,,-8,,1,6094.14,1,161.58,-8,,1,161.58,1,160.6,1,161.59,1,37.95,1,37.71,1
202409,JOB675712406357,ID0574285398,EMP3041094477,-9,202511,,0,999909,-9,0,1,0,0,0,0,,1,202512,6.0,0,,,1,4664.27,1,904.83,-8,,1,5569.1,1,172.94,1,6.33,1,179.27,1,173.74,1,177.95,1,26.85,1,31.3,1
202610,JOB669620811356,ID2332362159,-9,-9,202108,202110,-9,202110,2,2,-8,-9,0,0,0,,-9,,,-9,,,-9,,-9,,-9,,-9,,-9,,-9,,-9,,-9,,-9,,-9,,-9,,1
202611,JOB310578395607,ID2332362159,EMP1523408638,-9,202106,,0,999909,-9,0,0,0,0,0,0,,1,202112,26.0,1,1093.75,51.49,1,3645.85,1,685.51,1,385.01,1,4716.38,1,171.64,1,12.08381786677787,1,183.72381786677786,1,170.37,1,182.45381786677788,1,21.4,1,25.85,1
202609,JOB908273478220,ID3275200339,-9,-9,202407,202412,-9,202412,2,2,-8,-9,0,0,0,,-9,,,-9,,,-9,,-9,,-9,,-9,,-9,,-9,,-9,,-9,,-9,,-9,,-9,,1
202508,JOB382096314757,ID3275200339,EMP9089241920,-9,202202,,0,999909,-9,1,0,0,0,0,0,,1,202205,12.0,0,,,1,6044.36,-8,,-8,,1,6044.36,1,160.88,-8,,1,160.88,1,163.93,1,163.9,1,36.87,1,36.88,1
202601,JOB577344560848,ID4696571701,-9,-9,202410,202501,-9,202501,2,2,-8,-9,0,0,0,,-9,,,-9,,,-9,,-9,,-9,,-9,,-9,,-9,,-9,,-9,,-9,,-9,,-9,,1
202402,JOB761919411761,ID6358799679,EMP6727311036,-9,202202,,0,999909,-9,0,0,0,0,0,0,,1,202203,4.0,0,,,1,5685.39,1,994.22,-8,,1,6679.61,1,166.4,-8,,1,166.4,1,163.65,1,163.68,1,34.74,1,40.81,1
202603,JOB835888287700,ID4566086458,EMP3580249926,-9,201507,,0,999909,-9,0,0,0,0,0,0,,1,201510,12.0,0,,,1,3882.14,-8,,-8,,1,3882.14,1,162.47,-8,,1,162.47,1,163.7,1,165.08,1,23.71,1,23.52,0
202505,JOB682330322828,ID4566086458,EMP7015763259,-9,201506,201807,0,999909,-9,1,0,0,0,0,0,,1,201512,26.0,0,,,1,6850.98,1,877.07,-8,,1,7728.05,1,167.71,-8,,1,167.71,1,170.83,1,168.92,1,40.1,1,45.75,1
202409,JOB233985409906,ID6169061499,EMP7864930652,-9,202011,202012,1,202012,2,0,1,0,0,0,0,,1,202105,26.0,0,,,1,3831.5,-8,,-8,,1,3831.5,1,169.19,-8,,1,169.19,1,166.35,1,168.18,1,23.03,1,22.78,1
202505,JOB953355587583,ID5279618192,EMP9295709058,-9,202011,,0,999909,-9,1,1,0,0,0,0,,1,202101,8.0,0,,,1,7206.06,-8,,-8,,1,7206.06,1,172.45,-8,,1,172.45,1,170.59,1,170.09,1,42.24,1,42.37,1
202502,JOB892457560131,ID9847799301,EMP5639239951,-9,202102,202103,1,202103,2,0,0,0,0,0,0,,1,202108,26.0,0,,,1,4401.66,-8,,-8,,1,4401.66,1,169.13,-8,,1,169.13,1,168.73,1,171.65,1,26.09,1,25.64,1
202510,JOB344623307073,ID1658163461,EMP7290999020,-9,202008,202208,3,202208,5,0,0,0,0,0,0,,-9,,,0,,,1,3232.56,1,955.59,1,176.71,1,4364.86,1,142.33,1,5.187018300538634,1,147.51701830053864,1,144.73,1,149.91701830053861,1,22.34,1,29.12,1
202605,JOB399414984273,ID9227502719,EMP2524718494,-9,201509,,0,999909,-9,0,0,0,0,0,0,,0,,,0,,,1,7691.76,-8,,-8,,1,7691.76,1,167.16,-8,,1,167.16,1,165.29,1,170.42,1,46.53,1,45.13,1
202411,JOB530053642405,ID9227502719,EMP4125836419,-9,201710,,0,999909,-9,0,1,0,0,0,0,,1,201711,6.0,0,,,1,3944.75,-8,,-8,,1,3944.75,1,165.44,-8,,1,165.44,1,166.05,1,166.55,1,23.76,1,23.69,1
202611,JOB637358230661,ID9724910211,EMP4505855817,-9,202210,,0,999909,-9,1,0,0,0,0,1,PAN - Projet d'activité national,1,202304,26.0,0,,,1,4577.24,-8,,-8,,1,4577.24,1,164.9,-8,,1,164.9,1,163.57,1,163.64,1,27.98,1,27.97,1
202409,JOB874206293158,ID6359225589,EMP7144054997,-9,202111,,0,999909,-9,1,0,0,0,0,0,,1,202202,12.0,0,,,1,5936.9,1,109.48,-8,,1,6046.38,1,167.23,1,16.45,1,183.68,1,167.05,1,186.34,1,35.54,1,32.45,1
202506,JOB167294090042,ID7428730002,EMP0367976161,-9,202406,202410,1,202410,3,0,1,0,0,0,0,,1,202412,26.0,0,,,1,2654.99,-8,,-8,,1,2654.99,1,162.38,1,8.2,1,170.58,1,161.51,1,170.5,1,16.44,1,15.57,0
202506,JOB006243626118,ID4186127511,-9,-9,202502,202504,-9,202504,4,2,-8,-9,0,0,0,,-9,,,-9,,,-9,,-9,,-9,,-9,,-9,,-9,,-9,,-9,,-9,,-9,,-9,,1
202509,JOB201580406138,ID9909044921,EMP0972663089,-9,202003,,0,999909,-9,0,0,0,0,0,0,,0,,,0,,,1,3031.5,-8,,-8,,1,3031.5,1,167.77,-8,,1,167.77,1,169.32,1,165.18,1,17.9,1,18.35,1
202610,JOB609548562253,ID5839516576,EMP1903783218,-9,201508,,0,999909,-9,0,0,0,0,0,0,,0,,,0,,,1,4439.39,-8,,1,552.81,1,4992.2,1,172.02,1,14.280347782803876,1,186.3003477828039,1,174.27,1,188.5503477828039,1,25.47,1,26.48,1
202509,JOB414191707185,ID3784816893,EMP0647568637,-9,202204,,0,999909,-9,0,0,0,0,0,0,,1,202206,8.0,0,,,1,6492.23,1,132.32,-8,,1,6624.54,1,171.23,-8,,1,171.23,1,170.84,1,171.15,1,38.0,1,38.71,1
202403,JOB868059193470,ID3271379792,EMP4508974680,-9,202305,202503,0,999909,-9,0,0,0,0,0,0,,1,202311,26.0,1,2062.64,51.21,1,6875.46,-8,,-8,,1,6875.46,1,170.71,-8,,1,170.71,1,169.72,1,168.7,1,40.51,1,40.76,1
202407,JOB623887011174,ID2598982615,EMP1181214557,-9,202508,202601,0,999909,-9,1,1,0,0,0,0,,1,202509,4.0,0,,,1,5164.86,1,825.32,-8,,1,5990.18,1,166.48,-8,,1,166.48,1,168.57,1,163.63,1,30.64,1,36.61,1
202507,JOB241589921866,ID7763819538,EMP7616533929,-9,202002,,0,999909,-9,0,1,0,0,0,0,,1,202003,6.0,0,,,1,3518.63,-8,,1,421.3,1,3939.93,1,171.73,1,13.707929475558077,1,185.43792947555806,1,172.02,1,185.72792947555808,1,20.45,1,21.21,1
202506,JOB973285167524,ID7691741690,EMP4907975033,-9,202102,202302,3,202302,5,0,0,0,0,0,0,,-9,,,0,,,1,7657.61,-8,,-8,,1,7657.61,1,153.46,-8,,1,153.46,1,154.57,1,155.47,1,49.54,1,49.25,1
202402,JOB038997861803,ID0467710699,EMP0215005878,-9,202102,,0,999909,-9,0,0,0,0,0,0,,1,202108,26.0,1,1776.38,51.07,1,5921.25,-8,,-8,,1,5921.25,1,170.25,-8,,1,170.25,1,169.75,1,172.35,1,34.88,1,34.36,1
202412,JOB578842307424,ID9302496190,EMP9569091392,-9,202104,202505,0,999909,-9,0,0,0,0,0,0,,1,202106,8.0,0,,,1,5350.81,1,682.66,1,784.17,1,6817.64,1,168.22,1,16.43527148942369,1,184.65527148942368,1,169.66,1,186.09527148942368,1,31.54,1,36.64,1
202612,JOB167524661655,ID1591951762,EMP2252928115,-9,202107,,0,999909,-9,1,1,0,0,0,0,,1,202109,8.0,0,,,1,4962.54,-8,,-8,,1,4962.54,1,172.35,-8,,1,172.35,1,170.99,1,175.67,1,29.02,1,28.25,1
202510,JOB911199978554,ID1591951762,EMP0014787999,-9,201902,,0,999909,-9,0,1,0,0,0,0,,1,201903,6.0,0,,,1,3293.07,1,377.18,-8,,1,3670.26,1,172.18,-8,,1,172.18,1,169.48,1,173.61,1,19.43,1,21.14,1
202606,JOB424089950566,ID1187391050,-9,-9,202501,202504,-9,202504,2,2,-8,-9,0,0,0,,-9,,,-9,,,-9,,-9,,-9,,-9,,-9,,-9,,-9,,-9,,-9,,-9,,-9,,1
202502,JOB756061086752,ID1639763865,EMP0366497043,-9,201710,,0,999909,-9,0,1,0,0,0,0,,0,,,0,,,1,3596.77,-8,,-8,,1,3596.77,1,164.51,-8,,1,164.51,1,165.86,1,165.11,1,21.69,1,21.78,1
202405,JOB731760707728,ID9604531741,EMP5615828280,-9,202009,,0,999909,-9,0,0,0,0,0,0,,1,202010,4.0,0,,,1,7019.13,-8,,-8,,1,7019.13,1,167.23,-8,,1,167.23,1,165.12,1,169.3,1,42.51,1,41.46,1
202408,JOB246912150650,ID5531317219,EMP0900157121,-9,202305,,0,999909,-9,1,1,0,0,0,0,,1,202307,8.0,1,1529.7,48.78,1,5099.0,-8,,-8,,1,5099.0,1,162.61,-8,,1,162.61,1,165.43,1,165.4,1,30.82,1,30.83,0
202408,JOB241065981282,ID9402025383,EMP5170833649,-9,201909,202209,3,202209,5,0,1,0,0,0,0,,-9,,,0,,,1,3397.35,-8,,-8,,1,3397.35,1,169.84,-8,,1,169.84,1,168.79,1,169.31,1,20.13,1,20.07,1
202408,JOB080325248352,ID7637516495,EMP1609785203,-9,201805,201806,1,201806,1,0,0,0,0,0,0,,0,,,0,,,1,6959.69,-8,,-8,,1,6959.69,1,165.73,-8,,1,165.73,1,169.0,1,169.0,1,41.18,1,41.18,1
202510,JOB293635582593,ID2349149199,-9,-9,202011,202105,-9,202105,4,2,-8,-9,0,0,0,,-9,,,-9,,,-9,,-9,,-9,,-9,,-9,,-9,,-9,,-9,,-9,,-9,,-9,,1
202606,JOB355053095764,ID5938933047,EMP5681099358,-9,202509,,0,999909,-9,0,0,0,0,0,0,,0,,,0,,,1,3383.32,1,378.81,-8,,1,3762.13,1,164.33,-8,,1,164.33,1,162.57,1,161.54,1,20.81,1,23.29,1
202601,JOB331452528577,ID5938933047,EMP7544541311,-9,202302,,0,999909,-9,0,0,0,0,0,0,,1,202303,4.0,0,,,1,3005.5,-8,,-8,,1,3005.5,1,161.93,-8,,1,161.93,1,162.42,1,161.73,1,18.5,1,18.58,1
202505,JOB152650932343,ID4114182710,-9,-9,201507,201601,-9,201601,3,2,-8,-9,0,0,0,,-9,,,-9,,,-9,,-9,,-9,,-9,,-9,,-9,,-9,,-9,,-9,,-9,,-9,,1
202601,JOB059804201927,ID1336543616,EMP9167880772,-9,202001,202401,0,999909,-9,0,1,0,0,0,0,,0,,,0,,,1,2776.29,-8,,1,331.55,1,3107.84,1,163.14,1,12.988156868460488,1,176.12815686846048,1,163.84,1,176.8281568684605,1,16.95,1,17.58,1
202612,JOB529921350798,ID7333020985,EMP5954103907,-9,201805,,0,999909,-9,0,1,0,0,0,0,,0,,,0,,,1,2812.7,1,991.0,-8,,1,3803.7,1,169.6,-8,,1,169.6,1,169.05,1,172.22,1,16.64,1,22.09,1
202410,JOB830141065189,ID5069651985,EMP6018455664,-9,202008,,0,999909,-9,0,1,0,0,1,0,,0,,,0,,,1,4526.6,1,766.66,-8,,1,5293.26,1,168.29,-8,,1,168.29,1,170.91,1,169.29,1,26.49,1,31.27,1
202612,JOB017207156588,ID5335811237,EMP8393423770,-9,202501,,0,999909,-9,0,1,0,0,0,0,,1,202502,6.0,0,,,1,4319.12,-8,,-8,,1,4319.12,1,168.48,-8,,1,168.48,1,169.99,1,169.84,1,25.41,1,25.43,1
202411,JOB581398738280,ID5335811237,EMP0857346603,TMP3134626886,201508,201602,2,201602,2,0,1,0,0,0,0,,-9,,,0,,,1,3430.32,1,766.37,-8,,1,4196.68,1,170.48,-8,,1,170.48,1,173.11,1,171.05,1,19.82,1,24.53,1
202611,JOB237319406541,ID4317741725,EMP2120020819,-9,201607,,0,999909,-9,0,0,0,0,0,1,PAN - Projet d'activité national,0,,,0,,,1,3997.2,1,213.33,-8,,1,4210.53,1,171.14,-8,,1,171.14,1,170.0,1,167.8,1,23.51,1,25.09,1
202405,JOB062694304619,ID2488744562,-9,-9,202002,202008,-9,202008,4,2,-8,-9,0,0,1,CAE - Contrat d'appui-emploi,-9,,,-9,,,-9,,-9,,-9,,-9,,-9,,-9,,-9,,-9,,-9,,-9,,-9,,1
202504,JOB197172145420,ID2488744562,EMP1475756126,-9,201710,,0,999909,-9,0,1,0,0,0,0,,1,201711,6.0,0,,,1,3758.37,-8,,1,583.53,1,4341.9,1,169.61,1,17.555965663165654,1,187.16596566316568,1,168.35,1,185.90596566316566,1,22.32,1,23.36,1
202411,JOB107892131104,ID8062864238,EMP2536973228,-9,201502,,0,999909,-9,0,1,0,0,0,0,,0,,,0,,,1,2651.31,1,311.21,-8,,1,2962.52,1,167.43,-8,,1,167.43,1,164.66,1,168.74,1,16.1,1,17.56,1
202502,JOB207499774728,ID5981284725,EMP5134519411,-9,201709,,0,999909,-9,0,1,0,0,0,0,,1,201710,6.0,0,,,1,4150.14,1,553.27,-8,,1,4703.41,1,168.36,-8,,1,168.36,1,165.01,1,165.31,1,25.15,1,28.45,1
202601,JOB600112291744,ID7195140958,EMP8108293160,-9,202403,,0,999909,-9,0,1,0,0,0,0,,0,,,0,,,1,3885.9,-8,,-8,,1,3885.9,1,165.64,-8,,1,165.64,1,167.56,1,168.23,1,23.19,1,23.1,1
202602,JOB396284917614,ID4199030534,EMP8642058167,-9,201504,,0,999909,-9,1,0,0,0,0,0,,1,201505,4.0,0,,,1,6644.6,1,884.59,-8,,1,7529.19,1,162.78,-8,,1,162.78,1,164.41,1,164.47,1,40.41,1,45.78,1
202504,JOB526600235063,ID4220191015,EMP7701157456,-9,201602,201603,1,201603,2,0,0,0,0,0,0,,0,,,0,,,1,6606.23,-8,,-8,,1,6606.23,1,168.7,1,7.02,1,175.72,1,166.11,1,178.83,1,39.77,1,36.94,1
202607,JOB759664579937,ID9595106409,EMP0310234969,-9,202001,202607,0,999909,-9,0,1,0,0,0,0,,1,202007,26.0,0,,,1,4487.4,-8,,1,402.65,1,4890.05,1,161.45,1,9.657937916937826,1,171.10793791693783,1,159.7,1,169.35793791693783,1,28.1,1,28.87,1
202604,JOB223991970320,ID9595106409,EMP7832939276,-9,201803,,0,999909,-9,0,0,0,0,0,0,,1,201806,12.0,0,,,1,6654.87,-8,,-8,,1,6654.87,1,167.22,-8,,1,167.22,1,169.49,1,164.76,1,39.26,1,40.39,1
202503,JOB643902514351,ID5505655021,EMP6288026884,-9,201707,,0,999909,-9,0,1,0,0,0,0,,1,201710,12.0,0,,,1,4430.5,-8,,-8,,1,4430.5,1,162.81,-8,,1,162.81,1,162.71,1,162.07,1,27.23,1,27.34,1
202610,JOB777755486218,ID1692283938,-9,TMP7548950261,201810,201903,-9,201903,2,2,-8,-9,0,0,0,,-9,,,-9,,,-9,,-9,,-9,,-9,,-9,,-9,,-9,,-9,,-9,,-9,,-9,,1
202609,JOB696997801875,ID1467890164,EMP7368020869,-9,202301,,0,999909,-9,1,0,0,0,0,1,CIE - Contrat d'initiation à l'emploi,0,,,0,,,1,5194.99,-8,,-8,,1,5194.99,1,163.08,-8,,1,163.08,1,162.39,1,164.56,1,31.99,1,31.57,1
202504,JOB413442131890,ID6194711023,EMP1208203507,-9,201507,201609,0,999909,-9,0,1,0,0,0,0,,1,201508,4.0,0,,,1,4494.09,-8,,1,605.47,1,5099.56,1,161.31,1,14.488443783054997,1,175.798443783055,1,159.74,1,174.228443783055,1,28.13,1,29.27,1
202605,JOB831430169840,ID9860356897,EMP7640875140,-9,202001,202005,2,202005,2,0,0,0,1,0,0,,-9,,,0,,,1,3859.5,1,779.65,-8,,1,4639.15,1,161.29,-8,,1,161.29,1,159.75,1,161.5,1,24.16,1,28.73,1
202604,JOB891974204596,ID9389228636,EMP2105973288,-9,201510,201607,1,201607,4,0,1,0,0,0,0,,0,,,0,,,1,4081.93,1,859.28,-8,,1,4941.22,1,167.63,-8,,1,167.63,1,167.83,1,170.01,1,24.32,1,29.06,1
202611,JOB492228956820,ID2001533422,EMP7755873422,-9,202109,,0,999909,-9,1,1,0,0,0,0,,1,202110,6.0,0,,,1,4131.33,1,399.82,-8,,1,4531.15,1,161.23,-8,,1,161.23,1,161.05,1,163.52,1,25.65,1,27.71,1
202611,JOB467598636214,ID0463178836,-9,-9,202009,202102,-9,202102,2,2,-8,-9,0,0,0,,-9,,,-9,,,-9,,-9,,-9,,-9,,-9,,-9,,-9,,-9,,-9,,-9,,-9,,1
202405,JOB463869858799,ID2252315320,EMP5443183035,TMP1274741498,202202,202206,1,202206,3,0,0,0,0,0,0,,1,202203,6.0,0,,,1,4631.51,-8,,-8,,1,4631.51,1,167.8,-8,,1,167.8,1,164.49,1,167.72,1,28.16,1,27.61,1
202603,JOB791960165859,ID6383748520,EMP6024220340,-9,201808,,0,999909,-9,0,1,0,0,0,0,,0,,,1,1041.45,49.81,1,3471.51,-8,,1,445.18,1,3916.69,1,166.04,1,14.195183852443463,1,180.23518385244347,1,165.08,1,179.2751838524435,1,21.03,1,21.85,0
202612,JOB705945666840,ID0286120803,EMP7367808908,-9,202008,202105,0,999909,-9,0,1,0,0,1,0,,1,202102,26.0,0,,,1,3207.33,1,146.79,1,255.02,1,3609.14,1,163.04,1,8.642307472288554,1,171.68230747228856,1,162.4,1,171.04230747228857,1,19.75,1,21.1,1
202404,JOB648636081811,ID8285899840,EMP8186271297,-9,201504,,0,999909,-9,0,0,0,0,0,0,,1,201505,6.0,0,,,1,8418.45,-8,,1,807.59,1,9226.04,1,169.83,1,10.861318049079578,1,180.6913180490796,1,171.26,1,182.12131804907958,1,49.16,1,50.66,1
202612,JOB841981889264,ID2932786398,EMP4330954725,-9,201608,,0,999909,-9,0,0,0,0,0,0,,1,201610,8.0,0,,,1,4138.81,1,906.41,-8,,1,5045.22,1,160.25,-8,,1,160.25,1,162.99,1,162.1,1,25.39,1,31.12,1
202608,JOB268055354113,ID5392292796,-9,-9,202504,202506,-9,202506,3,2,-8,-9,1,0,0,,-9,,,-9,,,-9,,-9,,-9,,-9,,-9,,-9,,-9,,-9,,-9,,-9,,-9,,1
202509,JOB857377545422,ID8694614277,EMP0370190353,-9,202003,,0,999909,-9,0,1,0,0,0,0,,1,202005,8.0,0,,,1,3817.28,1,427.13,-8,,1,4244.4,1,160.33,-8,,1,160.33,1,158.46,1,162.15,1,24.09,1,26.18,1
202407,JOB260330818559,ID2542907622,EMP1572681596,-9,202409,202410,1,202410,1,0,1,0,0,0,0,,0,,,0,,,1,4179.79,1,620.93,-8,,1,4800.73,1,170.82,-8,,1,170.82,1,170.47,1,168.96,1,24.52,1,28.41,1
202507,JOB461823664575,ID7206816461,EMP7955350332,-9,202104,,0,999909,-9,1,0,0,0,0,0,,0,,,0,,,1,4551.77,-8,,-8,,1,4551.77,1,169.47,-8,,1,169.47,1,170.93,1,170.86,1,26.63,1,26.64,1
202610,JOB977221936848,ID5847391232,EMP6450585448,-9,202104,202210,1,202210,5,0,1,0,0,0,0,,1,202105,4.0,0,,,1,4141.9,1,618.2,-8,,1,4760.11,1,165.5,1,13.91,1,179.41,1,163.24,1,182.95,1,25.37,1,26.02,1
202409,JOB072550518426,ID5078270754,EMP9276925879,-9,202409,,0,999909,-9,0,1,0,0,0,0,,1,202411,8.0,0,,,1,2718.59,-8,,-8,,1,2718.59,1,172.3,-8,,1,172.3,1,175.33,1,173.61,1,15.51,1,15.66,1
202512,JOB955616651834,ID9451443846,EMP9767759199,-9,202101,,0,999909,-9,1,0,0,0,0,0,,1,202107,26.0,0,,,1,4013.21,-8,,-8,,1,4013.21,1,171.85,-8,,1,171.85,1,170.31,1,170.53,1,23.56,1,23.53,1
202602,JOB914896041469,ID1487238687,EMP4092929121,-9,201507,,0,999909,-9,0,1,1,0,0,0,,0,,,0,,,1,3590.99,1,354.88,-8,,1,3945.86,1,171.87,-8,,1,171.87,1,169.75,1,173.82,1,21.15,1,22.7,0
202502,JOB930001665898,ID1487238687,EMP1407322302,-9,202205,202207,0,999909,-9,1,1,0,0,0,0,,1,202211,26.0,0,,,1,6503.76,1,214.68,-8,,1,6718.44,1,161.42,-8,,1,161.42,1,164.22,1,163.55,1,39.6,1,41.08,1
202506,JOB466830370408,ID4200515340,EMP2515268639,-9,202010,,0,999909,-9,0,1,0,0,0,0,,1,202101,12.0,0,,,1,3457.4,-8,,-8,,1,3457.4,1,170.07,1,14.28,1,184.34,1,169.39,1,183.6,1,20.41,1,18.83,1
202504,JOB123283598655,ID1018246263,EMP2391785705,-9,201508,,0,999909,-9,1,1,0,0,1,0,,1,201602,26.0,0,,,1,6275.14,-8,,-8,,1,6275.14,1,164.04,-8,,1,164.04,1,161.62,1,162.78,1,38.83,1,38.55,1
202505,JOB093692275137,ID2053751199,EMP5158792242,-9,201910,202002,2,202002,3,0,0,0,0,0,0,,-9,,,0,,,1,5922.11,-8,,-8,,1,5922.11,1,167.54,-8,,1,167.54,1,170.71,1,166.44,1,34.69,1,35.58,1
202403,JOB507516261166,ID7476786018,EMP4843080046,-9,201911,,0,999909,-9,0,0,0,0,0,0,,1,201912,4.0,0,,,1,7033.2,-8,,-8,,1,7033.2,1,162.32,-8,,1,162.32,1,164.42,1,161.91,1,42.78,1,43.44,1
202506,JOB256390453936,ID4153400969,EMP4873785188,-9,202204,202301,1,202301,4,0,1,0,0,0,0,,1,202207,12.0,0,,,1,3939.28,1,125.46,-8,,1,4064.74,1,170.16,-8,,1,170.16,1,171.77,1,173.11,1,22.93,1,23.48,1
202401,JOB657086449769,ID4726898148,-9,-9,202210,202301,-9,202301,4,2,-8,-9,0,0,0,,-9,,,-9,,,-9,,-9,,-9,,-9,,-9,,-9,,-9,,-9,,-9,,-9,,-9,,1
202404,JOB968797481432,ID2504791087,EMP7420088463,TMP8191749565,202101,,0,999909,-9,0,1,0,0,0,0,,1,202107,26.0,0,,,1,2679.02,-8,,-8,,1,2679.02,1,163.69,-8,,1,163.69,1,164.32,1,161.21,1,16.3,1,16.62,1
202612,JOB037579077554,ID6961992014,EMP6733099403,-9,202003,202109,1,202109,5,0,1,0,0,0,0,,1,202009,26.0,0,,,1,4495.13,-8,,-8,,1,4495.13,1,163.19,1,12.99,1,176.19,1,161.98,1,177.22,1,27.75,1,25.36,1
202402,JOB987545819900,ID5936794266,EMP1941675570,-9,202503,,0,999909,-9,1,0,0,0,0,0,,1,202509,26.0,0,,,1,6210.75,-8,,-8,,1,6210.75,1,172.0,1,12.65,1,184.65,1,168.95,1,187.42,1,36.76,1,33.14,1
202410,JOB452354488950,ID9594034377,EMP3294199960,-9,202202,,0,999909,-9,0,0,1,0,0,0,,0,,,0,,,1,6270.2,1,246.92,-8,,1,6517.12,1,163.74,1,16.04,1,179.78,1,161.64,1,181.21,1,38.79,1,35.96,1
202401,JOB921427074235,ID9594034377,EMP0928207394,-9,202310,202407,1,202407,4,0,0,0,0,0,0,,1,202312,8.0,0,,,1,3074.9,1,705.21,-8,,1,3780.11,1,169.58,-8,,1,169.58,1,169.91,1,170.26,1,18.1,1,22.2,1
202502,JOB522408038064,ID4084742984,EMP9247366976,TMP9018158047,202307,,0,999909,-9,1,0,0,0,1,0,,1,202308,4.0,0,,,1,4979.75,-8,,-8,,1,4979.75,1,163.05,-8,,1,163.05,1,165.49,1,161.42,1,30.09,1,30.85,1
202407,JOB687336417524,ID6784203913,EMP1196759584,-9,202007,202201,0,999909,-9,1,0,0,0,0,0,,1,202008,4.0,0,,,1,5675.47,-8,,-8,,1,5675.47,1,171.08,-8,,1,171.08,1,167.7,1,171.74,1,33.84,1,33.05,1
202408,JOB895898152206,ID4222466917,EMP4000805399,-9,201507,,0,999909,-9,0,0,0,1,0,0,,1,201508,4.0,0,,,1,7584.94,-8,,-8,,1,7584.94,1,165.29,-8,,1,165.29,1,166.66,1,164.62,1,45.51,1,46.08,1
202501,JOB259672776791,ID4222466917,EMP5147329575,-9,201607,,0,999909,-9,0,1,0,0,0,0,,1,201608,4.0,0,,,1,2902.55,-8,,-8,,1,2902.55,1,162.3,-8,,1,162.3,1,162.01,1,165.39,1,17.92,1,17.55,1
202603,JOB448552571743,ID7108910715,EMP3746154903,-9,201604,201605,1,201605,1,0,0,0,0,0,0,,1,201607,12.0,0,,,1,3372.05,-8,,-8,,1,3372.05,1,168.31,-8,,1,168.31,1,165.1,1,167.46,1,20.42,1,20.14,1
202607,JOB879993087665,ID7108910715,EMP9878849235,-9,202106,,0,999909,-9,0,1,0,0,0,0,,0,,,0,,,1,3930.25,-8,,-8,,1,3930.25,1,171.0,-8,,1,171.0,1,168.17,1,170.77,1,23.37,1,23.01,1
202609,JOB290226124054,ID5068977503,EMP5983745708,-9,202208,,0,999909,-9,0,1,0,0,0,0,,1,202211,12.0,0,,,1,3078.46,-8,,-8,,1,3078.46,1,160.84,-8,,1,160.84,1,161.94,1,163.44,1,19.01,1,18.84,1
202503,JOB433847472628,ID2572653447,EMP6108767296,-9,201704,,0,999909,-9,1,0,0,0,0,0,,1,201706,8.0,0,,,1,5187.43,1,978.66,-8,,1,6166.09,1,171.06,-8,,1,171.06,1,173.2,1,172.44,1,29.95,1,35.76,1
202409,JOB460864990958,ID3439923134,EMP2747646720,-9,202108,,0,999909,-9,0,0,0,0,0,0,,0,,,0,,,1,5673.38,1,939.54,-8,,1,6612.92,1,164.32,-8,,1,164.32,1,163.17,1,162.29,1,34.77,1,40.75,1
202602,JOB037187190992,ID5547327511,EMP9155575249,-9,202405,,0,999909,-9,0,0,0,0,0,0,,0,,,0,,,1,6436.34,-8,,-8,,1,6436.34,1,167.18,1,15.77,1,182.95,1,166.7,1,185.92,1,38.61,1,34.62,1
202610,JOB465939958193,ID5472518323,EMP9711560841,-9,201611,202304,0,999909,-9,0,1,0,0,0,0,,1,201701,8.0,1,1357.95,51.89,1,4526.51,-8,,-8,,1,4526.51,1,172.96,1,17.49,1,190.44,1,171.1,1,188.8,1,26.46,1,23.98,1
202603,JOB634775550462,ID0326576964,EMP7528711965,-9,202102,,0,999909,-9,1,1,0,0,0,0,,0,,,0,,,1,7170.93,-8,,-8,,1,7170.93,1,169.48,-8,,1,169.48,1,172.28,1,167.26,1,41.62,1,42.87,1
202406,JOB470178140618,ID1726904835,EMP8432557072,-9,202105,202109,1,202109,3,0,1,0,0,0,0,,1,202107,8.0,1,1248.8,48.07,1,4162.66,-8,,-8,,1,4162.66,1,160.22,-8,,1,160.22,1,161.69,1,159.15,1,25.74,1,26.16,1
202502,JOB419872233525,ID5140606563,EMP9890518761,TMP2791383074,202505,202605,0,999909,-9,1,1,0,0,0,0,,0,,,0,,,1,7319.81,-8,,-8,,1,7319.81,1,171.93,-8,,1,171.93,1,172.42,1,171.08,1,42.45,1,42.79,0
202407,JOB972413097541,ID5516697147,EMP8597912993,-9,201601,,0,999909,-9,0,0,0,0,0,0,,0,,,0,,,1,7279.65,-8,,-8,,1,7279.65,1,169.38,-8,,1,169.38,1,169.37,1,170.88,1,42.98,1,42.6,1
202412,JOB331616926239,ID5516697147,EMP1986276059,-9,201905,202002,1,202002,4,0,0,0,0,0,0,,1,201907,8.0,0,,,1,5329.69,1,365.04,-8,,1,5694.74,1,169.12,1,17.76,1,186.87,1,169.43,1,187.87,1,31.46,1,30.31,1
202509,JOB738216194679,ID6958940527,EMP1438306265,-9,202205,202507,0,999909,-9,0,0,0,0,0,0,,1,202207,8.0,0,,,1,3190.98,-8,,-8,,1,3190.98,1,165.33,-8,,1,165.33,1,167.14,1,168.29,1,19.09,1,18.96,1
202406,JOB934912345181,ID7749494647,EMP0787871869,-9,201702,,0,999909,-9,0,0,0,0,0,0,,1,201704,8.0,0,,,1,7119.91,-8,,-8,,1,7119.91,1,160.12,-8,,1,160.12,1,160.7,1,158.06,1,44.31,1,45.05,1
202501,JOB024994085697,ID7749494647,EMP1237181075,-9,202111,,0,999909,-9,0,0,0,0,0,0,,0,,,0,,,1,7550.87,1,287.68,-8,,1,7838.55,1,160.56,1,6.52,1,167.08,1,162.5,1,169.84,1,46.47,1,46.15,1
202601,JOB041167467203,ID1241595286,EMP0442440934,-9,201910,202001,2,202001,3,0,1,0,0,0,0,,-9,,,0,,,1,4477.26,-8,,-8,,1,4477.26,1,166.62,1,15.34,1,181.96,1,166.46,1,182.22,1,26.9,1,24.57,1
202410,JOB673346778307,ID7520636280,EMP8265874419,-9,202503,,0,999909,-9,1,0,0,0,0,0,,1,202509,26.0,0,,,1,5725.07,-8,,-8,,1,5725.07,1,165.94,-8,,1,165.94,1,163.35,1,166.59,1,35.05,1,34.37,1
202512,JOB978263003518,ID7520636280,EMP5175049830,-9,202511,202602,2,202602,4,0,0,0,0,0,0,,-9,,,0,,,1,5093.44,-8,,-8,,1,5093.44,1,160.81,-8,,1,160.81,1,159.08,1,163.63,1,32.02,1,31.13,1
202412,JOB643196022672,ID6623464517,EMP7661146060,-9,201806,201810,1,201810,3,0,1,0,0,0,0,,0,,,1,1047.62,49.16,1,3492.05,-8,,-8,,1,3492.05,1,163.86,-8,,1,163.86,1,161.93,1,161.5,1,21.57,1,21.62,1
202404,JOB979096462411,ID6639767169,EMP6792035727,-9,202305,,0,999909,-9,1,0,0,0,0,0,,1,202306,6.0,0,,,1,3773.49,-8,,-8,,1,3773.49,1,168.05,-8,,1,168.05,1,166.65,1,168.34,1,22.64,1,22.42,1
202407,JOB538320789276,ID7399336238,EMP3533018998,-9,202502,,0,999909,-9,0,1,0,0,0,0,,0,,,0,,,1,3471.76,-8,,-8,,1,3471.76,1,167.34,-8,,1,167.34,1,166.22,1,169.84,1,20.89,1,20.44,1
202510,JOB498256921744,ID7399336238,EMP0544177721,-9,202002,,0,999909,-9,0,1,0,0,0,0,,1,202008,26.0,0,,,1,3593.06,-8,,-8,,1,3593.06,1,165.68,-8,,1,165.68,1,162.86,1,162.76,1,22.06,1,22.08,1
202403,JOB478612493520,ID2677093995,EMP0893673461,-9,201806,202501,0,999909,-9,0,1,0,0,0,0,,1,201809,12.0,0,,,1,3118.15,-8,,1,331.26,1,3449.4,1,161.52,1,11.439423195187388,1,172.9594231951874,1,161.85,1,173.2894231951874,1,19.27,1,19.91,1
202405,JOB577004852460,ID5157555465,EMP9655166507,-9,202410,,0,999909,-9,0,1,0,0,1,0,,1,202411,6.0,0,,,1,3585.14,1,896.57,1,496.52,1,4978.22,1,162.11,1,14.96742705713011,1,177.07742705713014,1,162.96,1,177.9274270571301,1,22.0,1,27.98,0
202605,JOB665528527278,ID3440148798,EMP3257153150,-9,201608,201808,3,201808,5,0,0,0,0,0,0,,-9,,,0,,,1,6377.29,1,737.59,-8,,1,7114.88,1,146.66,-8,,1,146.66,1,144.44,1,147.14,1,44.15,1,48.35,1
202511,JOB668926373704,ID2578465110,EMP4092662013,-9,201906,,0,999909,-9,0,1,0,0,0,0,,1,201907,6.0,0,,,1,3655.07,-8,,1,534.76,1,4189.83,1,164.23,1,16.01845074290299,1,180.24845074290297,1,167.24,1,183.258450742903,1,21.86,1,22.86,1
202502,JOB153830843180,ID3692173192,-9,-9,202005,202011,-9,202011,3,2,-8,-9,0,1,0,,-9,,,-9,,,-9,,-9,,-9,,-9,,-9,,-9,,-9,,-9,,-9,,-9,,-9,,1
202403,JOB223704232882,ID5070709661,EMP7340058430,-9,202308,,0,999909,-9,0,0,0,0,0,0,,1,202310,8.0,0,,,1,4111.05,-8,,-8,,1,4111.05,1,169.39,-8,,1,169.39,1,170.06,1,170.29,1,24.17,1,24.14,1
202502,JOB913226698423,ID1618527212,EMP5547714989,-9,202205,,0,999909,-9,0,0,0,0,0,0,,1,202206,6.0,0,,,1,5546.68,-8,,-8,,1,5546.68,1,168.6,-8,,1,168.6,1,171.58,1,169.07,1,32.33,1,32.81,1
202512,JOB661883651608,ID0788908080,EMP4242893663,-9,202507,,1,202604,4,0,1,0,0,0,0,,1,202509,8.0,0,,,1,3904.59,-8,,1,411.44,1,4316.03,1,169.5,1,11.907161180812698,1,181.4071611808127,1,169.11,1,181.0171611808127,1,23.09,1,23.84,1
202408,JOB175047496752,ID0788908080,EMP7421462633,-9,201911,,0,999909,-9,0,1,0,0,0,0,,1,202001,8.0,0,,,1,3689.17,-8,,-8,,1,3689.17,1,164.25,-8,,1,164.25,1,163.63,1,166.04,1,22.55,1,22.22,1
202611,JOB138094787089,ID9361225501,-9,-9,202403,202406,-9,202406,4,2,-8,-9,0,0,0,,-9,,,-9,,,-9,,-9,,-9,,-9,,-9,,-9,,-9,,-9,,-9,,-9,,-9,,1
202507,JOB774597541492,ID9361225501,EMP1206706951,-9,202305,202402,1,202402,4,0,0,0,0,0,0,,1,202311,26.0,0,,,1,4783.89,-8,,-8,,1,4783.89,1,164.84,-8,,1,164.84,1,163.88,1,163.77,1,29.19,1,29.21,1
202609,JOB958583703448,ID4100903819,EMP6631377934,-9,201807,,0,999909,-9,0,1,0,0,0,0,,1,201901,26.0,0,,,1,2939.86,-8,,-8,,1,2939.86,1,171.69,-8,,1,171.69,1,170.35,1,172.74,1,17.26,1,17.02,1
202505,JOB580754171248,ID7412092240,EMP5329437515,-9,201609,,0,999909,-9,0,0,0,0,0,0,,0,,,0,,,1,7622.88,-8,,-8,,1,7622.88,1,169.32,-8,,1,169.32,1,172.11,1,170.42,1,44.29,1,44.73,1
202501,JOB386580903642,ID7412092240,EMP3199230461,-9,202011,202508,0,999909,-9,0,1,0,0,0,1,CAE - Contrat d'appui-emploi,0,,,0,,,1,2806.24,-8,,-8,,1,2806.24,1,163.16,-8,,1,163.16,1,165.24,1,163.28,1,16.98,1,17.19,0
202404,JOB193160249877,ID9539283649,EMP8592129380,-9,201508,,0,999909,-9,0,0,0,0,0,0,,1,201602,26.0,1,2169.65,51.04,1,7232.16,1,889.53,-8,,1,8121.69,1,170.12,-8,,1,170.12,1,173.29,1,173.05,1,41.73,1,46.93,1
202512,JOB963050901875,ID6482586254,EMP3909843213,-9,201701,,0,999909,-9,1,0,0,0,0,0,,1,201702,4.0,0,,,1,7423.17,-8,,-8,,1,7423.17,1,166.99,-8,,1,166.99,1,166.52,1,166.47,1,44.58,1,44.59,1
202611,JOB126116543010,ID7973899104,-9,-9,202308,202309,-9,202309,4,2,-8,-9,0,0,0,,-9,,,-9,,,-9,,-9,,-9,,-9,,-9,,-9,,-9,,-9,,-9,,-9,,-9,,1
202607,JOB288598975960,ID1047267748,EMP6113835897,-9,202410,,0,999909,-9,0,0,0,0,0,0,,1,202501,12.0,0,,,1,3214.52,-8,,-8,,1,3214.52,1,169.06,1,16.03,1,185.09,1,167.62,1,188.29,1,19.18,1,17.07,1
202409,JOB135990119915,ID2554065233,EMP2867729906,-9,202502,,0,999909,-9,0,0,0,0,0,0,,0,,,0,,,1,3131.64,1,704.23,-8,,1,3835.87,1,167.06,-8,,1,167.06,1,167.02,1,164.2,1,18.75,1,23.36,1
202603,JOB818352374249,ID4635348495,-9,-9,202009,202103,-9,202103,3,2,-8,-9,0,0,0,,-9,,,-9,,,-9,,-9,,-9,,-9,,-9,,-9,,-9,,-9,,-9,,-9,,-9,,0
202403,JOB201480979819,ID3922279601,EMP1630318753,-9,202406,202410,0,999909,-9,0,1,0,0,0,0,,1,202407,6.0,0,,,1,3407.22,1,200.04,-8,,1,3607.27,1,162.76,-8,,1,162.76,1,162.04,1,163.12,1,21.03,1,22.11,1
202501,JOB933031095373,ID3081006741,EMP5802037451,-9,202109,,0,999909,-9,0,0,0,0,0,0,,1,202110,6.0,0,,,1,5218.77,-8,,-8,,1,5218.77,1,160.53,-8,,1,160.53,1,162.81,1,157.77,1,32.05,1,33.08,1
202403,JOB429699913630,ID6935172922,EMP1760887688,-9,201708,201902,1,201902,5,0,0,0,0,0,0,,0,,,0,,,1,5054.04,1,845.62,-8,,1,5899.66,1,169.86,-8,,1,169.86,1,167.82,1,167.15,1,30.12,1,35.3,1
202511,JOB838745180690,ID5265534078,EMP3570721771,-9,202201,202205,1,202205,3,0,0,0,0,0,0,,1,202202,4.0,1,1261.45,51.84,1,4204.84,-8,,-8,,1,4204.84,1,172.81,-8,,1,172.81,1,172.06,1,170.16,1,24.44,1,24.71,1
202501,JOB497782822640,ID4435492237,EMP5563972514,-9,202206,202512,0,999909,-9,1,1,0,0,0,0,,0,,,0,,,1,4677.99,-8,,-8,,1,4677.99,1,162.2,-8,,1,162.2,1,160.64,1,163.93,1,29.12,1,28.54,1
202401,JOB521815613504,ID9877328679,EMP3183832490,-9,201606,,0,999909,-9,0,0,0,0,0,0,,0,,,0,,,1,7758.06,-8,,1,581.88,1,8339.95,1,161.08,1,8.054405156640238,1,169.13440515664024,1,162.0,1,170.05440515664023,1,47.89,1,49.04,1
202408,JOB308061315438,ID5188188444,-9,-9,202404,202406,-9,202406,4,2,-8,-9,0,0,0,,-9,,,-9,,,-9,,-9,,-9,,-9,,-9,,-9,,-9,,-9,,-9,,-9,,-9,,1
202408,JOB467678279872,ID9611085243,EMP3402149444,-9,202204,,0,999909,-9,0,1,0,0,0,0,,1,202207,12.0,0,,,1,2948.86,-8,,-8,,1,2948.86,1,168.56,-8,,1,168.56,1,170.01,1,166.97,1,17.35,1,17.66,1
202610,JOB821796639728,ID4538340751,-9,-9,201503,201508,-9,201508,4,2,-8,-9,0,0,0,,-9,,,-9,,,-9,,-9,,-9,,-9,,-9,,-9,,-9,,-9,,-9,,-9,,-9,,1
202602,JOB460084654070,ID9763548472,EMP8507209910,-9,201508,,0,999909,-9,1,0,0,0,0,0,,0,,,0,,,1,3988.7,1,248.01,-8,,1,4236.7,1,170.05,-8,,1,170.05,1,168.23,1,172.09,1,23.71,1,24.62,1
202406,JOB191735252748,ID5219419892,EMP0773396476,-9,202409,202410,1,202410,2,0,1,0,0,0,0,,1,202411,8.0,0,,,1,4416.27,-8,,1,691.3,1,5107.57,1,163.29,1,17.0403125925323,1,180.3303125925323,1,164.11,1,181.15031259253232,1,26.91,1,28.2,1
202602,JOB764524236129,ID8730148002,EMP2267695779,-9,202006,202008,2,202008,3,0,1,0,0,0,0,,-9,,,0,,,1,3238.69,-8,,-8,,1,3238.69,1,164.33,-8,,1,164.33,1,164.48,1,162.95,1,19.69,1,19.88,1
202403,JOB428240061272,ID0337647333,EMP4914542489,-9,202002,202003,1,202003,2,0,0,0,0,0,0,,1,202003,4.0,0,,,1,7808.13,-8,,1,577.54,1,8385.67,1,166.39,1,8.204805664240258,1,174.59480566424025,1,167.04,1,175.24480566424026,1,46.74,1,47.85,1
202610,JOB261444284780,ID8650764760,EMP7379737876,-9,201507,,0,999909,-9,0,1,0,0,0,0,,1,201510,12.0,0,,,1,2734.77,1,317.94,-8,,1,3052.71,1,171.29,-8,,1,171.29,1,174.02,1,169.49,1,15.72,1,18.01,1
202412,JOB057981442079,ID9156742497,EMP7135951586,-9,201504,201601,1,201601,4,0,1,0,0,0,0,,1,201505,4.0,0,,,1,3366.67,-8,,-8,,1,3366.67,1,169.3,1,13.57,1,182.87,1,168.39,1,183.02,1,19.99,1,18.4,1
202607,JOB224517911331,ID5606496069,EMP0149513105,-9,202301,202302,1,202302,1,0,1,0,0,0,0,,1,202304,12.0,0,,,1,2807.73,-8,,-8,,1,2807.73,1,164.82,-8,,1,164.82,1,161.83,1,167.74,1,17.35,1,16.74,1
202505,JOB658347659748,ID8871474943,EMP3420833739,-9,201702,,0,999909,-9,1,1,0,0,1,0,,1,201703,6.0,0,,,1,5796.18,1,453.82,-8,,1,6250.0,1,168.62,-8,,1,168.62,1,171.97,1,171.82,1,33.7,1,36.38,1
202503,JOB916912086457,ID2050298991,EMP5302845958,-9,202407,,0,999909,-9,1,1,0,0,0,0,,1,202408,6.0,0,,,1,4718.11,1,470.62,-8,,1,5188.73,1,163.61,-8,,1,163.61,1,163.5,1,165.51,1,28.86,1,31.35,1
202401,JOB008551184938,ID2050298991,EMP2720049082,-9,201705,201709,1,201709,3,0,0,0,0,0,1,CAE - Contrat d'appui-emploi,1,201707,8.0,0,,,1,4518.33,-8,,-8,,1,4518.33,1,165.75,-8,,1,165.75,1,165.99,1,167.7,1,27.22,1,26.94,1
202604,JOB764667509963,ID8403526409,EMP7588729772,-9,201609,,0,999909,-9,0,0,0,0,0,0,,1,201611,8.0,0,,,1,5528.19,1,195.57,-8,,1,5723.76,1,169.83,-8,,1,169.83,1,168.46,1,167.86,1,32.82,1,34.1,1
202611,JOB831319211803,ID8983858110,EMP8915722210,-9,201805,,0,999909,-9,1,0,0,0,0,0,,1,201808,12.0,0,,,1,6222.99,1,357.79,-8,,1,6580.78,1,164.18,-8,,1,164.18,1,161.31,1,165.58,1,38.58,1,39.74,1
202507,JOB170234642296,ID0874858598,EMP1770309104,-9,202311,202602,0,999909,-9,1,0,1,0,0,0,,1,202401,8.0,0,,,1,6587.14,-8,,-8,,1,6587.14,1,170.07,-8,,1,170.07,1,172.79,1,169.88,1,38.12,1,38.78,1
202501,JOB779616920879,ID5200069489,EMP6572254596,-9,202410,202507,0,999909,-9,0,0,0,0,0,0,,0,,,0,,,1,7275.39,1,992.97,-8,,1,8268.36,1,161.41,1,9.2,1,170.62,1,159.31,1,172.82,1,45.67,1,47.84,1
202601,JOB882057271400,ID7188878179,EMP0713340021,-9,201705,,0,999909,-9,1,0,0,0,0,0,,1,201706,6.0,0,,,1,7192.08,-8,,-8,,1,7192.08,1,160.13,-8,,1,160.13,1,162.26,1,161.1,1,44.32,1,44.64,1
202604,JOB317445994401,ID2216056004,EMP7170665422,-9,201708,201805,1,201805,4,0,0,0,0,0,0,,0,,,0,,,1,8059.84,-8,,-8,,1,8059.84,1,170.92,-8,,1,170.92,1,171.65,1,169.04,1,46.96,1,47.68,1
202506,JOB399482243182,ID3242517006,EMP4556320863,-9,201909,202209,3,202209,5,0,0,0,0,0,0,,-9,,,0,,,1,7335.95,-8,,-8,,1,7335.95,1,166.38,-8,,1,166.38,1,166.45,1,164.97,1,44.07,1,44.47,1
202605,JOB244810523933,ID0812858017,EMP7920851620,-9,202402,,0,999909,-9,1,0,0,0,0,0,,0,,,0,,,1,4286.33,-8,,-8,,1,4286.33,1,161.63,-8,,1,161.63,1,159.57,1,162.36,1,26.86,1,26.4,1
202503,JOB983447998933,ID3907851815,EMP9967897412,-9,202008,,0,999909,-9,0,0,0,0,0,0,,1,202009,6.0,0,,,1,4427.14,-8,,-8,,1,4427.14,1,171.14,-8,,1,171.14,1,169.84,1,167.9,1,26.07,1,26.37,1
202407,JOB389445544676,ID0947460730,EMP0316922286,TMP8589774165,201905,,0,999909,-9,0,0,0,0,0,0,,1,201907,8.0,0,,,1,4959.86,-8,,-8,,1,4959.86,1,169.55,1,17.44,1,186.98,1,168.83,1,187.59,1,29.38,1,26.44,1
202405,JOB769950744272,ID0947460730,EMP2979773100,-9,202101,202207,1,202207,5,0,0,0,0,0,0,,1,202103,8.0,0,,,1,3759.61,1,678.94,-8,,1,4438.55,1,160.07,-8,,1,160.07,1,157.55,1,163.15,1,23.86,1,27.21,1
202608,JOB610938667693,ID2400565676,EMP7364846391,-9,202211,202303,1,202303,3,0,0,0,0,0,0,,0,,,0,,,1,4672.25,1,261.57,-8,,1,4933.82,1,170.92,-8,,1,170.92,1,172.47,1,171.67,1,27.09,1,28.74,1
202607,JOB934804722329,ID7396905076,EMP9924973244,-9,201903,,0,999909,-9,1,1,0,0,0,0,,1,201904,6.0,0,,,1,5917.57,-8,,-8,,1,5917.57,1,167.63,-8,,1,167.63,1,168.52,1,168.16,1,35.11,1,35.19,1
202409,JOB424593733005,ID1094209241,EMP6837155065,-9,202104,,0,999909,-9,0,1,0,0,0,0,,0,,,0,,,1,2918.81,-8,,-8,,1,2918.81,1,168.17,-8,,1,168.17,1,165.91,1,165.38,1,17.59,1,17.65,1
202510,JOB103436727676,ID2022713691,EMP7769228008,-9,201908,,0,999909,-9,0,0,0,0,0,0,,1,201909,6.0,0,,,1,4220.93,-8,,-8,,1,4220.93,1,172.22,1,19.62,1,191.83,1,175.01,1,193.68,1,24.12,1,21.79,1
202405,JOB971548528044,ID2022713691,EMP0286816553,-9,202005,202006,0,999909,-9,0,1,0,0,0,0,,1,202011,26.0,0,,,1,4140.41,-8,,-8,,1,4140.41,1,166.95,-8,,1,166.95,1,163.8,1,165.54,1,25.28,1,25.01,1
202611,JOB336577029684,ID2731998413,EMP4114425653,-9,201808,,0,999909,-9,0,1,0,0,0,0,,1,201811,12.0,0,,,1,3356.1,-8,,-8,,1,3356.1,1,163.42,-8,,1,163.42,1,160.36,1,162.22,1,20.93,1,20.69,1
202407,JOB165635134083,ID5720675616,EMP9698945798,-9,201602,,0,999909,-9,1,1,0,0,0,0,,1,201603,6.0,1,2263.36,51.12,1,7544.53,-8,,-8,,1,7544.53,1,170.39,-8,,1,170.39,1,172.69,1,168.1,1,43.69,1,44.88,1
202502,JOB659277606124,ID7800553574,EMP2432479178,-9,202103,,0,999909,-9,0,1,0,0,1,1,PAN - Projet d'activité national,1,202105,8.0,0,,,1,3347.7,1,318.08,-8,,1,3665.78,1,165.55,1,11.17,1,176.73,1,166.08,1,177.61,1,20.16,1,20.64,1
202503,JOB595219784818,ID7800553574,EMP0293197867,-9,201809,,0,999909,-9,0,0,0,0,0,0,,1,201812,12.0,0,,,1,3459.19,-8,,-8,,1,3459.19,1,164.69,-8,,1,164.69,1,162.06,1,165.37,1,21.35,1,20.92,1
202503,JOB195350914422,ID0765561011,EMP6635942522,-9,202207,202504,0,999909,-9,0,0,0,0,0,0,,0,,,0,,,1,8304.54,1,371.64,-8,,1,8676.18,1,168.51,-8,,1,168.51,1,170.52,1,165.18,1,48.7,1,52.53,1
202407,JOB730561112525,ID6783886809,EMP7897356387,-9,202203,202204,1,202204,2,0,0,0,0,0,0,,1,202204,4.0,0,,,1,6233.9,-8,,-8,,1,6233.9,1,166.82,-8,,1,166.82,1,165.2,1,165.85,1,37.74,1,37.59,1
202611,JOB387683485487,ID9957574504,EMP0627853663,-9,202404,,0,999909,-9,0,0,0,0,0,0,,1,202405,4.0,0,,,1,6091.38,-8,,-8,,1,6091.38,1,162.85,-8,,1,162.85,1,163.34,1,161.39,1,37.29,1,37.74,1
202612,JOB985757024105,ID4727524538,EMP7320625390,-9,202303,,0,999909,-9,0,1,0,0,0,1,CIE - Contrat d'initiation à l'emploi,1,202304,4.0,0,,,1,2970.71,-8,,-8,,1,2970.71,1,163.87,-8,,1,163.87,1,161.93,1,165.57,1,18.35,1,17.94,1
202406,JOB278509225007,ID4727524538,EMP4912978446,-9,201910,,0,999909,-9,1,1,0,0,1,0,,1,202001,12.0,0,,,1,6476.25,-8,,-8,,1,6476.25,1,162.27,-8,,1,162.27,1,163.24,1,159.94,1,39.67,1,40.49,1
202405,JOB492143921239,ID3775596025,EMP9682805021,-9,202105,,0,999909,-9,0,1,0,0,0,0,,1,202108,12.0,0,,,1,2634.57,1,558.43,1,167.34,1,3360.35,1,160.25,1,6.785905807177806,1,167.0359058071778,1,161.79,1,168.5759058071778,1,16.28,1,19.93,1
202604,JOB314858119422,ID5050310977,EMP2059872656,-9,202004,202008,1,202008,3,0,0,0,0,0,0,,0,,,0,,,1,3314.27,-8,,1,271.91,1,3586.18,1,170.95,1,9.35022624873733,1,180.30022624873732,1,169.81,1,179.16022624873733,1,19.52,1,20.02,0
202612,JOB098254029264,ID0086371397,EMP4880921488,-9,201809,,0,999909,-9,1,0,0,0,0,0,,1,201903,26.0,0,,,1,7457.36,-8,,-8,,1,7457.36,1,166.21,-8,,1,166.21,1,162.89,1,169.23,1,45.78,1,44.07,1
202401,JOB435774084719,ID4374282141,EMP2962059154,-9,201609,201709,0,999909,-9,1,0,0,0,0,0,,0,,,0,,,1,4546.15,-8,,-8,,1,4546.15,1,169.16,-8,,1,169.16,1,169.09,1,166.72,1,26.89,1,27.27,1
202505,JOB316730243448,ID2754211954,EMP2873506902,-9,202402,,0,999909,-9,1,1,0,0,0,0,,1,202403,6.0,0,,,1,3825.29,1,357.75,-8,,1,4183.05,1,165.35,-8,,1,165.35,1,167.47,1,168.34,1,22.84,1,24.85,1
202508,JOB093215419783,ID1625514406,EMP9598200890,-9,202509,202511,0,999909,-9,0,0,0,0,0,0,,1,202510,4.0,0,,,1,8225.02,-8,,-8,,1,8225.02,1,171.72,-8,,1,171.72,1,169.74,1,174.63,1,48.46,1,47.1,1
202410,JOB936055612719,ID0952303011,EMP4726558268,-9,202108,,0,999909,-9,1,1,0,0,0,0,,1,202111,12.0,0,,,1,7133.81,-8,,-8,,1,7133.81,1,170.06,-8,,1,170.06,1,166.69,1,170.19,1,42.8,1,41.92,1
202612,JOB991705792591,ID8566203195,EMP0699693490,-9,201610,,0,999909,-9,0,0,0,0,0,0,,1,201701,12.0,0,,,1,5057.74,1,338.45,-8,,1,5396.18,1,164.21,-8,,1,164.21,1,162.3,1,162.42,1,31.16,1,33.22,0
202606,JOB835519918139,ID1034599624,EMP2186181601,-9,201611,,0,999909,-9,1,0,0,0,0,0,,1,201702,12.0,0,,,1,4564.38,-8,,-8,,1,4564.38,1,160.72,-8,,1,160.72,1,163.4,1,158.62,1,27.93,1,28.78,1
202506,JOB759512169917,ID9491697002,EMP6004913125,-9,202402,,0,999909,-9,0,0,0,0,0,0,,0,,,0,,,1,4320.03,-8,,-8,,1,4320.03,1,170.61,-8,,1,170.61,1,168.89,1,172.44,1,25.58,1,25.05,1
202412,JOB507312007365,ID2647759420,-9,-9,201807,201812,-9,201812,2,2,-8,-9,0,0,0,,-9,,,-9,,,-9,,-9,,-9,,-9,,-9,,-9,,-9,,-9,,-9,,-9,,-9,,1
202512,JOB090449622120,ID3832604763,EMP3294518673,-9,201802,,0,999909,-9,0,0,0,0,0,0,,0,,,0,,,1,4617.28,-8,,-8,,1,4617.28,1,169.04,-8,,1,169.04,1,170.2,1,171.65,1,27.13,1,26.9,1
202604,JOB340346276649,ID3184029160,EMP7799999018,-9,202103,202605,0,999909,-9,1,0,0,0,0,0,,0,,,0,,,1,4355.24,-8,,-8,,1,4355.24,1,166.24,-8,,1,166.24,1,164.48,1,167.09,1,26.48,1,26.07,1
202607,JOB609443433431,ID3546968850,EMP0999450127,TMP4436061013,201707,,0,999909,-9,0,1,0,0,0,0,,0,,,0,,,1,3891.37,-8,,-8,,1,3891.37,1,172.93,-8,,1,172.93,1,173.28,1,174.27,1,22.46,1,22.33,1
202604,JOB536844839088,ID6808034919,EMP3028719180,TMP2706041507,202105,,0,999909,-9,1,0,0,0,0,0,,1,202106,6.0,1,1940.9,51.49,1,6469.66,-8,,-8,,1,6469.66,1,171.64,-8,,1,171.64,1,170.43,1,172.47,1,37.96,1,37.51,1
202505,JOB584440972351,ID0408483683,EMP3256920760,-9,202303,202509,1,202509,6,0,1,0,0,0,0,,1,202304,6.0,0,,,1,4278.23,-8,,-8,,1,4278.23,1,161.62,-8,,1,161.62,1,163.95,1,163.11,1,26.09,1,26.23,1
202407,JOB670734777826,ID3134996674,-9,-9,202505,202511,-9,202511,4,2,-8,-9,0,0,0,,-9,,,-9,,,-9,,-9,,-9,,-9,,-9,,-9,,-9,,-9,,-9,,-9,,-9,,1
202611,JOB442336324410,ID4994084486,EMP0424340323,-9,202306,202507,0,999909,-9,0,0,0,0,1,0,,1,202307,4.0,0,,,1,3814.65,-8,,-8,,1,3814.65,1,165.47,-8,,1,165.47,1,162.25,1,162.3,1,23.51,1,23.5,1
202407,JOB806647877742,ID5172569789,EMP9995516009,-9,202211,,0,999909,-9,1,1,0,0,0,0,,0,,,0,,,1,7371.07,-8,,-8,,1,7371.07,1,168.75,-8,,1,168.75,1,168.43,1,167.8,1,43.76,1,43.93,1
202606,JOB475520621637,ID5343403364,EMP7843511598,-9,202505,,0,999909,-9,0,1,0,0,0,0,,1,202511,26.0,0,,,1,3076.89,1,113.34,-8,,1,3190.23,1,166.64,1,12.68,1,179.33,1,165.82,1,177.73,1,18.56,1,17.95,1
202512,JOB790362472361,ID9864855155,EMP2793713647,-9,201705,202105,0,999909,-9,0,0,0,0,0,0,,0,,,0,,,1,4879.07,1,610.6,-8,,1,5489.68,1,167.76,-8,,1,167.76,1,169.18,1,166.53,1,28.84,1,32.97,1
202510,JOB701307864588,ID2570758907,EMP1517465513,-9,202003,,0,999909,-9,0,1,0,0,0,0,,0,,,0,,,1,3472.22,-8,,-8,,1,3472.22,1,166.22,-8,,1,166.22,1,164.61,1,165.68,1,21.09,1,20.96,1
202606,JOB873285987468,ID7201456814,EMP5165524822,-9,201710,,0,999909,-9,0,0,0,0,0,0,,1,201711,6.0,0,,,1,4591.83,1,854.35,-8,,1,5446.18,1,161.25,-8,,1,161.25,1,163.01,1,158.33,1,28.17,1,34.4,1
202407,JOB546306284863,ID6772012057,EMP9506297323,-9,201908,,0,999909,-9,0,1,0,0,0,0,,1,202002,26.0,0,,,1,4331.46,1,290.46,-8,,1,4621.92,1,164.67,-8,,1,164.67,1,163.4,1,163.6,1,26.51,1,28.25,1
202607,JOB017954695622,ID1170418105,EMP3480379818,-9,201902,201903,4,201903,1,0,1,0,0,0,0,,-9,,,0,,,1,2245.58,1,792.04,1,654.68,1,3692.3,1,86.07,1,16.72858204669678,1,102.79858204669677,1,85.9,1,102.62858204669678,1,26.14,1,35.98,1
202507,JOB584190087978,ID9591786431,EMP8232617067,-9,202005,,0,999909,-9,1,1,0,0,0,0,,1,202008,12.0,0,,,1,6198.45,-8,,-8,,1,6198.45,1,167.04,-8,,1,167.04,1,164.93,1,167.1,1,37.58,1,37.09,1
202507,JOB301775019627,ID8784212889,EMP4065015815,-9,201709,,0,999909,-9,1,0,0,0,0,0,,1,201803,26.0,0,,,1,5890.67,-8,,-8,,1,5890.67,1,161.52,-8,,1,161.52,1,158.34,1,162.59,1,37.2,1,36.23,1
202409,JOB351656666784,ID2654340257,EMP5232368139,-9,202011,,0,999909,-9,0,1,0,0,0,1,PAN - Projet d'activité national,1,202012,4.0,0,,,1,3607.65,-8,,-8,,1,3607.65,1,161.11,1,9.9,1,171.01,1,158.0,1,174.42,1,22.83,1,20.68,1
202402,JOB090620125268,ID1993719220,EMP3154054888,-9,202010,202102,1,202102,3,0,1,0,0,0,0,,1,202101,12.0,0,,,1,2944.77,-8,,-8,,1,2944.77,1,165.68,1,6.51,1,172.19,1,162.76,1,174.98,1,18.09,1,16.83,1
202504,JOB132328335695,ID6828700460,EMP5955821674,TMP4061880271,201504,201508,1,201508,3,0,0,0,0,0,0,,1,201510,26.0,0,,,1,5867.06,1,473.95,1,656.22,1,6997.23,1,165.84,1,12.365942404903873,1,178.20594240490388,1,168.58,1,180.9459424049039,1,34.8,1,38.67,1
202504,JOB032044219647,ID8748874281,EMP9322494366,-9,201807,,0,999909,-9,1,1,0,0,0,0,,1,201808,6.0,0,,,1,6785.27,-8,,-8,,1,6785.27,1,166.26,-8,,1,166.26,1,164.66,1,168.87,1,41.21,1,40.18,1
202412,JOB355779378721,ID8748874281,EMP4552711813,-9,201806,202007,0,999909,-9,0,1,1,0,0,0,,1,201808,8.0,0,,,1,2862.46,-8,,-8,,1,2862.46,1,162.33,-8,,1,162.33,1,165.43,1,159.45,1,17.3,1,17.95,1
202409,JOB304827309449,ID4104773964,-9,-9,201501,201503,-9,201503,3,2,-8,-9,0,0,0,,-9,,,-9,,,-9,,-9,,-9,,-9,,-9,,-9,,-9,,-9,,-9,,-9,,-9,,1
202601,JOB541880312171,ID3055145058,EMP5348313366,-9,202505,,0,999909,-9,0,0,0,0,0,0,,0,,,0,,,1,5309.15,-8,,-8,,1,5309.15,1,171.73,-8,,1,171.73,1,170.14,1,172.57,1,31.2,1,30.77,1
202607,JOB894098182613,ID1029983404,EMP2859171923,-9,202104,202108,2,202108,4,0,1,0,0,0,0,,-9,,,0,,,1,4353.29,-8,,-8,,1,4353.29,1,165.39,-8,,1,165.39,1,164.75,1,163.49,1,26.42,1,26.63,1
202504,JOB330257353852,ID1516947602,EMP1488058222,-9,201808,,0,999909,-9,0,0,0,0,0,0,,1,201809,4.0,0,,,1,4492.69,1,616.92,-8,,1,5109.61,1,161.24,1,8.87,1,170.11,1,158.2,1,173.43,1,28.4,1,29.46,1
202410,JOB034252389977,ID6522218736,EMP0139366777,-9,201906,,0,999909,-9,1,0,0,0,0,0,,0,,,0,,,1,3948.67,-8,,-8,,1,3948.67,1,171.22,-8,,1,171.22,1,172.79,1,169.51,1,22.85,1,23.29,1
202511,JOB199384748079,ID5317463336,EMP5875689270,TMP3542177194,202508,,0,999909,-9,1,1,0,0,0,0,,1,202509,6.0,1,1516.02,48.47,1,5053.41,1,572.49,-8,,1,5625.9,1,161.56,-8,,1,161.56,1,158.39,1,163.24,1,31.9,1,34.46,1
202508,JOB930543437524,ID3516463201,EMP7677050278,-9,202307,202308,1,202308,2,0,0,0,0,0,0,,0,,,0,,,1,5896.56,-8,,-8,,1,5896.56,1,169.63,-8,,1,169.63,1,166.24,1,170.04,1,35.47,1,34.68,1
202506,JOB286152544433,ID9476138980,EMP6861518654,-9,201808,,0,999909,-9,0,1,0,0,0,0,,0,,,0,,,1,4272.3,1,327.62,1,342.42,1,4942.34,1,162.29,1,8.671557484230048,1,170.96155748423004,1,162.83,1,171.50155748423006,1,26.24,1,28.82,1
202410,JOB111819235265,ID3427221069,EMP7254499052,-9,201607,,0,999909,-9,0,0,0,0,0,0,,1,201608,4.0,0,,,1,5354.53,-8,,-8,,1,5354.53,1,168.9,-8,,1,168.9,1,171.03,1,169.48,1,31.31,1,31.59,1
202506,JOB303399866935,ID6311976461,EMP7359047172,-9,201908,,0,999909,-9,0,1,0,0,0,0,,1,201909,6.0,0,,,1,4720.11,1,288.29,-8,,1,5008.39,1,172.0,-8,,1,172.0,1,174.34,1,172.17,1,27.07,1,29.09,1
202508,JOB618903045028,ID6311976461,EMP0432882974,-9,202506,,0,999909,-9,1,0,0,1,0,0,,1,202512,26.0,0,,,1,5087.64,-8,,-8,,1,5087.64,1,166.86,-8,,1,166.86,1,165.46,1,164.03,1,30.75,1,31.02,1
202405,JOB565664286094,ID7315510001,EMP6400817612,-9,201908,202202,1,202202,6,0,1,0,0,0,0,,1,202002,26.0,0,,,1,4065.87,-8,,-8,,1,4065.87,1,166.14,-8,,1,166.14,1,164.98,1,166.79,1,24.64,1,24.38,1
202605,JOB142922078642,ID4346328159,EMP2028130629,-9,202510,202510,1,202510,0,0,0,0,0,0,0,,1,202601,12.0,1,1726.47,49.77,1,5754.91,-8,,1,577.77,1,6332.67,1,165.91,1,11.104419725117896,1,177.0144197251179,1,167.96,1,179.06441972511792,1,34.26,1,35.37,0
202408,JOB397738349868,ID5582282501,EMP2253061460,-9,202107,,0,999909,-9,0,1,0,0,0,0,,0,,,0,,,1,4481.38,1,629.58,1,336.46,1,5447.42,1,170.38,1,8.527912784022025,1,178.90791278402202,1,171.5,1,180.02791278402202,1,26.13,1,30.26,1
202502,JOB139400075648,ID5928514594,EMP4945413866,-9,201910,,0,999909,-9,0,0,0,0,0,0,,1,202004,26.0,0,,,1,3766.77,1,856.72,-8,,1,4623.5,1,162.09,-8,,1,162.09,1,162.51,1,161.22,1,23.18,1,28.68,1
202605,JOB101698012270,ID7091414205,EMP2696976314,-9,201509,,0,999909,-9,1,0,0,0,0,0,,0,,,0,,,1,5543.98,1,856.41,-8,,1,6400.39,1,165.49,-8,,1,165.49,1,168.01,1,165.73,1,33.0,1,38.62,1
202501,JOB409510421552,ID2061414677,EMP6973317633,-9,202111,202208,1,202208,4,0,0,0,0,0,0,,1,202112,6.0,0,,,1,4951.53,1,658.53,-8,,1,5610.05,1,162.76,-8,,1,162.76,1,160.1,1,160.82,1,30.93,1,34.88,1
202510,JOB362588001261,ID3846898580,-9,-9,202007,202008,-9,202008,3,2,-8,-9,0,0,0,,-9,,,-9,,,-9,,-9,,-9,,-9,,-9,,-9,,-9,,-9,,-9,,-9,,-9,,1
202504,JOB804029401167,ID2124982456,EMP0492628578,TMP7723965248,202010,,0,999909,-9,0,1,0,0,0,0,,1,202101,12.0,0,,,1,4688.35,-8,,-8,,1,4688.35,1,167.71,1,19.92,1,187.63,1,166.48,1,187.84,1,28.16,1,24.96,1
202505,JOB140274538768,ID4192519920,EMP4896646381,-9,202008,202604,0,999909,-9,0,1,0,0,0,0,,1,202009,4.0,0,,,1,3822.25,-8,,-8,,1,3822.25,1,170.98,-8,,1,170.98,1,173.07,1,171.37,1,22.08,1,22.3,1
202407,JOB359682216983,ID4930079913,EMP6023593847,-9,202301,202302,1,202302,1,0,0,0,0,0,0,,1,202303,8.0,0,,,1,3368.33,-8,,-8,,1,3368.33,1,162.14,-8,,1,162.14,1,162.39,1,159.23,1,20.74,1,21.15,1
202506,JOB422500399278,ID5573075441,EMP1741238982,TMP4804671183,201801,201810,1,201810,4,0,0,0,0,0,0,,1,201802,4.0,0,,,1,5514.35,-8,,-8,,1,5514.35,1,170.56,-8,,1,170.56,1,172.45,1,167.16,1,31.98,1,32.99,1
202406,JOB960840533362,ID3939286306,-9,-9,202411,202503,-9,202503,2,2,-8,-9,0,0,0,,-9,,,-9,,,-9,,-9,,-9,,-9,,-9,,-9,,-9,,-9,,-9,,-9,,-9,,0
202605,JOB350321341333,ID4588359858,EMP4948220570,-9,201801,201802,1,201802,2,0,0,0,0,0,0,,1,201804,12.0,0,,,1,5910.06,1,788.26,-8,,1,6698.32,1,163.84,-8,,1,163.84,1,161.71,1,160.89,1,36.55,1,41.63,1
202603,JOB589160886508,ID6126421125,EMP2503324765,-9,201803,,0,999909,-9,0,1,0,0,0,0,,0,,,0,,,1,4531.61,-8,,-8,,1,4531.61,1,162.22,-8,,1,162.22,1,160.15,1,161.32,1,28.3,1,28.09,1
202511,JOB345534211670,ID4257914877,EMP8785069392,-9,201711,201905,1,201905,5,0,0,0,0,0,0,,1,201712,6.0,0,,,1,7690.7,-8,,-8,,1,7690.7,1,165.22,-8,,1,165.22,1,167.36,1,162.31,1,45.95,1,47.38,1
202603,JOB489706538145,ID7769469293,EMP0837536493,-9,201509,201601,2,201601,2,0,0,0,0,0,0,,-9,,,0,,,1,4585.06,1,877.15,1,570.85,1,6033.06,1,161.08,1,13.369979895552959,1,174.44997989555299,1,160.94,1,174.30997989555294,1,28.49,1,34.61,1
202408,JOB569338483195,ID5301096546,EMP0166787585,-9,201704,201708,1,201708,3,0,1,0,0,0,1,PAN - Projet d'activité national,1,201706,8.0,0,,,1,3327.29,-8,,-8,,1,3327.29,1,167.48,-8,,1,167.48,1,169.37,1,166.14,1,19.65,1,20.03,1
202401,JOB722745260100,ID6139369306,EMP6499457771,-9,202304,202306,2,202306,4,0,0,0,0,0,0,,-9,,,0,,,1,5366.07,-8,,-8,,1,5366.07,1,163.19,-8,,1,163.19,1,162.32,1,163.29,1,33.06,1,32.86,1
202402,JOB833477073506,ID3727131196,EMP8811801159,-9,201808,,0,999909,-9,0,0,0,0,0,0,,1,201809,4.0,0,,,1,4871.86,-8,,-8,,1,4871.86,1,172.66,-8,,1,172.66,1,175.24,1,169.58,1,27.8,1,28.73,1
202512,JOB547113588455,ID8127034671,EMP1513104495,-9,202108,202408,3,202408,5,0,1,0,0,0,0,,-9,,,0,,,1,3568.82,-8,,-8,,1,3568.82,1,149.48,-8,,1,149.48,1,151.06,1,150.65,1,23.63,1,23.69,1
202502,JOB708479030791,ID4691814031,EMP7730511384,-9,202506,,0,999909,-9,1,1,0,0,0,0,,0,,,0,,,1,4566.88,-8,,-8,,1,4566.88,1,163.91,1,8.6,1,172.51,1,162.19,1,171.61,1,28.16,1,26.61,1
202401,JOB308317693022,ID7672004162,EMP2675729912,-9,201910,,0,999909,-9,0,0,0,0,0,0,,1,202004,26.0,0,,,1,6211.84,-8,,-8,,1,6211.84,1,162.57,-8,,1,162.57,1,161.63,1,164.97,1,38.43,1,37.65,1
202604,JOB552056361437,ID7643677514,-9,-9,202205,202209,-9,202209,4,2,-8,-9,0,0,0,,-9,,,-9,,,-9,,-9,,-9,,-9,,-9,,-9,,-9,,-9,,-9,,-9,,-9,,1
202402,JOB882773932264,ID3239124985,EMP7769785997,-9,201811,201812,1,201812,2,0,0,0,0,0,0,,0,,,0,,,1,5059.79,1,240.74,-8,,1,5300.53,1,167.7,-8,,1,167.7,1,170.26,1,168.06,1,29.72,1,31.54,1
202601,JOB727023719441,ID4192410766,-9,-9,202105,202107,-9,202107,4,2,-8,-9,0,0,0,,-9,,,-9,,,-9,,-9,,-9,,-9,,-9,,-9,,-9,,-9,,-9,,-9,,-9,,1
