Date de référence,Canton,Commune,Genre,Statut,Nombre de personnes en emploi
2009.03.31,Capellen,Dippach,Femmes,Salariés,560
2009.03.31,Capellen,Dippach,Femmes,Non-salariés,50
2009.03.31,Capellen,Dippach,Hommes,Salariés,790
2009.03.31,Capellen,Dippach,Hommes,Non-salariés,90
2009.03.31,Capellen,Garnich,Femmes,Salariés,290
2009.03.31,Capellen,Garnich,Femmes,Non-salariés,30
2009.03.31,Capellen,Garnich,Hommes,Salariés,400
2009.03.31,Capellen,Garnich,Hommes,Non-salariés,60
2009.03.31,Capellen,Habscht,Femmes,Salariés,580
2009.03.31,Capellen,Habscht,Femmes,Non-salariés,50
2009.03.31,Capellen,Habscht,Hommes,Salariés,870
2009.03.31,Capellen,Habscht,Hommes,Non-salariés,80
2009.03.31,Capellen,Käerjeng,Femmes,Salariés,1560
2009.03.31,Capellen,Käerjeng,Femmes,Non-salariés,110
2009.03.31,Capellen,Käerjeng,Hommes,Salariés,2040
2009.03.31,Capellen,Käerjeng,Hommes,Non-salariés,170
2009.03.31,Capellen,Kehlen,Femmes,Salariés,750
2009.03.31,Capellen,Kehlen,Femmes,Non-salariés,100
2009.03.31,Capellen,Kehlen,Hommes,Salariés,980
2009.03.31,Capellen,Kehlen,Hommes,Non-salariés,160
2009.03.31,Capellen,Koerich,Femmes,Salariés,350
2009.03.31,Capellen,Koerich,Femmes,Non-salariés,50
2009.03.31,Capellen,Koerich,Hommes,Salariés,460
2009.03.31,Capellen,Koerich,Hommes,Non-salariés,60
2009.03.31,Capellen,Kopstal,Femmes,Salariés,460
2009.03.31,Capellen,Kopstal,Femmes,Non-salariés,60
2009.03.31,Capellen,Kopstal,Hommes,Salariés,510
2009.03.31,Capellen,Kopstal,Hommes,Non-salariés,130
2009.03.31,Capellen,Mamer,Femmes,Salariés,1090
2009.03.31,Capellen,Mamer,Femmes,Non-salariés,80
2009.03.31,Capellen,Mamer,Hommes,Salariés,1350
2009.03.31,Capellen,Mamer,Hommes,Non-salariés,190
2009.03.31,Capellen,Steinfort,Femmes,Salariés,710
2009.03.31,Capellen,Steinfort,Femmes,Non-salariés,60
2009.03.31,Capellen,Steinfort,Hommes,Salariés,910
2009.03.31,Capellen,Steinfort,Hommes,Non-salariés,100
2009.03.31,Clervaux,Clervaux,Femmes,Salariés,690
2009.03.31,Clervaux,Clervaux,Femmes,Non-salariés,90
2009.03.31,Clervaux,Clervaux,Hommes,Salariés,920
2009.03.31,Clervaux,Clervaux,Hommes,Non-salariés,150
2009.03.31,Clervaux,Parc Hosingen,Femmes,Salariés,470
2009.03.31,Clervaux,Parc Hosingen,Femmes,Non-salariés,70
2009.03.31,Clervaux,Parc Hosingen,Hommes,Salariés,610
2009.03.31,Clervaux,Parc Hosingen,Hommes,Non-salariés,90
2009.03.31,Clervaux,Troisvierges,Femmes,Salariés,420
2009.03.31,Clervaux,Troisvierges,Femmes,Non-salariés,60
2009.03.31,Clervaux,Troisvierges,Hommes,Salariés,600
2009.03.31,Clervaux,Troisvierges,Hommes,Non-salariés,100
2009.03.31,Clervaux,Weiswampach,Femmes,Salariés,200
2009.03.31,Clervaux,Weiswampach,Femmes,Non-salariés,40
2009.03.31,Clervaux,Weiswampach,Hommes,Salariés,270
2009.03.31,Clervaux,Weiswampach,Hommes,Non-salariés,70
2009.03.31,Clervaux,Wincrange,Femmes,Salariés,530
2009.03.31,Clervaux,Wincrange,Femmes,Non-salariés,140
2009.03.31,Clervaux,Wincrange,Hommes,Salariés,690
2009.03.31,Clervaux,Wincrange,Hommes,Non-salariés,230
2009.03.31,Diekirch,Bettendorf,Femmes,Salariés,430
2009.03.31,Diekirch,Bettendorf,Femmes,Non-salariés,30
2009.03.31,Diekirch,Bettendorf,Hommes,Salariés,570
2009.03.31,Diekirch,Bettendorf,Hommes,Non-salariés,60
2009.03.31,Diekirch,Bourscheid,Femmes,Salariés,190
2009.03.31,Diekirch,Bourscheid,Femmes,Non-salariés,40
2009.03.31,Diekirch,Bourscheid,Hommes,Salariés,290
2009.03.31,Diekirch,Bourscheid,Hommes,Non-salariés,50
2009.03.31,Diekirch,Diekirch,Femmes,Salariés,1020
2009.03.31,Diekirch,Diekirch,Femmes,Non-salariés,80
2009.03.31,Diekirch,Diekirch,Hommes,Salariés,1280
2009.03.31,Diekirch,Diekirch,Hommes,Non-salariés,110
2009.03.31,Diekirch,Erpeldange-sur-Sûre,Femmes,Salariés,400
2009.03.31,Diekirch,Erpeldange-sur-Sûre,Femmes,Non-salariés,40
2009.03.31,Diekirch,Erpeldange-sur-Sûre,Hommes,Salariés,480
2009.03.31,Diekirch,Erpeldange-sur-Sûre,Hommes,Non-salariés,50
2009.03.31,Diekirch,Ettelbruck,Femmes,Salariés,1360
2009.03.31,Diekirch,Ettelbruck,Femmes,Non-salariés,80
2009.03.31,Diekirch,Ettelbruck,Hommes,Salariés,1590
2009.03.31,Diekirch,Ettelbruck,Hommes,Non-salariés,160
2009.03.31,Diekirch,Feulen,Femmes,Salariés,290
2009.03.31,Diekirch,Feulen,Femmes,Non-salariés,20
2009.03.31,Diekirch,Feulen,Hommes,Salariés,360
2009.03.31,Diekirch,Feulen,Hommes,Non-salariés,40
2009.03.31,Diekirch,Mertzig,Femmes,Salariés,300
2009.03.31,Diekirch,Mertzig,Femmes,Non-salariés,20
2009.03.31,Diekirch,Mertzig,Hommes,Salariés,390
2009.03.31,Diekirch,Mertzig,Hommes,Non-salariés,30
2009.03.31,Diekirch,Reisdorf,Femmes,Salariés,140
2009.03.31,Diekirch,Reisdorf,Femmes,Non-salariés,10
2009.03.31,Diekirch,Reisdorf,Hommes,Salariés,220
2009.03.31,Diekirch,Reisdorf,Hommes,Non-salariés,40
2009.03.31,Diekirch,Schieren,Femmes,Salariés,290
2009.03.31,Diekirch,Schieren,Femmes,Non-salariés,10
2009.03.31,Diekirch,Schieren,Hommes,Salariés,350
2009.03.31,Diekirch,Schieren,Hommes,Non-salariés,20
2009.03.31,Diekirch,Vallée de l'Ernz,Femmes,Salariés,370
2009.03.31,Diekirch,Vallée de l'Ernz,Femmes,Non-salariés,40
2009.03.31,Diekirch,Vallée de l'Ernz,Hommes,Salariés,510
2009.03.31,Diekirch,Vallée de l'Ernz,Hommes,Non-salariés,80
2009.03.31,Echternach,Beaufort,Femmes,Salariés,340
2009.03.31,Echternach,Beaufort,Femmes,Non-salariés,40
2009.03.31,Echternach,Beaufort,Hommes,Salariés,460
2009.03.31,Echternach,Beaufort,Hommes,Non-salariés,40
2009.03.31,Echternach,Bech,Femmes,Salariés,160
2009.03.31,Echternach,Bech,Femmes,Non-salariés,20
2009.03.31,Echternach,Bech,Hommes,Salariés,200
2009.03.31,Echternach,Bech,Hommes,Non-salariés,40
2009.03.31,Echternach,Berdorf,Femmes,Salariés,220
2009.03.31,Echternach,Berdorf,Femmes,Non-salariés,30
2009.03.31,Echternach,Berdorf,Hommes,Salariés,310
2009.03.31,Echternach,Berdorf,Hommes,Non-salariés,40
2009.03.31,Echternach,Consdorf,Femmes,Salariés,280
2009.03.31,Echternach,Consdorf,Femmes,Non-salariés,30
2009.03.31,Echternach,Consdorf,Hommes,Salariés,370
2009.03.31,Echternach,Consdorf,Hommes,Non-salariés,50
2009.03.31,Echternach,Echternach,Femmes,Salariés,850
2009.03.31,Echternach,Echternach,Femmes,Non-salariés,70
2009.03.31,Echternach,Echternach,Hommes,Salariés,1020
2009.03.31,Echternach,Echternach,Hommes,Non-salariés,130
2009.03.31,Echternach,Rosport-Mompach,Femmes,Salariés,470
2009.03.31,Echternach,Rosport-Mompach,Femmes,Non-salariés,80
2009.03.31,Echternach,Rosport-Mompach,Hommes,Salariés,640
2009.03.31,Echternach,Rosport-Mompach,Hommes,Non-salariés,110
2009.03.31,Echternach,Waldbillig,Femmes,Salariés,220
2009.03.31,Echternach,Waldbillig,Femmes,Non-salariés,20
2009.03.31,Echternach,Waldbillig,Hommes,Salariés,280
2009.03.31,Echternach,Waldbillig,Hommes,Non-salariés,50
2009.03.31,Esch-Sur-Alzette,Bettembourg,Femmes,Salariés,1680
2009.03.31,Esch-Sur-Alzette,Bettembourg,Femmes,Non-salariés,80
2009.03.31,Esch-Sur-Alzette,Bettembourg,Hommes,Salariés,2050
2009.03.31,Esch-Sur-Alzette,Bettembourg,Hommes,Non-salariés,160
2009.03.31,Esch-Sur-Alzette,Differdange,Femmes,Salariés,3310
2009.03.31,Esch-Sur-Alzette,Differdange,Femmes,Non-salariés,140
2009.03.31,Esch-Sur-Alzette,Differdange,Hommes,Salariés,4710
2009.03.31,Esch-Sur-Alzette,Differdange,Hommes,Non-salariés,190
2009.03.31,Esch-Sur-Alzette,Dudelange,Femmes,Salariés,3170
2009.03.31,Esch-Sur-Alzette,Dudelange,Femmes,Non-salariés,170
2009.03.31,Esch-Sur-Alzette,Dudelange,Hommes,Salariés,3840
2009.03.31,Esch-Sur-Alzette,Dudelange,Hommes,Non-salariés,290
2009.03.31,Esch-Sur-Alzette,Esch-sur-Alzette,Femmes,Salariés,4770
2009.03.31,Esch-Sur-Alzette,Esch-sur-Alzette,Femmes,Non-salariés,210
2009.03.31,Esch-Sur-Alzette,Esch-sur-Alzette,Hommes,Salariés,6420
2009.03.31,Esch-Sur-Alzette,Esch-sur-Alzette,Hommes,Non-salariés,420
2009.03.31,Esch-Sur-Alzette,Frisange,Femmes,Salariés,700
2009.03.31,Esch-Sur-Alzette,Frisange,Femmes,Non-salariés,50
2009.03.31,Esch-Sur-Alzette,Frisange,Hommes,Salariés,830
2009.03.31,Esch-Sur-Alzette,Frisange,Hommes,Non-salariés,100
2009.03.31,Esch-Sur-Alzette,Kayl,Femmes,Salariés,1250
2009.03.31,Esch-Sur-Alzette,Kayl,Femmes,Non-salariés,60
2009.03.31,Esch-Sur-Alzette,Kayl,Hommes,Salariés,1780
2009.03.31,Esch-Sur-Alzette,Kayl,Hommes,Non-salariés,110
2009.03.31,Esch-Sur-Alzette,Leudelange,Femmes,Salariés,380
2009.03.31,Esch-Sur-Alzette,Leudelange,Femmes,Non-salariés,30
2009.03.31,Esch-Sur-Alzette,Leudelange,Hommes,Salariés,470
2009.03.31,Esch-Sur-Alzette,Leudelange,Hommes,Non-salariés,80
2009.03.31,Esch-Sur-Alzette,Mondercange,Femmes,Salariés,1010
2009.03.31,Esch-Sur-Alzette,Mondercange,Femmes,Non-salariés,90
2009.03.31,Esch-Sur-Alzette,Mondercange,Hommes,Salariés,1300
2009.03.31,Esch-Sur-Alzette,Mondercange,Hommes,Non-salariés,150
2009.03.31,Esch-Sur-Alzette,Pétange,Femmes,Salariés,2430
2009.03.31,Esch-Sur-Alzette,Pétange,Femmes,Non-salariés,100
2009.03.31,Esch-Sur-Alzette,Pétange,Hommes,Salariés,3370
2009.03.31,Esch-Sur-Alzette,Pétange,Hommes,Non-salariés,180
2009.03.31,Esch-Sur-Alzette,Reckange-sur-Mess,Femmes,Salariés,360
2009.03.31,Esch-Sur-Alzette,Reckange-sur-Mess,Femmes,Non-salariés,40
2009.03.31,Esch-Sur-Alzette,Reckange-sur-Mess,Hommes,Salariés,440
2009.03.31,Esch-Sur-Alzette,Reckange-sur-Mess,Hommes,Non-salariés,70
2009.03.31,Esch-Sur-Alzette,Roeser,Femmes,Salariés,1000
2009.03.31,Esch-Sur-Alzette,Roeser,Femmes,Non-salariés,70
2009.03.31,Esch-Sur-Alzette,Roeser,Hommes,Salariés,1210
2009.03.31,Esch-Sur-Alzette,Roeser,Hommes,Non-salariés,140
2009.03.31,Esch-Sur-Alzette,Rumelange,Femmes,Salariés,770
2009.03.31,Esch-Sur-Alzette,Rumelange,Femmes,Non-salariés,40
2009.03.31,Esch-Sur-Alzette,Rumelange,Hommes,Salariés,1040
2009.03.31,Esch-Sur-Alzette,Rumelange,Hommes,Non-salariés,50
2009.03.31,Esch-Sur-Alzette,Sanem,Femmes,Salariés,2400
2009.03.31,Esch-Sur-Alzette,Sanem,Femmes,Non-salariés,140
2009.03.31,Esch-Sur-Alzette,Sanem,Hommes,Salariés,3030
2009.03.31,Esch-Sur-Alzette,Sanem,Hommes,Non-salariés,210
2009.03.31,Esch-Sur-Alzette,Schifflange,Femmes,Salariés,1340
2009.03.31,Esch-Sur-Alzette,Schifflange,Femmes,Non-salariés,70
2009.03.31,Esch-Sur-Alzette,Schifflange,Hommes,Salariés,1730
2009.03.31,Esch-Sur-Alzette,Schifflange,Hommes,Non-salariés,110
2009.03.31,Grevenmacher,Betzdorf,Femmes,Salariés,510
2009.03.31,Grevenmacher,Betzdorf,Femmes,Non-salariés,40
2009.03.31,Grevenmacher,Betzdorf,Hommes,Salariés,660
2009.03.31,Grevenmacher,Betzdorf,Hommes,Non-salariés,80
2009.03.31,Grevenmacher,Biwer,Femmes,Salariés,270
2009.03.31,Grevenmacher,Biwer,Femmes,Non-salariés,30
2009.03.31,Grevenmacher,Biwer,Hommes,Salariés,370
2009.03.31,Grevenmacher,Biwer,Hommes,Non-salariés,40
2009.03.31,Grevenmacher,Flaxweiler,Femmes,Salariés,280
2009.03.31,Grevenmacher,Flaxweiler,Femmes,Non-salariés,50
2009.03.31,Grevenmacher,Flaxweiler,Hommes,Salariés,400
2009.03.31,Grevenmacher,Flaxweiler,Hommes,Non-salariés,50
2009.03.31,Grevenmacher,Grevenmacher,Femmes,Salariés,780
2009.03.31,Grevenmacher,Grevenmacher,Femmes,Non-salariés,50
2009.03.31,Grevenmacher,Grevenmacher,Hommes,Salariés,970
2009.03.31,Grevenmacher,Grevenmacher,Hommes,Non-salariés,80
2009.03.31,Grevenmacher,Junglinster,Femmes,Salariés,970
2009.03.31,Grevenmacher,Junglinster,Femmes,Non-salariés,90
2009.03.31,Grevenmacher,Junglinster,Hommes,Salariés,1280
2009.03.31,Grevenmacher,Junglinster,Hommes,Non-salariés,160
2009.03.31,Grevenmacher,Manternach,Femmes,Salariés,280
2009.03.31,Grevenmacher,Manternach,Femmes,Non-salariés,30
2009.03.31,Grevenmacher,Manternach,Hommes,Salariés,350
2009.03.31,Grevenmacher,Manternach,Hommes,Non-salariés,50
2009.03.31,Grevenmacher,Mertert,Femmes,Salariés,620
2009.03.31,Grevenmacher,Mertert,Femmes,Non-salariés,50
2009.03.31,Grevenmacher,Mertert,Hommes,Salariés,810
2009.03.31,Grevenmacher,Mertert,Hommes,Non-salariés,90
2009.03.31,Grevenmacher,Wormeldange,Femmes,Salariés,390
2009.03.31,Grevenmacher,Wormeldange,Femmes,Non-salariés,60
2009.03.31,Grevenmacher,Wormeldange,Hommes,Salariés,530
2009.03.31,Grevenmacher,Wormeldange,Hommes,Non-salariés,120
2009.03.31,Luxembourg-Campagne,Bertrange,Femmes,Salariés,990
2009.03.31,Luxembourg-Campagne,Bertrange,Femmes,Non-salariés,90
2009.03.31,Luxembourg-Campagne,Bertrange,Hommes,Salariés,1220
2009.03.31,Luxembourg-Campagne,Bertrange,Hommes,Non-salariés,190
2009.03.31,Luxembourg-Campagne,Contern,Femmes,Salariés,500
2009.03.31,Luxembourg-Campagne,Contern,Femmes,Non-salariés,50
2009.03.31,Luxembourg-Campagne,Contern,Hommes,Salariés,690
2009.03.31,Luxembourg-Campagne,Contern,Hommes,Non-salariés,100
2009.03.31,Luxembourg-Campagne,Hesperange,Femmes,Salariés,2250
2009.03.31,Luxembourg-Campagne,Hesperange,Femmes,Non-salariés,170
2009.03.31,Luxembourg-Campagne,Hesperange,Hommes,Salariés,2680
2009.03.31,Luxembourg-Campagne,Hesperange,Hommes,Non-salariés,320
2009.03.31,Luxembourg-Campagne,Niederanven,Femmes,Salariés,690
2009.03.31,Luxembourg-Campagne,Niederanven,Femmes,Non-salariés,100
2009.03.31,Luxembourg-Campagne,Niederanven,Hommes,Salariés,930
2009.03.31,Luxembourg-Campagne,Niederanven,Hommes,Non-salariés,170
2009.03.31,Luxembourg-Campagne,Sandweiler,Femmes,Salariés,510
2009.03.31,Luxembourg-Campagne,Sandweiler,Femmes,Non-salariés,50
2009.03.31,Luxembourg-Campagne,Sandweiler,Hommes,Salariés,640
2009.03.31,Luxembourg-Campagne,Sandweiler,Hommes,Non-salariés,80
2009.03.31,Luxembourg-Campagne,Schuttrange,Femmes,Salariés,470
2009.03.31,Luxembourg-Campagne,Schuttrange,Femmes,Non-salariés,50
2009.03.31,Luxembourg-Campagne,Schuttrange,Hommes,Salariés,640
2009.03.31,Luxembourg-Campagne,Schuttrange,Hommes,Non-salariés,80
2009.03.31,Luxembourg-Campagne,Steinsel,Femmes,Salariés,760
2009.03.31,Luxembourg-Campagne,Steinsel,Femmes,Non-salariés,70
2009.03.31,Luxembourg-Campagne,Steinsel,Hommes,Salariés,860
2009.03.31,Luxembourg-Campagne,Steinsel,Hommes,Non-salariés,130
2009.03.31,Luxembourg-Campagne,Strassen,Femmes,Salariés,1140
2009.03.31,Luxembourg-Campagne,Strassen,Femmes,Non-salariés,90
2009.03.31,Luxembourg-Campagne,Strassen,Hommes,Salariés,1370
2009.03.31,Luxembourg-Campagne,Strassen,Hommes,Non-salariés,170
2009.03.31,Luxembourg-Campagne,Walferdange,Femmes,Salariés,1210
2009.03.31,Luxembourg-Campagne,Walferdange,Femmes,Non-salariés,100
2009.03.31,Luxembourg-Campagne,Walferdange,Hommes,Salariés,1420
2009.03.31,Luxembourg-Campagne,Walferdange,Hommes,Non-salariés,150
2009.03.31,Luxembourg-Campagne,Weiler-la-Tour,Femmes,Salariés,310
2009.03.31,Luxembourg-Campagne,Weiler-la-Tour,Femmes,Non-salariés,20
2009.03.31,Luxembourg-Campagne,Weiler-la-Tour,Hommes,Salariés,380
2009.03.31,Luxembourg-Campagne,Weiler-la-Tour,Hommes,Non-salariés,50
2009.03.31,Luxembourg-Ville,Luxembourg,Femmes,Salariés,14000
2009.03.31,Luxembourg-Ville,Luxembourg,Femmes,Non-salariés,1240
2009.03.31,Luxembourg-Ville,Luxembourg,Hommes,Salariés,17910
2009.03.31,Luxembourg-Ville,Luxembourg,Hommes,Non-salariés,2150
2009.03.31,Mersch,Bissen,Femmes,Salariés,460
2009.03.31,Mersch,Bissen,Femmes,Non-salariés,30
2009.03.31,Mersch,Bissen,Hommes,Salariés,640
2009.03.31,Mersch,Bissen,Hommes,Non-salariés,50
2009.03.31,Mersch,Colmar-Berg,Femmes,Salariés,360
2009.03.31,Mersch,Colmar-Berg,Femmes,Non-salariés,20
2009.03.31,Mersch,Colmar-Berg,Hommes,Salariés,430
2009.03.31,Mersch,Colmar-Berg,Hommes,Non-salariés,30
2009.03.31,Mersch,Fischbach,Femmes,Salariés,140
2009.03.31,Mersch,Fischbach,Femmes,Non-salariés,10
2009.03.31,Mersch,Fischbach,Hommes,Salariés,190
2009.03.31,Mersch,Fischbach,Hommes,Non-salariés,30
2009.03.31,Mersch,Heffingen,Femmes,Salariés,170
2009.03.31,Mersch,Heffingen,Femmes,Non-salariés,20
2009.03.31,Mersch,Heffingen,Hommes,Salariés,220
2009.03.31,Mersch,Heffingen,Hommes,Non-salariés,40
2009.03.31,Mersch,Helperknapp,Femmes,Salariés,500
2009.03.31,Mersch,Helperknapp,Femmes,Non-salariés,60
2009.03.31,Mersch,Helperknapp,Hommes,Salariés,720
2009.03.31,Mersch,Helperknapp,Hommes,Non-salariés,90
2009.03.31,Mersch,Larochette,Femmes,Salariés,370
2009.03.31,Mersch,Larochette,Femmes,Non-salariés,20
2009.03.31,Mersch,Larochette,Hommes,Salariés,460
2009.03.31,Mersch,Larochette,Hommes,Non-salariés,40
2009.03.31,Mersch,Lintgen,Femmes,Salariés,490
2009.03.31,Mersch,Lintgen,Femmes,Non-salariés,20
2009.03.31,Mersch,Lintgen,Hommes,Salariés,620
2009.03.31,Mersch,Lintgen,Hommes,Non-salariés,40
2009.03.31,Mersch,Lorentzweiler,Femmes,Salariés,520
2009.03.31,Mersch,Lorentzweiler,Femmes,Non-salariés,20
2009.03.31,Mersch,Lorentzweiler,Hommes,Salariés,670
2009.03.31,Mersch,Lorentzweiler,Hommes,Non-salariés,70
2009.03.31,Mersch,Mersch,Femmes,Salariés,1350
2009.03.31,Mersch,Mersch,Femmes,Non-salariés,90
2009.03.31,Mersch,Mersch,Hommes,Salariés,1700
2009.03.31,Mersch,Mersch,Hommes,Non-salariés,160
2009.03.31,Mersch,Nommern,Femmes,Salariés,180
2009.03.31,Mersch,Nommern,Femmes,Non-salariés,30
2009.03.31,Mersch,Nommern,Hommes,Salariés,270
2009.03.31,Mersch,Nommern,Hommes,Non-salariés,50
2009.03.31,Non déterminé,Non déterminé,Femmes,Salariés,40
2009.03.31,Non déterminé,Non déterminé,Femmes,Non-salariés,0
2009.03.31,Non déterminé,Non déterminé,Hommes,Salariés,80
2009.03.31,Non déterminé,Non déterminé,Hommes,Non-salariés,10
2009.03.31,Redange,Beckerich,Femmes,Salariés,330
2009.03.31,Redange,Beckerich,Femmes,Non-salariés,30
2009.03.31,Redange,Beckerich,Hommes,Salariés,470
2009.03.31,Redange,Beckerich,Hommes,Non-salariés,70
2009.03.31,Redange,Ell,Femmes,Salariés,140
2009.03.31,Redange,Ell,Femmes,Non-salariés,30
2009.03.31,Redange,Ell,Hommes,Salariés,230
2009.03.31,Redange,Ell,Hommes,Non-salariés,40
2009.03.31,Redange,Groussbus-Wal,Femmes,Salariés,270
2009.03.31,Redange,Groussbus-Wal,Femmes,Non-salariés,50
2009.03.31,Redange,Groussbus-Wal,Hommes,Salariés,390
2009.03.31,Redange,Groussbus-Wal,Hommes,Non-salariés,60
2009.03.31,Redange,Préizerdaul,Femmes,Salariés,230
2009.03.31,Redange,Préizerdaul,Femmes,Non-salariés,30
2009.03.31,Redange,Préizerdaul,Hommes,Salariés,320
2009.03.31,Redange,Préizerdaul,Hommes,Non-salariés,30
2009.03.31,Redange,Rambrouch,Femmes,Salariés,510
2009.03.31,Redange,Rambrouch,Femmes,Non-salariés,100
2009.03.31,Redange,Rambrouch,Hommes,Salariés,780
2009.03.31,Redange,Rambrouch,Hommes,Non-salariés,150
2009.03.31,Redange,Redange/Attert,Femmes,Salariés,390
2009.03.31,Redange,Redange/Attert,Femmes,Non-salariés,60
2009.03.31,Redange,Redange/Attert,Hommes,Salariés,500
2009.03.31,Redange,Redange/Attert,Hommes,Non-salariés,80
2009.03.31,Redange,Saeul,Femmes,Salariés,120
2009.03.31,Redange,Saeul,Femmes,Non-salariés,10
2009.03.31,Redange,Saeul,Hommes,Salariés,150
2009.03.31,Redange,Saeul,Hommes,Non-salariés,30
2009.03.31,Redange,Useldange,Femmes,Salariés,270
2009.03.31,Redange,Useldange,Femmes,Non-salariés,20
2009.03.31,Redange,Useldange,Hommes,Salariés,330
2009.03.31,Redange,Useldange,Hommes,Non-salariés,40
2009.03.31,Redange,Vichten,Femmes,Salariés,180
2009.03.31,Redange,Vichten,Femmes,Non-salariés,20
2009.03.31,Redange,Vichten,Hommes,Salariés,230
2009.03.31,Redange,Vichten,Hommes,Non-salariés,30
2009.03.31,Remich,Bous-Waldbredimus,Femmes,Salariés,360
2009.03.31,Remich,Bous-Waldbredimus,Femmes,Non-salariés,50
2009.03.31,Remich,Bous-Waldbredimus,Hommes,Salariés,530
2009.03.31,Remich,Bous-Waldbredimus,Hommes,Non-salariés,70
2009.03.31,Remich,Dalheim,Femmes,Salariés,330
2009.03.31,Remich,Dalheim,Femmes,Non-salariés,30
2009.03.31,Remich,Dalheim,Hommes,Salariés,420
2009.03.31,Remich,Dalheim,Hommes,Non-salariés,60
2009.03.31,Remich,Lenningen,Femmes,Salariés,270
2009.03.31,Remich,Lenningen,Femmes,Non-salariés,20
2009.03.31,Remich,Lenningen,Hommes,Salariés,360
2009.03.31,Remich,Lenningen,Hommes,Non-salariés,30
2009.03.31,Remich,Mondorf-les-Bains,Femmes,Salariés,690
2009.03.31,Remich,Mondorf-les-Bains,Femmes,Non-salariés,60
2009.03.31,Remich,Mondorf-les-Bains,Hommes,Salariés,900
2009.03.31,Remich,Mondorf-les-Bains,Hommes,Non-salariés,140
2009.03.31,Remich,Remich,Femmes,Salariés,490
2009.03.31,Remich,Remich,Femmes,Non-salariés,60
2009.03.31,Remich,Remich,Hommes,Salariés,640
2009.03.31,Remich,Remich,Hommes,Non-salariés,90
2009.03.31,Remich,Schengen,Femmes,Salariés,700
2009.03.31,Remich,Schengen,Femmes,Non-salariés,110
2009.03.31,Remich,Schengen,Hommes,Salariés,880
2009.03.31,Remich,Schengen,Hommes,Non-salariés,190
2009.03.31,Remich,Stadtbredimus,Femmes,Salariés,270
2009.03.31,Remich,Stadtbredimus,Femmes,Non-salariés,30
2009.03.31,Remich,Stadtbredimus,Hommes,Salariés,360
2009.03.31,Remich,Stadtbredimus,Hommes,Non-salariés,60
2009.03.31,Vianden,Putscheid,Femmes,Salariés,140
2009.03.31,Vianden,Putscheid,Femmes,Non-salariés,10
2009.03.31,Vianden,Putscheid,Hommes,Salariés,200
2009.03.31,Vianden,Putscheid,Hommes,Non-salariés,30
2009.03.31,Vianden,Tandel,Femmes,Salariés,320
2009.03.31,Vianden,Tandel,Femmes,Non-salariés,50
2009.03.31,Vianden,Tandel,Hommes,Salariés,380
2009.03.31,Vianden,Tandel,Hommes,Non-salariés,60
2009.03.31,Vianden,Vianden,Femmes,Salariés,270
2009.03.31,Vianden,Vianden,Femmes,Non-salariés,30
2009.03.31,Vianden,Vianden,Hommes,Salariés,380
2009.03.31,Vianden,Vianden,Hommes,Non-salariés,40
2009.03.31,Wiltz,Boulaide,Femmes,Salariés,120
2009.03.31,Wiltz,Boulaide,Femmes,Non-salariés,20
2009.03.31,Wiltz,Boulaide,Hommes,Salariés,200
2009.03.31,Wiltz,Boulaide,Hommes,Non-salariés,30
2009.03.31,Wiltz,Esch-sur-Sûre,Femmes,Salariés,320
2009.03.31,Wiltz,Esch-sur-Sûre,Femmes,Non-salariés,50
2009.03.31,Wiltz,Esch-sur-Sûre,Hommes,Salariés,440
2009.03.31,Wiltz,Esch-sur-Sûre,Hommes,Non-salariés,80
2009.03.31,Wiltz,Goesdorf,Femmes,Salariés,210
2009.03.31,Wiltz,Goesdorf,Femmes,Non-salariés,20
2009.03.31,Wiltz,Goesdorf,Hommes,Salariés,300
2009.03.31,Wiltz,Goesdorf,Hommes,Non-salariés,40
2009.03.31,Wiltz,Kiischpelt,Femmes,Salariés,130
2009.03.31,Wiltz,Kiischpelt,Femmes,Non-salariés,20
2009.03.31,Wiltz,Kiischpelt,Hommes,Salariés,210
2009.03.31,Wiltz,Kiischpelt,Hommes,Non-salariés,30
2009.03.31,Wiltz,Lac de la Haute-Sûre,Femmes,Salariés,220
2009.03.31,Wiltz,Lac de la Haute-Sûre,Femmes,Non-salariés,40
2009.03.31,Wiltz,Lac de la Haute-Sûre,Hommes,Salariés,330
2009.03.31,Wiltz,Lac de la Haute-Sûre,Hommes,Non-salariés,50
2009.03.31,Wiltz,Wiltz,Femmes,Salariés,810
2009.03.31,Wiltz,Wiltz,Femmes,Non-salariés,70
2009.03.31,Wiltz,Wiltz,Hommes,Salariés,1100
2009.03.31,Wiltz,Wiltz,Hommes,Non-salariés,130
2009.03.31,Wiltz,Winseler,Femmes,Salariés,150
2009.03.31,Wiltz,Winseler,Femmes,Non-salariés,20
2009.03.31,Wiltz,Winseler,Hommes,Salariés,230
2009.03.31,Wiltz,Winseler,Hommes,Non-salariés,50
2009.09.30,Capellen,Dippach,Femmes,Salariés,550
2009.09.30,Capellen,Dippach,Femmes,Non-salariés,60
2009.09.30,Capellen,Dippach,Hommes,Salariés,800
2009.09.30,Capellen,Dippach,Hommes,Non-salariés,90
2009.09.30,Capellen,Garnich,Femmes,Salariés,300
2009.09.30,Capellen,Garnich,Femmes,Non-salariés,30
2009.09.30,Capellen,Garnich,Hommes,Salariés,400
2009.09.30,Capellen,Garnich,Hommes,Non-salariés,60
2009.09.30,Capellen,Habscht,Femmes,Salariés,600
2009.09.30,Capellen,Habscht,Femmes,Non-salariés,50
2009.09.30,Capellen,Habscht,Hommes,Salariés,870
2009.09.30,Capellen,Habscht,Hommes,Non-salariés,90
2009.09.30,Capellen,Käerjeng,Femmes,Salariés,1550
2009.09.30,Capellen,Käerjeng,Femmes,Non-salariés,120
2009.09.30,Capellen,Käerjeng,Hommes,Salariés,2050
2009.09.30,Capellen,Käerjeng,Hommes,Non-salariés,180
2009.09.30,Capellen,Kehlen,Femmes,Salariés,750
2009.09.30,Capellen,Kehlen,Femmes,Non-salariés,100
2009.09.30,Capellen,Kehlen,Hommes,Salariés,990
2009.09.30,Capellen,Kehlen,Hommes,Non-salariés,160
2009.09.30,Capellen,Koerich,Femmes,Salariés,350
2009.09.30,Capellen,Koerich,Femmes,Non-salariés,50
2009.09.30,Capellen,Koerich,Hommes,Salariés,460
2009.09.30,Capellen,Koerich,Hommes,Non-salariés,70
2009.09.30,Capellen,Kopstal,Femmes,Salariés,450
2009.09.30,Capellen,Kopstal,Femmes,Non-salariés,60
2009.09.30,Capellen,Kopstal,Hommes,Salariés,490
2009.09.30,Capellen,Kopstal,Hommes,Non-salariés,120
2009.09.30,Capellen,Mamer,Femmes,Salariés,1120
2009.09.30,Capellen,Mamer,Femmes,Non-salariés,90
2009.09.30,Capellen,Mamer,Hommes,Salariés,1340
2009.09.30,Capellen,Mamer,Hommes,Non-salariés,180
2009.09.30,Capellen,Steinfort,Femmes,Salariés,730
2009.09.30,Capellen,Steinfort,Femmes,Non-salariés,60
2009.09.30,Capellen,Steinfort,Hommes,Salariés,900
2009.09.30,Capellen,Steinfort,Hommes,Non-salariés,100
2009.09.30,Clervaux,Clervaux,Femmes,Salariés,700
2009.09.30,Clervaux,Clervaux,Femmes,Non-salariés,80
2009.09.30,Clervaux,Clervaux,Hommes,Salariés,940
2009.09.30,Clervaux,Clervaux,Hommes,Non-salariés,160
2009.09.30,Clervaux,Parc Hosingen,Femmes,Salariés,500
2009.09.30,Clervaux,Parc Hosingen,Femmes,Non-salariés,70
2009.09.30,Clervaux,Parc Hosingen,Hommes,Salariés,640
2009.09.30,Clervaux,Parc Hosingen,Hommes,Non-salariés,90
2009.09.30,Clervaux,Troisvierges,Femmes,Salariés,430
2009.09.30,Clervaux,Troisvierges,Femmes,Non-salariés,60
2009.09.30,Clervaux,Troisvierges,Hommes,Salariés,600
2009.09.30,Clervaux,Troisvierges,Hommes,Non-salariés,100
2009.09.30,Clervaux,Weiswampach,Femmes,Salariés,220
2009.09.30,Clervaux,Weiswampach,Femmes,Non-salariés,40
2009.09.30,Clervaux,Weiswampach,Hommes,Salariés,280
2009.09.30,Clervaux,Weiswampach,Hommes,Non-salariés,70
2009.09.30,Clervaux,Wincrange,Femmes,Salariés,550
2009.09.30,Clervaux,Wincrange,Femmes,Non-salariés,140
2009.09.30,Clervaux,Wincrange,Hommes,Salariés,680
2009.09.30,Clervaux,Wincrange,Hommes,Non-salariés,230
2009.09.30,Diekirch,Bettendorf,Femmes,Salariés,430
2009.09.30,Diekirch,Bettendorf,Femmes,Non-salariés,40
2009.09.30,Diekirch,Bettendorf,Hommes,Salariés,560
2009.09.30,Diekirch,Bettendorf,Hommes,Non-salariés,60
2009.09.30,Diekirch,Bourscheid,Femmes,Salariés,210
2009.09.30,Diekirch,Bourscheid,Femmes,Non-salariés,30
2009.09.30,Diekirch,Bourscheid,Hommes,Salariés,300
2009.09.30,Diekirch,Bourscheid,Hommes,Non-salariés,50
2009.09.30,Diekirch,Diekirch,Femmes,Salariés,1020
2009.09.30,Diekirch,Diekirch,Femmes,Non-salariés,80
2009.09.30,Diekirch,Diekirch,Hommes,Salariés,1300
2009.09.30,Diekirch,Diekirch,Hommes,Non-salariés,110
2009.09.30,Diekirch,Erpeldange-sur-Sûre,Femmes,Salariés,380
2009.09.30,Diekirch,Erpeldange-sur-Sûre,Femmes,Non-salariés,40
2009.09.30,Diekirch,Erpeldange-sur-Sûre,Hommes,Salariés,490
2009.09.30,Diekirch,Erpeldange-sur-Sûre,Hommes,Non-salariés,50
2009.09.30,Diekirch,Ettelbruck,Femmes,Salariés,1340
2009.09.30,Diekirch,Ettelbruck,Femmes,Non-salariés,80
2009.09.30,Diekirch,Ettelbruck,Hommes,Salariés,1590
2009.09.30,Diekirch,Ettelbruck,Hommes,Non-salariés,160
2009.09.30,Diekirch,Feulen,Femmes,Salariés,310
2009.09.30,Diekirch,Feulen,Femmes,Non-salariés,20
2009.09.30,Diekirch,Feulen,Hommes,Salariés,360
2009.09.30,Diekirch,Feulen,Hommes,Non-salariés,40
2009.09.30,Diekirch,Mertzig,Femmes,Salariés,290
2009.09.30,Diekirch,Mertzig,Femmes,Non-salariés,20
2009.09.30,Diekirch,Mertzig,Hommes,Salariés,390
2009.09.30,Diekirch,Mertzig,Hommes,Non-salariés,30
2009.09.30,Diekirch,Reisdorf,Femmes,Salariés,140
2009.09.30,Diekirch,Reisdorf,Femmes,Non-salariés,20
2009.09.30,Diekirch,Reisdorf,Hommes,Salariés,240
2009.09.30,Diekirch,Reisdorf,Hommes,Non-salariés,30
2009.09.30,Diekirch,Schieren,Femmes,Salariés,290
2009.09.30,Diekirch,Schieren,Femmes,Non-salariés,10
2009.09.30,Diekirch,Schieren,Hommes,Salariés,340
2009.09.30,Diekirch,Schieren,Hommes,Non-salariés,30
2009.09.30,Diekirch,Vallée de l'Ernz,Femmes,Salariés,400
2009.09.30,Diekirch,Vallée de l'Ernz,Femmes,Non-salariés,40
2009.09.30,Diekirch,Vallée de l'Ernz,Hommes,Salariés,510
2009.09.30,Diekirch,Vallée de l'Ernz,Hommes,Non-salariés,80
2009.09.30,Echternach,Beaufort,Femmes,Salariés,360
2009.09.30,Echternach,Beaufort,Femmes,Non-salariés,40
2009.09.30,Echternach,Beaufort,Hommes,Salariés,470
2009.09.30,Echternach,Beaufort,Hommes,Non-salariés,40
2009.09.30,Echternach,Bech,Femmes,Salariés,170
2009.09.30,Echternach,Bech,Femmes,Non-salariés,20
2009.09.30,Echternach,Bech,Hommes,Salariés,190
2009.09.30,Echternach,Bech,Hommes,Non-salariés,40
2009.09.30,Echternach,Berdorf,Femmes,Salariés,240
2009.09.30,Echternach,Berdorf,Femmes,Non-salariés,30
2009.09.30,Echternach,Berdorf,Hommes,Salariés,310
2009.09.30,Echternach,Berdorf,Hommes,Non-salariés,40
2009.09.30,Echternach,Consdorf,Femmes,Salariés,290
2009.09.30,Echternach,Consdorf,Femmes,Non-salariés,30
2009.09.30,Echternach,Consdorf,Hommes,Salariés,380
2009.09.30,Echternach,Consdorf,Hommes,Non-salariés,50
2009.09.30,Echternach,Echternach,Femmes,Salariés,890
2009.09.30,Echternach,Echternach,Femmes,Non-salariés,70
2009.09.30,Echternach,Echternach,Hommes,Salariés,1070
2009.09.30,Echternach,Echternach,Hommes,Non-salariés,120
2009.09.30,Echternach,Rosport-Mompach,Femmes,Salariés,480
2009.09.30,Echternach,Rosport-Mompach,Femmes,Non-salariés,80
2009.09.30,Echternach,Rosport-Mompach,Hommes,Salariés,640
2009.09.30,Echternach,Rosport-Mompach,Hommes,Non-salariés,120
2009.09.30,Echternach,Waldbillig,Femmes,Salariés,220
2009.09.30,Echternach,Waldbillig,Femmes,Non-salariés,20
2009.09.30,Echternach,Waldbillig,Hommes,Salariés,290
2009.09.30,Echternach,Waldbillig,Hommes,Non-salariés,50
2009.09.30,Esch-Sur-Alzette,Bettembourg,Femmes,Salariés,1680
2009.09.30,Esch-Sur-Alzette,Bettembourg,Femmes,Non-salariés,90
2009.09.30,Esch-Sur-Alzette,Bettembourg,Hommes,Salariés,2040
2009.09.30,Esch-Sur-Alzette,Bettembourg,Hommes,Non-salariés,160
2009.09.30,Esch-Sur-Alzette,Differdange,Femmes,Salariés,3370
2009.09.30,Esch-Sur-Alzette,Differdange,Femmes,Non-salariés,140
2009.09.30,Esch-Sur-Alzette,Differdange,Hommes,Salariés,4830
2009.09.30,Esch-Sur-Alzette,Differdange,Hommes,Non-salariés,180
2009.09.30,Esch-Sur-Alzette,Dudelange,Femmes,Salariés,3210
2009.09.30,Esch-Sur-Alzette,Dudelange,Femmes,Non-salariés,170
2009.09.30,Esch-Sur-Alzette,Dudelange,Hommes,Salariés,3900
2009.09.30,Esch-Sur-Alzette,Dudelange,Hommes,Non-salariés,300
2009.09.30,Esch-Sur-Alzette,Esch-sur-Alzette,Femmes,Salariés,4730
2009.09.30,Esch-Sur-Alzette,Esch-sur-Alzette,Femmes,Non-salariés,220
2009.09.30,Esch-Sur-Alzette,Esch-sur-Alzette,Hommes,Salariés,6520
2009.09.30,Esch-Sur-Alzette,Esch-sur-Alzette,Hommes,Non-salariés,430
2009.09.30,Esch-Sur-Alzette,Frisange,Femmes,Salariés,700
2009.09.30,Esch-Sur-Alzette,Frisange,Femmes,Non-salariés,50
2009.09.30,Esch-Sur-Alzette,Frisange,Hommes,Salariés,850
2009.09.30,Esch-Sur-Alzette,Frisange,Hommes,Non-salariés,100
2009.09.30,Esch-Sur-Alzette,Kayl,Femmes,Salariés,1280
2009.09.30,Esch-Sur-Alzette,Kayl,Femmes,Non-salariés,60
2009.09.30,Esch-Sur-Alzette,Kayl,Hommes,Salariés,1770
2009.09.30,Esch-Sur-Alzette,Kayl,Hommes,Non-salariés,120
2009.09.30,Esch-Sur-Alzette,Leudelange,Femmes,Salariés,380
2009.09.30,Esch-Sur-Alzette,Leudelange,Femmes,Non-salariés,40
2009.09.30,Esch-Sur-Alzette,Leudelange,Hommes,Salariés,480
2009.09.30,Esch-Sur-Alzette,Leudelange,Hommes,Non-salariés,70
2009.09.30,Esch-Sur-Alzette,Mondercange,Femmes,Salariés,1030
2009.09.30,Esch-Sur-Alzette,Mondercange,Femmes,Non-salariés,90
2009.09.30,Esch-Sur-Alzette,Mondercange,Hommes,Salariés,1280
2009.09.30,Esch-Sur-Alzette,Mondercange,Hommes,Non-salariés,150
2009.09.30,Esch-Sur-Alzette,Pétange,Femmes,Salariés,2410
2009.09.30,Esch-Sur-Alzette,Pétange,Femmes,Non-salariés,110
2009.09.30,Esch-Sur-Alzette,Pétange,Hommes,Salariés,3410
2009.09.30,Esch-Sur-Alzette,Pétange,Hommes,Non-salariés,190
2009.09.30,Esch-Sur-Alzette,Reckange-sur-Mess,Femmes,Salariés,370
2009.09.30,Esch-Sur-Alzette,Reckange-sur-Mess,Femmes,Non-salariés,40
2009.09.30,Esch-Sur-Alzette,Reckange-sur-Mess,Hommes,Salariés,430
2009.09.30,Esch-Sur-Alzette,Reckange-sur-Mess,Hommes,Non-salariés,70
2009.09.30,Esch-Sur-Alzette,Roeser,Femmes,Salariés,1000
2009.09.30,Esch-Sur-Alzette,Roeser,Femmes,Non-salariés,80
2009.09.30,Esch-Sur-Alzette,Roeser,Hommes,Salariés,1170
2009.09.30,Esch-Sur-Alzette,Roeser,Hommes,Non-salariés,130
2009.09.30,Esch-Sur-Alzette,Rumelange,Femmes,Salariés,780
2009.09.30,Esch-Sur-Alzette,Rumelange,Femmes,Non-salariés,40
2009.09.30,Esch-Sur-Alzette,Rumelange,Hommes,Salariés,1060
2009.09.30,Esch-Sur-Alzette,Rumelange,Hommes,Non-salariés,50
2009.09.30,Esch-Sur-Alzette,Sanem,Femmes,Salariés,2400
2009.09.30,Esch-Sur-Alzette,Sanem,Femmes,Non-salariés,140
2009.09.30,Esch-Sur-Alzette,Sanem,Hommes,Salariés,3050
2009.09.30,Esch-Sur-Alzette,Sanem,Hommes,Non-salariés,210
2009.09.30,Esch-Sur-Alzette,Schifflange,Femmes,Salariés,1340
2009.09.30,Esch-Sur-Alzette,Schifflange,Femmes,Non-salariés,80
2009.09.30,Esch-Sur-Alzette,Schifflange,Hommes,Salariés,1780
2009.09.30,Esch-Sur-Alzette,Schifflange,Hommes,Non-salariés,110
2009.09.30,Grevenmacher,Betzdorf,Femmes,Salariés,530
2009.09.30,Grevenmacher,Betzdorf,Femmes,Non-salariés,40
2009.09.30,Grevenmacher,Betzdorf,Hommes,Salariés,670
2009.09.30,Grevenmacher,Betzdorf,Hommes,Non-salariés,80
2009.09.30,Grevenmacher,Biwer,Femmes,Salariés,280
2009.09.30,Grevenmacher,Biwer,Femmes,Non-salariés,30
2009.09.30,Grevenmacher,Biwer,Hommes,Salariés,370
2009.09.30,Grevenmacher,Biwer,Hommes,Non-salariés,40
2009.09.30,Grevenmacher,Flaxweiler,Femmes,Salariés,270
2009.09.30,Grevenmacher,Flaxweiler,Femmes,Non-salariés,50
2009.09.30,Grevenmacher,Flaxweiler,Hommes,Salariés,390
2009.09.30,Grevenmacher,Flaxweiler,Hommes,Non-salariés,60
2009.09.30,Grevenmacher,Grevenmacher,Femmes,Salariés,790
2009.09.30,Grevenmacher,Grevenmacher,Femmes,Non-salariés,50
2009.09.30,Grevenmacher,Grevenmacher,Hommes,Salariés,970
2009.09.30,Grevenmacher,Grevenmacher,Hommes,Non-salariés,90
2009.09.30,Grevenmacher,Junglinster,Femmes,Salariés,1000
2009.09.30,Grevenmacher,Junglinster,Femmes,Non-salariés,90
2009.09.30,Grevenmacher,Junglinster,Hommes,Salariés,1270
2009.09.30,Grevenmacher,Junglinster,Hommes,Non-salariés,170
2009.09.30,Grevenmacher,Manternach,Femmes,Salariés,260
2009.09.30,Grevenmacher,Manternach,Femmes,Non-salariés,30
2009.09.30,Grevenmacher,Manternach,Hommes,Salariés,350
2009.09.30,Grevenmacher,Manternach,Hommes,Non-salariés,50
2009.09.30,Grevenmacher,Mertert,Femmes,Salariés,630
2009.09.30,Grevenmacher,Mertert,Femmes,Non-salariés,50
2009.09.30,Grevenmacher,Mertert,Hommes,Salariés,770
2009.09.30,Grevenmacher,Mertert,Hommes,Non-salariés,100
2009.09.30,Grevenmacher,Wormeldange,Femmes,Salariés,390
2009.09.30,Grevenmacher,Wormeldange,Femmes,Non-salariés,70
2009.09.30,Grevenmacher,Wormeldange,Hommes,Salariés,540
2009.09.30,Grevenmacher,Wormeldange,Hommes,Non-salariés,110
2009.09.30,Luxembourg-Campagne,Bertrange,Femmes,Salariés,980
2009.09.30,Luxembourg-Campagne,Bertrange,Femmes,Non-salariés,90
2009.09.30,Luxembourg-Campagne,Bertrange,Hommes,Salariés,1190
2009.09.30,Luxembourg-Campagne,Bertrange,Hommes,Non-salariés,200
2009.09.30,Luxembourg-Campagne,Contern,Femmes,Salariés,530
2009.09.30,Luxembourg-Campagne,Contern,Femmes,Non-salariés,50
2009.09.30,Luxembourg-Campagne,Contern,Hommes,Salariés,690
2009.09.30,Luxembourg-Campagne,Contern,Hommes,Non-salariés,100
2009.09.30,Luxembourg-Campagne,Hesperange,Femmes,Salariés,2280
2009.09.30,Luxembourg-Campagne,Hesperange,Femmes,Non-salariés,160
2009.09.30,Luxembourg-Campagne,Hesperange,Hommes,Salariés,2700
2009.09.30,Luxembourg-Campagne,Hesperange,Hommes,Non-salariés,320
2009.09.30,Luxembourg-Campagne,Niederanven,Femmes,Salariés,690
2009.09.30,Luxembourg-Campagne,Niederanven,Femmes,Non-salariés,100
2009.09.30,Luxembourg-Campagne,Niederanven,Hommes,Salariés,890
2009.09.30,Luxembourg-Campagne,Niederanven,Hommes,Non-salariés,170
2009.09.30,Luxembourg-Campagne,Sandweiler,Femmes,Salariés,520
2009.09.30,Luxembourg-Campagne,Sandweiler,Femmes,Non-salariés,50
2009.09.30,Luxembourg-Campagne,Sandweiler,Hommes,Salariés,630
2009.09.30,Luxembourg-Campagne,Sandweiler,Hommes,Non-salariés,70
2009.09.30,Luxembourg-Campagne,Schuttrange,Femmes,Salariés,470
2009.09.30,Luxembourg-Campagne,Schuttrange,Femmes,Non-salariés,50
2009.09.30,Luxembourg-Campagne,Schuttrange,Hommes,Salariés,640
2009.09.30,Luxembourg-Campagne,Schuttrange,Hommes,Non-salariés,80
2009.09.30,Luxembourg-Campagne,Steinsel,Femmes,Salariés,750
2009.09.30,Luxembourg-Campagne,Steinsel,Femmes,Non-salariés,70
2009.09.30,Luxembourg-Campagne,Steinsel,Hommes,Salariés,850
2009.09.30,Luxembourg-Campagne,Steinsel,Hommes,Non-salariés,140
2009.09.30,Luxembourg-Campagne,Strassen,Femmes,Salariés,1190
2009.09.30,Luxembourg-Campagne,Strassen,Femmes,Non-salariés,100
2009.09.30,Luxembourg-Campagne,Strassen,Hommes,Salariés,1370
2009.09.30,Luxembourg-Campagne,Strassen,Hommes,Non-salariés,180
2009.09.30,Luxembourg-Campagne,Walferdange,Femmes,Salariés,1190
2009.09.30,Luxembourg-Campagne,Walferdange,Femmes,Non-salariés,110
2009.09.30,Luxembourg-Campagne,Walferdange,Hommes,Salariés,1410
2009.09.30,Luxembourg-Campagne,Walferdange,Hommes,Non-salariés,160
2009.09.30,Luxembourg-Campagne,Weiler-la-Tour,Femmes,Salariés,310
2009.09.30,Luxembourg-Campagne,Weiler-la-Tour,Femmes,Non-salariés,30
2009.09.30,Luxembourg-Campagne,Weiler-la-Tour,Hommes,Salariés,390
2009.09.30,Luxembourg-Campagne,Weiler-la-Tour,Hommes,Non-salariés,50
2009.09.30,Luxembourg-Ville,Luxembourg,Femmes,Salariés,13890
2009.09.30,Luxembourg-Ville,Luxembourg,Femmes,Non-salariés,1260
2009.09.30,Luxembourg-Ville,Luxembourg,Hommes,Salariés,17800
2009.09.30,Luxembourg-Ville,Luxembourg,Hommes,Non-salariés,2180
2009.09.30,Mersch,Bissen,Femmes,Salariés,470
2009.09.30,Mersch,Bissen,Femmes,Non-salariés,30
2009.09.30,Mersch,Bissen,Hommes,Salariés,650
2009.09.30,Mersch,Bissen,Hommes,Non-salariés,50
2009.09.30,Mersch,Colmar-Berg,Femmes,Salariés,370
2009.09.30,Mersch,Colmar-Berg,Femmes,Non-salariés,20
2009.09.30,Mersch,Colmar-Berg,Hommes,Salariés,440
2009.09.30,Mersch,Colmar-Berg,Hommes,Non-salariés,30
2009.09.30,Mersch,Fischbach,Femmes,Salariés,140
2009.09.30,Mersch,Fischbach,Femmes,Non-salariés,20
2009.09.30,Mersch,Fischbach,Hommes,Salariés,190
2009.09.30,Mersch,Fischbach,Hommes,Non-salariés,30
2009.09.30,Mersch,Heffingen,Femmes,Salariés,180
2009.09.30,Mersch,Heffingen,Femmes,Non-salariés,20
2009.09.30,Mersch,Heffingen,Hommes,Salariés,220
2009.09.30,Mersch,Heffingen,Hommes,Non-salariés,40
2009.09.30,Mersch,Helperknapp,Femmes,Salariés,520
2009.09.30,Mersch,Helperknapp,Femmes,Non-salariés,60
2009.09.30,Mersch,Helperknapp,Hommes,Salariés,720
2009.09.30,Mersch,Helperknapp,Hommes,Non-salariés,90
2009.09.30,Mersch,Larochette,Femmes,Salariés,380
2009.09.30,Mersch,Larochette,Femmes,Non-salariés,20
2009.09.30,Mersch,Larochette,Hommes,Salariés,460
2009.09.30,Mersch,Larochette,Hommes,Non-salariés,50
2009.09.30,Mersch,Lintgen,Femmes,Salariés,490
2009.09.30,Mersch,Lintgen,Femmes,Non-salariés,20
2009.09.30,Mersch,Lintgen,Hommes,Salariés,630
2009.09.30,Mersch,Lintgen,Hommes,Non-salariés,40
2009.09.30,Mersch,Lorentzweiler,Femmes,Salariés,520
2009.09.30,Mersch,Lorentzweiler,Femmes,Non-salariés,30
2009.09.30,Mersch,Lorentzweiler,Hommes,Salariés,690
2009.09.30,Mersch,Lorentzweiler,Hommes,Non-salariés,60
2009.09.30,Mersch,Mersch,Femmes,Salariés,1350
2009.09.30,Mersch,Mersch,Femmes,Non-salariés,80
2009.09.30,Mersch,Mersch,Hommes,Salariés,1720
2009.09.30,Mersch,Mersch,Hommes,Non-salariés,160
2009.09.30,Mersch,Nommern,Femmes,Salariés,200
2009.09.30,Mersch,Nommern,Femmes,Non-salariés,30
2009.09.30,Mersch,Nommern,Hommes,Salariés,270
2009.09.30,Mersch,Nommern,Hommes,Non-salariés,50
2009.09.30,Non déterminé,Non déterminé,Femmes,Salariés,40
2009.09.30,Non déterminé,Non déterminé,Femmes,Non-salariés,0
2009.09.30,Non déterminé,Non déterminé,Hommes,Salariés,70
2009.09.30,Non déterminé,Non déterminé,Hommes,Non-salariés,10
2009.09.30,Redange,Beckerich,Femmes,Salariés,340
2009.09.30,Redange,Beckerich,Femmes,Non-salariés,30
2009.09.30,Redange,Beckerich,Hommes,Salariés,470
2009.09.30,Redange,Beckerich,Hommes,Non-salariés,70
2009.09.30,Redange,Ell,Femmes,Salariés,140
2009.09.30,Redange,Ell,Femmes,Non-salariés,40
2009.09.30,Redange,Ell,Hommes,Salariés,240
2009.09.30,Redange,Ell,Hommes,Non-salariés,40
2009.09.30,Redange,Groussbus-Wal,Femmes,Salariés,280
2009.09.30,Redange,Groussbus-Wal,Femmes,Non-salariés,50
2009.09.30,Redange,Groussbus-Wal,Hommes,Salariés,390
2009.09.30,Redange,Groussbus-Wal,Hommes,Non-salariés,60
2009.09.30,Redange,Préizerdaul,Femmes,Salariés,230
2009.09.30,Redange,Préizerdaul,Femmes,Non-salariés,30
2009.09.30,Redange,Préizerdaul,Hommes,Salariés,330
2009.09.30,Redange,Préizerdaul,Hommes,Non-salariés,30
2009.09.30,Redange,Rambrouch,Femmes,Salariés,530
2009.09.30,Redange,Rambrouch,Femmes,Non-salariés,100
2009.09.30,Redange,Rambrouch,Hommes,Salariés,780
2009.09.30,Redange,Rambrouch,Hommes,Non-salariés,140
2009.09.30,Redange,Redange/Attert,Femmes,Salariés,400
2009.09.30,Redange,Redange/Attert,Femmes,Non-salariés,60
2009.09.30,Redange,Redange/Attert,Hommes,Salariés,500
2009.09.30,Redange,Redange/Attert,Hommes,Non-salariés,90
2009.09.30,Redange,Saeul,Femmes,Salariés,120
2009.09.30,Redange,Saeul,Femmes,Non-salariés,10
2009.09.30,Redange,Saeul,Hommes,Salariés,140
2009.09.30,Redange,Saeul,Hommes,Non-salariés,30
2009.09.30,Redange,Useldange,Femmes,Salariés,280
2009.09.30,Redange,Useldange,Femmes,Non-salariés,20
2009.09.30,Redange,Useldange,Hommes,Salariés,340
2009.09.30,Redange,Useldange,Hommes,Non-salariés,40
2009.09.30,Redange,Vichten,Femmes,Salariés,190
2009.09.30,Redange,Vichten,Femmes,Non-salariés,20
2009.09.30,Redange,Vichten,Hommes,Salariés,230
2009.09.30,Redange,Vichten,Hommes,Non-salariés,30
2009.09.30,Remich,Bous-Waldbredimus,Femmes,Salariés,380
2009.09.30,Remich,Bous-Waldbredimus,Femmes,Non-salariés,40
2009.09.30,Remich,Bous-Waldbredimus,Hommes,Salariés,540
2009.09.30,Remich,Bous-Waldbredimus,Hommes,Non-salariés,80
2009.09.30,Remich,Dalheim,Femmes,Salariés,330
2009.09.30,Remich,Dalheim,Femmes,Non-salariés,40
2009.09.30,Remich,Dalheim,Hommes,Salariés,420
2009.09.30,Remich,Dalheim,Hommes,Non-salariés,50
2009.09.30,Remich,Lenningen,Femmes,Salariés,290
2009.09.30,Remich,Lenningen,Femmes,Non-salariés,20
2009.09.30,Remich,Lenningen,Hommes,Salariés,360
2009.09.30,Remich,Lenningen,Hommes,Non-salariés,40
2009.09.30,Remich,Mondorf-les-Bains,Femmes,Salariés,690
2009.09.30,Remich,Mondorf-les-Bains,Femmes,Non-salariés,70
2009.09.30,Remich,Mondorf-les-Bains,Hommes,Salariés,910
2009.09.30,Remich,Mondorf-les-Bains,Hommes,Non-salariés,130
2009.09.30,Remich,Remich,Femmes,Salariés,490
2009.09.30,Remich,Remich,Femmes,Non-salariés,50
2009.09.30,Remich,Remich,Hommes,Salariés,650
2009.09.30,Remich,Remich,Hommes,Non-salariés,90
2009.09.30,Remich,Schengen,Femmes,Salariés,710
2009.09.30,Remich,Schengen,Femmes,Non-salariés,120
2009.09.30,Remich,Schengen,Hommes,Salariés,890
2009.09.30,Remich,Schengen,Hommes,Non-salariés,190
2009.09.30,Remich,Stadtbredimus,Femmes,Salariés,280
2009.09.30,Remich,Stadtbredimus,Femmes,Non-salariés,30
2009.09.30,Remich,Stadtbredimus,Hommes,Salariés,360
2009.09.30,Remich,Stadtbredimus,Hommes,Non-salariés,60
2009.09.30,Vianden,Putscheid,Femmes,Salariés,150
2009.09.30,Vianden,Putscheid,Femmes,Non-salariés,10
2009.09.30,Vianden,Putscheid,Hommes,Salariés,210
2009.09.30,Vianden,Putscheid,Hommes,Non-salariés,30
2009.09.30,Vianden,Tandel,Femmes,Salariés,320
2009.09.30,Vianden,Tandel,Femmes,Non-salariés,50
2009.09.30,Vianden,Tandel,Hommes,Salariés,370
2009.09.30,Vianden,Tandel,Hommes,Non-salariés,60
2009.09.30,Vianden,Vianden,Femmes,Salariés,290
2009.09.30,Vianden,Vianden,Femmes,Non-salariés,30
2009.09.30,Vianden,Vianden,Hommes,Salariés,400
2009.09.30,Vianden,Vianden,Hommes,Non-salariés,40
2009.09.30,Wiltz,Boulaide,Femmes,Salariés,130
2009.09.30,Wiltz,Boulaide,Femmes,Non-salariés,20
2009.09.30,Wiltz,Boulaide,Hommes,Salariés,200
2009.09.30,Wiltz,Boulaide,Hommes,Non-salariés,30
2009.09.30,Wiltz,Esch-sur-Sûre,Femmes,Salariés,340
2009.09.30,Wiltz,Esch-sur-Sûre,Femmes,Non-salariés,50
2009.09.30,Wiltz,Esch-sur-Sûre,Hommes,Salariés,440
2009.09.30,Wiltz,Esch-sur-Sûre,Hommes,Non-salariés,80
2009.09.30,Wiltz,Goesdorf,Femmes,Salariés,220
2009.09.30,Wiltz,Goesdorf,Femmes,Non-salariés,20
2009.09.30,Wiltz,Goesdorf,Hommes,Salariés,290
2009.09.30,Wiltz,Goesdorf,Hommes,Non-salariés,40
2009.09.30,Wiltz,Kiischpelt,Femmes,Salariés,150
2009.09.30,Wiltz,Kiischpelt,Femmes,Non-salariés,20
2009.09.30,Wiltz,Kiischpelt,Hommes,Salariés,200
2009.09.30,Wiltz,Kiischpelt,Hommes,Non-salariés,30
2009.09.30,Wiltz,Lac de la Haute-Sûre,Femmes,Salariés,220
2009.09.30,Wiltz,Lac de la Haute-Sûre,Femmes,Non-salariés,40
2009.09.30,Wiltz,Lac de la Haute-Sûre,Hommes,Salariés,340
2009.09.30,Wiltz,Lac de la Haute-Sûre,Hommes,Non-salariés,50
2009.09.30,Wiltz,Wiltz,Femmes,Salariés,830
2009.09.30,Wiltz,Wiltz,Femmes,Non-salariés,70
2009.09.30,Wiltz,Wiltz,Hommes,Salariés,1100
2009.09.30,Wiltz,Wiltz,Hommes,Non-salariés,140
2009.09.30,Wiltz,Winseler,Femmes,Salariés,140
2009.09.30,Wiltz,Winseler,Femmes,Non-salariés,30
2009.09.30,Wiltz,Winseler,Hommes,Salariés,240
2009.09.30,Wiltz,Winseler,Hommes,Non-salariés,50
2010.03.31,Capellen,Dippach,Femmes,Salariés,590
2010.03.31,Capellen,Dippach,Femmes,Non-salariés,50
2010.03.31,Capellen,Dippach,Hommes,Salariés,830
2010.03.31,Capellen,Dippach,Hommes,Non-salariés,90
2010.03.31,Capellen,Garnich,Femmes,Salariés,330
2010.03.31,Capellen,Garnich,Femmes,Non-salariés,30
2010.03.31,Capellen,Garnich,Hommes,Salariés,400
2010.03.31,Capellen,Garnich,Hommes,Non-salariés,60
2010.03.31,Capellen,Habscht,Femmes,Salariés,610
2010.03.31,Capellen,Habscht,Femmes,Non-salariés,50
2010.03.31,Capellen,Habscht,Hommes,Salariés,860
2010.03.31,Capellen,Habscht,Hommes,Non-salariés,80
2010.03.31,Capellen,Käerjeng,Femmes,Salariés,1570
2010.03.31,Capellen,Käerjeng,Femmes,Non-salariés,120
2010.03.31,Capellen,Käerjeng,Hommes,Salariés,2070
2010.03.31,Capellen,Käerjeng,Hommes,Non-salariés,170
2010.03.31,Capellen,Kehlen,Femmes,Salariés,770
2010.03.31,Capellen,Kehlen,Femmes,Non-salariés,100
2010.03.31,Capellen,Kehlen,Hommes,Salariés,990
2010.03.31,Capellen,Kehlen,Hommes,Non-salariés,160
2010.03.31,Capellen,Koerich,Femmes,Salariés,360
2010.03.31,Capellen,Koerich,Femmes,Non-salariés,40
2010.03.31,Capellen,Koerich,Hommes,Salariés,460
2010.03.31,Capellen,Koerich,Hommes,Non-salariés,70
2010.03.31,Capellen,Kopstal,Femmes,Salariés,450
2010.03.31,Capellen,Kopstal,Femmes,Non-salariés,60
2010.03.31,Capellen,Kopstal,Hommes,Salariés,500
2010.03.31,Capellen,Kopstal,Hommes,Non-salariés,120
2010.03.31,Capellen,Mamer,Femmes,Salariés,1130
2010.03.31,Capellen,Mamer,Femmes,Non-salariés,100
2010.03.31,Capellen,Mamer,Hommes,Salariés,1350
2010.03.31,Capellen,Mamer,Hommes,Non-salariés,190
2010.03.31,Capellen,Steinfort,Femmes,Salariés,740
2010.03.31,Capellen,Steinfort,Femmes,Non-salariés,60
2010.03.31,Capellen,Steinfort,Hommes,Salariés,910
2010.03.31,Capellen,Steinfort,Hommes,Non-salariés,110
2010.03.31,Clervaux,Clervaux,Femmes,Salariés,690
2010.03.31,Clervaux,Clervaux,Femmes,Non-salariés,90
2010.03.31,Clervaux,Clervaux,Hommes,Salariés,940
2010.03.31,Clervaux,Clervaux,Hommes,Non-salariés,160
2010.03.31,Clervaux,Parc Hosingen,Femmes,Salariés,520
2010.03.31,Clervaux,Parc Hosingen,Femmes,Non-salariés,60
2010.03.31,Clervaux,Parc Hosingen,Hommes,Salariés,630
2010.03.31,Clervaux,Parc Hosingen,Hommes,Non-salariés,90
2010.03.31,Clervaux,Troisvierges,Femmes,Salariés,440
2010.03.31,Clervaux,Troisvierges,Femmes,Non-salariés,70
2010.03.31,Clervaux,Troisvierges,Hommes,Salariés,600
2010.03.31,Clervaux,Troisvierges,Hommes,Non-salariés,100
2010.03.31,Clervaux,Weiswampach,Femmes,Salariés,220
2010.03.31,Clervaux,Weiswampach,Femmes,Non-salariés,40
2010.03.31,Clervaux,Weiswampach,Hommes,Salariés,290
2010.03.31,Clervaux,Weiswampach,Hommes,Non-salariés,70
2010.03.31,Clervaux,Wincrange,Femmes,Salariés,560
2010.03.31,Clervaux,Wincrange,Femmes,Non-salariés,130
2010.03.31,Clervaux,Wincrange,Hommes,Salariés,700
2010.03.31,Clervaux,Wincrange,Hommes,Non-salariés,230
2010.03.31,Diekirch,Bettendorf,Femmes,Salariés,430
2010.03.31,Diekirch,Bettendorf,Femmes,Non-salariés,40
2010.03.31,Diekirch,Bettendorf,Hommes,Salariés,550
2010.03.31,Diekirch,Bettendorf,Hommes,Non-salariés,60
2010.03.31,Diekirch,Bourscheid,Femmes,Salariés,210
2010.03.31,Diekirch,Bourscheid,Femmes,Non-salariés,30
2010.03.31,Diekirch,Bourscheid,Hommes,Salariés,300
2010.03.31,Diekirch,Bourscheid,Hommes,Non-salariés,50
2010.03.31,Diekirch,Diekirch,Femmes,Salariés,1020
2010.03.31,Diekirch,Diekirch,Femmes,Non-salariés,80
2010.03.31,Diekirch,Diekirch,Hommes,Salariés,1290
2010.03.31,Diekirch,Diekirch,Hommes,Non-salariés,120
2010.03.31,Diekirch,Erpeldange-sur-Sûre,Femmes,Salariés,410
2010.03.31,Diekirch,Erpeldange-sur-Sûre,Femmes,Non-salariés,30
2010.03.31,Diekirch,Erpeldange-sur-Sûre,Hommes,Salariés,490
2010.03.31,Diekirch,Erpeldange-sur-Sûre,Hommes,Non-salariés,60
2010.03.31,Diekirch,Ettelbruck,Femmes,Salariés,1370
2010.03.31,Diekirch,Ettelbruck,Femmes,Non-salariés,90
2010.03.31,Diekirch,Ettelbruck,Hommes,Salariés,1590
2010.03.31,Diekirch,Ettelbruck,Hommes,Non-salariés,150
2010.03.31,Diekirch,Feulen,Femmes,Salariés,320
2010.03.31,Diekirch,Feulen,Femmes,Non-salariés,20
2010.03.31,Diekirch,Feulen,Hommes,Salariés,370
2010.03.31,Diekirch,Feulen,Hommes,Non-salariés,30
2010.03.31,Diekirch,Mertzig,Femmes,Salariés,300
2010.03.31,Diekirch,Mertzig,Femmes,Non-salariés,20
2010.03.31,Diekirch,Mertzig,Hommes,Salariés,370
2010.03.31,Diekirch,Mertzig,Hommes,Non-salariés,40
2010.03.31,Diekirch,Reisdorf,Femmes,Salariés,150
2010.03.31,Diekirch,Reisdorf,Femmes,Non-salariés,20
2010.03.31,Diekirch,Reisdorf,Hommes,Salariés,230
2010.03.31,Diekirch,Reisdorf,Hommes,Non-salariés,30
2010.03.31,Diekirch,Schieren,Femmes,Salariés,290
2010.03.31,Diekirch,Schieren,Femmes,Non-salariés,10
2010.03.31,Diekirch,Schieren,Hommes,Salariés,350
2010.03.31,Diekirch,Schieren,Hommes,Non-salariés,20
2010.03.31,Diekirch,Vallée de l'Ernz,Femmes,Salariés,390
2010.03.31,Diekirch,Vallée de l'Ernz,Femmes,Non-salariés,40
2010.03.31,Diekirch,Vallée de l'Ernz,Hommes,Salariés,530
2010.03.31,Diekirch,Vallée de l'Ernz,Hommes,Non-salariés,80
2010.03.31,Echternach,Beaufort,Femmes,Salariés,350
2010.03.31,Echternach,Beaufort,Femmes,Non-salariés,50
2010.03.31,Echternach,Beaufort,Hommes,Salariés,490
2010.03.31,Echternach,Beaufort,Hommes,Non-salariés,40
2010.03.31,Echternach,Bech,Femmes,Salariés,170
2010.03.31,Echternach,Bech,Femmes,Non-salariés,20
2010.03.31,Echternach,Bech,Hommes,Salariés,200
2010.03.31,Echternach,Bech,Hommes,Non-salariés,40
2010.03.31,Echternach,Berdorf,Femmes,Salariés,230
2010.03.31,Echternach,Berdorf,Femmes,Non-salariés,30
2010.03.31,Echternach,Berdorf,Hommes,Salariés,300
2010.03.31,Echternach,Berdorf,Hommes,Non-salariés,40
2010.03.31,Echternach,Consdorf,Femmes,Salariés,290
2010.03.31,Echternach,Consdorf,Femmes,Non-salariés,30
2010.03.31,Echternach,Consdorf,Hommes,Salariés,370
2010.03.31,Echternach,Consdorf,Hommes,Non-salariés,50
2010.03.31,Echternach,Echternach,Femmes,Salariés,900
2010.03.31,Echternach,Echternach,Femmes,Non-salariés,70
2010.03.31,Echternach,Echternach,Hommes,Salariés,1040
2010.03.31,Echternach,Echternach,Hommes,Non-salariés,120
2010.03.31,Echternach,Rosport-Mompach,Femmes,Salariés,500
2010.03.31,Echternach,Rosport-Mompach,Femmes,Non-salariés,70
2010.03.31,Echternach,Rosport-Mompach,Hommes,Salariés,640
2010.03.31,Echternach,Rosport-Mompach,Hommes,Non-salariés,120
2010.03.31,Echternach,Waldbillig,Femmes,Salariés,230
2010.03.31,Echternach,Waldbillig,Femmes,Non-salariés,20
2010.03.31,Echternach,Waldbillig,Hommes,Salariés,290
2010.03.31,Echternach,Waldbillig,Hommes,Non-salariés,50
2010.03.31,Esch-Sur-Alzette,Bettembourg,Femmes,Salariés,1710
2010.03.31,Esch-Sur-Alzette,Bettembourg,Femmes,Non-salariés,90
2010.03.31,Esch-Sur-Alzette,Bettembourg,Hommes,Salariés,2050
2010.03.31,Esch-Sur-Alzette,Bettembourg,Hommes,Non-salariés,150
2010.03.31,Esch-Sur-Alzette,Differdange,Femmes,Salariés,3440
2010.03.31,Esch-Sur-Alzette,Differdange,Femmes,Non-salariés,150
2010.03.31,Esch-Sur-Alzette,Differdange,Hommes,Salariés,4780
2010.03.31,Esch-Sur-Alzette,Differdange,Hommes,Non-salariés,180
2010.03.31,Esch-Sur-Alzette,Dudelange,Femmes,Salariés,3220
2010.03.31,Esch-Sur-Alzette,Dudelange,Femmes,Non-salariés,180
2010.03.31,Esch-Sur-Alzette,Dudelange,Hommes,Salariés,3910
2010.03.31,Esch-Sur-Alzette,Dudelange,Hommes,Non-salariés,290
2010.03.31,Esch-Sur-Alzette,Esch-sur-Alzette,Femmes,Salariés,4840
2010.03.31,Esch-Sur-Alzette,Esch-sur-Alzette,Femmes,Non-salariés,220
2010.03.31,Esch-Sur-Alzette,Esch-sur-Alzette,Hommes,Salariés,6470
2010.03.31,Esch-Sur-Alzette,Esch-sur-Alzette,Hommes,Non-salariés,420
2010.03.31,Esch-Sur-Alzette,Frisange,Femmes,Salariés,710
2010.03.31,Esch-Sur-Alzette,Frisange,Femmes,Non-salariés,50
2010.03.31,Esch-Sur-Alzette,Frisange,Hommes,Salariés,840
2010.03.31,Esch-Sur-Alzette,Frisange,Hommes,Non-salariés,90
2010.03.31,Esch-Sur-Alzette,Kayl,Femmes,Salariés,1300
2010.03.31,Esch-Sur-Alzette,Kayl,Femmes,Non-salariés,60
2010.03.31,Esch-Sur-Alzette,Kayl,Hommes,Salariés,1780
2010.03.31,Esch-Sur-Alzette,Kayl,Hommes,Non-salariés,120
2010.03.31,Esch-Sur-Alzette,Leudelange,Femmes,Salariés,390
2010.03.31,Esch-Sur-Alzette,Leudelange,Femmes,Non-salariés,40
2010.03.31,Esch-Sur-Alzette,Leudelange,Hommes,Salariés,470
2010.03.31,Esch-Sur-Alzette,Leudelange,Hommes,Non-salariés,70
2010.03.31,Esch-Sur-Alzette,Mondercange,Femmes,Salariés,1050
2010.03.31,Esch-Sur-Alzette,Mondercange,Femmes,Non-salariés,90
2010.03.31,Esch-Sur-Alzette,Mondercange,Hommes,Salariés,1260
2010.03.31,Esch-Sur-Alzette,Mondercange,Hommes,Non-salariés,150
2010.03.31,Esch-Sur-Alzette,Pétange,Femmes,Salariés,2450
2010.03.31,Esch-Sur-Alzette,Pétange,Femmes,Non-salariés,120
2010.03.31,Esch-Sur-Alzette,Pétange,Hommes,Salariés,3400
2010.03.31,Esch-Sur-Alzette,Pétange,Hommes,Non-salariés,180
2010.03.31,Esch-Sur-Alzette,Reckange-sur-Mess,Femmes,Salariés,370
2010.03.31,Esch-Sur-Alzette,Reckange-sur-Mess,Femmes,Non-salariés,40
2010.03.31,Esch-Sur-Alzette,Reckange-sur-Mess,Hommes,Salariés,430
2010.03.31,Esch-Sur-Alzette,Reckange-sur-Mess,Hommes,Non-salariés,70
2010.03.31,Esch-Sur-Alzette,Roeser,Femmes,Salariés,1020
2010.03.31,Esch-Sur-Alzette,Roeser,Femmes,Non-salariés,80
2010.03.31,Esch-Sur-Alzette,Roeser,Hommes,Salariés,1200
2010.03.31,Esch-Sur-Alzette,Roeser,Hommes,Non-salariés,130
2010.03.31,Esch-Sur-Alzette,Rumelange,Femmes,Salariés,800
2010.03.31,Esch-Sur-Alzette,Rumelange,Femmes,Non-salariés,40
2010.03.31,Esch-Sur-Alzette,Rumelange,Hommes,Salariés,1030
2010.03.31,Esch-Sur-Alzette,Rumelange,Hommes,Non-salariés,50
2010.03.31,Esch-Sur-Alzette,Sanem,Femmes,Salariés,2450
2010.03.31,Esch-Sur-Alzette,Sanem,Femmes,Non-salariés,140
2010.03.31,Esch-Sur-Alzette,Sanem,Hommes,Salariés,3050
2010.03.31,Esch-Sur-Alzette,Sanem,Hommes,Non-salariés,210
2010.03.31,Esch-Sur-Alzette,Schifflange,Femmes,Salariés,1380
2010.03.31,Esch-Sur-Alzette,Schifflange,Femmes,Non-salariés,80
2010.03.31,Esch-Sur-Alzette,Schifflange,Hommes,Salariés,1810
2010.03.31,Esch-Sur-Alzette,Schifflange,Hommes,Non-salariés,110
2010.03.31,Grevenmacher,Betzdorf,Femmes,Salariés,540
2010.03.31,Grevenmacher,Betzdorf,Femmes,Non-salariés,50
2010.03.31,Grevenmacher,Betzdorf,Hommes,Salariés,670
2010.03.31,Grevenmacher,Betzdorf,Hommes,Non-salariés,80
2010.03.31,Grevenmacher,Biwer,Femmes,Salariés,270
2010.03.31,Grevenmacher,Biwer,Femmes,Non-salariés,30
2010.03.31,Grevenmacher,Biwer,Hommes,Salariés,370
2010.03.31,Grevenmacher,Biwer,Hommes,Non-salariés,40
2010.03.31,Grevenmacher,Flaxweiler,Femmes,Salariés,280
2010.03.31,Grevenmacher,Flaxweiler,Femmes,Non-salariés,40
2010.03.31,Grevenmacher,Flaxweiler,Hommes,Salariés,390
2010.03.31,Grevenmacher,Flaxweiler,Hommes,Non-salariés,60
2010.03.31,Grevenmacher,Grevenmacher,Femmes,Salariés,780
2010.03.31,Grevenmacher,Grevenmacher,Femmes,Non-salariés,50
2010.03.31,Grevenmacher,Grevenmacher,Hommes,Salariés,960
2010.03.31,Grevenmacher,Grevenmacher,Hommes,Non-salariés,90
2010.03.31,Grevenmacher,Junglinster,Femmes,Salariés,1020
2010.03.31,Grevenmacher,Junglinster,Femmes,Non-salariés,90
2010.03.31,Grevenmacher,Junglinster,Hommes,Salariés,1290
2010.03.31,Grevenmacher,Junglinster,Hommes,Non-salariés,170
2010.03.31,Grevenmacher,Manternach,Femmes,Salariés,290
2010.03.31,Grevenmacher,Manternach,Femmes,Non-salariés,30
2010.03.31,Grevenmacher,Manternach,Hommes,Salariés,350
2010.03.31,Grevenmacher,Manternach,Hommes,Non-salariés,50
2010.03.31,Grevenmacher,Mertert,Femmes,Salariés,630
2010.03.31,Grevenmacher,Mertert,Femmes,Non-salariés,50
2010.03.31,Grevenmacher,Mertert,Hommes,Salariés,780
2010.03.31,Grevenmacher,Mertert,Hommes,Non-salariés,100
2010.03.31,Grevenmacher,Wormeldange,Femmes,Salariés,400
2010.03.31,Grevenmacher,Wormeldange,Femmes,Non-salariés,60
2010.03.31,Grevenmacher,Wormeldange,Hommes,Salariés,530
2010.03.31,Grevenmacher,Wormeldange,Hommes,Non-salariés,110
2010.03.31,Luxembourg-Campagne,Bertrange,Femmes,Salariés,980
2010.03.31,Luxembourg-Campagne,Bertrange,Femmes,Non-salariés,90
2010.03.31,Luxembourg-Campagne,Bertrange,Hommes,Salariés,1180
2010.03.31,Luxembourg-Campagne,Bertrange,Hommes,Non-salariés,190
2010.03.31,Luxembourg-Campagne,Contern,Femmes,Salariés,540
2010.03.31,Luxembourg-Campagne,Contern,Femmes,Non-salariés,60
2010.03.31,Luxembourg-Campagne,Contern,Hommes,Salariés,710
2010.03.31,Luxembourg-Campagne,Contern,Hommes,Non-salariés,100
2010.03.31,Luxembourg-Campagne,Hesperange,Femmes,Salariés,2360
2010.03.31,Luxembourg-Campagne,Hesperange,Femmes,Non-salariés,170
2010.03.31,Luxembourg-Campagne,Hesperange,Hommes,Salariés,2760
2010.03.31,Luxembourg-Campagne,Hesperange,Hommes,Non-salariés,320
2010.03.31,Luxembourg-Campagne,Niederanven,Femmes,Salariés,700
2010.03.31,Luxembourg-Campagne,Niederanven,Femmes,Non-salariés,100
2010.03.31,Luxembourg-Campagne,Niederanven,Hommes,Salariés,870
2010.03.31,Luxembourg-Campagne,Niederanven,Hommes,Non-salariés,170
2010.03.31,Luxembourg-Campagne,Sandweiler,Femmes,Salariés,500
2010.03.31,Luxembourg-Campagne,Sandweiler,Femmes,Non-salariés,50
2010.03.31,Luxembourg-Campagne,Sandweiler,Hommes,Salariés,630
2010.03.31,Luxembourg-Campagne,Sandweiler,Hommes,Non-salariés,80
2010.03.31,Luxembourg-Campagne,Schuttrange,Femmes,Salariés,500
2010.03.31,Luxembourg-Campagne,Schuttrange,Femmes,Non-salariés,50
2010.03.31,Luxembourg-Campagne,Schuttrange,Hommes,Salariés,640
2010.03.31,Luxembourg-Campagne,Schuttrange,Hommes,Non-salariés,90
2010.03.31,Luxembourg-Campagne,Steinsel,Femmes,Salariés,760
2010.03.31,Luxembourg-Campagne,Steinsel,Femmes,Non-salariés,70
2010.03.31,Luxembourg-Campagne,Steinsel,Hommes,Salariés,830
2010.03.31,Luxembourg-Campagne,Steinsel,Hommes,Non-salariés,140
2010.03.31,Luxembourg-Campagne,Strassen,Femmes,Salariés,1220
2010.03.31,Luxembourg-Campagne,Strassen,Femmes,Non-salariés,110
2010.03.31,Luxembourg-Campagne,Strassen,Hommes,Salariés,1390
2010.03.31,Luxembourg-Campagne,Strassen,Hommes,Non-salariés,170
2010.03.31,Luxembourg-Campagne,Walferdange,Femmes,Salariés,1200
2010.03.31,Luxembourg-Campagne,Walferdange,Femmes,Non-salariés,110
2010.03.31,Luxembourg-Campagne,Walferdange,Hommes,Salariés,1420
2010.03.31,Luxembourg-Campagne,Walferdange,Hommes,Non-salariés,160
2010.03.31,Luxembourg-Campagne,Weiler-la-Tour,Femmes,Salariés,330
2010.03.31,Luxembourg-Campagne,Weiler-la-Tour,Femmes,Non-salariés,30
2010.03.31,Luxembourg-Campagne,Weiler-la-Tour,Hommes,Salariés,400
2010.03.31,Luxembourg-Campagne,Weiler-la-Tour,Hommes,Non-salariés,50
2010.03.31,Luxembourg-Ville,Luxembourg,Femmes,Salariés,13990
2010.03.31,Luxembourg-Ville,Luxembourg,Femmes,Non-salariés,1280
2010.03.31,Luxembourg-Ville,Luxembourg,Hommes,Salariés,17750
2010.03.31,Luxembourg-Ville,Luxembourg,Hommes,Non-salariés,2210
2010.03.31,Mersch,Bissen,Femmes,Salariés,480
2010.03.31,Mersch,Bissen,Femmes,Non-salariés,30
2010.03.31,Mersch,Bissen,Hommes,Salariés,660
2010.03.31,Mersch,Bissen,Hommes,Non-salariés,50
2010.03.31,Mersch,Colmar-Berg,Femmes,Salariés,400
2010.03.31,Mersch,Colmar-Berg,Femmes,Non-salariés,10
2010.03.31,Mersch,Colmar-Berg,Hommes,Salariés,440
2010.03.31,Mersch,Colmar-Berg,Hommes,Non-salariés,40
2010.03.31,Mersch,Fischbach,Femmes,Salariés,150
2010.03.31,Mersch,Fischbach,Femmes,Non-salariés,20
2010.03.31,Mersch,Fischbach,Hommes,Salariés,210
2010.03.31,Mersch,Fischbach,Hommes,Non-salariés,30
2010.03.31,Mersch,Heffingen,Femmes,Salariés,180
2010.03.31,Mersch,Heffingen,Femmes,Non-salariés,20
2010.03.31,Mersch,Heffingen,Hommes,Salariés,220
2010.03.31,Mersch,Heffingen,Hommes,Non-salariés,40
2010.03.31,Mersch,Helperknapp,Femmes,Salariés,530
2010.03.31,Mersch,Helperknapp,Femmes,Non-salariés,60
2010.03.31,Mersch,Helperknapp,Hommes,Salariés,730
2010.03.31,Mersch,Helperknapp,Hommes,Non-salariés,90
2010.03.31,Mersch,Larochette,Femmes,Salariés,370
2010.03.31,Mersch,Larochette,Femmes,Non-salariés,30
2010.03.31,Mersch,Larochette,Hommes,Salariés,460
2010.03.31,Mersch,Larochette,Hommes,Non-salariés,40
2010.03.31,Mersch,Lintgen,Femmes,Salariés,490
2010.03.31,Mersch,Lintgen,Femmes,Non-salariés,20
2010.03.31,Mersch,Lintgen,Hommes,Salariés,630
2010.03.31,Mersch,Lintgen,Hommes,Non-salariés,40
2010.03.31,Mersch,Lorentzweiler,Femmes,Salariés,550
2010.03.31,Mersch,Lorentzweiler,Femmes,Non-salariés,30
2010.03.31,Mersch,Lorentzweiler,Hommes,Salariés,690
2010.03.31,Mersch,Lorentzweiler,Hommes,Non-salariés,70
2010.03.31,Mersch,Mersch,Femmes,Salariés,1380
2010.03.31,Mersch,Mersch,Femmes,Non-salariés,90
2010.03.31,Mersch,Mersch,Hommes,Salariés,1720
2010.03.31,Mersch,Mersch,Hommes,Non-salariés,150
2010.03.31,Mersch,Nommern,Femmes,Salariés,200
2010.03.31,Mersch,Nommern,Femmes,Non-salariés,30
2010.03.31,Mersch,Nommern,Hommes,Salariés,260
2010.03.31,Mersch,Nommern,Hommes,Non-salariés,50
2010.03.31,Non déterminé,Non déterminé,Femmes,Salariés,30
2010.03.31,Non déterminé,Non déterminé,Femmes,Non-salariés,0
2010.03.31,Non déterminé,Non déterminé,Hommes,Salariés,70
2010.03.31,Non déterminé,Non déterminé,Hommes,Non-salariés,10
2010.03.31,Redange,Beckerich,Femmes,Salariés,360
2010.03.31,Redange,Beckerich,Femmes,Non-salariés,30
2010.03.31,Redange,Beckerich,Hommes,Salariés,490
2010.03.31,Redange,Beckerich,Hommes,Non-salariés,60
2010.03.31,Redange,Ell,Femmes,Salariés,150
2010.03.31,Redange,Ell,Femmes,Non-salariés,30
2010.03.31,Redange,Ell,Hommes,Salariés,250
2010.03.31,Redange,Ell,Hommes,Non-salariés,40
2010.03.31,Redange,Groussbus-Wal,Femmes,Salariés,280
2010.03.31,Redange,Groussbus-Wal,Femmes,Non-salariés,50
2010.03.31,Redange,Groussbus-Wal,Hommes,Salariés,380
2010.03.31,Redange,Groussbus-Wal,Hommes,Non-salariés,60
2010.03.31,Redange,Préizerdaul,Femmes,Salariés,240
2010.03.31,Redange,Préizerdaul,Femmes,Non-salariés,30
2010.03.31,Redange,Préizerdaul,Hommes,Salariés,330
2010.03.31,Redange,Préizerdaul,Hommes,Non-salariés,30
2010.03.31,Redange,Rambrouch,Femmes,Salariés,530
2010.03.31,Redange,Rambrouch,Femmes,Non-salariés,100
2010.03.31,Redange,Rambrouch,Hommes,Salariés,770
2010.03.31,Redange,Rambrouch,Hommes,Non-salariés,140
2010.03.31,Redange,Redange/Attert,Femmes,Salariés,400
2010.03.31,Redange,Redange/Attert,Femmes,Non-salariés,50
2010.03.31,Redange,Redange/Attert,Hommes,Salariés,510
2010.03.31,Redange,Redange/Attert,Hommes,Non-salariés,90
2010.03.31,Redange,Saeul,Femmes,Salariés,120
2010.03.31,Redange,Saeul,Femmes,Non-salariés,10
2010.03.31,Redange,Saeul,Hommes,Salariés,140
2010.03.31,Redange,Saeul,Hommes,Non-salariés,30
2010.03.31,Redange,Useldange,Femmes,Salariés,280
2010.03.31,Redange,Useldange,Femmes,Non-salariés,20
2010.03.31,Redange,Useldange,Hommes,Salariés,340
2010.03.31,Redange,Useldange,Hommes,Non-salariés,40
2010.03.31,Redange,Vichten,Femmes,Salariés,180
2010.03.31,Redange,Vichten,Femmes,Non-salariés,20
2010.03.31,Redange,Vichten,Hommes,Salariés,230
2010.03.31,Redange,Vichten,Hommes,Non-salariés,30
2010.03.31,Remich,Bous-Waldbredimus,Femmes,Salariés,390
2010.03.31,Remich,Bous-Waldbredimus,Femmes,Non-salariés,40
2010.03.31,Remich,Bous-Waldbredimus,Hommes,Salariés,530
2010.03.31,Remich,Bous-Waldbredimus,Hommes,Non-salariés,80
2010.03.31,Remich,Dalheim,Femmes,Salariés,330
2010.03.31,Remich,Dalheim,Femmes,Non-salariés,40
2010.03.31,Remich,Dalheim,Hommes,Salariés,410
2010.03.31,Remich,Dalheim,Hommes,Non-salariés,50
2010.03.31,Remich,Lenningen,Femmes,Salariés,290
2010.03.31,Remich,Lenningen,Femmes,Non-salariés,20
2010.03.31,Remich,Lenningen,Hommes,Salariés,360
2010.03.31,Remich,Lenningen,Hommes,Non-salariés,30
2010.03.31,Remich,Mondorf-les-Bains,Femmes,Salariés,690
2010.03.31,Remich,Mondorf-les-Bains,Femmes,Non-salariés,70
2010.03.31,Remich,Mondorf-les-Bains,Hommes,Salariés,900
2010.03.31,Remich,Mondorf-les-Bains,Hommes,Non-salariés,140
2010.03.31,Remich,Remich,Femmes,Salariés,490
2010.03.31,Remich,Remich,Femmes,Non-salariés,50
2010.03.31,Remich,Remich,Hommes,Salariés,640
2010.03.31,Remich,Remich,Hommes,Non-salariés,100
2010.03.31,Remich,Schengen,Femmes,Salariés,710
2010.03.31,Remich,Schengen,Femmes,Non-salariés,120
2010.03.31,Remich,Schengen,Hommes,Salariés,880
2010.03.31,Remich,Schengen,Hommes,Non-salariés,190
2010.03.31,Remich,Stadtbredimus,Femmes,Salariés,290
2010.03.31,Remich,Stadtbredimus,Femmes,Non-salariés,30
2010.03.31,Remich,Stadtbredimus,Hommes,Salariés,360
2010.03.31,Remich,Stadtbredimus,Hommes,Non-salariés,50
2010.03.31,Vianden,Putscheid,Femmes,Salariés,150
2010.03.31,Vianden,Putscheid,Femmes,Non-salariés,10
2010.03.31,Vianden,Putscheid,Hommes,Salariés,220
2010.03.31,Vianden,Putscheid,Hommes,Non-salariés,30
2010.03.31,Vianden,Tandel,Femmes,Salariés,330
2010.03.31,Vianden,Tandel,Femmes,Non-salariés,50
2010.03.31,Vianden,Tandel,Hommes,Salariés,370
2010.03.31,Vianden,Tandel,Hommes,Non-salariés,60
2010.03.31,Vianden,Vianden,Femmes,Salariés,290
2010.03.31,Vianden,Vianden,Femmes,Non-salariés,30
2010.03.31,Vianden,Vianden,Hommes,Salariés,380
2010.03.31,Vianden,Vianden,Hommes,Non-salariés,40
2010.03.31,Wiltz,Boulaide,Femmes,Salariés,130
2010.03.31,Wiltz,Boulaide,Femmes,Non-salariés,20
2010.03.31,Wiltz,Boulaide,Hommes,Salariés,200
2010.03.31,Wiltz,Boulaide,Hommes,Non-salariés,30
2010.03.31,Wiltz,Esch-sur-Sûre,Femmes,Salariés,340
2010.03.31,Wiltz,Esch-sur-Sûre,Femmes,Non-salariés,50
2010.03.31,Wiltz,Esch-sur-Sûre,Hommes,Salariés,450
2010.03.31,Wiltz,Esch-sur-Sûre,Hommes,Non-salariés,80
2010.03.31,Wiltz,Goesdorf,Femmes,Salariés,230
2010.03.31,Wiltz,Goesdorf,Femmes,Non-salariés,20
2010.03.31,Wiltz,Goesdorf,Hommes,Salariés,290
2010.03.31,Wiltz,Goesdorf,Hommes,Non-salariés,40
2010.03.31,Wiltz,Kiischpelt,Femmes,Salariés,140
2010.03.31,Wiltz,Kiischpelt,Femmes,Non-salariés,20
2010.03.31,Wiltz,Kiischpelt,Hommes,Salariés,210
2010.03.31,Wiltz,Kiischpelt,Hommes,Non-salariés,30
2010.03.31,Wiltz,Lac de la Haute-Sûre,Femmes,Salariés,230
2010.03.31,Wiltz,Lac de la Haute-Sûre,Femmes,Non-salariés,40
2010.03.31,Wiltz,Lac de la Haute-Sûre,Hommes,Salariés,330
2010.03.31,Wiltz,Lac de la Haute-Sûre,Hommes,Non-salariés,60
2010.03.31,Wiltz,Wiltz,Femmes,Salariés,810
2010.03.31,Wiltz,Wiltz,Femmes,Non-salariés,70
2010.03.31,Wiltz,Wiltz,Hommes,Salariés,1110
2010.03.31,Wiltz,Wiltz,Hommes,Non-salariés,130
2010.03.31,Wiltz,Winseler,Femmes,Salariés,160
2010.03.31,Wiltz,Winseler,Femmes,Non-salariés,20
2010.03.31,Wiltz,Winseler,Hommes,Salariés,240
2010.03.31,Wiltz,Winseler,Hommes,Non-salariés,50
2010.09.30,Capellen,Dippach,Femmes,Salariés,600
2010.09.30,Capellen,Dippach,Femmes,Non-salariés,50
2010.09.30,Capellen,Dippach,Hommes,Salariés,820
2010.09.30,Capellen,Dippach,Hommes,Non-salariés,100
2010.09.30,Capellen,Garnich,Femmes,Salariés,330
2010.09.30,Capellen,Garnich,Femmes,Non-salariés,30
2010.09.30,Capellen,Garnich,Hommes,Salariés,390
2010.09.30,Capellen,Garnich,Hommes,Non-salariés,60
2010.09.30,Capellen,Habscht,Femmes,Salariés,620
2010.09.30,Capellen,Habscht,Femmes,Non-salariés,60
2010.09.30,Capellen,Habscht,Hommes,Salariés,880
2010.09.30,Capellen,Habscht,Hommes,Non-salariés,80
2010.09.30,Capellen,Käerjeng,Femmes,Salariés,1590
2010.09.30,Capellen,Käerjeng,Femmes,Non-salariés,120
2010.09.30,Capellen,Käerjeng,Hommes,Salariés,2090
2010.09.30,Capellen,Käerjeng,Hommes,Non-salariés,170
2010.09.30,Capellen,Kehlen,Femmes,Salariés,800
2010.09.30,Capellen,Kehlen,Femmes,Non-salariés,100
2010.09.30,Capellen,Kehlen,Hommes,Salariés,1000
2010.09.30,Capellen,Kehlen,Hommes,Non-salariés,160
2010.09.30,Capellen,Koerich,Femmes,Salariés,360
2010.09.30,Capellen,Koerich,Femmes,Non-salariés,50
2010.09.30,Capellen,Koerich,Hommes,Salariés,470
2010.09.30,Capellen,Koerich,Hommes,Non-salariés,60
2010.09.30,Capellen,Kopstal,Femmes,Salariés,460
2010.09.30,Capellen,Kopstal,Femmes,Non-salariés,60
2010.09.30,Capellen,Kopstal,Hommes,Salariés,510
2010.09.30,Capellen,Kopstal,Hommes,Non-salariés,120
2010.09.30,Capellen,Mamer,Femmes,Salariés,1130
2010.09.30,Capellen,Mamer,Femmes,Non-salariés,90
2010.09.30,Capellen,Mamer,Hommes,Salariés,1370
2010.09.30,Capellen,Mamer,Hommes,Non-salariés,200
2010.09.30,Capellen,Steinfort,Femmes,Salariés,770
2010.09.30,Capellen,Steinfort,Femmes,Non-salariés,60
2010.09.30,Capellen,Steinfort,Hommes,Salariés,930
2010.09.30,Capellen,Steinfort,Hommes,Non-salariés,110
2010.09.30,Clervaux,Clervaux,Femmes,Salariés,730
2010.09.30,Clervaux,Clervaux,Femmes,Non-salariés,80
2010.09.30,Clervaux,Clervaux,Hommes,Salariés,980
2010.09.30,Clervaux,Clervaux,Hommes,Non-salariés,160
2010.09.30,Clervaux,Parc Hosingen,Femmes,Salariés,520
2010.09.30,Clervaux,Parc Hosingen,Femmes,Non-salariés,60
2010.09.30,Clervaux,Parc Hosingen,Hommes,Salariés,640
2010.09.30,Clervaux,Parc Hosingen,Hommes,Non-salariés,100
2010.09.30,Clervaux,Troisvierges,Femmes,Salariés,440
2010.09.30,Clervaux,Troisvierges,Femmes,Non-salariés,70
2010.09.30,Clervaux,Troisvierges,Hommes,Salariés,620
2010.09.30,Clervaux,Troisvierges,Hommes,Non-salariés,100
2010.09.30,Clervaux,Weiswampach,Femmes,Salariés,230
2010.09.30,Clervaux,Weiswampach,Femmes,Non-salariés,40
2010.09.30,Clervaux,Weiswampach,Hommes,Salariés,300
2010.09.30,Clervaux,Weiswampach,Hommes,Non-salariés,70
2010.09.30,Clervaux,Wincrange,Femmes,Salariés,580
2010.09.30,Clervaux,Wincrange,Femmes,Non-salariés,140
2010.09.30,Clervaux,Wincrange,Hommes,Salariés,720
2010.09.30,Clervaux,Wincrange,Hommes,Non-salariés,230
2010.09.30,Diekirch,Bettendorf,Femmes,Salariés,440
2010.09.30,Diekirch,Bettendorf,Femmes,Non-salariés,40
2010.09.30,Diekirch,Bettendorf,Hommes,Salariés,580
2010.09.30,Diekirch,Bettendorf,Hommes,Non-salariés,60
2010.09.30,Diekirch,Bourscheid,Femmes,Salariés,220
2010.09.30,Diekirch,Bourscheid,Femmes,Non-salariés,40
2010.09.30,Diekirch,Bourscheid,Hommes,Salariés,300
2010.09.30,Diekirch,Bourscheid,Hommes,Non-salariés,50
2010.09.30,Diekirch,Diekirch,Femmes,Salariés,1010
2010.09.30,Diekirch,Diekirch,Femmes,Non-salariés,80
2010.09.30,Diekirch,Diekirch,Hommes,Salariés,1320
2010.09.30,Diekirch,Diekirch,Hommes,Non-salariés,120
2010.09.30,Diekirch,Erpeldange-sur-Sûre,Femmes,Salariés,400
2010.09.30,Diekirch,Erpeldange-sur-Sûre,Femmes,Non-salariés,40
2010.09.30,Diekirch,Erpeldange-sur-Sûre,Hommes,Salariés,500
2010.09.30,Diekirch,Erpeldange-sur-Sûre,Hommes,Non-salariés,60
2010.09.30,Diekirch,Ettelbruck,Femmes,Salariés,1400
2010.09.30,Diekirch,Ettelbruck,Femmes,Non-salariés,80
2010.09.30,Diekirch,Ettelbruck,Hommes,Salariés,1640
2010.09.30,Diekirch,Ettelbruck,Hommes,Non-salariés,160
2010.09.30,Diekirch,Feulen,Femmes,Salariés,310
2010.09.30,Diekirch,Feulen,Femmes,Non-salariés,20
2010.09.30,Diekirch,Feulen,Hommes,Salariés,370
2010.09.30,Diekirch,Feulen,Hommes,Non-salariés,30
2010.09.30,Diekirch,Mertzig,Femmes,Salariés,300
2010.09.30,Diekirch,Mertzig,Femmes,Non-salariés,20
2010.09.30,Diekirch,Mertzig,Hommes,Salariés,390
2010.09.30,Diekirch,Mertzig,Hommes,Non-salariés,30
2010.09.30,Diekirch,Reisdorf,Femmes,Salariés,160
2010.09.30,Diekirch,Reisdorf,Femmes,Non-salariés,20
2010.09.30,Diekirch,Reisdorf,Hommes,Salariés,240
2010.09.30,Diekirch,Reisdorf,Hommes,Non-salariés,20
2010.09.30,Diekirch,Schieren,Femmes,Salariés,280
2010.09.30,Diekirch,Schieren,Femmes,Non-salariés,10
2010.09.30,Diekirch,Schieren,Hommes,Salariés,340
2010.09.30,Diekirch,Schieren,Hommes,Non-salariés,30
2010.09.30,Diekirch,Vallée de l'Ernz,Femmes,Salariés,400
2010.09.30,Diekirch,Vallée de l'Ernz,Femmes,Non-salariés,40
2010.09.30,Diekirch,Vallée de l'Ernz,Hommes,Salariés,530
2010.09.30,Diekirch,Vallée de l'Ernz,Hommes,Non-salariés,80
2010.09.30,Echternach,Beaufort,Femmes,Salariés,380
2010.09.30,Echternach,Beaufort,Femmes,Non-salariés,50
2010.09.30,Echternach,Beaufort,Hommes,Salariés,520
2010.09.30,Echternach,Beaufort,Hommes,Non-salariés,40
2010.09.30,Echternach,Bech,Femmes,Salariés,170
2010.09.30,Echternach,Bech,Femmes,Non-salariés,20
2010.09.30,Echternach,Bech,Hommes,Salariés,210
2010.09.30,Echternach,Bech,Hommes,Non-salariés,40
2010.09.30,Echternach,Berdorf,Femmes,Salariés,240
2010.09.30,Echternach,Berdorf,Femmes,Non-salariés,30
2010.09.30,Echternach,Berdorf,Hommes,Salariés,310
2010.09.30,Echternach,Berdorf,Hommes,Non-salariés,40
2010.09.30,Echternach,Consdorf,Femmes,Salariés,310
2010.09.30,Echternach,Consdorf,Femmes,Non-salariés,30
2010.09.30,Echternach,Consdorf,Hommes,Salariés,390
2010.09.30,Echternach,Consdorf,Hommes,Non-salariés,50
2010.09.30,Echternach,Echternach,Femmes,Salariés,920
2010.09.30,Echternach,Echternach,Femmes,Non-salariés,70
2010.09.30,Echternach,Echternach,Hommes,Salariés,1110
2010.09.30,Echternach,Echternach,Hommes,Non-salariés,130
2010.09.30,Echternach,Rosport-Mompach,Femmes,Salariés,500
2010.09.30,Echternach,Rosport-Mompach,Femmes,Non-salariés,80
2010.09.30,Echternach,Rosport-Mompach,Hommes,Salariés,660
2010.09.30,Echternach,Rosport-Mompach,Hommes,Non-salariés,110
2010.09.30,Echternach,Waldbillig,Femmes,Salariés,230
2010.09.30,Echternach,Waldbillig,Femmes,Non-salariés,20
2010.09.30,Echternach,Waldbillig,Hommes,Salariés,290
2010.09.30,Echternach,Waldbillig,Hommes,Non-salariés,50
2010.09.30,Esch-Sur-Alzette,Bettembourg,Femmes,Salariés,1710
2010.09.30,Esch-Sur-Alzette,Bettembourg,Femmes,Non-salariés,90
2010.09.30,Esch-Sur-Alzette,Bettembourg,Hommes,Salariés,2050
2010.09.30,Esch-Sur-Alzette,Bettembourg,Hommes,Non-salariés,150
2010.09.30,Esch-Sur-Alzette,Differdange,Femmes,Salariés,3490
2010.09.30,Esch-Sur-Alzette,Differdange,Femmes,Non-salariés,150
2010.09.30,Esch-Sur-Alzette,Differdange,Hommes,Salariés,4890
2010.09.30,Esch-Sur-Alzette,Differdange,Hommes,Non-salariés,180
2010.09.30,Esch-Sur-Alzette,Dudelange,Femmes,Salariés,3210
2010.09.30,Esch-Sur-Alzette,Dudelange,Femmes,Non-salariés,180
2010.09.30,Esch-Sur-Alzette,Dudelange,Hommes,Salariés,4000
2010.09.30,Esch-Sur-Alzette,Dudelange,Hommes,Non-salariés,280
2010.09.30,Esch-Sur-Alzette,Esch-sur-Alzette,Femmes,Salariés,4840
2010.09.30,Esch-Sur-Alzette,Esch-sur-Alzette,Femmes,Non-salariés,240
2010.09.30,Esch-Sur-Alzette,Esch-sur-Alzette,Hommes,Salariés,6640
2010.09.30,Esch-Sur-Alzette,Esch-sur-Alzette,Hommes,Non-salariés,400
2010.09.30,Esch-Sur-Alzette,Frisange,Femmes,Salariés,730
2010.09.30,Esch-Sur-Alzette,Frisange,Femmes,Non-salariés,50
2010.09.30,Esch-Sur-Alzette,Frisange,Hommes,Salariés,830
2010.09.30,Esch-Sur-Alzette,Frisange,Hommes,Non-salariés,100
2010.09.30,Esch-Sur-Alzette,Kayl,Femmes,Salariés,1330
2010.09.30,Esch-Sur-Alzette,Kayl,Femmes,Non-salariés,80
2010.09.30,Esch-Sur-Alzette,Kayl,Hommes,Salariés,1800
2010.09.30,Esch-Sur-Alzette,Kayl,Hommes,Non-salariés,120
2010.09.30,Esch-Sur-Alzette,Leudelange,Femmes,Salariés,400
2010.09.30,Esch-Sur-Alzette,Leudelange,Femmes,Non-salariés,40
2010.09.30,Esch-Sur-Alzette,Leudelange,Hommes,Salariés,470
2010.09.30,Esch-Sur-Alzette,Leudelange,Hommes,Non-salariés,80
2010.09.30,Esch-Sur-Alzette,Mondercange,Femmes,Salariés,1040
2010.09.30,Esch-Sur-Alzette,Mondercange,Femmes,Non-salariés,90
2010.09.30,Esch-Sur-Alzette,Mondercange,Hommes,Salariés,1260
2010.09.30,Esch-Sur-Alzette,Mondercange,Hommes,Non-salariés,150
2010.09.30,Esch-Sur-Alzette,Pétange,Femmes,Salariés,2540
2010.09.30,Esch-Sur-Alzette,Pétange,Femmes,Non-salariés,120
2010.09.30,Esch-Sur-Alzette,Pétange,Hommes,Salariés,3450
2010.09.30,Esch-Sur-Alzette,Pétange,Hommes,Non-salariés,190
2010.09.30,Esch-Sur-Alzette,Reckange-sur-Mess,Femmes,Salariés,370
2010.09.30,Esch-Sur-Alzette,Reckange-sur-Mess,Femmes,Non-salariés,40
2010.09.30,Esch-Sur-Alzette,Reckange-sur-Mess,Hommes,Salariés,410
2010.09.30,Esch-Sur-Alzette,Reckange-sur-Mess,Hommes,Non-salariés,70
2010.09.30,Esch-Sur-Alzette,Roeser,Femmes,Salariés,1030
2010.09.30,Esch-Sur-Alzette,Roeser,Femmes,Non-salariés,80
2010.09.30,Esch-Sur-Alzette,Roeser,Hommes,Salariés,1220
2010.09.30,Esch-Sur-Alzette,Roeser,Hommes,Non-salariés,140
2010.09.30,Esch-Sur-Alzette,Rumelange,Femmes,Salariés,820
2010.09.30,Esch-Sur-Alzette,Rumelange,Femmes,Non-salariés,40
2010.09.30,Esch-Sur-Alzette,Rumelange,Hommes,Salariés,1060
2010.09.30,Esch-Sur-Alzette,Rumelange,Hommes,Non-salariés,50
2010.09.30,Esch-Sur-Alzette,Sanem,Femmes,Salariés,2460
2010.09.30,Esch-Sur-Alzette,Sanem,Femmes,Non-salariés,140
2010.09.30,Esch-Sur-Alzette,Sanem,Hommes,Salariés,3080
2010.09.30,Esch-Sur-Alzette,Sanem,Hommes,Non-salariés,210
2010.09.30,Esch-Sur-Alzette,Schifflange,Femmes,Salariés,1390
2010.09.30,Esch-Sur-Alzette,Schifflange,Femmes,Non-salariés,90
2010.09.30,Esch-Sur-Alzette,Schifflange,Hommes,Salariés,1840
2010.09.30,Esch-Sur-Alzette,Schifflange,Hommes,Non-salariés,110
2010.09.30,Grevenmacher,Betzdorf,Femmes,Salariés,580
2010.09.30,Grevenmacher,Betzdorf,Femmes,Non-salariés,40
2010.09.30,Grevenmacher,Betzdorf,Hommes,Salariés,670
2010.09.30,Grevenmacher,Betzdorf,Hommes,Non-salariés,80
2010.09.30,Grevenmacher,Biwer,Femmes,Salariés,270
2010.09.30,Grevenmacher,Biwer,Femmes,Non-salariés,30
2010.09.30,Grevenmacher,Biwer,Hommes,Salariés,370
2010.09.30,Grevenmacher,Biwer,Hommes,Non-salariés,50
2010.09.30,Grevenmacher,Flaxweiler,Femmes,Salariés,290
2010.09.30,Grevenmacher,Flaxweiler,Femmes,Non-salariés,40
2010.09.30,Grevenmacher,Flaxweiler,Hommes,Salariés,400
2010.09.30,Grevenmacher,Flaxweiler,Hommes,Non-salariés,60
2010.09.30,Grevenmacher,Grevenmacher,Femmes,Salariés,800
2010.09.30,Grevenmacher,Grevenmacher,Femmes,Non-salariés,50
2010.09.30,Grevenmacher,Grevenmacher,Hommes,Salariés,980
2010.09.30,Grevenmacher,Grevenmacher,Hommes,Non-salariés,90
2010.09.30,Grevenmacher,Junglinster,Femmes,Salariés,1050
2010.09.30,Grevenmacher,Junglinster,Femmes,Non-salariés,90
2010.09.30,Grevenmacher,Junglinster,Hommes,Salariés,1300
2010.09.30,Grevenmacher,Junglinster,Hommes,Non-salariés,170
2010.09.30,Grevenmacher,Manternach,Femmes,Salariés,280
2010.09.30,Grevenmacher,Manternach,Femmes,Non-salariés,30
2010.09.30,Grevenmacher,Manternach,Hommes,Salariés,340
2010.09.30,Grevenmacher,Manternach,Hommes,Non-salariés,50
2010.09.30,Grevenmacher,Mertert,Femmes,Salariés,650
2010.09.30,Grevenmacher,Mertert,Femmes,Non-salariés,50
2010.09.30,Grevenmacher,Mertert,Hommes,Salariés,800
2010.09.30,Grevenmacher,Mertert,Hommes,Non-salariés,90
2010.09.30,Grevenmacher,Wormeldange,Femmes,Salariés,400
2010.09.30,Grevenmacher,Wormeldange,Femmes,Non-salariés,70
2010.09.30,Grevenmacher,Wormeldange,Hommes,Salariés,550
2010.09.30,Grevenmacher,Wormeldange,Hommes,Non-salariés,110
2010.09.30,Luxembourg-Campagne,Bertrange,Femmes,Salariés,1000
2010.09.30,Luxembourg-Campagne,Bertrange,Femmes,Non-salariés,100
2010.09.30,Luxembourg-Campagne,Bertrange,Hommes,Salariés,1200
2010.09.30,Luxembourg-Campagne,Bertrange,Hommes,Non-salariés,200
2010.09.30,Luxembourg-Campagne,Contern,Femmes,Salariés,560
2010.09.30,Luxembourg-Campagne,Contern,Femmes,Non-salariés,60
2010.09.30,Luxembourg-Campagne,Contern,Hommes,Salariés,710
2010.09.30,Luxembourg-Campagne,Contern,Hommes,Non-salariés,100
2010.09.30,Luxembourg-Campagne,Hesperange,Femmes,Salariés,2350
2010.09.30,Luxembourg-Campagne,Hesperange,Femmes,Non-salariés,180
2010.09.30,Luxembourg-Campagne,Hesperange,Hommes,Salariés,2780
2010.09.30,Luxembourg-Campagne,Hesperange,Hommes,Non-salariés,320
2010.09.30,Luxembourg-Campagne,Niederanven,Femmes,Salariés,700
2010.09.30,Luxembourg-Campagne,Niederanven,Femmes,Non-salariés,100
2010.09.30,Luxembourg-Campagne,Niederanven,Hommes,Salariés,860
2010.09.30,Luxembourg-Campagne,Niederanven,Hommes,Non-salariés,160
2010.09.30,Luxembourg-Campagne,Sandweiler,Femmes,Salariés,510
2010.09.30,Luxembourg-Campagne,Sandweiler,Femmes,Non-salariés,50
2010.09.30,Luxembourg-Campagne,Sandweiler,Hommes,Salariés,630
2010.09.30,Luxembourg-Campagne,Sandweiler,Hommes,Non-salariés,70
2010.09.30,Luxembourg-Campagne,Schuttrange,Femmes,Salariés,490
2010.09.30,Luxembourg-Campagne,Schuttrange,Femmes,Non-salariés,50
2010.09.30,Luxembourg-Campagne,Schuttrange,Hommes,Salariés,640
2010.09.30,Luxembourg-Campagne,Schuttrange,Hommes,Non-salariés,90
2010.09.30,Luxembourg-Campagne,Steinsel,Femmes,Salariés,750
2010.09.30,Luxembourg-Campagne,Steinsel,Femmes,Non-salariés,70
2010.09.30,Luxembourg-Campagne,Steinsel,Hommes,Salariés,840
2010.09.30,Luxembourg-Campagne,Steinsel,Hommes,Non-salariés,140
2010.09.30,Luxembourg-Campagne,Strassen,Femmes,Salariés,1210
2010.09.30,Luxembourg-Campagne,Strassen,Femmes,Non-salariés,100
2010.09.30,Luxembourg-Campagne,Strassen,Hommes,Salariés,1430
2010.09.30,Luxembourg-Campagne,Strassen,Hommes,Non-salariés,170
2010.09.30,Luxembourg-Campagne,Walferdange,Femmes,Salariés,1190
2010.09.30,Luxembourg-Campagne,Walferdange,Femmes,Non-salariés,120
2010.09.30,Luxembourg-Campagne,Walferdange,Hommes,Salariés,1430
2010.09.30,Luxembourg-Campagne,Walferdange,Hommes,Non-salariés,160
2010.09.30,Luxembourg-Campagne,Weiler-la-Tour,Femmes,Salariés,340
2010.09.30,Luxembourg-Campagne,Weiler-la-Tour,Femmes,Non-salariés,30
2010.09.30,Luxembourg-Campagne,Weiler-la-Tour,Hommes,Salariés,390
2010.09.30,Luxembourg-Campagne,Weiler-la-Tour,Hommes,Non-salariés,60
2010.09.30,Luxembourg-Ville,Luxembourg,Femmes,Salariés,14040
2010.09.30,Luxembourg-Ville,Luxembourg,Femmes,Non-salariés,1300
2010.09.30,Luxembourg-Ville,Luxembourg,Hommes,Salariés,18180
2010.09.30,Luxembourg-Ville,Luxembourg,Hommes,Non-salariés,2240
2010.09.30,Mersch,Bissen,Femmes,Salariés,480
2010.09.30,Mersch,Bissen,Femmes,Non-salariés,30
2010.09.30,Mersch,Bissen,Hommes,Salariés,650
2010.09.30,Mersch,Bissen,Hommes,Non-salariés,50
2010.09.30,Mersch,Colmar-Berg,Femmes,Salariés,390
2010.09.30,Mersch,Colmar-Berg,Femmes,Non-salariés,10
2010.09.30,Mersch,Colmar-Berg,Hommes,Salariés,450
2010.09.30,Mersch,Colmar-Berg,Hommes,Non-salariés,30
2010.09.30,Mersch,Fischbach,Femmes,Salariés,160
2010.09.30,Mersch,Fischbach,Femmes,Non-salariés,20
2010.09.30,Mersch,Fischbach,Hommes,Salariés,220
2010.09.30,Mersch,Fischbach,Hommes,Non-salariés,30
2010.09.30,Mersch,Heffingen,Femmes,Salariés,180
2010.09.30,Mersch,Heffingen,Femmes,Non-salariés,20
2010.09.30,Mersch,Heffingen,Hommes,Salariés,220
2010.09.30,Mersch,Heffingen,Hommes,Non-salariés,40
2010.09.30,Mersch,Helperknapp,Femmes,Salariés,540
2010.09.30,Mersch,Helperknapp,Femmes,Non-salariés,60
2010.09.30,Mersch,Helperknapp,Hommes,Salariés,740
2010.09.30,Mersch,Helperknapp,Hommes,Non-salariés,90
2010.09.30,Mersch,Larochette,Femmes,Salariés,390
2010.09.30,Mersch,Larochette,Femmes,Non-salariés,20
2010.09.30,Mersch,Larochette,Hommes,Salariés,470
2010.09.30,Mersch,Larochette,Hommes,Non-salariés,40
2010.09.30,Mersch,Lintgen,Femmes,Salariés,490
2010.09.30,Mersch,Lintgen,Femmes,Non-salariés,30
2010.09.30,Mersch,Lintgen,Hommes,Salariés,640
2010.09.30,Mersch,Lintgen,Hommes,Non-salariés,40
2010.09.30,Mersch,Lorentzweiler,Femmes,Salariés,560
2010.09.30,Mersch,Lorentzweiler,Femmes,Non-salariés,30
2010.09.30,Mersch,Lorentzweiler,Hommes,Salariés,700
2010.09.30,Mersch,Lorentzweiler,Hommes,Non-salariés,70
2010.09.30,Mersch,Mersch,Femmes,Salariés,1440
2010.09.30,Mersch,Mersch,Femmes,Non-salariés,80
2010.09.30,Mersch,Mersch,Hommes,Salariés,1770
2010.09.30,Mersch,Mersch,Hommes,Non-salariés,160
2010.09.30,Mersch,Nommern,Femmes,Salariés,200
2010.09.30,Mersch,Nommern,Femmes,Non-salariés,30
2010.09.30,Mersch,Nommern,Hommes,Salariés,260
2010.09.30,Mersch,Nommern,Hommes,Non-salariés,60
2010.09.30,Non déterminé,Non déterminé,Femmes,Salariés,40
2010.09.30,Non déterminé,Non déterminé,Femmes,Non-salariés,0
2010.09.30,Non déterminé,Non déterminé,Hommes,Salariés,70
2010.09.30,Non déterminé,Non déterminé,Hommes,Non-salariés,10
2010.09.30,Redange,Beckerich,Femmes,Salariés,370
2010.09.30,Redange,Beckerich,Femmes,Non-salariés,30
2010.09.30,Redange,Beckerich,Hommes,Salariés,490
2010.09.30,Redange,Beckerich,Hommes,Non-salariés,60
2010.09.30,Redange,Ell,Femmes,Salariés,170
2010.09.30,Redange,Ell,Femmes,Non-salariés,30
2010.09.30,Redange,Ell,Hommes,Salariés,240
2010.09.30,Redange,Ell,Hommes,Non-salariés,40
2010.09.30,Redange,Groussbus-Wal,Femmes,Salariés,280
2010.09.30,Redange,Groussbus-Wal,Femmes,Non-salariés,50
2010.09.30,Redange,Groussbus-Wal,Hommes,Salariés,380
2010.09.30,Redange,Groussbus-Wal,Hommes,Non-salariés,60
2010.09.30,Redange,Préizerdaul,Femmes,Salariés,240
2010.09.30,Redange,Préizerdaul,Femmes,Non-salariés,30
2010.09.30,Redange,Préizerdaul,Hommes,Salariés,330
2010.09.30,Redange,Préizerdaul,Hommes,Non-salariés,30
2010.09.30,Redange,Rambrouch,Femmes,Salariés,550
2010.09.30,Redange,Rambrouch,Femmes,Non-salariés,90
2010.09.30,Redange,Rambrouch,Hommes,Salariés,770
2010.09.30,Redange,Rambrouch,Hommes,Non-salariés,150
2010.09.30,Redange,Redange/Attert,Femmes,Salariés,400
2010.09.30,Redange,Redange/Attert,Femmes,Non-salariés,60
2010.09.30,Redange,Redange/Attert,Hommes,Salariés,520
2010.09.30,Redange,Redange/Attert,Hommes,Non-salariés,90
2010.09.30,Redange,Saeul,Femmes,Salariés,110
2010.09.30,Redange,Saeul,Femmes,Non-salariés,10
2010.09.30,Redange,Saeul,Hommes,Salariés,150
2010.09.30,Redange,Saeul,Hommes,Non-salariés,30
2010.09.30,Redange,Useldange,Femmes,Salariés,300
2010.09.30,Redange,Useldange,Femmes,Non-salariés,20
2010.09.30,Redange,Useldange,Hommes,Salariés,340
2010.09.30,Redange,Useldange,Hommes,Non-salariés,40
2010.09.30,Redange,Vichten,Femmes,Salariés,190
2010.09.30,Redange,Vichten,Femmes,Non-salariés,20
2010.09.30,Redange,Vichten,Hommes,Salariés,240
2010.09.30,Redange,Vichten,Hommes,Non-salariés,30
2010.09.30,Remich,Bous-Waldbredimus,Femmes,Salariés,400
2010.09.30,Remich,Bous-Waldbredimus,Femmes,Non-salariés,40
2010.09.30,Remich,Bous-Waldbredimus,Hommes,Salariés,550
2010.09.30,Remich,Bous-Waldbredimus,Hommes,Non-salariés,80
2010.09.30,Remich,Dalheim,Femmes,Salariés,340
2010.09.30,Remich,Dalheim,Femmes,Non-salariés,30
2010.09.30,Remich,Dalheim,Hommes,Salariés,410
2010.09.30,Remich,Dalheim,Hommes,Non-salariés,50
2010.09.30,Remich,Lenningen,Femmes,Salariés,300
2010.09.30,Remich,Lenningen,Femmes,Non-salariés,20
2010.09.30,Remich,Lenningen,Hommes,Salariés,360
2010.09.30,Remich,Lenningen,Hommes,Non-salariés,40
2010.09.30,Remich,Mondorf-les-Bains,Femmes,Salariés,700
2010.09.30,Remich,Mondorf-les-Bains,Femmes,Non-salariés,60
2010.09.30,Remich,Mondorf-les-Bains,Hommes,Salariés,910
2010.09.30,Remich,Mondorf-les-Bains,Hommes,Non-salariés,140
2010.09.30,Remich,Remich,Femmes,Salariés,510
2010.09.30,Remich,Remich,Femmes,Non-salariés,60
2010.09.30,Remich,Remich,Hommes,Salariés,650
2010.09.30,Remich,Remich,Hommes,Non-salariés,100
2010.09.30,Remich,Schengen,Femmes,Salariés,720
2010.09.30,Remich,Schengen,Femmes,Non-salariés,120
2010.09.30,Remich,Schengen,Hommes,Salariés,880
2010.09.30,Remich,Schengen,Hommes,Non-salariés,190
2010.09.30,Remich,Stadtbredimus,Femmes,Salariés,280
2010.09.30,Remich,Stadtbredimus,Femmes,Non-salariés,30
2010.09.30,Remich,Stadtbredimus,Hommes,Salariés,370
2010.09.30,Remich,Stadtbredimus,Hommes,Non-salariés,50
2010.09.30,Vianden,Putscheid,Femmes,Salariés,160
2010.09.30,Vianden,Putscheid,Femmes,Non-salariés,10
2010.09.30,Vianden,Putscheid,Hommes,Salariés,230
2010.09.30,Vianden,Putscheid,Hommes,Non-salariés,30
2010.09.30,Vianden,Tandel,Femmes,Salariés,340
2010.09.30,Vianden,Tandel,Femmes,Non-salariés,50
2010.09.30,Vianden,Tandel,Hommes,Salariés,370
2010.09.30,Vianden,Tandel,Hommes,Non-salariés,50
2010.09.30,Vianden,Vianden,Femmes,Salariés,300
2010.09.30,Vianden,Vianden,Femmes,Non-salariés,30
2010.09.30,Vianden,Vianden,Hommes,Salariés,380
2010.09.30,Vianden,Vianden,Hommes,Non-salariés,50
2010.09.30,Wiltz,Boulaide,Femmes,Salariés,130
2010.09.30,Wiltz,Boulaide,Femmes,Non-salariés,20
2010.09.30,Wiltz,Boulaide,Hommes,Salariés,200
2010.09.30,Wiltz,Boulaide,Hommes,Non-salariés,30
2010.09.30,Wiltz,Esch-sur-Sûre,Femmes,Salariés,380
2010.09.30,Wiltz,Esch-sur-Sûre,Femmes,Non-salariés,50
2010.09.30,Wiltz,Esch-sur-Sûre,Hommes,Salariés,460
2010.09.30,Wiltz,Esch-sur-Sûre,Hommes,Non-salariés,80
2010.09.30,Wiltz,Goesdorf,Femmes,Salariés,220
2010.09.30,Wiltz,Goesdorf,Femmes,Non-salariés,30
2010.09.30,Wiltz,Goesdorf,Hommes,Salariés,290
2010.09.30,Wiltz,Goesdorf,Hommes,Non-salariés,40
2010.09.30,Wiltz,Kiischpelt,Femmes,Salariés,150
2010.09.30,Wiltz,Kiischpelt,Femmes,Non-salariés,20
2010.09.30,Wiltz,Kiischpelt,Hommes,Salariés,210
2010.09.30,Wiltz,Kiischpelt,Hommes,Non-salariés,30
2010.09.30,Wiltz,Lac de la Haute-Sûre,Femmes,Salariés,220
2010.09.30,Wiltz,Lac de la Haute-Sûre,Femmes,Non-salariés,40
2010.09.30,Wiltz,Lac de la Haute-Sûre,Hommes,Salariés,330
2010.09.30,Wiltz,Lac de la Haute-Sûre,Hommes,Non-salariés,60
2010.09.30,Wiltz,Wiltz,Femmes,Salariés,830
2010.09.30,Wiltz,Wiltz,Femmes,Non-salariés,60
2010.09.30,Wiltz,Wiltz,Hommes,Salariés,1150
2010.09.30,Wiltz,Wiltz,Hommes,Non-salariés,130
2010.09.30,Wiltz,Winseler,Femmes,Salariés,160
2010.09.30,Wiltz,Winseler,Femmes,Non-salariés,30
2010.09.30,Wiltz,Winseler,Hommes,Salariés,240
2010.09.30,Wiltz,Winseler,Hommes,Non-salariés,50
2011.03.31,Capellen,Dippach,Femmes,Salariés,620
2011.03.31,Capellen,Dippach,Femmes,Non-salariés,50
2011.03.31,Capellen,Dippach,Hommes,Salariés,830
2011.03.31,Capellen,Dippach,Hommes,Non-salariés,90
2011.03.31,Capellen,Garnich,Femmes,Salariés,330
2011.03.31,Capellen,Garnich,Femmes,Non-salariés,30
2011.03.31,Capellen,Garnich,Hommes,Salariés,400
2011.03.31,Capellen,Garnich,Hommes,Non-salariés,60
2011.03.31,Capellen,Habscht,Femmes,Salariés,640
2011.03.31,Capellen,Habscht,Femmes,Non-salariés,50
2011.03.31,Capellen,Habscht,Hommes,Salariés,890
2011.03.31,Capellen,Habscht,Hommes,Non-salariés,80
2011.03.31,Capellen,Käerjeng,Femmes,Salariés,1610
2011.03.31,Capellen,Käerjeng,Femmes,Non-salariés,120
2011.03.31,Capellen,Käerjeng,Hommes,Salariés,2070
2011.03.31,Capellen,Käerjeng,Hommes,Non-salariés,180
2011.03.31,Capellen,Kehlen,Femmes,Salariés,820
2011.03.31,Capellen,Kehlen,Femmes,Non-salariés,110
2011.03.31,Capellen,Kehlen,Hommes,Salariés,990
2011.03.31,Capellen,Kehlen,Hommes,Non-salariés,170
2011.03.31,Capellen,Koerich,Femmes,Salariés,380
2011.03.31,Capellen,Koerich,Femmes,Non-salariés,50
2011.03.31,Capellen,Koerich,Hommes,Salariés,480
2011.03.31,Capellen,Koerich,Hommes,Non-salariés,60
2011.03.31,Capellen,Kopstal,Femmes,Salariés,460
2011.03.31,Capellen,Kopstal,Femmes,Non-salariés,60
2011.03.31,Capellen,Kopstal,Hommes,Salariés,500
2011.03.31,Capellen,Kopstal,Hommes,Non-salariés,120
2011.03.31,Capellen,Mamer,Femmes,Salariés,1170
2011.03.31,Capellen,Mamer,Femmes,Non-salariés,100
2011.03.31,Capellen,Mamer,Hommes,Salariés,1360
2011.03.31,Capellen,Mamer,Hommes,Non-salariés,200
2011.03.31,Capellen,Steinfort,Femmes,Salariés,790
2011.03.31,Capellen,Steinfort,Femmes,Non-salariés,60
2011.03.31,Capellen,Steinfort,Hommes,Salariés,940
2011.03.31,Capellen,Steinfort,Hommes,Non-salariés,110
2011.03.31,Clervaux,Clervaux,Femmes,Salariés,740
2011.03.31,Clervaux,Clervaux,Femmes,Non-salariés,90
2011.03.31,Clervaux,Clervaux,Hommes,Salariés,980
2011.03.31,Clervaux,Clervaux,Hommes,Non-salariés,150
2011.03.31,Clervaux,Parc Hosingen,Femmes,Salariés,530
2011.03.31,Clervaux,Parc Hosingen,Femmes,Non-salariés,60
2011.03.31,Clervaux,Parc Hosingen,Hommes,Salariés,640
2011.03.31,Clervaux,Parc Hosingen,Hommes,Non-salariés,100
2011.03.31,Clervaux,Troisvierges,Femmes,Salariés,450
2011.03.31,Clervaux,Troisvierges,Femmes,Non-salariés,60
2011.03.31,Clervaux,Troisvierges,Hommes,Salariés,630
2011.03.31,Clervaux,Troisvierges,Hommes,Non-salariés,100
2011.03.31,Clervaux,Weiswampach,Femmes,Salariés,240
2011.03.31,Clervaux,Weiswampach,Femmes,Non-salariés,40
2011.03.31,Clervaux,Weiswampach,Hommes,Salariés,310
2011.03.31,Clervaux,Weiswampach,Hommes,Non-salariés,70
2011.03.31,Clervaux,Wincrange,Femmes,Salariés,570
2011.03.31,Clervaux,Wincrange,Femmes,Non-salariés,140
2011.03.31,Clervaux,Wincrange,Hommes,Salariés,730
2011.03.31,Clervaux,Wincrange,Hommes,Non-salariés,230
2011.03.31,Diekirch,Bettendorf,Femmes,Salariés,430
2011.03.31,Diekirch,Bettendorf,Femmes,Non-salariés,40
2011.03.31,Diekirch,Bettendorf,Hommes,Salariés,570
2011.03.31,Diekirch,Bettendorf,Hommes,Non-salariés,50
2011.03.31,Diekirch,Bourscheid,Femmes,Salariés,230
2011.03.31,Diekirch,Bourscheid,Femmes,Non-salariés,30
2011.03.31,Diekirch,Bourscheid,Hommes,Salariés,300
2011.03.31,Diekirch,Bourscheid,Hommes,Non-salariés,50
2011.03.31,Diekirch,Diekirch,Femmes,Salariés,1030
2011.03.31,Diekirch,Diekirch,Femmes,Non-salariés,100
2011.03.31,Diekirch,Diekirch,Hommes,Salariés,1320
2011.03.31,Diekirch,Diekirch,Hommes,Non-salariés,110
2011.03.31,Diekirch,Erpeldange-sur-Sûre,Femmes,Salariés,390
2011.03.31,Diekirch,Erpeldange-sur-Sûre,Femmes,Non-salariés,30
2011.03.31,Diekirch,Erpeldange-sur-Sûre,Hommes,Salariés,490
2011.03.31,Diekirch,Erpeldange-sur-Sûre,Hommes,Non-salariés,50
2011.03.31,Diekirch,Ettelbruck,Femmes,Salariés,1410
2011.03.31,Diekirch,Ettelbruck,Femmes,Non-salariés,90
2011.03.31,Diekirch,Ettelbruck,Hommes,Salariés,1640
2011.03.31,Diekirch,Ettelbruck,Hommes,Non-salariés,150
2011.03.31,Diekirch,Feulen,Femmes,Salariés,310
2011.03.31,Diekirch,Feulen,Femmes,Non-salariés,20
2011.03.31,Diekirch,Feulen,Hommes,Salariés,370
2011.03.31,Diekirch,Feulen,Hommes,Non-salariés,40
2011.03.31,Diekirch,Mertzig,Femmes,Salariés,310
2011.03.31,Diekirch,Mertzig,Femmes,Non-salariés,20
2011.03.31,Diekirch,Mertzig,Hommes,Salariés,390
2011.03.31,Diekirch,Mertzig,Hommes,Non-salariés,40
2011.03.31,Diekirch,Reisdorf,Femmes,Salariés,160
2011.03.31,Diekirch,Reisdorf,Femmes,Non-salariés,20
2011.03.31,Diekirch,Reisdorf,Hommes,Salariés,250
2011.03.31,Diekirch,Reisdorf,Hommes,Non-salariés,30
2011.03.31,Diekirch,Schieren,Femmes,Salariés,300
2011.03.31,Diekirch,Schieren,Femmes,Non-salariés,10
2011.03.31,Diekirch,Schieren,Hommes,Salariés,340
2011.03.31,Diekirch,Schieren,Hommes,Non-salariés,30
2011.03.31,Diekirch,Vallée de l'Ernz,Femmes,Salariés,410
2011.03.31,Diekirch,Vallée de l'Ernz,Femmes,Non-salariés,50
2011.03.31,Diekirch,Vallée de l'Ernz,Hommes,Salariés,540
2011.03.31,Diekirch,Vallée de l'Ernz,Hommes,Non-salariés,80
2011.03.31,Echternach,Beaufort,Femmes,Salariés,370
2011.03.31,Echternach,Beaufort,Femmes,Non-salariés,50
2011.03.31,Echternach,Beaufort,Hommes,Salariés,510
2011.03.31,Echternach,Beaufort,Hommes,Non-salariés,40
2011.03.31,Echternach,Bech,Femmes,Salariés,170
2011.03.31,Echternach,Bech,Femmes,Non-salariés,20
2011.03.31,Echternach,Bech,Hommes,Salariés,220
2011.03.31,Echternach,Bech,Hommes,Non-salariés,40
2011.03.31,Echternach,Berdorf,Femmes,Salariés,230
2011.03.31,Echternach,Berdorf,Femmes,Non-salariés,30
2011.03.31,Echternach,Berdorf,Hommes,Salariés,310
2011.03.31,Echternach,Berdorf,Hommes,Non-salariés,40
2011.03.31,Echternach,Consdorf,Femmes,Salariés,300
2011.03.31,Echternach,Consdorf,Femmes,Non-salariés,30
2011.03.31,Echternach,Consdorf,Hommes,Salariés,380
2011.03.31,Echternach,Consdorf,Hommes,Non-salariés,60
2011.03.31,Echternach,Echternach,Femmes,Salariés,900
2011.03.31,Echternach,Echternach,Femmes,Non-salariés,70
2011.03.31,Echternach,Echternach,Hommes,Salariés,1080
2011.03.31,Echternach,Echternach,Hommes,Non-salariés,130
2011.03.31,Echternach,Rosport-Mompach,Femmes,Salariés,490
2011.03.31,Echternach,Rosport-Mompach,Femmes,Non-salariés,80
2011.03.31,Echternach,Rosport-Mompach,Hommes,Salariés,640
2011.03.31,Echternach,Rosport-Mompach,Hommes,Non-salariés,110
2011.03.31,Echternach,Waldbillig,Femmes,Salariés,230
2011.03.31,Echternach,Waldbillig,Femmes,Non-salariés,30
2011.03.31,Echternach,Waldbillig,Hommes,Salariés,310
2011.03.31,Echternach,Waldbillig,Hommes,Non-salariés,40
2011.03.31,Esch-Sur-Alzette,Bettembourg,Femmes,Salariés,1700
2011.03.31,Esch-Sur-Alzette,Bettembourg,Femmes,Non-salariés,100
2011.03.31,Esch-Sur-Alzette,Bettembourg,Hommes,Salariés,2050
2011.03.31,Esch-Sur-Alzette,Bettembourg,Hommes,Non-salariés,150
2011.03.31,Esch-Sur-Alzette,Differdange,Femmes,Salariés,3580
2011.03.31,Esch-Sur-Alzette,Differdange,Femmes,Non-salariés,170
2011.03.31,Esch-Sur-Alzette,Differdange,Hommes,Salariés,4890
2011.03.31,Esch-Sur-Alzette,Differdange,Hommes,Non-salariés,180
2011.03.31,Esch-Sur-Alzette,Dudelange,Femmes,Salariés,3270
2011.03.31,Esch-Sur-Alzette,Dudelange,Femmes,Non-salariés,190
2011.03.31,Esch-Sur-Alzette,Dudelange,Hommes,Salariés,4000
2011.03.31,Esch-Sur-Alzette,Dudelange,Hommes,Non-salariés,290
2011.03.31,Esch-Sur-Alzette,Esch-sur-Alzette,Femmes,Salariés,4980
2011.03.31,Esch-Sur-Alzette,Esch-sur-Alzette,Femmes,Non-salariés,250
2011.03.31,Esch-Sur-Alzette,Esch-sur-Alzette,Hommes,Salariés,6610
2011.03.31,Esch-Sur-Alzette,Esch-sur-Alzette,Hommes,Non-salariés,400
2011.03.31,Esch-Sur-Alzette,Frisange,Femmes,Salariés,740
2011.03.31,Esch-Sur-Alzette,Frisange,Femmes,Non-salariés,50
2011.03.31,Esch-Sur-Alzette,Frisange,Hommes,Salariés,840
2011.03.31,Esch-Sur-Alzette,Frisange,Hommes,Non-salariés,100
2011.03.31,Esch-Sur-Alzette,Kayl,Femmes,Salariés,1390
2011.03.31,Esch-Sur-Alzette,Kayl,Femmes,Non-salariés,70
2011.03.31,Esch-Sur-Alzette,Kayl,Hommes,Salariés,1810
2011.03.31,Esch-Sur-Alzette,Kayl,Hommes,Non-salariés,120
2011.03.31,Esch-Sur-Alzette,Leudelange,Femmes,Salariés,390
2011.03.31,Esch-Sur-Alzette,Leudelange,Femmes,Non-salariés,40
2011.03.31,Esch-Sur-Alzette,Leudelange,Hommes,Salariés,470
2011.03.31,Esch-Sur-Alzette,Leudelange,Hommes,Non-salariés,80
2011.03.31,Esch-Sur-Alzette,Mondercange,Femmes,Salariés,1030
2011.03.31,Esch-Sur-Alzette,Mondercange,Femmes,Non-salariés,90
2011.03.31,Esch-Sur-Alzette,Mondercange,Hommes,Salariés,1270
2011.03.31,Esch-Sur-Alzette,Mondercange,Hommes,Non-salariés,150
2011.03.31,Esch-Sur-Alzette,Pétange,Femmes,Salariés,2570
2011.03.31,Esch-Sur-Alzette,Pétange,Femmes,Non-salariés,140
2011.03.31,Esch-Sur-Alzette,Pétange,Hommes,Salariés,3500
2011.03.31,Esch-Sur-Alzette,Pétange,Hommes,Non-salariés,180
2011.03.31,Esch-Sur-Alzette,Reckange-sur-Mess,Femmes,Salariés,370
2011.03.31,Esch-Sur-Alzette,Reckange-sur-Mess,Femmes,Non-salariés,40
2011.03.31,Esch-Sur-Alzette,Reckange-sur-Mess,Hommes,Salariés,420
2011.03.31,Esch-Sur-Alzette,Reckange-sur-Mess,Hommes,Non-salariés,70
2011.03.31,Esch-Sur-Alzette,Roeser,Femmes,Salariés,1040
2011.03.31,Esch-Sur-Alzette,Roeser,Femmes,Non-salariés,80
2011.03.31,Esch-Sur-Alzette,Roeser,Hommes,Salariés,1220
2011.03.31,Esch-Sur-Alzette,Roeser,Hommes,Non-salariés,140
2011.03.31,Esch-Sur-Alzette,Rumelange,Femmes,Salariés,830
2011.03.31,Esch-Sur-Alzette,Rumelange,Femmes,Non-salariés,40
2011.03.31,Esch-Sur-Alzette,Rumelange,Hommes,Salariés,1050
2011.03.31,Esch-Sur-Alzette,Rumelange,Hommes,Non-salariés,50
2011.03.31,Esch-Sur-Alzette,Sanem,Femmes,Salariés,2510
2011.03.31,Esch-Sur-Alzette,Sanem,Femmes,Non-salariés,140
2011.03.31,Esch-Sur-Alzette,Sanem,Hommes,Salariés,3090
2011.03.31,Esch-Sur-Alzette,Sanem,Hommes,Non-salariés,210
2011.03.31,Esch-Sur-Alzette,Schifflange,Femmes,Salariés,1430
2011.03.31,Esch-Sur-Alzette,Schifflange,Femmes,Non-salariés,90
2011.03.31,Esch-Sur-Alzette,Schifflange,Hommes,Salariés,1820
2011.03.31,Esch-Sur-Alzette,Schifflange,Hommes,Non-salariés,110
2011.03.31,Grevenmacher,Betzdorf,Femmes,Salariés,580
2011.03.31,Grevenmacher,Betzdorf,Femmes,Non-salariés,40
2011.03.31,Grevenmacher,Betzdorf,Hommes,Salariés,670
2011.03.31,Grevenmacher,Betzdorf,Hommes,Non-salariés,80
2011.03.31,Grevenmacher,Biwer,Femmes,Salariés,270
2011.03.31,Grevenmacher,Biwer,Femmes,Non-salariés,30
2011.03.31,Grevenmacher,Biwer,Hommes,Salariés,370
2011.03.31,Grevenmacher,Biwer,Hommes,Non-salariés,50
2011.03.31,Grevenmacher,Flaxweiler,Femmes,Salariés,290
2011.03.31,Grevenmacher,Flaxweiler,Femmes,Non-salariés,40
2011.03.31,Grevenmacher,Flaxweiler,Hommes,Salariés,390
2011.03.31,Grevenmacher,Flaxweiler,Hommes,Non-salariés,60
2011.03.31,Grevenmacher,Grevenmacher,Femmes,Salariés,800
2011.03.31,Grevenmacher,Grevenmacher,Femmes,Non-salariés,50
2011.03.31,Grevenmacher,Grevenmacher,Hommes,Salariés,980
2011.03.31,Grevenmacher,Grevenmacher,Hommes,Non-salariés,90
2011.03.31,Grevenmacher,Junglinster,Femmes,Salariés,1070
2011.03.31,Grevenmacher,Junglinster,Femmes,Non-salariés,100
2011.03.31,Grevenmacher,Junglinster,Hommes,Salariés,1310
2011.03.31,Grevenmacher,Junglinster,Hommes,Non-salariés,170
2011.03.31,Grevenmacher,Manternach,Femmes,Salariés,280
2011.03.31,Grevenmacher,Manternach,Femmes,Non-salariés,30
2011.03.31,Grevenmacher,Manternach,Hommes,Salariés,370
2011.03.31,Grevenmacher,Manternach,Hommes,Non-salariés,50
2011.03.31,Grevenmacher,Mertert,Femmes,Salariés,660
2011.03.31,Grevenmacher,Mertert,Femmes,Non-salariés,50
2011.03.31,Grevenmacher,Mertert,Hommes,Salariés,820
2011.03.31,Grevenmacher,Mertert,Hommes,Non-salariés,90
2011.03.31,Grevenmacher,Wormeldange,Femmes,Salariés,410
2011.03.31,Grevenmacher,Wormeldange,Femmes,Non-salariés,60
2011.03.31,Grevenmacher,Wormeldange,Hommes,Salariés,540
2011.03.31,Grevenmacher,Wormeldange,Hommes,Non-salariés,120
2011.03.31,Luxembourg-Campagne,Bertrange,Femmes,Salariés,1010
2011.03.31,Luxembourg-Campagne,Bertrange,Femmes,Non-salariés,100
2011.03.31,Luxembourg-Campagne,Bertrange,Hommes,Salariés,1200
2011.03.31,Luxembourg-Campagne,Bertrange,Hommes,Non-salariés,200
2011.03.31,Luxembourg-Campagne,Contern,Femmes,Salariés,560
2011.03.31,Luxembourg-Campagne,Contern,Femmes,Non-salariés,60
2011.03.31,Luxembourg-Campagne,Contern,Hommes,Salariés,710
2011.03.31,Luxembourg-Campagne,Contern,Hommes,Non-salariés,100
2011.03.31,Luxembourg-Campagne,Hesperange,Femmes,Salariés,2390
2011.03.31,Luxembourg-Campagne,Hesperange,Femmes,Non-salariés,180
2011.03.31,Luxembourg-Campagne,Hesperange,Hommes,Salariés,2800
2011.03.31,Luxembourg-Campagne,Hesperange,Hommes,Non-salariés,320
2011.03.31,Luxembourg-Campagne,Niederanven,Femmes,Salariés,680
2011.03.31,Luxembourg-Campagne,Niederanven,Femmes,Non-salariés,100
2011.03.31,Luxembourg-Campagne,Niederanven,Hommes,Salariés,850
2011.03.31,Luxembourg-Campagne,Niederanven,Hommes,Non-salariés,170
2011.03.31,Luxembourg-Campagne,Sandweiler,Femmes,Salariés,510
2011.03.31,Luxembourg-Campagne,Sandweiler,Femmes,Non-salariés,50
2011.03.31,Luxembourg-Campagne,Sandweiler,Hommes,Salariés,660
2011.03.31,Luxembourg-Campagne,Sandweiler,Hommes,Non-salariés,70
2011.03.31,Luxembourg-Campagne,Schuttrange,Femmes,Salariés,520
2011.03.31,Luxembourg-Campagne,Schuttrange,Femmes,Non-salariés,50
2011.03.31,Luxembourg-Campagne,Schuttrange,Hommes,Salariés,650
2011.03.31,Luxembourg-Campagne,Schuttrange,Hommes,Non-salariés,90
2011.03.31,Luxembourg-Campagne,Steinsel,Femmes,Salariés,760
2011.03.31,Luxembourg-Campagne,Steinsel,Femmes,Non-salariés,70
2011.03.31,Luxembourg-Campagne,Steinsel,Hommes,Salariés,860
2011.03.31,Luxembourg-Campagne,Steinsel,Hommes,Non-salariés,140
2011.03.31,Luxembourg-Campagne,Strassen,Femmes,Salariés,1210
2011.03.31,Luxembourg-Campagne,Strassen,Femmes,Non-salariés,110
2011.03.31,Luxembourg-Campagne,Strassen,Hommes,Salariés,1440
2011.03.31,Luxembourg-Campagne,Strassen,Hommes,Non-salariés,180
2011.03.31,Luxembourg-Campagne,Walferdange,Femmes,Salariés,1240
2011.03.31,Luxembourg-Campagne,Walferdange,Femmes,Non-salariés,110
2011.03.31,Luxembourg-Campagne,Walferdange,Hommes,Salariés,1430
2011.03.31,Luxembourg-Campagne,Walferdange,Hommes,Non-salariés,150
2011.03.31,Luxembourg-Campagne,Weiler-la-Tour,Femmes,Salariés,350
2011.03.31,Luxembourg-Campagne,Weiler-la-Tour,Femmes,Non-salariés,30
2011.03.31,Luxembourg-Campagne,Weiler-la-Tour,Hommes,Salariés,390
2011.03.31,Luxembourg-Campagne,Weiler-la-Tour,Hommes,Non-salariés,60
2011.03.31,Luxembourg-Ville,Luxembourg,Femmes,Salariés,14430
2011.03.31,Luxembourg-Ville,Luxembourg,Femmes,Non-salariés,1330
2011.03.31,Luxembourg-Ville,Luxembourg,Hommes,Salariés,18440
2011.03.31,Luxembourg-Ville,Luxembourg,Hommes,Non-salariés,2250
2011.03.31,Mersch,Bissen,Femmes,Salariés,490
2011.03.31,Mersch,Bissen,Femmes,Non-salariés,30
2011.03.31,Mersch,Bissen,Hommes,Salariés,670
2011.03.31,Mersch,Bissen,Hommes,Non-salariés,50
2011.03.31,Mersch,Colmar-Berg,Femmes,Salariés,390
2011.03.31,Mersch,Colmar-Berg,Femmes,Non-salariés,20
2011.03.31,Mersch,Colmar-Berg,Hommes,Salariés,460
2011.03.31,Mersch,Colmar-Berg,Hommes,Non-salariés,20
2011.03.31,Mersch,Fischbach,Femmes,Salariés,160
2011.03.31,Mersch,Fischbach,Femmes,Non-salariés,20
2011.03.31,Mersch,Fischbach,Hommes,Salariés,220
2011.03.31,Mersch,Fischbach,Hommes,Non-salariés,30
2011.03.31,Mersch,Heffingen,Femmes,Salariés,200
2011.03.31,Mersch,Heffingen,Femmes,Non-salariés,20
2011.03.31,Mersch,Heffingen,Hommes,Salariés,220
2011.03.31,Mersch,Heffingen,Hommes,Non-salariés,40
2011.03.31,Mersch,Helperknapp,Femmes,Salariés,560
2011.03.31,Mersch,Helperknapp,Femmes,Non-salariés,50
2011.03.31,Mersch,Helperknapp,Hommes,Salariés,760
2011.03.31,Mersch,Helperknapp,Hommes,Non-salariés,100
2011.03.31,Mersch,Larochette,Femmes,Salariés,410
2011.03.31,Mersch,Larochette,Femmes,Non-salariés,20
2011.03.31,Mersch,Larochette,Hommes,Salariés,470
2011.03.31,Mersch,Larochette,Hommes,Non-salariés,50
2011.03.31,Mersch,Lintgen,Femmes,Salariés,500
2011.03.31,Mersch,Lintgen,Femmes,Non-salariés,30
2011.03.31,Mersch,Lintgen,Hommes,Salariés,660
2011.03.31,Mersch,Lintgen,Hommes,Non-salariés,40
2011.03.31,Mersch,Lorentzweiler,Femmes,Salariés,580
2011.03.31,Mersch,Lorentzweiler,Femmes,Non-salariés,30
2011.03.31,Mersch,Lorentzweiler,Hommes,Salariés,740
2011.03.31,Mersch,Lorentzweiler,Hommes,Non-salariés,80
2011.03.31,Mersch,Mersch,Femmes,Salariés,1460
2011.03.31,Mersch,Mersch,Femmes,Non-salariés,90
2011.03.31,Mersch,Mersch,Hommes,Salariés,1780
2011.03.31,Mersch,Mersch,Hommes,Non-salariés,160
2011.03.31,Mersch,Nommern,Femmes,Salariés,210
2011.03.31,Mersch,Nommern,Femmes,Non-salariés,30
2011.03.31,Mersch,Nommern,Hommes,Salariés,250
2011.03.31,Mersch,Nommern,Hommes,Non-salariés,50
2011.03.31,Non déterminé,Non déterminé,Femmes,Salariés,40
2011.03.31,Non déterminé,Non déterminé,Femmes,Non-salariés,0
2011.03.31,Non déterminé,Non déterminé,Hommes,Salariés,80
2011.03.31,Non déterminé,Non déterminé,Hommes,Non-salariés,10
2011.03.31,Redange,Beckerich,Femmes,Salariés,390
2011.03.31,Redange,Beckerich,Femmes,Non-salariés,30
2011.03.31,Redange,Beckerich,Hommes,Salariés,490
2011.03.31,Redange,Beckerich,Hommes,Non-salariés,60
2011.03.31,Redange,Ell,Femmes,Salariés,180
2011.03.31,Redange,Ell,Femmes,Non-salariés,30
2011.03.31,Redange,Ell,Hommes,Salariés,250
2011.03.31,Redange,Ell,Hommes,Non-salariés,40
2011.03.31,Redange,Groussbus-Wal,Femmes,Salariés,280
2011.03.31,Redange,Groussbus-Wal,Femmes,Non-salariés,50
2011.03.31,Redange,Groussbus-Wal,Hommes,Salariés,380
2011.03.31,Redange,Groussbus-Wal,Hommes,Non-salariés,70
2011.03.31,Redange,Préizerdaul,Femmes,Salariés,240
2011.03.31,Redange,Préizerdaul,Femmes,Non-salariés,30
2011.03.31,Redange,Préizerdaul,Hommes,Salariés,330
2011.03.31,Redange,Préizerdaul,Hommes,Non-salariés,30
2011.03.31,Redange,Rambrouch,Femmes,Salariés,550
2011.03.31,Redange,Rambrouch,Femmes,Non-salariés,90
2011.03.31,Redange,Rambrouch,Hommes,Salariés,790
2011.03.31,Redange,Rambrouch,Hommes,Non-salariés,150
2011.03.31,Redange,Redange/Attert,Femmes,Salariés,420
2011.03.31,Redange,Redange/Attert,Femmes,Non-salariés,60
2011.03.31,Redange,Redange/Attert,Hommes,Salariés,520
2011.03.31,Redange,Redange/Attert,Hommes,Non-salariés,80
2011.03.31,Redange,Saeul,Femmes,Salariés,110
2011.03.31,Redange,Saeul,Femmes,Non-salariés,10
2011.03.31,Redange,Saeul,Hommes,Salariés,140
2011.03.31,Redange,Saeul,Hommes,Non-salariés,30
2011.03.31,Redange,Useldange,Femmes,Salariés,300
2011.03.31,Redange,Useldange,Femmes,Non-salariés,20
2011.03.31,Redange,Useldange,Hommes,Salariés,340
2011.03.31,Redange,Useldange,Hommes,Non-salariés,40
2011.03.31,Redange,Vichten,Femmes,Salariés,190
2011.03.31,Redange,Vichten,Femmes,Non-salariés,20
2011.03.31,Redange,Vichten,Hommes,Salariés,250
2011.03.31,Redange,Vichten,Hommes,Non-salariés,30
2011.03.31,Remich,Bous-Waldbredimus,Femmes,Salariés,400
2011.03.31,Remich,Bous-Waldbredimus,Femmes,Non-salariés,50
2011.03.31,Remich,Bous-Waldbredimus,Hommes,Salariés,560
2011.03.31,Remich,Bous-Waldbredimus,Hommes,Non-salariés,80
2011.03.31,Remich,Dalheim,Femmes,Salariés,350
2011.03.31,Remich,Dalheim,Femmes,Non-salariés,20
2011.03.31,Remich,Dalheim,Hommes,Salariés,410
2011.03.31,Remich,Dalheim,Hommes,Non-salariés,60
2011.03.31,Remich,Lenningen,Femmes,Salariés,310
2011.03.31,Remich,Lenningen,Femmes,Non-salariés,20
2011.03.31,Remich,Lenningen,Hommes,Salariés,370
2011.03.31,Remich,Lenningen,Hommes,Non-salariés,40
2011.03.31,Remich,Mondorf-les-Bains,Femmes,Salariés,740
2011.03.31,Remich,Mondorf-les-Bains,Femmes,Non-salariés,70
2011.03.31,Remich,Mondorf-les-Bains,Hommes,Salariés,920
2011.03.31,Remich,Mondorf-les-Bains,Hommes,Non-salariés,130
2011.03.31,Remich,Remich,Femmes,Salariés,530
2011.03.31,Remich,Remich,Femmes,Non-salariés,50
2011.03.31,Remich,Remich,Hommes,Salariés,660
2011.03.31,Remich,Remich,Hommes,Non-salariés,100
2011.03.31,Remich,Schengen,Femmes,Salariés,740
2011.03.31,Remich,Schengen,Femmes,Non-salariés,110
2011.03.31,Remich,Schengen,Hommes,Salariés,900
2011.03.31,Remich,Schengen,Hommes,Non-salariés,190
2011.03.31,Remich,Stadtbredimus,Femmes,Salariés,290
2011.03.31,Remich,Stadtbredimus,Femmes,Non-salariés,40
2011.03.31,Remich,Stadtbredimus,Hommes,Salariés,380
2011.03.31,Remich,Stadtbredimus,Hommes,Non-salariés,50
2011.03.31,Vianden,Putscheid,Femmes,Salariés,160
2011.03.31,Vianden,Putscheid,Femmes,Non-salariés,10
2011.03.31,Vianden,Putscheid,Hommes,Salariés,230
2011.03.31,Vianden,Putscheid,Hommes,Non-salariés,30
2011.03.31,Vianden,Tandel,Femmes,Salariés,340
2011.03.31,Vianden,Tandel,Femmes,Non-salariés,40
2011.03.31,Vianden,Tandel,Hommes,Salariés,370
2011.03.31,Vianden,Tandel,Hommes,Non-salariés,60
2011.03.31,Vianden,Vianden,Femmes,Salariés,270
2011.03.31,Vianden,Vianden,Femmes,Non-salariés,40
2011.03.31,Vianden,Vianden,Hommes,Salariés,370
2011.03.31,Vianden,Vianden,Hommes,Non-salariés,40
2011.03.31,Wiltz,Boulaide,Femmes,Salariés,140
2011.03.31,Wiltz,Boulaide,Femmes,Non-salariés,20
2011.03.31,Wiltz,Boulaide,Hommes,Salariés,190
2011.03.31,Wiltz,Boulaide,Hommes,Non-salariés,30
2011.03.31,Wiltz,Esch-sur-Sûre,Femmes,Salariés,380
2011.03.31,Wiltz,Esch-sur-Sûre,Femmes,Non-salariés,50
2011.03.31,Wiltz,Esch-sur-Sûre,Hommes,Salariés,470
2011.03.31,Wiltz,Esch-sur-Sûre,Hommes,Non-salariés,80
2011.03.31,Wiltz,Goesdorf,Femmes,Salariés,220
2011.03.31,Wiltz,Goesdorf,Femmes,Non-salariés,30
2011.03.31,Wiltz,Goesdorf,Hommes,Salariés,300
2011.03.31,Wiltz,Goesdorf,Hommes,Non-salariés,40
2011.03.31,Wiltz,Kiischpelt,Femmes,Salariés,150
2011.03.31,Wiltz,Kiischpelt,Femmes,Non-salariés,20
2011.03.31,Wiltz,Kiischpelt,Hommes,Salariés,210
2011.03.31,Wiltz,Kiischpelt,Hommes,Non-salariés,30
2011.03.31,Wiltz,Lac de la Haute-Sûre,Femmes,Salariés,220
2011.03.31,Wiltz,Lac de la Haute-Sûre,Femmes,Non-salariés,30
2011.03.31,Wiltz,Lac de la Haute-Sûre,Hommes,Salariés,320
2011.03.31,Wiltz,Lac de la Haute-Sûre,Hommes,Non-salariés,60
2011.03.31,Wiltz,Wiltz,Femmes,Salariés,840
2011.03.31,Wiltz,Wiltz,Femmes,Non-salariés,70
2011.03.31,Wiltz,Wiltz,Hommes,Salariés,1150
2011.03.31,Wiltz,Wiltz,Hommes,Non-salariés,130
2011.03.31,Wiltz,Winseler,Femmes,Salariés,150
2011.03.31,Wiltz,Winseler,Femmes,Non-salariés,30
2011.03.31,Wiltz,Winseler,Hommes,Salariés,230
2011.03.31,Wiltz,Winseler,Hommes,Non-salariés,50
2011.09.30,Capellen,Dippach,Femmes,Salariés,630
2011.09.30,Capellen,Dippach,Femmes,Non-salariés,50
2011.09.30,Capellen,Dippach,Hommes,Salariés,820
2011.09.30,Capellen,Dippach,Hommes,Non-salariés,100
2011.09.30,Capellen,Garnich,Femmes,Salariés,340
2011.09.30,Capellen,Garnich,Femmes,Non-salariés,30
2011.09.30,Capellen,Garnich,Hommes,Salariés,410
2011.09.30,Capellen,Garnich,Hommes,Non-salariés,60
2011.09.30,Capellen,Habscht,Femmes,Salariés,640
2011.09.30,Capellen,Habscht,Femmes,Non-salariés,50
2011.09.30,Capellen,Habscht,Hommes,Salariés,910
2011.09.30,Capellen,Habscht,Hommes,Non-salariés,80
2011.09.30,Capellen,Käerjeng,Femmes,Salariés,1650
2011.09.30,Capellen,Käerjeng,Femmes,Non-salariés,120
2011.09.30,Capellen,Käerjeng,Hommes,Salariés,2090
2011.09.30,Capellen,Käerjeng,Hommes,Non-salariés,180
2011.09.30,Capellen,Kehlen,Femmes,Salariés,820
2011.09.30,Capellen,Kehlen,Femmes,Non-salariés,110
2011.09.30,Capellen,Kehlen,Hommes,Salariés,970
2011.09.30,Capellen,Kehlen,Hommes,Non-salariés,170
2011.09.30,Capellen,Koerich,Femmes,Salariés,380
2011.09.30,Capellen,Koerich,Femmes,Non-salariés,50
2011.09.30,Capellen,Koerich,Hommes,Salariés,480
2011.09.30,Capellen,Koerich,Hommes,Non-salariés,70
2011.09.30,Capellen,Kopstal,Femmes,Salariés,480
2011.09.30,Capellen,Kopstal,Femmes,Non-salariés,60
2011.09.30,Capellen,Kopstal,Hommes,Salariés,510
2011.09.30,Capellen,Kopstal,Hommes,Non-salariés,130
2011.09.30,Capellen,Mamer,Femmes,Salariés,1200
2011.09.30,Capellen,Mamer,Femmes,Non-salariés,110
2011.09.30,Capellen,Mamer,Hommes,Salariés,1370
2011.09.30,Capellen,Mamer,Hommes,Non-salariés,190
2011.09.30,Capellen,Steinfort,Femmes,Salariés,800
2011.09.30,Capellen,Steinfort,Femmes,Non-salariés,60
2011.09.30,Capellen,Steinfort,Hommes,Salariés,960
2011.09.30,Capellen,Steinfort,Hommes,Non-salariés,110
2011.09.30,Clervaux,Clervaux,Femmes,Salariés,750
2011.09.30,Clervaux,Clervaux,Femmes,Non-salariés,90
2011.09.30,Clervaux,Clervaux,Hommes,Salariés,1010
2011.09.30,Clervaux,Clervaux,Hommes,Non-salariés,150
2011.09.30,Clervaux,Parc Hosingen,Femmes,Salariés,540
2011.09.30,Clervaux,Parc Hosingen,Femmes,Non-salariés,60
2011.09.30,Clervaux,Parc Hosingen,Hommes,Salariés,660
2011.09.30,Clervaux,Parc Hosingen,Hommes,Non-salariés,100
2011.09.30,Clervaux,Troisvierges,Femmes,Salariés,450
2011.09.30,Clervaux,Troisvierges,Femmes,Non-salariés,60
2011.09.30,Clervaux,Troisvierges,Hommes,Salariés,660
2011.09.30,Clervaux,Troisvierges,Hommes,Non-salariés,100
2011.09.30,Clervaux,Weiswampach,Femmes,Salariés,230
2011.09.30,Clervaux,Weiswampach,Femmes,Non-salariés,40
2011.09.30,Clervaux,Weiswampach,Hommes,Salariés,330
2011.09.30,Clervaux,Weiswampach,Hommes,Non-salariés,70
2011.09.30,Clervaux,Wincrange,Femmes,Salariés,610
2011.09.30,Clervaux,Wincrange,Femmes,Non-salariés,130
2011.09.30,Clervaux,Wincrange,Hommes,Salariés,740
2011.09.30,Clervaux,Wincrange,Hommes,Non-salariés,240
2011.09.30,Diekirch,Bettendorf,Femmes,Salariés,440
2011.09.30,Diekirch,Bettendorf,Femmes,Non-salariés,30
2011.09.30,Diekirch,Bettendorf,Hommes,Salariés,560
2011.09.30,Diekirch,Bettendorf,Hommes,Non-salariés,60
2011.09.30,Diekirch,Bourscheid,Femmes,Salariés,240
2011.09.30,Diekirch,Bourscheid,Femmes,Non-salariés,30
2011.09.30,Diekirch,Bourscheid,Hommes,Salariés,330
2011.09.30,Diekirch,Bourscheid,Hommes,Non-salariés,50
2011.09.30,Diekirch,Diekirch,Femmes,Salariés,1060
2011.09.30,Diekirch,Diekirch,Femmes,Non-salariés,90
2011.09.30,Diekirch,Diekirch,Hommes,Salariés,1380
2011.09.30,Diekirch,Diekirch,Hommes,Non-salariés,110
2011.09.30,Diekirch,Erpeldange-sur-Sûre,Femmes,Salariés,400
2011.09.30,Diekirch,Erpeldange-sur-Sûre,Femmes,Non-salariés,30
2011.09.30,Diekirch,Erpeldange-sur-Sûre,Hommes,Salariés,500
2011.09.30,Diekirch,Erpeldange-sur-Sûre,Hommes,Non-salariés,50
2011.09.30,Diekirch,Ettelbruck,Femmes,Salariés,1420
2011.09.30,Diekirch,Ettelbruck,Femmes,Non-salariés,100
2011.09.30,Diekirch,Ettelbruck,Hommes,Salariés,1700
2011.09.30,Diekirch,Ettelbruck,Hommes,Non-salariés,150
2011.09.30,Diekirch,Feulen,Femmes,Salariés,290
2011.09.30,Diekirch,Feulen,Femmes,Non-salariés,20
2011.09.30,Diekirch,Feulen,Hommes,Salariés,360
2011.09.30,Diekirch,Feulen,Hommes,Non-salariés,40
2011.09.30,Diekirch,Mertzig,Femmes,Salariés,330
2011.09.30,Diekirch,Mertzig,Femmes,Non-salariés,30
2011.09.30,Diekirch,Mertzig,Hommes,Salariés,400
2011.09.30,Diekirch,Mertzig,Hommes,Non-salariés,30
2011.09.30,Diekirch,Reisdorf,Femmes,Salariés,170
2011.09.30,Diekirch,Reisdorf,Femmes,Non-salariés,20
2011.09.30,Diekirch,Reisdorf,Hommes,Salariés,260
2011.09.30,Diekirch,Reisdorf,Hommes,Non-salariés,30
2011.09.30,Diekirch,Schieren,Femmes,Salariés,300
2011.09.30,Diekirch,Schieren,Femmes,Non-salariés,10
2011.09.30,Diekirch,Schieren,Hommes,Salariés,330
2011.09.30,Diekirch,Schieren,Hommes,Non-salariés,30
2011.09.30,Diekirch,Vallée de l'Ernz,Femmes,Salariés,410
2011.09.30,Diekirch,Vallée de l'Ernz,Femmes,Non-salariés,50
2011.09.30,Diekirch,Vallée de l'Ernz,Hommes,Salariés,540
2011.09.30,Diekirch,Vallée de l'Ernz,Hommes,Non-salariés,80
2011.09.30,Echternach,Beaufort,Femmes,Salariés,390
2011.09.30,Echternach,Beaufort,Femmes,Non-salariés,40
2011.09.30,Echternach,Beaufort,Hommes,Salariés,530
2011.09.30,Echternach,Beaufort,Hommes,Non-salariés,40
2011.09.30,Echternach,Bech,Femmes,Salariés,180
2011.09.30,Echternach,Bech,Femmes,Non-salariés,20
2011.09.30,Echternach,Bech,Hommes,Salariés,230
2011.09.30,Echternach,Bech,Hommes,Non-salariés,30
2011.09.30,Echternach,Berdorf,Femmes,Salariés,250
2011.09.30,Echternach,Berdorf,Femmes,Non-salariés,30
2011.09.30,Echternach,Berdorf,Hommes,Salariés,340
2011.09.30,Echternach,Berdorf,Hommes,Non-salariés,40
2011.09.30,Echternach,Consdorf,Femmes,Salariés,310
2011.09.30,Echternach,Consdorf,Femmes,Non-salariés,30
2011.09.30,Echternach,Consdorf,Hommes,Salariés,380
2011.09.30,Echternach,Consdorf,Hommes,Non-salariés,50
2011.09.30,Echternach,Echternach,Femmes,Salariés,940
2011.09.30,Echternach,Echternach,Femmes,Non-salariés,70
2011.09.30,Echternach,Echternach,Hommes,Salariés,1140
2011.09.30,Echternach,Echternach,Hommes,Non-salariés,140
2011.09.30,Echternach,Rosport-Mompach,Femmes,Salariés,510
2011.09.30,Echternach,Rosport-Mompach,Femmes,Non-salariés,80
2011.09.30,Echternach,Rosport-Mompach,Hommes,Salariés,660
2011.09.30,Echternach,Rosport-Mompach,Hommes,Non-salariés,110
2011.09.30,Echternach,Waldbillig,Femmes,Salariés,250
2011.09.30,Echternach,Waldbillig,Femmes,Non-salariés,30
2011.09.30,Echternach,Waldbillig,Hommes,Salariés,320
2011.09.30,Echternach,Waldbillig,Hommes,Non-salariés,40
2011.09.30,Esch-Sur-Alzette,Bettembourg,Femmes,Salariés,1710
2011.09.30,Esch-Sur-Alzette,Bettembourg,Femmes,Non-salariés,100
2011.09.30,Esch-Sur-Alzette,Bettembourg,Hommes,Salariés,2070
2011.09.30,Esch-Sur-Alzette,Bettembourg,Hommes,Non-salariés,140
2011.09.30,Esch-Sur-Alzette,Differdange,Femmes,Salariés,3670
2011.09.30,Esch-Sur-Alzette,Differdange,Femmes,Non-salariés,180
2011.09.30,Esch-Sur-Alzette,Differdange,Hommes,Salariés,5070
2011.09.30,Esch-Sur-Alzette,Differdange,Hommes,Non-salariés,180
2011.09.30,Esch-Sur-Alzette,Dudelange,Femmes,Salariés,3260
2011.09.30,Esch-Sur-Alzette,Dudelange,Femmes,Non-salariés,190
2011.09.30,Esch-Sur-Alzette,Dudelange,Hommes,Salariés,4050
2011.09.30,Esch-Sur-Alzette,Dudelange,Hommes,Non-salariés,280
2011.09.30,Esch-Sur-Alzette,Esch-sur-Alzette,Femmes,Salariés,5030
2011.09.30,Esch-Sur-Alzette,Esch-sur-Alzette,Femmes,Non-salariés,250
2011.09.30,Esch-Sur-Alzette,Esch-sur-Alzette,Hommes,Salariés,6810
2011.09.30,Esch-Sur-Alzette,Esch-sur-Alzette,Hommes,Non-salariés,400
2011.09.30,Esch-Sur-Alzette,Frisange,Femmes,Salariés,740
2011.09.30,Esch-Sur-Alzette,Frisange,Femmes,Non-salariés,60
2011.09.30,Esch-Sur-Alzette,Frisange,Hommes,Salariés,870
2011.09.30,Esch-Sur-Alzette,Frisange,Hommes,Non-salariés,100
2011.09.30,Esch-Sur-Alzette,Kayl,Femmes,Salariés,1390
2011.09.30,Esch-Sur-Alzette,Kayl,Femmes,Non-salariés,70
2011.09.30,Esch-Sur-Alzette,Kayl,Hommes,Salariés,1830
2011.09.30,Esch-Sur-Alzette,Kayl,Hommes,Non-salariés,120
2011.09.30,Esch-Sur-Alzette,Leudelange,Femmes,Salariés,390
2011.09.30,Esch-Sur-Alzette,Leudelange,Femmes,Non-salariés,40
2011.09.30,Esch-Sur-Alzette,Leudelange,Hommes,Salariés,470
2011.09.30,Esch-Sur-Alzette,Leudelange,Hommes,Non-salariés,80
2011.09.30,Esch-Sur-Alzette,Mondercange,Femmes,Salariés,1060
2011.09.30,Esch-Sur-Alzette,Mondercange,Femmes,Non-salariés,90
2011.09.30,Esch-Sur-Alzette,Mondercange,Hommes,Salariés,1290
2011.09.30,Esch-Sur-Alzette,Mondercange,Hommes,Non-salariés,150
2011.09.30,Esch-Sur-Alzette,Pétange,Femmes,Salariés,2600
2011.09.30,Esch-Sur-Alzette,Pétange,Femmes,Non-salariés,140
2011.09.30,Esch-Sur-Alzette,Pétange,Hommes,Salariés,3530
2011.09.30,Esch-Sur-Alzette,Pétange,Hommes,Non-salariés,190
2011.09.30,Esch-Sur-Alzette,Reckange-sur-Mess,Femmes,Salariés,370
2011.09.30,Esch-Sur-Alzette,Reckange-sur-Mess,Femmes,Non-salariés,50
2011.09.30,Esch-Sur-Alzette,Reckange-sur-Mess,Hommes,Salariés,430
2011.09.30,Esch-Sur-Alzette,Reckange-sur-Mess,Hommes,Non-salariés,70
2011.09.30,Esch-Sur-Alzette,Roeser,Femmes,Salariés,1050
2011.09.30,Esch-Sur-Alzette,Roeser,Femmes,Non-salariés,80
2011.09.30,Esch-Sur-Alzette,Roeser,Hommes,Salariés,1220
2011.09.30,Esch-Sur-Alzette,Roeser,Hommes,Non-salariés,150
2011.09.30,Esch-Sur-Alzette,Rumelange,Femmes,Salariés,860
2011.09.30,Esch-Sur-Alzette,Rumelange,Femmes,Non-salariés,40
2011.09.30,Esch-Sur-Alzette,Rumelange,Hommes,Salariés,1050
2011.09.30,Esch-Sur-Alzette,Rumelange,Hommes,Non-salariés,50
2011.09.30,Esch-Sur-Alzette,Sanem,Femmes,Salariés,2530
2011.09.30,Esch-Sur-Alzette,Sanem,Femmes,Non-salariés,140
2011.09.30,Esch-Sur-Alzette,Sanem,Hommes,Salariés,3140
2011.09.30,Esch-Sur-Alzette,Sanem,Hommes,Non-salariés,210
2011.09.30,Esch-Sur-Alzette,Schifflange,Femmes,Salariés,1460
2011.09.30,Esch-Sur-Alzette,Schifflange,Femmes,Non-salariés,100
2011.09.30,Esch-Sur-Alzette,Schifflange,Hommes,Salariés,1820
2011.09.30,Esch-Sur-Alzette,Schifflange,Hommes,Non-salariés,110
2011.09.30,Grevenmacher,Betzdorf,Femmes,Salariés,580
2011.09.30,Grevenmacher,Betzdorf,Femmes,Non-salariés,40
2011.09.30,Grevenmacher,Betzdorf,Hommes,Salariés,680
2011.09.30,Grevenmacher,Betzdorf,Hommes,Non-salariés,80
2011.09.30,Grevenmacher,Biwer,Femmes,Salariés,280
2011.09.30,Grevenmacher,Biwer,Femmes,Non-salariés,30
2011.09.30,Grevenmacher,Biwer,Hommes,Salariés,370
2011.09.30,Grevenmacher,Biwer,Hommes,Non-salariés,50
2011.09.30,Grevenmacher,Flaxweiler,Femmes,Salariés,300
2011.09.30,Grevenmacher,Flaxweiler,Femmes,Non-salariés,40
2011.09.30,Grevenmacher,Flaxweiler,Hommes,Salariés,410
2011.09.30,Grevenmacher,Flaxweiler,Hommes,Non-salariés,60
2011.09.30,Grevenmacher,Grevenmacher,Femmes,Salariés,800
2011.09.30,Grevenmacher,Grevenmacher,Femmes,Non-salariés,60
2011.09.30,Grevenmacher,Grevenmacher,Hommes,Salariés,1000
2011.09.30,Grevenmacher,Grevenmacher,Hommes,Non-salariés,90
2011.09.30,Grevenmacher,Junglinster,Femmes,Salariés,1060
2011.09.30,Grevenmacher,Junglinster,Femmes,Non-salariés,100
2011.09.30,Grevenmacher,Junglinster,Hommes,Salariés,1330
2011.09.30,Grevenmacher,Junglinster,Hommes,Non-salariés,180
2011.09.30,Grevenmacher,Manternach,Femmes,Salariés,310
2011.09.30,Grevenmacher,Manternach,Femmes,Non-salariés,30
2011.09.30,Grevenmacher,Manternach,Hommes,Salariés,370
2011.09.30,Grevenmacher,Manternach,Hommes,Non-salariés,50
2011.09.30,Grevenmacher,Mertert,Femmes,Salariés,690
2011.09.30,Grevenmacher,Mertert,Femmes,Non-salariés,50
2011.09.30,Grevenmacher,Mertert,Hommes,Salariés,840
2011.09.30,Grevenmacher,Mertert,Hommes,Non-salariés,90
2011.09.30,Grevenmacher,Wormeldange,Femmes,Salariés,400
2011.09.30,Grevenmacher,Wormeldange,Femmes,Non-salariés,60
2011.09.30,Grevenmacher,Wormeldange,Hommes,Salariés,550
2011.09.30,Grevenmacher,Wormeldange,Hommes,Non-salariés,120
2011.09.30,Luxembourg-Campagne,Bertrange,Femmes,Salariés,1050
2011.09.30,Luxembourg-Campagne,Bertrange,Femmes,Non-salariés,110
2011.09.30,Luxembourg-Campagne,Bertrange,Hommes,Salariés,1220
2011.09.30,Luxembourg-Campagne,Bertrange,Hommes,Non-salariés,200
2011.09.30,Luxembourg-Campagne,Contern,Femmes,Salariés,570
2011.09.30,Luxembourg-Campagne,Contern,Femmes,Non-salariés,60
2011.09.30,Luxembourg-Campagne,Contern,Hommes,Salariés,720
2011.09.30,Luxembourg-Campagne,Contern,Hommes,Non-salariés,110
2011.09.30,Luxembourg-Campagne,Hesperange,Femmes,Salariés,2370
2011.09.30,Luxembourg-Campagne,Hesperange,Femmes,Non-salariés,190
2011.09.30,Luxembourg-Campagne,Hesperange,Hommes,Salariés,2830
2011.09.30,Luxembourg-Campagne,Hesperange,Hommes,Non-salariés,330
2011.09.30,Luxembourg-Campagne,Niederanven,Femmes,Salariés,680
2011.09.30,Luxembourg-Campagne,Niederanven,Femmes,Non-salariés,100
2011.09.30,Luxembourg-Campagne,Niederanven,Hommes,Salariés,870
2011.09.30,Luxembourg-Campagne,Niederanven,Hommes,Non-salariés,160
2011.09.30,Luxembourg-Campagne,Sandweiler,Femmes,Salariés,520
2011.09.30,Luxembourg-Campagne,Sandweiler,Femmes,Non-salariés,40
2011.09.30,Luxembourg-Campagne,Sandweiler,Hommes,Salariés,660
2011.09.30,Luxembourg-Campagne,Sandweiler,Hommes,Non-salariés,80
2011.09.30,Luxembourg-Campagne,Schuttrange,Femmes,Salariés,510
2011.09.30,Luxembourg-Campagne,Schuttrange,Femmes,Non-salariés,60
2011.09.30,Luxembourg-Campagne,Schuttrange,Hommes,Salariés,640
2011.09.30,Luxembourg-Campagne,Schuttrange,Hommes,Non-salariés,90
2011.09.30,Luxembourg-Campagne,Steinsel,Femmes,Salariés,760
2011.09.30,Luxembourg-Campagne,Steinsel,Femmes,Non-salariés,60
2011.09.30,Luxembourg-Campagne,Steinsel,Hommes,Salariés,850
2011.09.30,Luxembourg-Campagne,Steinsel,Hommes,Non-salariés,140
2011.09.30,Luxembourg-Campagne,Strassen,Femmes,Salariés,1230
2011.09.30,Luxembourg-Campagne,Strassen,Femmes,Non-salariés,110
2011.09.30,Luxembourg-Campagne,Strassen,Hommes,Salariés,1440
2011.09.30,Luxembourg-Campagne,Strassen,Hommes,Non-salariés,190
2011.09.30,Luxembourg-Campagne,Walferdange,Femmes,Salariés,1280
2011.09.30,Luxembourg-Campagne,Walferdange,Femmes,Non-salariés,110
2011.09.30,Luxembourg-Campagne,Walferdange,Hommes,Salariés,1470
2011.09.30,Luxembourg-Campagne,Walferdange,Hommes,Non-salariés,150
2011.09.30,Luxembourg-Campagne,Weiler-la-Tour,Femmes,Salariés,350
2011.09.30,Luxembourg-Campagne,Weiler-la-Tour,Femmes,Non-salariés,30
2011.09.30,Luxembourg-Campagne,Weiler-la-Tour,Hommes,Salariés,400
2011.09.30,Luxembourg-Campagne,Weiler-la-Tour,Hommes,Non-salariés,50
2011.09.30,Luxembourg-Ville,Luxembourg,Femmes,Salariés,14680
2011.09.30,Luxembourg-Ville,Luxembourg,Femmes,Non-salariés,1380
2011.09.30,Luxembourg-Ville,Luxembourg,Hommes,Salariés,18810
2011.09.30,Luxembourg-Ville,Luxembourg,Hommes,Non-salariés,2270
2011.09.30,Mersch,Bissen,Femmes,Salariés,510
2011.09.30,Mersch,Bissen,Femmes,Non-salariés,30
2011.09.30,Mersch,Bissen,Hommes,Salariés,670
2011.09.30,Mersch,Bissen,Hommes,Non-salariés,50
2011.09.30,Mersch,Colmar-Berg,Femmes,Salariés,390
2011.09.30,Mersch,Colmar-Berg,Femmes,Non-salariés,20
2011.09.30,Mersch,Colmar-Berg,Hommes,Salariés,490
2011.09.30,Mersch,Colmar-Berg,Hommes,Non-salariés,30
2011.09.30,Mersch,Fischbach,Femmes,Salariés,160
2011.09.30,Mersch,Fischbach,Femmes,Non-salariés,20
2011.09.30,Mersch,Fischbach,Hommes,Salariés,230
2011.09.30,Mersch,Fischbach,Hommes,Non-salariés,30
2011.09.30,Mersch,Heffingen,Femmes,Salariés,200
2011.09.30,Mersch,Heffingen,Femmes,Non-salariés,20
2011.09.30,Mersch,Heffingen,Hommes,Salariés,220
2011.09.30,Mersch,Heffingen,Hommes,Non-salariés,40
2011.09.30,Mersch,Helperknapp,Femmes,Salariés,580
2011.09.30,Mersch,Helperknapp,Femmes,Non-salariés,50
2011.09.30,Mersch,Helperknapp,Hommes,Salariés,760
2011.09.30,Mersch,Helperknapp,Hommes,Non-salariés,100
2011.09.30,Mersch,Larochette,Femmes,Salariés,410
2011.09.30,Mersch,Larochette,Femmes,Non-salariés,30
2011.09.30,Mersch,Larochette,Hommes,Salariés,470
2011.09.30,Mersch,Larochette,Hommes,Non-salariés,40
2011.09.30,Mersch,Lintgen,Femmes,Salariés,510
2011.09.30,Mersch,Lintgen,Femmes,Non-salariés,30
2011.09.30,Mersch,Lintgen,Hommes,Salariés,660
2011.09.30,Mersch,Lintgen,Hommes,Non-salariés,40
2011.09.30,Mersch,Lorentzweiler,Femmes,Salariés,600
2011.09.30,Mersch,Lorentzweiler,Femmes,Non-salariés,30
2011.09.30,Mersch,Lorentzweiler,Hommes,Salariés,730
2011.09.30,Mersch,Lorentzweiler,Hommes,Non-salariés,90
2011.09.30,Mersch,Mersch,Femmes,Salariés,1490
2011.09.30,Mersch,Mersch,Femmes,Non-salariés,90
2011.09.30,Mersch,Mersch,Hommes,Salariés,1810
2011.09.30,Mersch,Mersch,Hommes,Non-salariés,160
2011.09.30,Mersch,Nommern,Femmes,Salariés,210
2011.09.30,Mersch,Nommern,Femmes,Non-salariés,30
2011.09.30,Mersch,Nommern,Hommes,Salariés,260
2011.09.30,Mersch,Nommern,Hommes,Non-salariés,50
2011.09.30,Non déterminé,Non déterminé,Femmes,Salariés,50
2011.09.30,Non déterminé,Non déterminé,Femmes,Non-salariés,0
2011.09.30,Non déterminé,Non déterminé,Hommes,Salariés,70
2011.09.30,Non déterminé,Non déterminé,Hommes,Non-salariés,10
2011.09.30,Redange,Beckerich,Femmes,Salariés,400
2011.09.30,Redange,Beckerich,Femmes,Non-salariés,30
2011.09.30,Redange,Beckerich,Hommes,Salariés,510
2011.09.30,Redange,Beckerich,Hommes,Non-salariés,60
2011.09.30,Redange,Ell,Femmes,Salariés,190
2011.09.30,Redange,Ell,Femmes,Non-salariés,30
2011.09.30,Redange,Ell,Hommes,Salariés,260
2011.09.30,Redange,Ell,Hommes,Non-salariés,40
2011.09.30,Redange,Groussbus-Wal,Femmes,Salariés,280
2011.09.30,Redange,Groussbus-Wal,Femmes,Non-salariés,50
2011.09.30,Redange,Groussbus-Wal,Hommes,Salariés,390
2011.09.30,Redange,Groussbus-Wal,Hommes,Non-salariés,60
2011.09.30,Redange,Préizerdaul,Femmes,Salariés,260
2011.09.30,Redange,Préizerdaul,Femmes,Non-salariés,30
2011.09.30,Redange,Préizerdaul,Hommes,Salariés,330
2011.09.30,Redange,Préizerdaul,Hommes,Non-salariés,30
2011.09.30,Redange,Rambrouch,Femmes,Salariés,570
2011.09.30,Redange,Rambrouch,Femmes,Non-salariés,90
2011.09.30,Redange,Rambrouch,Hommes,Salariés,820
2011.09.30,Redange,Rambrouch,Hommes,Non-salariés,150
2011.09.30,Redange,Redange/Attert,Femmes,Salariés,430
2011.09.30,Redange,Redange/Attert,Femmes,Non-salariés,50
2011.09.30,Redange,Redange/Attert,Hommes,Salariés,520
2011.09.30,Redange,Redange/Attert,Hommes,Non-salariés,80
2011.09.30,Redange,Saeul,Femmes,Salariés,110
2011.09.30,Redange,Saeul,Femmes,Non-salariés,20
2011.09.30,Redange,Saeul,Hommes,Salariés,140
2011.09.30,Redange,Saeul,Hommes,Non-salariés,20
2011.09.30,Redange,Useldange,Femmes,Salariés,310
2011.09.30,Redange,Useldange,Femmes,Non-salariés,20
2011.09.30,Redange,Useldange,Hommes,Salariés,350
2011.09.30,Redange,Useldange,Hommes,Non-salariés,40
2011.09.30,Redange,Vichten,Femmes,Salariés,200
2011.09.30,Redange,Vichten,Femmes,Non-salariés,20
2011.09.30,Redange,Vichten,Hommes,Salariés,240
2011.09.30,Redange,Vichten,Hommes,Non-salariés,40
2011.09.30,Remich,Bous-Waldbredimus,Femmes,Salariés,420
2011.09.30,Remich,Bous-Waldbredimus,Femmes,Non-salariés,40
2011.09.30,Remich,Bous-Waldbredimus,Hommes,Salariés,570
2011.09.30,Remich,Bous-Waldbredimus,Hommes,Non-salariés,90
2011.09.30,Remich,Dalheim,Femmes,Salariés,350
2011.09.30,Remich,Dalheim,Femmes,Non-salariés,30
2011.09.30,Remich,Dalheim,Hommes,Salariés,420
2011.09.30,Remich,Dalheim,Hommes,Non-salariés,50
2011.09.30,Remich,Lenningen,Femmes,Salariés,320
2011.09.30,Remich,Lenningen,Femmes,Non-salariés,20
2011.09.30,Remich,Lenningen,Hommes,Salariés,380
2011.09.30,Remich,Lenningen,Hommes,Non-salariés,40
2011.09.30,Remich,Mondorf-les-Bains,Femmes,Salariés,730
2011.09.30,Remich,Mondorf-les-Bains,Femmes,Non-salariés,70
2011.09.30,Remich,Mondorf-les-Bains,Hommes,Salariés,960
2011.09.30,Remich,Mondorf-les-Bains,Hommes,Non-salariés,130
2011.09.30,Remich,Remich,Femmes,Salariés,540
2011.09.30,Remich,Remich,Femmes,Non-salariés,60
2011.09.30,Remich,Remich,Hommes,Salariés,690
2011.09.30,Remich,Remich,Hommes,Non-salariés,100
2011.09.30,Remich,Schengen,Femmes,Salariés,750
2011.09.30,Remich,Schengen,Femmes,Non-salariés,110
2011.09.30,Remich,Schengen,Hommes,Salariés,910
2011.09.30,Remich,Schengen,Hommes,Non-salariés,200
2011.09.30,Remich,Stadtbredimus,Femmes,Salariés,290
2011.09.30,Remich,Stadtbredimus,Femmes,Non-salariés,40
2011.09.30,Remich,Stadtbredimus,Hommes,Salariés,380
2011.09.30,Remich,Stadtbredimus,Hommes,Non-salariés,50
2011.09.30,Vianden,Putscheid,Femmes,Salariés,170
2011.09.30,Vianden,Putscheid,Femmes,Non-salariés,10
2011.09.30,Vianden,Putscheid,Hommes,Salariés,240
2011.09.30,Vianden,Putscheid,Hommes,Non-salariés,30
2011.09.30,Vianden,Tandel,Femmes,Salariés,350
2011.09.30,Vianden,Tandel,Femmes,Non-salariés,40
2011.09.30,Vianden,Tandel,Hommes,Salariés,380
2011.09.30,Vianden,Tandel,Hommes,Non-salariés,50
2011.09.30,Vianden,Vianden,Femmes,Salariés,300
2011.09.30,Vianden,Vianden,Femmes,Non-salariés,40
2011.09.30,Vianden,Vianden,Hommes,Salariés,400
2011.09.30,Vianden,Vianden,Hommes,Non-salariés,50
2011.09.30,Wiltz,Boulaide,Femmes,Salariés,140
2011.09.30,Wiltz,Boulaide,Femmes,Non-salariés,20
2011.09.30,Wiltz,Boulaide,Hommes,Salariés,200
2011.09.30,Wiltz,Boulaide,Hommes,Non-salariés,30
2011.09.30,Wiltz,Esch-sur-Sûre,Femmes,Salariés,380
2011.09.30,Wiltz,Esch-sur-Sûre,Femmes,Non-salariés,50
2011.09.30,Wiltz,Esch-sur-Sûre,Hommes,Salariés,480
2011.09.30,Wiltz,Esch-sur-Sûre,Hommes,Non-salariés,80
2011.09.30,Wiltz,Goesdorf,Femmes,Salariés,240
2011.09.30,Wiltz,Goesdorf,Femmes,Non-salariés,30
2011.09.30,Wiltz,Goesdorf,Hommes,Salariés,310
2011.09.30,Wiltz,Goesdorf,Hommes,Non-salariés,40
2011.09.30,Wiltz,Kiischpelt,Femmes,Salariés,160
2011.09.30,Wiltz,Kiischpelt,Femmes,Non-salariés,20
2011.09.30,Wiltz,Kiischpelt,Hommes,Salariés,220
2011.09.30,Wiltz,Kiischpelt,Hommes,Non-salariés,30
2011.09.30,Wiltz,Lac de la Haute-Sûre,Femmes,Salariés,220
2011.09.30,Wiltz,Lac de la Haute-Sûre,Femmes,Non-salariés,40
2011.09.30,Wiltz,Lac de la Haute-Sûre,Hommes,Salariés,340
2011.09.30,Wiltz,Lac de la Haute-Sûre,Hommes,Non-salariés,60
2011.09.30,Wiltz,Wiltz,Femmes,Salariés,880
2011.09.30,Wiltz,Wiltz,Femmes,Non-salariés,60
2011.09.30,Wiltz,Wiltz,Hommes,Salariés,1190
2011.09.30,Wiltz,Wiltz,Hommes,Non-salariés,130
2011.09.30,Wiltz,Winseler,Femmes,Salariés,160
2011.09.30,Wiltz,Winseler,Femmes,Non-salariés,20
2011.09.30,Wiltz,Winseler,Hommes,Salariés,220
2011.09.30,Wiltz,Winseler,Hommes,Non-salariés,50
2012.03.30,Capellen,Dippach,Femmes,Salariés,650
2012.03.30,Capellen,Dippach,Femmes,Non-salariés,50
2012.03.30,Capellen,Dippach,Hommes,Salariés,840
2012.03.30,Capellen,Dippach,Hommes,Non-salariés,100
2012.03.30,Capellen,Garnich,Femmes,Salariés,330
2012.03.30,Capellen,Garnich,Femmes,Non-salariés,30
2012.03.30,Capellen,Garnich,Hommes,Salariés,410
2012.03.30,Capellen,Garnich,Hommes,Non-salariés,50
2012.03.30,Capellen,Habscht,Femmes,Salariés,670
2012.03.30,Capellen,Habscht,Femmes,Non-salariés,50
2012.03.30,Capellen,Habscht,Hommes,Salariés,900
2012.03.30,Capellen,Habscht,Hommes,Non-salariés,90
2012.03.30,Capellen,Käerjeng,Femmes,Salariés,1670
2012.03.30,Capellen,Käerjeng,Femmes,Non-salariés,110
2012.03.30,Capellen,Käerjeng,Hommes,Salariés,2100
2012.03.30,Capellen,Käerjeng,Hommes,Non-salariés,190
2012.03.30,Capellen,Kehlen,Femmes,Salariés,820
2012.03.30,Capellen,Kehlen,Femmes,Non-salariés,110
2012.03.30,Capellen,Kehlen,Hommes,Salariés,990
2012.03.30,Capellen,Kehlen,Hommes,Non-salariés,170
2012.03.30,Capellen,Koerich,Femmes,Salariés,390
2012.03.30,Capellen,Koerich,Femmes,Non-salariés,50
2012.03.30,Capellen,Koerich,Hommes,Salariés,480
2012.03.30,Capellen,Koerich,Hommes,Non-salariés,60
2012.03.30,Capellen,Kopstal,Femmes,Salariés,490
2012.03.30,Capellen,Kopstal,Femmes,Non-salariés,60
2012.03.30,Capellen,Kopstal,Hommes,Salariés,510
2012.03.30,Capellen,Kopstal,Hommes,Non-salariés,120
2012.03.30,Capellen,Mamer,Femmes,Salariés,1230
2012.03.30,Capellen,Mamer,Femmes,Non-salariés,110
2012.03.30,Capellen,Mamer,Hommes,Salariés,1370
2012.03.30,Capellen,Mamer,Hommes,Non-salariés,200
2012.03.30,Capellen,Steinfort,Femmes,Salariés,830
2012.03.30,Capellen,Steinfort,Femmes,Non-salariés,60
2012.03.30,Capellen,Steinfort,Hommes,Salariés,970
2012.03.30,Capellen,Steinfort,Hommes,Non-salariés,110
2012.03.30,Clervaux,Clervaux,Femmes,Salariés,770
2012.03.30,Clervaux,Clervaux,Femmes,Non-salariés,90
2012.03.30,Clervaux,Clervaux,Hommes,Salariés,1010
2012.03.30,Clervaux,Clervaux,Hommes,Non-salariés,150
2012.03.30,Clervaux,Parc Hosingen,Femmes,Salariés,530
2012.03.30,Clervaux,Parc Hosingen,Femmes,Non-salariés,70
2012.03.30,Clervaux,Parc Hosingen,Hommes,Salariés,680
2012.03.30,Clervaux,Parc Hosingen,Hommes,Non-salariés,90
2012.03.30,Clervaux,Troisvierges,Femmes,Salariés,470
2012.03.30,Clervaux,Troisvierges,Femmes,Non-salariés,60
2012.03.30,Clervaux,Troisvierges,Hommes,Salariés,650
2012.03.30,Clervaux,Troisvierges,Hommes,Non-salariés,100
2012.03.30,Clervaux,Weiswampach,Femmes,Salariés,240
2012.03.30,Clervaux,Weiswampach,Femmes,Non-salariés,30
2012.03.30,Clervaux,Weiswampach,Hommes,Salariés,330
2012.03.30,Clervaux,Weiswampach,Hommes,Non-salariés,80
2012.03.30,Clervaux,Wincrange,Femmes,Salariés,600
2012.03.30,Clervaux,Wincrange,Femmes,Non-salariés,130
2012.03.30,Clervaux,Wincrange,Hommes,Salariés,740
2012.03.30,Clervaux,Wincrange,Hommes,Non-salariés,230
2012.03.30,Diekirch,Bettendorf,Femmes,Salariés,450
2012.03.30,Diekirch,Bettendorf,Femmes,Non-salariés,40
2012.03.30,Diekirch,Bettendorf,Hommes,Salariés,560
2012.03.30,Diekirch,Bettendorf,Hommes,Non-salariés,50
2012.03.30,Diekirch,Bourscheid,Femmes,Salariés,250
2012.03.30,Diekirch,Bourscheid,Femmes,Non-salariés,30
2012.03.30,Diekirch,Bourscheid,Hommes,Salariés,330
2012.03.30,Diekirch,Bourscheid,Hommes,Non-salariés,50
2012.03.30,Diekirch,Diekirch,Femmes,Salariés,1060
2012.03.30,Diekirch,Diekirch,Femmes,Non-salariés,80
2012.03.30,Diekirch,Diekirch,Hommes,Salariés,1340
2012.03.30,Diekirch,Diekirch,Hommes,Non-salariés,120
2012.03.30,Diekirch,Erpeldange-sur-Sûre,Femmes,Salariés,400
2012.03.30,Diekirch,Erpeldange-sur-Sûre,Femmes,Non-salariés,40
2012.03.30,Diekirch,Erpeldange-sur-Sûre,Hommes,Salariés,490
2012.03.30,Diekirch,Erpeldange-sur-Sûre,Hommes,Non-salariés,50
2012.03.30,Diekirch,Ettelbruck,Femmes,Salariés,1430
2012.03.30,Diekirch,Ettelbruck,Femmes,Non-salariés,100
2012.03.30,Diekirch,Ettelbruck,Hommes,Salariés,1670
2012.03.30,Diekirch,Ettelbruck,Hommes,Non-salariés,150
2012.03.30,Diekirch,Feulen,Femmes,Salariés,300
2012.03.30,Diekirch,Feulen,Femmes,Non-salariés,20
2012.03.30,Diekirch,Feulen,Hommes,Salariés,360
2012.03.30,Diekirch,Feulen,Hommes,Non-salariés,40
2012.03.30,Diekirch,Mertzig,Femmes,Salariés,340
2012.03.30,Diekirch,Mertzig,Femmes,Non-salariés,30
2012.03.30,Diekirch,Mertzig,Hommes,Salariés,410
2012.03.30,Diekirch,Mertzig,Hommes,Non-salariés,30
2012.03.30,Diekirch,Reisdorf,Femmes,Salariés,180
2012.03.30,Diekirch,Reisdorf,Femmes,Non-salariés,20
2012.03.30,Diekirch,Reisdorf,Hommes,Salariés,260
2012.03.30,Diekirch,Reisdorf,Hommes,Non-salariés,30
2012.03.30,Diekirch,Schieren,Femmes,Salariés,320
2012.03.30,Diekirch,Schieren,Femmes,Non-salariés,10
2012.03.30,Diekirch,Schieren,Hommes,Salariés,370
2012.03.30,Diekirch,Schieren,Hommes,Non-salariés,20
2012.03.30,Diekirch,Vallée de l'Ernz,Femmes,Salariés,420
2012.03.30,Diekirch,Vallée de l'Ernz,Femmes,Non-salariés,50
2012.03.30,Diekirch,Vallée de l'Ernz,Hommes,Salariés,540
2012.03.30,Diekirch,Vallée de l'Ernz,Hommes,Non-salariés,80
2012.03.30,Echternach,Beaufort,Femmes,Salariés,390
2012.03.30,Echternach,Beaufort,Femmes,Non-salariés,40
2012.03.30,Echternach,Beaufort,Hommes,Salariés,510
2012.03.30,Echternach,Beaufort,Hommes,Non-salariés,40
2012.03.30,Echternach,Bech,Femmes,Salariés,190
2012.03.30,Echternach,Bech,Femmes,Non-salariés,20
2012.03.30,Echternach,Bech,Hommes,Salariés,230
2012.03.30,Echternach,Bech,Hommes,Non-salariés,30
2012.03.30,Echternach,Berdorf,Femmes,Salariés,250
2012.03.30,Echternach,Berdorf,Femmes,Non-salariés,30
2012.03.30,Echternach,Berdorf,Hommes,Salariés,330
2012.03.30,Echternach,Berdorf,Hommes,Non-salariés,40
2012.03.30,Echternach,Consdorf,Femmes,Salariés,320
2012.03.30,Echternach,Consdorf,Femmes,Non-salariés,30
2012.03.30,Echternach,Consdorf,Hommes,Salariés,370
2012.03.30,Echternach,Consdorf,Hommes,Non-salariés,60
2012.03.30,Echternach,Echternach,Femmes,Salariés,930
2012.03.30,Echternach,Echternach,Femmes,Non-salariés,70
2012.03.30,Echternach,Echternach,Hommes,Salariés,1120
2012.03.30,Echternach,Echternach,Hommes,Non-salariés,130
2012.03.30,Echternach,Rosport-Mompach,Femmes,Salariés,520
2012.03.30,Echternach,Rosport-Mompach,Femmes,Non-salariés,80
2012.03.30,Echternach,Rosport-Mompach,Hommes,Salariés,660
2012.03.30,Echternach,Rosport-Mompach,Hommes,Non-salariés,110
2012.03.30,Echternach,Waldbillig,Femmes,Salariés,250
2012.03.30,Echternach,Waldbillig,Femmes,Non-salariés,30
2012.03.30,Echternach,Waldbillig,Hommes,Salariés,320
2012.03.30,Echternach,Waldbillig,Hommes,Non-salariés,40
2012.03.30,Esch-Sur-Alzette,Bettembourg,Femmes,Salariés,1740
2012.03.30,Esch-Sur-Alzette,Bettembourg,Femmes,Non-salariés,110
2012.03.30,Esch-Sur-Alzette,Bettembourg,Hommes,Salariés,2050
2012.03.30,Esch-Sur-Alzette,Bettembourg,Hommes,Non-salariés,140
2012.03.30,Esch-Sur-Alzette,Differdange,Femmes,Salariés,3790
2012.03.30,Esch-Sur-Alzette,Differdange,Femmes,Non-salariés,200
2012.03.30,Esch-Sur-Alzette,Differdange,Hommes,Salariés,5020
2012.03.30,Esch-Sur-Alzette,Differdange,Hommes,Non-salariés,180
2012.03.30,Esch-Sur-Alzette,Dudelange,Femmes,Salariés,3310
2012.03.30,Esch-Sur-Alzette,Dudelange,Femmes,Non-salariés,180
2012.03.30,Esch-Sur-Alzette,Dudelange,Hommes,Salariés,4010
2012.03.30,Esch-Sur-Alzette,Dudelange,Hommes,Non-salariés,290
2012.03.30,Esch-Sur-Alzette,Esch-sur-Alzette,Femmes,Salariés,5160
2012.03.30,Esch-Sur-Alzette,Esch-sur-Alzette,Femmes,Non-salariés,260
2012.03.30,Esch-Sur-Alzette,Esch-sur-Alzette,Hommes,Salariés,6770
2012.03.30,Esch-Sur-Alzette,Esch-sur-Alzette,Hommes,Non-salariés,380
2012.03.30,Esch-Sur-Alzette,Frisange,Femmes,Salariés,750
2012.03.30,Esch-Sur-Alzette,Frisange,Femmes,Non-salariés,50
2012.03.30,Esch-Sur-Alzette,Frisange,Hommes,Salariés,880
2012.03.30,Esch-Sur-Alzette,Frisange,Hommes,Non-salariés,100
2012.03.30,Esch-Sur-Alzette,Kayl,Femmes,Salariés,1440
2012.03.30,Esch-Sur-Alzette,Kayl,Femmes,Non-salariés,80
2012.03.30,Esch-Sur-Alzette,Kayl,Hommes,Salariés,1830
2012.03.30,Esch-Sur-Alzette,Kayl,Hommes,Non-salariés,120
2012.03.30,Esch-Sur-Alzette,Leudelange,Femmes,Salariés,410
2012.03.30,Esch-Sur-Alzette,Leudelange,Femmes,Non-salariés,40
2012.03.30,Esch-Sur-Alzette,Leudelange,Hommes,Salariés,480
2012.03.30,Esch-Sur-Alzette,Leudelange,Hommes,Non-salariés,80
2012.03.30,Esch-Sur-Alzette,Mondercange,Femmes,Salariés,1080
2012.03.30,Esch-Sur-Alzette,Mondercange,Femmes,Non-salariés,90
2012.03.30,Esch-Sur-Alzette,Mondercange,Hommes,Salariés,1320
2012.03.30,Esch-Sur-Alzette,Mondercange,Hommes,Non-salariés,150
2012.03.30,Esch-Sur-Alzette,Pétange,Femmes,Salariés,2680
2012.03.30,Esch-Sur-Alzette,Pétange,Femmes,Non-salariés,130
2012.03.30,Esch-Sur-Alzette,Pétange,Hommes,Salariés,3540
2012.03.30,Esch-Sur-Alzette,Pétange,Hommes,Non-salariés,180
2012.03.30,Esch-Sur-Alzette,Reckange-sur-Mess,Femmes,Salariés,390
2012.03.30,Esch-Sur-Alzette,Reckange-sur-Mess,Femmes,Non-salariés,50
2012.03.30,Esch-Sur-Alzette,Reckange-sur-Mess,Hommes,Salariés,430
2012.03.30,Esch-Sur-Alzette,Reckange-sur-Mess,Hommes,Non-salariés,80
2012.03.30,Esch-Sur-Alzette,Roeser,Femmes,Salariés,1080
2012.03.30,Esch-Sur-Alzette,Roeser,Femmes,Non-salariés,80
2012.03.30,Esch-Sur-Alzette,Roeser,Hommes,Salariés,1240
2012.03.30,Esch-Sur-Alzette,Roeser,Hommes,Non-salariés,140
2012.03.30,Esch-Sur-Alzette,Rumelange,Femmes,Salariés,860
2012.03.30,Esch-Sur-Alzette,Rumelange,Femmes,Non-salariés,40
2012.03.30,Esch-Sur-Alzette,Rumelange,Hommes,Salariés,1050
2012.03.30,Esch-Sur-Alzette,Rumelange,Hommes,Non-salariés,50
2012.03.30,Esch-Sur-Alzette,Sanem,Femmes,Salariés,2590
2012.03.30,Esch-Sur-Alzette,Sanem,Femmes,Non-salariés,150
2012.03.30,Esch-Sur-Alzette,Sanem,Hommes,Salariés,3140
2012.03.30,Esch-Sur-Alzette,Sanem,Hommes,Non-salariés,210
2012.03.30,Esch-Sur-Alzette,Schifflange,Femmes,Salariés,1520
2012.03.30,Esch-Sur-Alzette,Schifflange,Femmes,Non-salariés,90
2012.03.30,Esch-Sur-Alzette,Schifflange,Hommes,Salariés,1820
2012.03.30,Esch-Sur-Alzette,Schifflange,Hommes,Non-salariés,110
2012.03.30,Grevenmacher,Betzdorf,Femmes,Salariés,590
2012.03.30,Grevenmacher,Betzdorf,Femmes,Non-salariés,40
2012.03.30,Grevenmacher,Betzdorf,Hommes,Salariés,700
2012.03.30,Grevenmacher,Betzdorf,Hommes,Non-salariés,90
2012.03.30,Grevenmacher,Biwer,Femmes,Salariés,280
2012.03.30,Grevenmacher,Biwer,Femmes,Non-salariés,30
2012.03.30,Grevenmacher,Biwer,Hommes,Salariés,360
2012.03.30,Grevenmacher,Biwer,Hommes,Non-salariés,50
2012.03.30,Grevenmacher,Flaxweiler,Femmes,Salariés,320
2012.03.30,Grevenmacher,Flaxweiler,Femmes,Non-salariés,40
2012.03.30,Grevenmacher,Flaxweiler,Hommes,Salariés,410
2012.03.30,Grevenmacher,Flaxweiler,Hommes,Non-salariés,60
2012.03.30,Grevenmacher,Grevenmacher,Femmes,Salariés,800
2012.03.30,Grevenmacher,Grevenmacher,Femmes,Non-salariés,60
2012.03.30,Grevenmacher,Grevenmacher,Hommes,Salariés,990
2012.03.30,Grevenmacher,Grevenmacher,Hommes,Non-salariés,80
2012.03.30,Grevenmacher,Junglinster,Femmes,Salariés,1090
2012.03.30,Grevenmacher,Junglinster,Femmes,Non-salariés,100
2012.03.30,Grevenmacher,Junglinster,Hommes,Salariés,1310
2012.03.30,Grevenmacher,Junglinster,Hommes,Non-salariés,180
2012.03.30,Grevenmacher,Manternach,Femmes,Salariés,310
2012.03.30,Grevenmacher,Manternach,Femmes,Non-salariés,30
2012.03.30,Grevenmacher,Manternach,Hommes,Salariés,370
2012.03.30,Grevenmacher,Manternach,Hommes,Non-salariés,50
2012.03.30,Grevenmacher,Mertert,Femmes,Salariés,700
2012.03.30,Grevenmacher,Mertert,Femmes,Non-salariés,50
2012.03.30,Grevenmacher,Mertert,Hommes,Salariés,850
2012.03.30,Grevenmacher,Mertert,Hommes,Non-salariés,100
2012.03.30,Grevenmacher,Wormeldange,Femmes,Salariés,420
2012.03.30,Grevenmacher,Wormeldange,Femmes,Non-salariés,60
2012.03.30,Grevenmacher,Wormeldange,Hommes,Salariés,550
2012.03.30,Grevenmacher,Wormeldange,Hommes,Non-salariés,110
2012.03.30,Luxembourg-Campagne,Bertrange,Femmes,Salariés,1050
2012.03.30,Luxembourg-Campagne,Bertrange,Femmes,Non-salariés,100
2012.03.30,Luxembourg-Campagne,Bertrange,Hommes,Salariés,1250
2012.03.30,Luxembourg-Campagne,Bertrange,Hommes,Non-salariés,200
2012.03.30,Luxembourg-Campagne,Contern,Femmes,Salariés,590
2012.03.30,Luxembourg-Campagne,Contern,Femmes,Non-salariés,60
2012.03.30,Luxembourg-Campagne,Contern,Hommes,Salariés,720
2012.03.30,Luxembourg-Campagne,Contern,Hommes,Non-salariés,100
2012.03.30,Luxembourg-Campagne,Hesperange,Femmes,Salariés,2440
2012.03.30,Luxembourg-Campagne,Hesperange,Femmes,Non-salariés,200
2012.03.30,Luxembourg-Campagne,Hesperange,Hommes,Salariés,2880
2012.03.30,Luxembourg-Campagne,Hesperange,Hommes,Non-salariés,320
2012.03.30,Luxembourg-Campagne,Niederanven,Femmes,Salariés,700
2012.03.30,Luxembourg-Campagne,Niederanven,Femmes,Non-salariés,100
2012.03.30,Luxembourg-Campagne,Niederanven,Hommes,Salariés,860
2012.03.30,Luxembourg-Campagne,Niederanven,Hommes,Non-salariés,160
2012.03.30,Luxembourg-Campagne,Sandweiler,Femmes,Salariés,530
2012.03.30,Luxembourg-Campagne,Sandweiler,Femmes,Non-salariés,50
2012.03.30,Luxembourg-Campagne,Sandweiler,Hommes,Salariés,680
2012.03.30,Luxembourg-Campagne,Sandweiler,Hommes,Non-salariés,80
2012.03.30,Luxembourg-Campagne,Schuttrange,Femmes,Salariés,520
2012.03.30,Luxembourg-Campagne,Schuttrange,Femmes,Non-salariés,60
2012.03.30,Luxembourg-Campagne,Schuttrange,Hommes,Salariés,650
2012.03.30,Luxembourg-Campagne,Schuttrange,Hommes,Non-salariés,100
2012.03.30,Luxembourg-Campagne,Steinsel,Femmes,Salariés,760
2012.03.30,Luxembourg-Campagne,Steinsel,Femmes,Non-salariés,60
2012.03.30,Luxembourg-Campagne,Steinsel,Hommes,Salariés,860
2012.03.30,Luxembourg-Campagne,Steinsel,Hommes,Non-salariés,140
2012.03.30,Luxembourg-Campagne,Strassen,Femmes,Salariés,1230
2012.03.30,Luxembourg-Campagne,Strassen,Femmes,Non-salariés,120
2012.03.30,Luxembourg-Campagne,Strassen,Hommes,Salariés,1480
2012.03.30,Luxembourg-Campagne,Strassen,Hommes,Non-salariés,190
2012.03.30,Luxembourg-Campagne,Walferdange,Femmes,Salariés,1300
2012.03.30,Luxembourg-Campagne,Walferdange,Femmes,Non-salariés,110
2012.03.30,Luxembourg-Campagne,Walferdange,Hommes,Salariés,1470
2012.03.30,Luxembourg-Campagne,Walferdange,Hommes,Non-salariés,160
2012.03.30,Luxembourg-Campagne,Weiler-la-Tour,Femmes,Salariés,350
2012.03.30,Luxembourg-Campagne,Weiler-la-Tour,Femmes,Non-salariés,40
2012.03.30,Luxembourg-Campagne,Weiler-la-Tour,Hommes,Salariés,420
2012.03.30,Luxembourg-Campagne,Weiler-la-Tour,Hommes,Non-salariés,50
2012.03.30,Luxembourg-Ville,Luxembourg,Femmes,Salariés,15170
2012.03.30,Luxembourg-Ville,Luxembourg,Femmes,Non-salariés,1400
2012.03.30,Luxembourg-Ville,Luxembourg,Hommes,Salariés,19020
2012.03.30,Luxembourg-Ville,Luxembourg,Hommes,Non-salariés,2310
2012.03.30,Mersch,Bissen,Femmes,Salariés,520
2012.03.30,Mersch,Bissen,Femmes,Non-salariés,30
2012.03.30,Mersch,Bissen,Hommes,Salariés,670
2012.03.30,Mersch,Bissen,Hommes,Non-salariés,50
2012.03.30,Mersch,Colmar-Berg,Femmes,Salariés,390
2012.03.30,Mersch,Colmar-Berg,Femmes,Non-salariés,20
2012.03.30,Mersch,Colmar-Berg,Hommes,Salariés,470
2012.03.30,Mersch,Colmar-Berg,Hommes,Non-salariés,30
2012.03.30,Mersch,Fischbach,Femmes,Salariés,180
2012.03.30,Mersch,Fischbach,Femmes,Non-salariés,20
2012.03.30,Mersch,Fischbach,Hommes,Salariés,230
2012.03.30,Mersch,Fischbach,Hommes,Non-salariés,30
2012.03.30,Mersch,Heffingen,Femmes,Salariés,200
2012.03.30,Mersch,Heffingen,Femmes,Non-salariés,20
2012.03.30,Mersch,Heffingen,Hommes,Salariés,230
2012.03.30,Mersch,Heffingen,Hommes,Non-salariés,40
2012.03.30,Mersch,Helperknapp,Femmes,Salariés,590
2012.03.30,Mersch,Helperknapp,Femmes,Non-salariés,50
2012.03.30,Mersch,Helperknapp,Hommes,Salariés,770
2012.03.30,Mersch,Helperknapp,Hommes,Non-salariés,100
2012.03.30,Mersch,Larochette,Femmes,Salariés,400
2012.03.30,Mersch,Larochette,Femmes,Non-salariés,30
2012.03.30,Mersch,Larochette,Hommes,Salariés,480
2012.03.30,Mersch,Larochette,Hommes,Non-salariés,40
2012.03.30,Mersch,Lintgen,Femmes,Salariés,530
2012.03.30,Mersch,Lintgen,Femmes,Non-salariés,30
2012.03.30,Mersch,Lintgen,Hommes,Salariés,650
2012.03.30,Mersch,Lintgen,Hommes,Non-salariés,40
2012.03.30,Mersch,Lorentzweiler,Femmes,Salariés,600
2012.03.30,Mersch,Lorentzweiler,Femmes,Non-salariés,30
2012.03.30,Mersch,Lorentzweiler,Hommes,Salariés,730
2012.03.30,Mersch,Lorentzweiler,Hommes,Non-salariés,80
2012.03.30,Mersch,Mersch,Femmes,Salariés,1540
2012.03.30,Mersch,Mersch,Femmes,Non-salariés,90
2012.03.30,Mersch,Mersch,Hommes,Salariés,1820
2012.03.30,Mersch,Mersch,Hommes,Non-salariés,150
2012.03.30,Mersch,Nommern,Femmes,Salariés,220
2012.03.30,Mersch,Nommern,Femmes,Non-salariés,30
2012.03.30,Mersch,Nommern,Hommes,Salariés,250
2012.03.30,Mersch,Nommern,Hommes,Non-salariés,50
2012.03.30,Non déterminé,Non déterminé,Femmes,Salariés,40
2012.03.30,Non déterminé,Non déterminé,Femmes,Non-salariés,0
2012.03.30,Non déterminé,Non déterminé,Hommes,Salariés,80
2012.03.30,Non déterminé,Non déterminé,Hommes,Non-salariés,10
2012.03.30,Redange,Beckerich,Femmes,Salariés,400
2012.03.30,Redange,Beckerich,Femmes,Non-salariés,30
2012.03.30,Redange,Beckerich,Hommes,Salariés,510
2012.03.30,Redange,Beckerich,Hommes,Non-salariés,60
2012.03.30,Redange,Ell,Femmes,Salariés,180
2012.03.30,Redange,Ell,Femmes,Non-salariés,40
2012.03.30,Redange,Ell,Hommes,Salariés,250
2012.03.30,Redange,Ell,Hommes,Non-salariés,40
2012.03.30,Redange,Groussbus-Wal,Femmes,Salariés,280
2012.03.30,Redange,Groussbus-Wal,Femmes,Non-salariés,40
2012.03.30,Redange,Groussbus-Wal,Hommes,Salariés,390
2012.03.30,Redange,Groussbus-Wal,Hommes,Non-salariés,60
2012.03.30,Redange,Préizerdaul,Femmes,Salariés,270
2012.03.30,Redange,Préizerdaul,Femmes,Non-salariés,30
2012.03.30,Redange,Préizerdaul,Hommes,Salariés,340
2012.03.30,Redange,Préizerdaul,Hommes,Non-salariés,30
2012.03.30,Redange,Rambrouch,Femmes,Salariés,570
2012.03.30,Redange,Rambrouch,Femmes,Non-salariés,90
2012.03.30,Redange,Rambrouch,Hommes,Salariés,820
2012.03.30,Redange,Rambrouch,Hommes,Non-salariés,140
2012.03.30,Redange,Redange/Attert,Femmes,Salariés,430
2012.03.30,Redange,Redange/Attert,Femmes,Non-salariés,50
2012.03.30,Redange,Redange/Attert,Hommes,Salariés,530
2012.03.30,Redange,Redange/Attert,Hommes,Non-salariés,80
2012.03.30,Redange,Saeul,Femmes,Salariés,120
2012.03.30,Redange,Saeul,Femmes,Non-salariés,10
2012.03.30,Redange,Saeul,Hommes,Salariés,150
2012.03.30,Redange,Saeul,Hommes,Non-salariés,20
2012.03.30,Redange,Useldange,Femmes,Salariés,330
2012.03.30,Redange,Useldange,Femmes,Non-salariés,20
2012.03.30,Redange,Useldange,Hommes,Salariés,340
2012.03.30,Redange,Useldange,Hommes,Non-salariés,50
2012.03.30,Redange,Vichten,Femmes,Salariés,200
2012.03.30,Redange,Vichten,Femmes,Non-salariés,20
2012.03.30,Redange,Vichten,Hommes,Salariés,250
2012.03.30,Redange,Vichten,Hommes,Non-salariés,30
2012.03.30,Remich,Bous-Waldbredimus,Femmes,Salariés,440
2012.03.30,Remich,Bous-Waldbredimus,Femmes,Non-salariés,50
2012.03.30,Remich,Bous-Waldbredimus,Hommes,Salariés,580
2012.03.30,Remich,Bous-Waldbredimus,Hommes,Non-salariés,80
2012.03.30,Remich,Dalheim,Femmes,Salariés,370
2012.03.30,Remich,Dalheim,Femmes,Non-salariés,20
2012.03.30,Remich,Dalheim,Hommes,Salariés,410
2012.03.30,Remich,Dalheim,Hommes,Non-salariés,60
2012.03.30,Remich,Lenningen,Femmes,Salariés,330
2012.03.30,Remich,Lenningen,Femmes,Non-salariés,20
2012.03.30,Remich,Lenningen,Hommes,Salariés,380
2012.03.30,Remich,Lenningen,Hommes,Non-salariés,40
2012.03.30,Remich,Mondorf-les-Bains,Femmes,Salariés,740
2012.03.30,Remich,Mondorf-les-Bains,Femmes,Non-salariés,70
2012.03.30,Remich,Mondorf-les-Bains,Hommes,Salariés,950
2012.03.30,Remich,Mondorf-les-Bains,Hommes,Non-salariés,130
2012.03.30,Remich,Remich,Femmes,Salariés,550
2012.03.30,Remich,Remich,Femmes,Non-salariés,60
2012.03.30,Remich,Remich,Hommes,Salariés,690
2012.03.30,Remich,Remich,Hommes,Non-salariés,100
2012.03.30,Remich,Schengen,Femmes,Salariés,770
2012.03.30,Remich,Schengen,Femmes,Non-salariés,110
2012.03.30,Remich,Schengen,Hommes,Salariés,910
2012.03.30,Remich,Schengen,Hommes,Non-salariés,190
2012.03.30,Remich,Stadtbredimus,Femmes,Salariés,290
2012.03.30,Remich,Stadtbredimus,Femmes,Non-salariés,40
2012.03.30,Remich,Stadtbredimus,Hommes,Salariés,390
2012.03.30,Remich,Stadtbredimus,Hommes,Non-salariés,50
2012.03.30,Vianden,Putscheid,Femmes,Salariés,170
2012.03.30,Vianden,Putscheid,Femmes,Non-salariés,10
2012.03.30,Vianden,Putscheid,Hommes,Salariés,240
2012.03.30,Vianden,Putscheid,Hommes,Non-salariés,30
2012.03.30,Vianden,Tandel,Femmes,Salariés,360
2012.03.30,Vianden,Tandel,Femmes,Non-salariés,40
2012.03.30,Vianden,Tandel,Hommes,Salariés,380
2012.03.30,Vianden,Tandel,Hommes,Non-salariés,60
2012.03.30,Vianden,Vianden,Femmes,Salariés,280
2012.03.30,Vianden,Vianden,Femmes,Non-salariés,40
2012.03.30,Vianden,Vianden,Hommes,Salariés,390
2012.03.30,Vianden,Vianden,Hommes,Non-salariés,40
2012.03.30,Wiltz,Boulaide,Femmes,Salariés,140
2012.03.30,Wiltz,Boulaide,Femmes,Non-salariés,20
2012.03.30,Wiltz,Boulaide,Hommes,Salariés,200
2012.03.30,Wiltz,Boulaide,Hommes,Non-salariés,40
2012.03.30,Wiltz,Esch-sur-Sûre,Femmes,Salariés,380
2012.03.30,Wiltz,Esch-sur-Sûre,Femmes,Non-salariés,40
2012.03.30,Wiltz,Esch-sur-Sûre,Hommes,Salariés,510
2012.03.30,Wiltz,Esch-sur-Sûre,Hommes,Non-salariés,80
2012.03.30,Wiltz,Goesdorf,Femmes,Salariés,240
2012.03.30,Wiltz,Goesdorf,Femmes,Non-salariés,30
2012.03.30,Wiltz,Goesdorf,Hommes,Salariés,310
2012.03.30,Wiltz,Goesdorf,Hommes,Non-salariés,40
2012.03.30,Wiltz,Kiischpelt,Femmes,Salariés,160
2012.03.30,Wiltz,Kiischpelt,Femmes,Non-salariés,20
2012.03.30,Wiltz,Kiischpelt,Hommes,Salariés,230
2012.03.30,Wiltz,Kiischpelt,Hommes,Non-salariés,30
2012.03.30,Wiltz,Lac de la Haute-Sûre,Femmes,Salariés,230
2012.03.30,Wiltz,Lac de la Haute-Sûre,Femmes,Non-salariés,40
2012.03.30,Wiltz,Lac de la Haute-Sûre,Hommes,Salariés,350
2012.03.30,Wiltz,Lac de la Haute-Sûre,Hommes,Non-salariés,60
2012.03.30,Wiltz,Wiltz,Femmes,Salariés,870
2012.03.30,Wiltz,Wiltz,Femmes,Non-salariés,70
2012.03.30,Wiltz,Wiltz,Hommes,Salariés,1150
2012.03.30,Wiltz,Wiltz,Hommes,Non-salariés,130
2012.03.30,Wiltz,Winseler,Femmes,Salariés,160
2012.03.30,Wiltz,Winseler,Femmes,Non-salariés,30
2012.03.30,Wiltz,Winseler,Hommes,Salariés,230
2012.03.30,Wiltz,Winseler,Hommes,Non-salariés,50
2012.09.28,Capellen,Dippach,Femmes,Salariés,660
2012.09.28,Capellen,Dippach,Femmes,Non-salariés,60
2012.09.28,Capellen,Dippach,Hommes,Salariés,850
2012.09.28,Capellen,Dippach,Hommes,Non-salariés,90
2012.09.28,Capellen,Garnich,Femmes,Salariés,340
2012.09.28,Capellen,Garnich,Femmes,Non-salariés,40
2012.09.28,Capellen,Garnich,Hommes,Salariés,410
2012.09.28,Capellen,Garnich,Hommes,Non-salariés,60
2012.09.28,Capellen,Habscht,Femmes,Salariés,700
2012.09.28,Capellen,Habscht,Femmes,Non-salariés,50
2012.09.28,Capellen,Habscht,Hommes,Salariés,920
2012.09.28,Capellen,Habscht,Hommes,Non-salariés,90
2012.09.28,Capellen,Käerjeng,Femmes,Salariés,1670
2012.09.28,Capellen,Käerjeng,Femmes,Non-salariés,110
2012.09.28,Capellen,Käerjeng,Hommes,Salariés,2110
2012.09.28,Capellen,Käerjeng,Hommes,Non-salariés,180
2012.09.28,Capellen,Kehlen,Femmes,Salariés,860
2012.09.28,Capellen,Kehlen,Femmes,Non-salariés,110
2012.09.28,Capellen,Kehlen,Hommes,Salariés,1000
2012.09.28,Capellen,Kehlen,Hommes,Non-salariés,170
2012.09.28,Capellen,Koerich,Femmes,Salariés,390
2012.09.28,Capellen,Koerich,Femmes,Non-salariés,50
2012.09.28,Capellen,Koerich,Hommes,Salariés,460
2012.09.28,Capellen,Koerich,Hommes,Non-salariés,70
2012.09.28,Capellen,Kopstal,Femmes,Salariés,510
2012.09.28,Capellen,Kopstal,Femmes,Non-salariés,50
2012.09.28,Capellen,Kopstal,Hommes,Salariés,500
2012.09.28,Capellen,Kopstal,Hommes,Non-salariés,130
2012.09.28,Capellen,Mamer,Femmes,Salariés,1250
2012.09.28,Capellen,Mamer,Femmes,Non-salariés,110
2012.09.28,Capellen,Mamer,Hommes,Salariés,1390
2012.09.28,Capellen,Mamer,Hommes,Non-salariés,210
2012.09.28,Capellen,Steinfort,Femmes,Salariés,820
2012.09.28,Capellen,Steinfort,Femmes,Non-salariés,70
2012.09.28,Capellen,Steinfort,Hommes,Salariés,990
2012.09.28,Capellen,Steinfort,Hommes,Non-salariés,110
2012.09.28,Clervaux,Clervaux,Femmes,Salariés,770
2012.09.28,Clervaux,Clervaux,Femmes,Non-salariés,100
2012.09.28,Clervaux,Clervaux,Hommes,Salariés,1020
2012.09.28,Clervaux,Clervaux,Hommes,Non-salariés,140
2012.09.28,Clervaux,Parc Hosingen,Femmes,Salariés,560
2012.09.28,Clervaux,Parc Hosingen,Femmes,Non-salariés,70
2012.09.28,Clervaux,Parc Hosingen,Hommes,Salariés,700
2012.09.28,Clervaux,Parc Hosingen,Hommes,Non-salariés,90
2012.09.28,Clervaux,Troisvierges,Femmes,Salariés,500
2012.09.28,Clervaux,Troisvierges,Femmes,Non-salariés,50
2012.09.28,Clervaux,Troisvierges,Hommes,Salariés,680
2012.09.28,Clervaux,Troisvierges,Hommes,Non-salariés,100
2012.09.28,Clervaux,Weiswampach,Femmes,Salariés,230
2012.09.28,Clervaux,Weiswampach,Femmes,Non-salariés,30
2012.09.28,Clervaux,Weiswampach,Hommes,Salariés,320
2012.09.28,Clervaux,Weiswampach,Hommes,Non-salariés,90
2012.09.28,Clervaux,Wincrange,Femmes,Salariés,620
2012.09.28,Clervaux,Wincrange,Femmes,Non-salariés,120
2012.09.28,Clervaux,Wincrange,Hommes,Salariés,750
2012.09.28,Clervaux,Wincrange,Hommes,Non-salariés,230
2012.09.28,Diekirch,Bettendorf,Femmes,Salariés,460
2012.09.28,Diekirch,Bettendorf,Femmes,Non-salariés,40
2012.09.28,Diekirch,Bettendorf,Hommes,Salariés,590
2012.09.28,Diekirch,Bettendorf,Hommes,Non-salariés,60
2012.09.28,Diekirch,Bourscheid,Femmes,Salariés,250
2012.09.28,Diekirch,Bourscheid,Femmes,Non-salariés,30
2012.09.28,Diekirch,Bourscheid,Hommes,Salariés,330
2012.09.28,Diekirch,Bourscheid,Hommes,Non-salariés,50
2012.09.28,Diekirch,Diekirch,Femmes,Salariés,1100
2012.09.28,Diekirch,Diekirch,Femmes,Non-salariés,80
2012.09.28,Diekirch,Diekirch,Hommes,Salariés,1340
2012.09.28,Diekirch,Diekirch,Hommes,Non-salariés,110
2012.09.28,Diekirch,Erpeldange-sur-Sûre,Femmes,Salariés,410
2012.09.28,Diekirch,Erpeldange-sur-Sûre,Femmes,Non-salariés,40
2012.09.28,Diekirch,Erpeldange-sur-Sûre,Hommes,Salariés,500
2012.09.28,Diekirch,Erpeldange-sur-Sûre,Hommes,Non-salariés,50
2012.09.28,Diekirch,Ettelbruck,Femmes,Salariés,1410
2012.09.28,Diekirch,Ettelbruck,Femmes,Non-salariés,100
2012.09.28,Diekirch,Ettelbruck,Hommes,Salariés,1690
2012.09.28,Diekirch,Ettelbruck,Hommes,Non-salariés,150
2012.09.28,Diekirch,Feulen,Femmes,Salariés,310
2012.09.28,Diekirch,Feulen,Femmes,Non-salariés,20
2012.09.28,Diekirch,Feulen,Hommes,Salariés,350
2012.09.28,Diekirch,Feulen,Hommes,Non-salariés,40
2012.09.28,Diekirch,Mertzig,Femmes,Salariés,350
2012.09.28,Diekirch,Mertzig,Femmes,Non-salariés,30
2012.09.28,Diekirch,Mertzig,Hommes,Salariés,430
2012.09.28,Diekirch,Mertzig,Hommes,Non-salariés,30
2012.09.28,Diekirch,Reisdorf,Femmes,Salariés,180
2012.09.28,Diekirch,Reisdorf,Femmes,Non-salariés,20
2012.09.28,Diekirch,Reisdorf,Hommes,Salariés,260
2012.09.28,Diekirch,Reisdorf,Hommes,Non-salariés,30
2012.09.28,Diekirch,Schieren,Femmes,Salariés,320
2012.09.28,Diekirch,Schieren,Femmes,Non-salariés,20
2012.09.28,Diekirch,Schieren,Hommes,Salariés,390
2012.09.28,Diekirch,Schieren,Hommes,Non-salariés,20
2012.09.28,Diekirch,Vallée de l'Ernz,Femmes,Salariés,440
2012.09.28,Diekirch,Vallée de l'Ernz,Femmes,Non-salariés,50
2012.09.28,Diekirch,Vallée de l'Ernz,Hommes,Salariés,550
2012.09.28,Diekirch,Vallée de l'Ernz,Hommes,Non-salariés,80
2012.09.28,Echternach,Beaufort,Femmes,Salariés,390
2012.09.28,Echternach,Beaufort,Femmes,Non-salariés,40
2012.09.28,Echternach,Beaufort,Hommes,Salariés,540
2012.09.28,Echternach,Beaufort,Hommes,Non-salariés,40
2012.09.28,Echternach,Bech,Femmes,Salariés,190
2012.09.28,Echternach,Bech,Femmes,Non-salariés,20
2012.09.28,Echternach,Bech,Hommes,Salariés,240
2012.09.28,Echternach,Bech,Hommes,Non-salariés,30
2012.09.28,Echternach,Berdorf,Femmes,Salariés,270
2012.09.28,Echternach,Berdorf,Femmes,Non-salariés,30
2012.09.28,Echternach,Berdorf,Hommes,Salariés,340
2012.09.28,Echternach,Berdorf,Hommes,Non-salariés,40
2012.09.28,Echternach,Consdorf,Femmes,Salariés,310
2012.09.28,Echternach,Consdorf,Femmes,Non-salariés,40
2012.09.28,Echternach,Consdorf,Hommes,Salariés,390
2012.09.28,Echternach,Consdorf,Hommes,Non-salariés,50
2012.09.28,Echternach,Echternach,Femmes,Salariés,940
2012.09.28,Echternach,Echternach,Femmes,Non-salariés,70
2012.09.28,Echternach,Echternach,Hommes,Salariés,1180
2012.09.28,Echternach,Echternach,Hommes,Non-salariés,140
2012.09.28,Echternach,Rosport-Mompach,Femmes,Salariés,540
2012.09.28,Echternach,Rosport-Mompach,Femmes,Non-salariés,70
2012.09.28,Echternach,Rosport-Mompach,Hommes,Salariés,670
2012.09.28,Echternach,Rosport-Mompach,Hommes,Non-salariés,110
2012.09.28,Echternach,Waldbillig,Femmes,Salariés,260
2012.09.28,Echternach,Waldbillig,Femmes,Non-salariés,20
2012.09.28,Echternach,Waldbillig,Hommes,Salariés,330
2012.09.28,Echternach,Waldbillig,Hommes,Non-salariés,40
2012.09.28,Esch-Sur-Alzette,Bettembourg,Femmes,Salariés,1760
2012.09.28,Esch-Sur-Alzette,Bettembourg,Femmes,Non-salariés,110
2012.09.28,Esch-Sur-Alzette,Bettembourg,Hommes,Salariés,2080
2012.09.28,Esch-Sur-Alzette,Bettembourg,Hommes,Non-salariés,150
2012.09.28,Esch-Sur-Alzette,Differdange,Femmes,Salariés,3860
2012.09.28,Esch-Sur-Alzette,Differdange,Femmes,Non-salariés,180
2012.09.28,Esch-Sur-Alzette,Differdange,Hommes,Salariés,5060
2012.09.28,Esch-Sur-Alzette,Differdange,Hommes,Non-salariés,180
2012.09.28,Esch-Sur-Alzette,Dudelange,Femmes,Salariés,3380
2012.09.28,Esch-Sur-Alzette,Dudelange,Femmes,Non-salariés,180
2012.09.28,Esch-Sur-Alzette,Dudelange,Hommes,Salariés,4080
2012.09.28,Esch-Sur-Alzette,Dudelange,Hommes,Non-salariés,290
2012.09.28,Esch-Sur-Alzette,Esch-sur-Alzette,Femmes,Salariés,5240
2012.09.28,Esch-Sur-Alzette,Esch-sur-Alzette,Femmes,Non-salariés,270
2012.09.28,Esch-Sur-Alzette,Esch-sur-Alzette,Hommes,Salariés,6850
2012.09.28,Esch-Sur-Alzette,Esch-sur-Alzette,Hommes,Non-salariés,400
2012.09.28,Esch-Sur-Alzette,Frisange,Femmes,Salariés,770
2012.09.28,Esch-Sur-Alzette,Frisange,Femmes,Non-salariés,60
2012.09.28,Esch-Sur-Alzette,Frisange,Hommes,Salariés,890
2012.09.28,Esch-Sur-Alzette,Frisange,Hommes,Non-salariés,100
2012.09.28,Esch-Sur-Alzette,Kayl,Femmes,Salariés,1470
2012.09.28,Esch-Sur-Alzette,Kayl,Femmes,Non-salariés,80
2012.09.28,Esch-Sur-Alzette,Kayl,Hommes,Salariés,1830
2012.09.28,Esch-Sur-Alzette,Kayl,Hommes,Non-salariés,120
2012.09.28,Esch-Sur-Alzette,Leudelange,Femmes,Salariés,420
2012.09.28,Esch-Sur-Alzette,Leudelange,Femmes,Non-salariés,40
2012.09.28,Esch-Sur-Alzette,Leudelange,Hommes,Salariés,490
2012.09.28,Esch-Sur-Alzette,Leudelange,Hommes,Non-salariés,80
2012.09.28,Esch-Sur-Alzette,Mondercange,Femmes,Salariés,1090
2012.09.28,Esch-Sur-Alzette,Mondercange,Femmes,Non-salariés,90
2012.09.28,Esch-Sur-Alzette,Mondercange,Hommes,Salariés,1310
2012.09.28,Esch-Sur-Alzette,Mondercange,Hommes,Non-salariés,150
2012.09.28,Esch-Sur-Alzette,Pétange,Femmes,Salariés,2710
2012.09.28,Esch-Sur-Alzette,Pétange,Femmes,Non-salariés,150
2012.09.28,Esch-Sur-Alzette,Pétange,Hommes,Salariés,3560
2012.09.28,Esch-Sur-Alzette,Pétange,Hommes,Non-salariés,180
2012.09.28,Esch-Sur-Alzette,Reckange-sur-Mess,Femmes,Salariés,380
2012.09.28,Esch-Sur-Alzette,Reckange-sur-Mess,Femmes,Non-salariés,40
2012.09.28,Esch-Sur-Alzette,Reckange-sur-Mess,Hommes,Salariés,440
2012.09.28,Esch-Sur-Alzette,Reckange-sur-Mess,Hommes,Non-salariés,80
2012.09.28,Esch-Sur-Alzette,Roeser,Femmes,Salariés,1070
2012.09.28,Esch-Sur-Alzette,Roeser,Femmes,Non-salariés,80
2012.09.28,Esch-Sur-Alzette,Roeser,Hommes,Salariés,1240
2012.09.28,Esch-Sur-Alzette,Roeser,Hommes,Non-salariés,140
2012.09.28,Esch-Sur-Alzette,Rumelange,Femmes,Salariés,860
2012.09.28,Esch-Sur-Alzette,Rumelange,Femmes,Non-salariés,40
2012.09.28,Esch-Sur-Alzette,Rumelange,Hommes,Salariés,1050
2012.09.28,Esch-Sur-Alzette,Rumelange,Hommes,Non-salariés,50
2012.09.28,Esch-Sur-Alzette,Sanem,Femmes,Salariés,2640
2012.09.28,Esch-Sur-Alzette,Sanem,Femmes,Non-salariés,160
2012.09.28,Esch-Sur-Alzette,Sanem,Hommes,Salariés,3140
2012.09.28,Esch-Sur-Alzette,Sanem,Hommes,Non-salariés,210
2012.09.28,Esch-Sur-Alzette,Schifflange,Femmes,Salariés,1540
2012.09.28,Esch-Sur-Alzette,Schifflange,Femmes,Non-salariés,90
2012.09.28,Esch-Sur-Alzette,Schifflange,Hommes,Salariés,1840
2012.09.28,Esch-Sur-Alzette,Schifflange,Hommes,Non-salariés,120
2012.09.28,Grevenmacher,Betzdorf,Femmes,Salariés,600
2012.09.28,Grevenmacher,Betzdorf,Femmes,Non-salariés,40
2012.09.28,Grevenmacher,Betzdorf,Hommes,Salariés,710
2012.09.28,Grevenmacher,Betzdorf,Hommes,Non-salariés,90
2012.09.28,Grevenmacher,Biwer,Femmes,Salariés,290
2012.09.28,Grevenmacher,Biwer,Femmes,Non-salariés,30
2012.09.28,Grevenmacher,Biwer,Hommes,Salariés,360
2012.09.28,Grevenmacher,Biwer,Hommes,Non-salariés,50
2012.09.28,Grevenmacher,Flaxweiler,Femmes,Salariés,320
2012.09.28,Grevenmacher,Flaxweiler,Femmes,Non-salariés,40
2012.09.28,Grevenmacher,Flaxweiler,Hommes,Salariés,420
2012.09.28,Grevenmacher,Flaxweiler,Hommes,Non-salariés,60
2012.09.28,Grevenmacher,Grevenmacher,Femmes,Salariés,820
2012.09.28,Grevenmacher,Grevenmacher,Femmes,Non-salariés,60
2012.09.28,Grevenmacher,Grevenmacher,Hommes,Salariés,1000
2012.09.28,Grevenmacher,Grevenmacher,Hommes,Non-salariés,80
2012.09.28,Grevenmacher,Junglinster,Femmes,Salariés,1090
2012.09.28,Grevenmacher,Junglinster,Femmes,Non-salariés,100
2012.09.28,Grevenmacher,Junglinster,Hommes,Salariés,1320
2012.09.28,Grevenmacher,Junglinster,Hommes,Non-salariés,180
2012.09.28,Grevenmacher,Manternach,Femmes,Salariés,330
2012.09.28,Grevenmacher,Manternach,Femmes,Non-salariés,20
2012.09.28,Grevenmacher,Manternach,Hommes,Salariés,370
2012.09.28,Grevenmacher,Manternach,Hommes,Non-salariés,60
2012.09.28,Grevenmacher,Mertert,Femmes,Salariés,710
2012.09.28,Grevenmacher,Mertert,Femmes,Non-salariés,50
2012.09.28,Grevenmacher,Mertert,Hommes,Salariés,900
2012.09.28,Grevenmacher,Mertert,Hommes,Non-salariés,90
2012.09.28,Grevenmacher,Wormeldange,Femmes,Salariés,400
2012.09.28,Grevenmacher,Wormeldange,Femmes,Non-salariés,60
2012.09.28,Grevenmacher,Wormeldange,Hommes,Salariés,560
2012.09.28,Grevenmacher,Wormeldange,Hommes,Non-salariés,110
2012.09.28,Luxembourg-Campagne,Bertrange,Femmes,Salariés,1050
2012.09.28,Luxembourg-Campagne,Bertrange,Femmes,Non-salariés,110
2012.09.28,Luxembourg-Campagne,Bertrange,Hommes,Salariés,1270
2012.09.28,Luxembourg-Campagne,Bertrange,Hommes,Non-salariés,200
2012.09.28,Luxembourg-Campagne,Contern,Femmes,Salariés,570
2012.09.28,Luxembourg-Campagne,Contern,Femmes,Non-salariés,50
2012.09.28,Luxembourg-Campagne,Contern,Hommes,Salariés,730
2012.09.28,Luxembourg-Campagne,Contern,Hommes,Non-salariés,110
2012.09.28,Luxembourg-Campagne,Hesperange,Femmes,Salariés,2420
2012.09.28,Luxembourg-Campagne,Hesperange,Femmes,Non-salariés,200
2012.09.28,Luxembourg-Campagne,Hesperange,Hommes,Salariés,2890
2012.09.28,Luxembourg-Campagne,Hesperange,Hommes,Non-salariés,330
2012.09.28,Luxembourg-Campagne,Niederanven,Femmes,Salariés,700
2012.09.28,Luxembourg-Campagne,Niederanven,Femmes,Non-salariés,100
2012.09.28,Luxembourg-Campagne,Niederanven,Hommes,Salariés,860
2012.09.28,Luxembourg-Campagne,Niederanven,Hommes,Non-salariés,170
2012.09.28,Luxembourg-Campagne,Sandweiler,Femmes,Salariés,540
2012.09.28,Luxembourg-Campagne,Sandweiler,Femmes,Non-salariés,50
2012.09.28,Luxembourg-Campagne,Sandweiler,Hommes,Salariés,680
2012.09.28,Luxembourg-Campagne,Sandweiler,Hommes,Non-salariés,80
2012.09.28,Luxembourg-Campagne,Schuttrange,Femmes,Salariés,530
2012.09.28,Luxembourg-Campagne,Schuttrange,Femmes,Non-salariés,60
2012.09.28,Luxembourg-Campagne,Schuttrange,Hommes,Salariés,660
2012.09.28,Luxembourg-Campagne,Schuttrange,Hommes,Non-salariés,100
2012.09.28,Luxembourg-Campagne,Steinsel,Femmes,Salariés,760
2012.09.28,Luxembourg-Campagne,Steinsel,Femmes,Non-salariés,70
2012.09.28,Luxembourg-Campagne,Steinsel,Hommes,Salariés,870
2012.09.28,Luxembourg-Campagne,Steinsel,Hommes,Non-salariés,130
2012.09.28,Luxembourg-Campagne,Strassen,Femmes,Salariés,1270
2012.09.28,Luxembourg-Campagne,Strassen,Femmes,Non-salariés,120
2012.09.28,Luxembourg-Campagne,Strassen,Hommes,Salariés,1490
2012.09.28,Luxembourg-Campagne,Strassen,Hommes,Non-salariés,180
2012.09.28,Luxembourg-Campagne,Walferdange,Femmes,Salariés,1300
2012.09.28,Luxembourg-Campagne,Walferdange,Femmes,Non-salariés,100
2012.09.28,Luxembourg-Campagne,Walferdange,Hommes,Salariés,1480
2012.09.28,Luxembourg-Campagne,Walferdange,Hommes,Non-salariés,170
2012.09.28,Luxembourg-Campagne,Weiler-la-Tour,Femmes,Salariés,370
2012.09.28,Luxembourg-Campagne,Weiler-la-Tour,Femmes,Non-salariés,30
2012.09.28,Luxembourg-Campagne,Weiler-la-Tour,Hommes,Salariés,420
2012.09.28,Luxembourg-Campagne,Weiler-la-Tour,Hommes,Non-salariés,60
2012.09.28,Luxembourg-Ville,Luxembourg,Femmes,Salariés,15340
2012.09.28,Luxembourg-Ville,Luxembourg,Femmes,Non-salariés,1430
2012.09.28,Luxembourg-Ville,Luxembourg,Hommes,Salariés,19390
2012.09.28,Luxembourg-Ville,Luxembourg,Hommes,Non-salariés,2360
2012.09.28,Mersch,Bissen,Femmes,Salariés,520
2012.09.28,Mersch,Bissen,Femmes,Non-salariés,40
2012.09.28,Mersch,Bissen,Hommes,Salariés,660
2012.09.28,Mersch,Bissen,Hommes,Non-salariés,50
2012.09.28,Mersch,Colmar-Berg,Femmes,Salariés,410
2012.09.28,Mersch,Colmar-Berg,Femmes,Non-salariés,20
2012.09.28,Mersch,Colmar-Berg,Hommes,Salariés,470
2012.09.28,Mersch,Colmar-Berg,Hommes,Non-salariés,30
2012.09.28,Mersch,Fischbach,Femmes,Salariés,190
2012.09.28,Mersch,Fischbach,Femmes,Non-salariés,20
2012.09.28,Mersch,Fischbach,Hommes,Salariés,260
2012.09.28,Mersch,Fischbach,Hommes,Non-salariés,30
2012.09.28,Mersch,Heffingen,Femmes,Salariés,200
2012.09.28,Mersch,Heffingen,Femmes,Non-salariés,20
2012.09.28,Mersch,Heffingen,Hommes,Salariés,240
2012.09.28,Mersch,Heffingen,Hommes,Non-salariés,30
2012.09.28,Mersch,Helperknapp,Femmes,Salariés,590
2012.09.28,Mersch,Helperknapp,Femmes,Non-salariés,60
2012.09.28,Mersch,Helperknapp,Hommes,Salariés,790
2012.09.28,Mersch,Helperknapp,Hommes,Non-salariés,100
2012.09.28,Mersch,Larochette,Femmes,Salariés,400
2012.09.28,Mersch,Larochette,Femmes,Non-salariés,20
2012.09.28,Mersch,Larochette,Hommes,Salariés,470
2012.09.28,Mersch,Larochette,Hommes,Non-salariés,40
2012.09.28,Mersch,Lintgen,Femmes,Salariés,550
2012.09.28,Mersch,Lintgen,Femmes,Non-salariés,40
2012.09.28,Mersch,Lintgen,Hommes,Salariés,650
2012.09.28,Mersch,Lintgen,Hommes,Non-salariés,40
2012.09.28,Mersch,Lorentzweiler,Femmes,Salariés,610
2012.09.28,Mersch,Lorentzweiler,Femmes,Non-salariés,30
2012.09.28,Mersch,Lorentzweiler,Hommes,Salariés,720
2012.09.28,Mersch,Lorentzweiler,Hommes,Non-salariés,80
2012.09.28,Mersch,Mersch,Femmes,Salariés,1570
2012.09.28,Mersch,Mersch,Femmes,Non-salariés,80
2012.09.28,Mersch,Mersch,Hommes,Salariés,1850
2012.09.28,Mersch,Mersch,Hommes,Non-salariés,160
2012.09.28,Mersch,Nommern,Femmes,Salariés,230
2012.09.28,Mersch,Nommern,Femmes,Non-salariés,30
2012.09.28,Mersch,Nommern,Hommes,Salariés,260
2012.09.28,Mersch,Nommern,Hommes,Non-salariés,50
2012.09.28,Non déterminé,Non déterminé,Femmes,Salariés,50
2012.09.28,Non déterminé,Non déterminé,Femmes,Non-salariés,0
2012.09.28,Non déterminé,Non déterminé,Hommes,Salariés,80
2012.09.28,Non déterminé,Non déterminé,Hommes,Non-salariés,10
2012.09.28,Redange,Beckerich,Femmes,Salariés,410
2012.09.28,Redange,Beckerich,Femmes,Non-salariés,30
2012.09.28,Redange,Beckerich,Hommes,Salariés,520
2012.09.28,Redange,Beckerich,Hommes,Non-salariés,50
2012.09.28,Redange,Ell,Femmes,Salariés,190
2012.09.28,Redange,Ell,Femmes,Non-salariés,30
2012.09.28,Redange,Ell,Hommes,Salariés,260
2012.09.28,Redange,Ell,Hommes,Non-salariés,40
2012.09.28,Redange,Groussbus-Wal,Femmes,Salariés,290
2012.09.28,Redange,Groussbus-Wal,Femmes,Non-salariés,50
2012.09.28,Redange,Groussbus-Wal,Hommes,Salariés,400
2012.09.28,Redange,Groussbus-Wal,Hommes,Non-salariés,60
2012.09.28,Redange,Préizerdaul,Femmes,Salariés,270
2012.09.28,Redange,Préizerdaul,Femmes,Non-salariés,30
2012.09.28,Redange,Préizerdaul,Hommes,Salariés,340
2012.09.28,Redange,Préizerdaul,Hommes,Non-salariés,40
2012.09.28,Redange,Rambrouch,Femmes,Salariés,580
2012.09.28,Redange,Rambrouch,Femmes,Non-salariés,100
2012.09.28,Redange,Rambrouch,Hommes,Salariés,820
2012.09.28,Redange,Rambrouch,Hommes,Non-salariés,140
2012.09.28,Redange,Redange/Attert,Femmes,Salariés,440
2012.09.28,Redange,Redange/Attert,Femmes,Non-salariés,50
2012.09.28,Redange,Redange/Attert,Hommes,Salariés,540
2012.09.28,Redange,Redange/Attert,Hommes,Non-salariés,80
2012.09.28,Redange,Saeul,Femmes,Salariés,120
2012.09.28,Redange,Saeul,Femmes,Non-salariés,20
2012.09.28,Redange,Saeul,Hommes,Salariés,160
2012.09.28,Redange,Saeul,Hommes,Non-salariés,20
2012.09.28,Redange,Useldange,Femmes,Salariés,320
2012.09.28,Redange,Useldange,Femmes,Non-salariés,20
2012.09.28,Redange,Useldange,Hommes,Salariés,360
2012.09.28,Redange,Useldange,Hommes,Non-salariés,50
2012.09.28,Redange,Vichten,Femmes,Salariés,190
2012.09.28,Redange,Vichten,Femmes,Non-salariés,10
2012.09.28,Redange,Vichten,Hommes,Salariés,260
2012.09.28,Redange,Vichten,Hommes,Non-salariés,30
2012.09.28,Remich,Bous-Waldbredimus,Femmes,Salariés,450
2012.09.28,Remich,Bous-Waldbredimus,Femmes,Non-salariés,50
2012.09.28,Remich,Bous-Waldbredimus,Hommes,Salariés,570
2012.09.28,Remich,Bous-Waldbredimus,Hommes,Non-salariés,80
2012.09.28,Remich,Dalheim,Femmes,Salariés,370
2012.09.28,Remich,Dalheim,Femmes,Non-salariés,30
2012.09.28,Remich,Dalheim,Hommes,Salariés,430
2012.09.28,Remich,Dalheim,Hommes,Non-salariés,50
2012.09.28,Remich,Lenningen,Femmes,Salariés,330
2012.09.28,Remich,Lenningen,Femmes,Non-salariés,30
2012.09.28,Remich,Lenningen,Hommes,Salariés,390
2012.09.28,Remich,Lenningen,Hommes,Non-salariés,30
2012.09.28,Remich,Mondorf-les-Bains,Femmes,Salariés,760
2012.09.28,Remich,Mondorf-les-Bains,Femmes,Non-salariés,70
2012.09.28,Remich,Mondorf-les-Bains,Hommes,Salariés,930
2012.09.28,Remich,Mondorf-les-Bains,Hommes,Non-salariés,130
2012.09.28,Remich,Remich,Femmes,Salariés,580
2012.09.28,Remich,Remich,Femmes,Non-salariés,50
2012.09.28,Remich,Remich,Hommes,Salariés,700
2012.09.28,Remich,Remich,Hommes,Non-salariés,110
2012.09.28,Remich,Schengen,Femmes,Salariés,780
2012.09.28,Remich,Schengen,Femmes,Non-salariés,100
2012.09.28,Remich,Schengen,Hommes,Salariés,930
2012.09.28,Remich,Schengen,Hommes,Non-salariés,190
2012.09.28,Remich,Stadtbredimus,Femmes,Salariés,310
2012.09.28,Remich,Stadtbredimus,Femmes,Non-salariés,40
2012.09.28,Remich,Stadtbredimus,Hommes,Salariés,380
2012.09.28,Remich,Stadtbredimus,Hommes,Non-salariés,50
2012.09.28,Vianden,Putscheid,Femmes,Salariés,180
2012.09.28,Vianden,Putscheid,Femmes,Non-salariés,20
2012.09.28,Vianden,Putscheid,Hommes,Salariés,240
2012.09.28,Vianden,Putscheid,Hommes,Non-salariés,20
2012.09.28,Vianden,Tandel,Femmes,Salariés,360
2012.09.28,Vianden,Tandel,Femmes,Non-salariés,40
2012.09.28,Vianden,Tandel,Hommes,Salariés,400
2012.09.28,Vianden,Tandel,Hommes,Non-salariés,50
2012.09.28,Vianden,Vianden,Femmes,Salariés,310
2012.09.28,Vianden,Vianden,Femmes,Non-salariés,30
2012.09.28,Vianden,Vianden,Hommes,Salariés,400
2012.09.28,Vianden,Vianden,Hommes,Non-salariés,60
2012.09.28,Wiltz,Boulaide,Femmes,Salariés,150
2012.09.28,Wiltz,Boulaide,Femmes,Non-salariés,20
2012.09.28,Wiltz,Boulaide,Hommes,Salariés,210
2012.09.28,Wiltz,Boulaide,Hommes,Non-salariés,40
2012.09.28,Wiltz,Esch-sur-Sûre,Femmes,Salariés,400
2012.09.28,Wiltz,Esch-sur-Sûre,Femmes,Non-salariés,40
2012.09.28,Wiltz,Esch-sur-Sûre,Hommes,Salariés,520
2012.09.28,Wiltz,Esch-sur-Sûre,Hommes,Non-salariés,80
2012.09.28,Wiltz,Goesdorf,Femmes,Salariés,250
2012.09.28,Wiltz,Goesdorf,Femmes,Non-salariés,30
2012.09.28,Wiltz,Goesdorf,Hommes,Salariés,300
2012.09.28,Wiltz,Goesdorf,Hommes,Non-salariés,40
2012.09.28,Wiltz,Kiischpelt,Femmes,Salariés,170
2012.09.28,Wiltz,Kiischpelt,Femmes,Non-salariés,20
2012.09.28,Wiltz,Kiischpelt,Hommes,Salariés,230
2012.09.28,Wiltz,Kiischpelt,Hommes,Non-salariés,30
2012.09.28,Wiltz,Lac de la Haute-Sûre,Femmes,Salariés,240
2012.09.28,Wiltz,Lac de la Haute-Sûre,Femmes,Non-salariés,40
2012.09.28,Wiltz,Lac de la Haute-Sûre,Hommes,Salariés,350
2012.09.28,Wiltz,Lac de la Haute-Sûre,Hommes,Non-salariés,60
2012.09.28,Wiltz,Wiltz,Femmes,Salariés,900
2012.09.28,Wiltz,Wiltz,Femmes,Non-salariés,70
2012.09.28,Wiltz,Wiltz,Hommes,Salariés,1190
2012.09.28,Wiltz,Wiltz,Hommes,Non-salariés,120
2012.09.28,Wiltz,Winseler,Femmes,Salariés,170
2012.09.28,Wiltz,Winseler,Femmes,Non-salariés,20
2012.09.28,Wiltz,Winseler,Hommes,Salariés,230
2012.09.28,Wiltz,Winseler,Hommes,Non-salariés,60
2013.03.29,Capellen,Dippach,Femmes,Salariés,650
2013.03.29,Capellen,Dippach,Femmes,Non-salariés,60
2013.03.29,Capellen,Dippach,Hommes,Salariés,820
2013.03.29,Capellen,Dippach,Hommes,Non-salariés,100
2013.03.29,Capellen,Garnich,Femmes,Salariés,340
2013.03.29,Capellen,Garnich,Femmes,Non-salariés,40
2013.03.29,Capellen,Garnich,Hommes,Salariés,410
2013.03.29,Capellen,Garnich,Hommes,Non-salariés,60
2013.03.29,Capellen,Habscht,Femmes,Salariés,700
2013.03.29,Capellen,Habscht,Femmes,Non-salariés,50
2013.03.29,Capellen,Habscht,Hommes,Salariés,930
2013.03.29,Capellen,Habscht,Hommes,Non-salariés,90
2013.03.29,Capellen,Käerjeng,Femmes,Salariés,1710
2013.03.29,Capellen,Käerjeng,Femmes,Non-salariés,110
2013.03.29,Capellen,Käerjeng,Hommes,Salariés,2080
2013.03.29,Capellen,Käerjeng,Hommes,Non-salariés,180
2013.03.29,Capellen,Kehlen,Femmes,Salariés,850
2013.03.29,Capellen,Kehlen,Femmes,Non-salariés,110
2013.03.29,Capellen,Kehlen,Hommes,Salariés,1010
2013.03.29,Capellen,Kehlen,Hommes,Non-salariés,170
2013.03.29,Capellen,Koerich,Femmes,Salariés,390
2013.03.29,Capellen,Koerich,Femmes,Non-salariés,50
2013.03.29,Capellen,Koerich,Hommes,Salariés,470
2013.03.29,Capellen,Koerich,Hommes,Non-salariés,60
2013.03.29,Capellen,Kopstal,Femmes,Salariés,490
2013.03.29,Capellen,Kopstal,Femmes,Non-salariés,50
2013.03.29,Capellen,Kopstal,Hommes,Salariés,510
2013.03.29,Capellen,Kopstal,Hommes,Non-salariés,130
2013.03.29,Capellen,Mamer,Femmes,Salariés,1250
2013.03.29,Capellen,Mamer,Femmes,Non-salariés,110
2013.03.29,Capellen,Mamer,Hommes,Salariés,1380
2013.03.29,Capellen,Mamer,Hommes,Non-salariés,210
2013.03.29,Capellen,Steinfort,Femmes,Salariés,840
2013.03.29,Capellen,Steinfort,Femmes,Non-salariés,70
2013.03.29,Capellen,Steinfort,Hommes,Salariés,970
2013.03.29,Capellen,Steinfort,Hommes,Non-salariés,110
2013.03.29,Clervaux,Clervaux,Femmes,Salariés,780
2013.03.29,Clervaux,Clervaux,Femmes,Non-salariés,90
2013.03.29,Clervaux,Clervaux,Hommes,Salariés,1020
2013.03.29,Clervaux,Clervaux,Hommes,Non-salariés,140
2013.03.29,Clervaux,Parc Hosingen,Femmes,Salariés,570
2013.03.29,Clervaux,Parc Hosingen,Femmes,Non-salariés,60
2013.03.29,Clervaux,Parc Hosingen,Hommes,Salariés,680
2013.03.29,Clervaux,Parc Hosingen,Hommes,Non-salariés,100
2013.03.29,Clervaux,Troisvierges,Femmes,Salariés,490
2013.03.29,Clervaux,Troisvierges,Femmes,Non-salariés,50
2013.03.29,Clervaux,Troisvierges,Hommes,Salariés,670
2013.03.29,Clervaux,Troisvierges,Hommes,Non-salariés,110
2013.03.29,Clervaux,Weiswampach,Femmes,Salariés,240
2013.03.29,Clervaux,Weiswampach,Femmes,Non-salariés,40
2013.03.29,Clervaux,Weiswampach,Hommes,Salariés,320
2013.03.29,Clervaux,Weiswampach,Hommes,Non-salariés,80
2013.03.29,Clervaux,Wincrange,Femmes,Salariés,610
2013.03.29,Clervaux,Wincrange,Femmes,Non-salariés,120
2013.03.29,Clervaux,Wincrange,Hommes,Salariés,770
2013.03.29,Clervaux,Wincrange,Hommes,Non-salariés,230
2013.03.29,Diekirch,Bettendorf,Femmes,Salariés,450
2013.03.29,Diekirch,Bettendorf,Femmes,Non-salariés,40
2013.03.29,Diekirch,Bettendorf,Hommes,Salariés,590
2013.03.29,Diekirch,Bettendorf,Hommes,Non-salariés,50
2013.03.29,Diekirch,Bourscheid,Femmes,Salariés,250
2013.03.29,Diekirch,Bourscheid,Femmes,Non-salariés,30
2013.03.29,Diekirch,Bourscheid,Hommes,Salariés,330
2013.03.29,Diekirch,Bourscheid,Hommes,Non-salariés,50
2013.03.29,Diekirch,Diekirch,Femmes,Salariés,1100
2013.03.29,Diekirch,Diekirch,Femmes,Non-salariés,90
2013.03.29,Diekirch,Diekirch,Hommes,Salariés,1320
2013.03.29,Diekirch,Diekirch,Hommes,Non-salariés,110
2013.03.29,Diekirch,Erpeldange-sur-Sûre,Femmes,Salariés,420
2013.03.29,Diekirch,Erpeldange-sur-Sûre,Femmes,Non-salariés,30
2013.03.29,Diekirch,Erpeldange-sur-Sûre,Hommes,Salariés,500
2013.03.29,Diekirch,Erpeldange-sur-Sûre,Hommes,Non-salariés,50
2013.03.29,Diekirch,Ettelbruck,Femmes,Salariés,1460
2013.03.29,Diekirch,Ettelbruck,Femmes,Non-salariés,100
2013.03.29,Diekirch,Ettelbruck,Hommes,Salariés,1630
2013.03.29,Diekirch,Ettelbruck,Hommes,Non-salariés,150
2013.03.29,Diekirch,Feulen,Femmes,Salariés,330
2013.03.29,Diekirch,Feulen,Femmes,Non-salariés,20
2013.03.29,Diekirch,Feulen,Hommes,Salariés,360
2013.03.29,Diekirch,Feulen,Hommes,Non-salariés,40
2013.03.29,Diekirch,Mertzig,Femmes,Salariés,370
2013.03.29,Diekirch,Mertzig,Femmes,Non-salariés,30
2013.03.29,Diekirch,Mertzig,Hommes,Salariés,440
2013.03.29,Diekirch,Mertzig,Hommes,Non-salariés,30
2013.03.29,Diekirch,Reisdorf,Femmes,Salariés,170
2013.03.29,Diekirch,Reisdorf,Femmes,Non-salariés,20
2013.03.29,Diekirch,Reisdorf,Hommes,Salariés,250
2013.03.29,Diekirch,Reisdorf,Hommes,Non-salariés,30
2013.03.29,Diekirch,Schieren,Femmes,Salariés,340
2013.03.29,Diekirch,Schieren,Femmes,Non-salariés,10
2013.03.29,Diekirch,Schieren,Hommes,Salariés,400
2013.03.29,Diekirch,Schieren,Hommes,Non-salariés,30
2013.03.29,Diekirch,Vallée de l'Ernz,Femmes,Salariés,430
2013.03.29,Diekirch,Vallée de l'Ernz,Femmes,Non-salariés,60
2013.03.29,Diekirch,Vallée de l'Ernz,Hommes,Salariés,550
2013.03.29,Diekirch,Vallée de l'Ernz,Hommes,Non-salariés,80
2013.03.29,Echternach,Beaufort,Femmes,Salariés,390
2013.03.29,Echternach,Beaufort,Femmes,Non-salariés,50
2013.03.29,Echternach,Beaufort,Hommes,Salariés,550
2013.03.29,Echternach,Beaufort,Hommes,Non-salariés,40
2013.03.29,Echternach,Bech,Femmes,Salariés,200
2013.03.29,Echternach,Bech,Femmes,Non-salariés,20
2013.03.29,Echternach,Bech,Hommes,Salariés,230
2013.03.29,Echternach,Bech,Hommes,Non-salariés,40
2013.03.29,Echternach,Berdorf,Femmes,Salariés,270
2013.03.29,Echternach,Berdorf,Femmes,Non-salariés,30
2013.03.29,Echternach,Berdorf,Hommes,Salariés,340
2013.03.29,Echternach,Berdorf,Hommes,Non-salariés,40
2013.03.29,Echternach,Consdorf,Femmes,Salariés,320
2013.03.29,Echternach,Consdorf,Femmes,Non-salariés,40
2013.03.29,Echternach,Consdorf,Hommes,Salariés,390
2013.03.29,Echternach,Consdorf,Hommes,Non-salariés,50
2013.03.29,Echternach,Echternach,Femmes,Salariés,930
2013.03.29,Echternach,Echternach,Femmes,Non-salariés,70
2013.03.29,Echternach,Echternach,Hommes,Salariés,1100
2013.03.29,Echternach,Echternach,Hommes,Non-salariés,130
2013.03.29,Echternach,Rosport-Mompach,Femmes,Salariés,540
2013.03.29,Echternach,Rosport-Mompach,Femmes,Non-salariés,70
2013.03.29,Echternach,Rosport-Mompach,Hommes,Salariés,650
2013.03.29,Echternach,Rosport-Mompach,Hommes,Non-salariés,110
2013.03.29,Echternach,Waldbillig,Femmes,Salariés,280
2013.03.29,Echternach,Waldbillig,Femmes,Non-salariés,20
2013.03.29,Echternach,Waldbillig,Hommes,Salariés,350
2013.03.29,Echternach,Waldbillig,Hommes,Non-salariés,40
2013.03.29,Esch-Sur-Alzette,Bettembourg,Femmes,Salariés,1760
2013.03.29,Esch-Sur-Alzette,Bettembourg,Femmes,Non-salariés,110
2013.03.29,Esch-Sur-Alzette,Bettembourg,Hommes,Salariés,2050
2013.03.29,Esch-Sur-Alzette,Bettembourg,Hommes,Non-salariés,160
2013.03.29,Esch-Sur-Alzette,Differdange,Femmes,Salariés,3910
2013.03.29,Esch-Sur-Alzette,Differdange,Femmes,Non-salariés,190
2013.03.29,Esch-Sur-Alzette,Differdange,Hommes,Salariés,5080
2013.03.29,Esch-Sur-Alzette,Differdange,Hommes,Non-salariés,180
2013.03.29,Esch-Sur-Alzette,Dudelange,Femmes,Salariés,3400
2013.03.29,Esch-Sur-Alzette,Dudelange,Femmes,Non-salariés,200
2013.03.29,Esch-Sur-Alzette,Dudelange,Hommes,Salariés,4070
2013.03.29,Esch-Sur-Alzette,Dudelange,Hommes,Non-salariés,280
2013.03.29,Esch-Sur-Alzette,Esch-sur-Alzette,Femmes,Salariés,5310
2013.03.29,Esch-Sur-Alzette,Esch-sur-Alzette,Femmes,Non-salariés,280
2013.03.29,Esch-Sur-Alzette,Esch-sur-Alzette,Hommes,Salariés,6830
2013.03.29,Esch-Sur-Alzette,Esch-sur-Alzette,Hommes,Non-salariés,410
2013.03.29,Esch-Sur-Alzette,Frisange,Femmes,Salariés,780
2013.03.29,Esch-Sur-Alzette,Frisange,Femmes,Non-salariés,50
2013.03.29,Esch-Sur-Alzette,Frisange,Hommes,Salariés,890
2013.03.29,Esch-Sur-Alzette,Frisange,Hommes,Non-salariés,90
2013.03.29,Esch-Sur-Alzette,Kayl,Femmes,Salariés,1490
2013.03.29,Esch-Sur-Alzette,Kayl,Femmes,Non-salariés,80
2013.03.29,Esch-Sur-Alzette,Kayl,Hommes,Salariés,1810
2013.03.29,Esch-Sur-Alzette,Kayl,Hommes,Non-salariés,120
2013.03.29,Esch-Sur-Alzette,Leudelange,Femmes,Salariés,440
2013.03.29,Esch-Sur-Alzette,Leudelange,Femmes,Non-salariés,30
2013.03.29,Esch-Sur-Alzette,Leudelange,Hommes,Salariés,500
2013.03.29,Esch-Sur-Alzette,Leudelange,Hommes,Non-salariés,90
2013.03.29,Esch-Sur-Alzette,Mondercange,Femmes,Salariés,1120
2013.03.29,Esch-Sur-Alzette,Mondercange,Femmes,Non-salariés,90
2013.03.29,Esch-Sur-Alzette,Mondercange,Hommes,Salariés,1300
2013.03.29,Esch-Sur-Alzette,Mondercange,Hommes,Non-salariés,160
2013.03.29,Esch-Sur-Alzette,Pétange,Femmes,Salariés,2780
2013.03.29,Esch-Sur-Alzette,Pétange,Femmes,Non-salariés,140
2013.03.29,Esch-Sur-Alzette,Pétange,Hommes,Salariés,3530
2013.03.29,Esch-Sur-Alzette,Pétange,Hommes,Non-salariés,190
2013.03.29,Esch-Sur-Alzette,Reckange-sur-Mess,Femmes,Salariés,400
2013.03.29,Esch-Sur-Alzette,Reckange-sur-Mess,Femmes,Non-salariés,40
2013.03.29,Esch-Sur-Alzette,Reckange-sur-Mess,Hommes,Salariés,430
2013.03.29,Esch-Sur-Alzette,Reckange-sur-Mess,Hommes,Non-salariés,70
2013.03.29,Esch-Sur-Alzette,Roeser,Femmes,Salariés,1080
2013.03.29,Esch-Sur-Alzette,Roeser,Femmes,Non-salariés,90
2013.03.29,Esch-Sur-Alzette,Roeser,Hommes,Salariés,1240
2013.03.29,Esch-Sur-Alzette,Roeser,Hommes,Non-salariés,140
2013.03.29,Esch-Sur-Alzette,Rumelange,Femmes,Salariés,860
2013.03.29,Esch-Sur-Alzette,Rumelange,Femmes,Non-salariés,40
2013.03.29,Esch-Sur-Alzette,Rumelange,Hommes,Salariés,1060
2013.03.29,Esch-Sur-Alzette,Rumelange,Hommes,Non-salariés,50
2013.03.29,Esch-Sur-Alzette,Sanem,Femmes,Salariés,2660
2013.03.29,Esch-Sur-Alzette,Sanem,Femmes,Non-salariés,150
2013.03.29,Esch-Sur-Alzette,Sanem,Hommes,Salariés,3140
2013.03.29,Esch-Sur-Alzette,Sanem,Hommes,Non-salariés,210
2013.03.29,Esch-Sur-Alzette,Schifflange,Femmes,Salariés,1570
2013.03.29,Esch-Sur-Alzette,Schifflange,Femmes,Non-salariés,100
2013.03.29,Esch-Sur-Alzette,Schifflange,Hommes,Salariés,1850
2013.03.29,Esch-Sur-Alzette,Schifflange,Hommes,Non-salariés,120
2013.03.29,Grevenmacher,Betzdorf,Femmes,Salariés,610
2013.03.29,Grevenmacher,Betzdorf,Femmes,Non-salariés,40
2013.03.29,Grevenmacher,Betzdorf,Hommes,Salariés,730
2013.03.29,Grevenmacher,Betzdorf,Hommes,Non-salariés,90
2013.03.29,Grevenmacher,Biwer,Femmes,Salariés,310
2013.03.29,Grevenmacher,Biwer,Femmes,Non-salariés,30
2013.03.29,Grevenmacher,Biwer,Hommes,Salariés,360
2013.03.29,Grevenmacher,Biwer,Hommes,Non-salariés,50
2013.03.29,Grevenmacher,Flaxweiler,Femmes,Salariés,320
2013.03.29,Grevenmacher,Flaxweiler,Femmes,Non-salariés,40
2013.03.29,Grevenmacher,Flaxweiler,Hommes,Salariés,420
2013.03.29,Grevenmacher,Flaxweiler,Hommes,Non-salariés,60
2013.03.29,Grevenmacher,Grevenmacher,Femmes,Salariés,820
2013.03.29,Grevenmacher,Grevenmacher,Femmes,Non-salariés,50
2013.03.29,Grevenmacher,Grevenmacher,Hommes,Salariés,1000
2013.03.29,Grevenmacher,Grevenmacher,Hommes,Non-salariés,80
2013.03.29,Grevenmacher,Junglinster,Femmes,Salariés,1090
2013.03.29,Grevenmacher,Junglinster,Femmes,Non-salariés,100
2013.03.29,Grevenmacher,Junglinster,Hommes,Salariés,1330
2013.03.29,Grevenmacher,Junglinster,Hommes,Non-salariés,180
2013.03.29,Grevenmacher,Manternach,Femmes,Salariés,330
2013.03.29,Grevenmacher,Manternach,Femmes,Non-salariés,30
2013.03.29,Grevenmacher,Manternach,Hommes,Salariés,370
2013.03.29,Grevenmacher,Manternach,Hommes,Non-salariés,50
2013.03.29,Grevenmacher,Mertert,Femmes,Salariés,720
2013.03.29,Grevenmacher,Mertert,Femmes,Non-salariés,50
2013.03.29,Grevenmacher,Mertert,Hommes,Salariés,900
2013.03.29,Grevenmacher,Mertert,Hommes,Non-salariés,90
2013.03.29,Grevenmacher,Wormeldange,Femmes,Salariés,410
2013.03.29,Grevenmacher,Wormeldange,Femmes,Non-salariés,60
2013.03.29,Grevenmacher,Wormeldange,Hommes,Salariés,540
2013.03.29,Grevenmacher,Wormeldange,Hommes,Non-salariés,110
2013.03.29,Luxembourg-Campagne,Bertrange,Femmes,Salariés,1060
2013.03.29,Luxembourg-Campagne,Bertrange,Femmes,Non-salariés,110
2013.03.29,Luxembourg-Campagne,Bertrange,Hommes,Salariés,1260
2013.03.29,Luxembourg-Campagne,Bertrange,Hommes,Non-salariés,190
2013.03.29,Luxembourg-Campagne,Contern,Femmes,Salariés,590
2013.03.29,Luxembourg-Campagne,Contern,Femmes,Non-salariés,50
2013.03.29,Luxembourg-Campagne,Contern,Hommes,Salariés,710
2013.03.29,Luxembourg-Campagne,Contern,Hommes,Non-salariés,100
2013.03.29,Luxembourg-Campagne,Hesperange,Femmes,Salariés,2460
2013.03.29,Luxembourg-Campagne,Hesperange,Femmes,Non-salariés,210
2013.03.29,Luxembourg-Campagne,Hesperange,Hommes,Salariés,2910
2013.03.29,Luxembourg-Campagne,Hesperange,Hommes,Non-salariés,330
2013.03.29,Luxembourg-Campagne,Niederanven,Femmes,Salariés,720
2013.03.29,Luxembourg-Campagne,Niederanven,Femmes,Non-salariés,100
2013.03.29,Luxembourg-Campagne,Niederanven,Hommes,Salariés,870
2013.03.29,Luxembourg-Campagne,Niederanven,Hommes,Non-salariés,170
2013.03.29,Luxembourg-Campagne,Sandweiler,Femmes,Salariés,550
2013.03.29,Luxembourg-Campagne,Sandweiler,Femmes,Non-salariés,50
2013.03.29,Luxembourg-Campagne,Sandweiler,Hommes,Salariés,680
2013.03.29,Luxembourg-Campagne,Sandweiler,Hommes,Non-salariés,90
2013.03.29,Luxembourg-Campagne,Schuttrange,Femmes,Salariés,530
2013.03.29,Luxembourg-Campagne,Schuttrange,Femmes,Non-salariés,60
2013.03.29,Luxembourg-Campagne,Schuttrange,Hommes,Salariés,650
2013.03.29,Luxembourg-Campagne,Schuttrange,Hommes,Non-salariés,100
2013.03.29,Luxembourg-Campagne,Steinsel,Femmes,Salariés,780
2013.03.29,Luxembourg-Campagne,Steinsel,Femmes,Non-salariés,60
2013.03.29,Luxembourg-Campagne,Steinsel,Hommes,Salariés,860
2013.03.29,Luxembourg-Campagne,Steinsel,Hommes,Non-salariés,130
2013.03.29,Luxembourg-Campagne,Strassen,Femmes,Salariés,1280
2013.03.29,Luxembourg-Campagne,Strassen,Femmes,Non-salariés,120
2013.03.29,Luxembourg-Campagne,Strassen,Hommes,Salariés,1480
2013.03.29,Luxembourg-Campagne,Strassen,Hommes,Non-salariés,190
2013.03.29,Luxembourg-Campagne,Walferdange,Femmes,Salariés,1300
2013.03.29,Luxembourg-Campagne,Walferdange,Femmes,Non-salariés,110
2013.03.29,Luxembourg-Campagne,Walferdange,Hommes,Salariés,1460
2013.03.29,Luxembourg-Campagne,Walferdange,Hommes,Non-salariés,180
2013.03.29,Luxembourg-Campagne,Weiler-la-Tour,Femmes,Salariés,360
2013.03.29,Luxembourg-Campagne,Weiler-la-Tour,Femmes,Non-salariés,30
2013.03.29,Luxembourg-Campagne,Weiler-la-Tour,Hommes,Salariés,430
2013.03.29,Luxembourg-Campagne,Weiler-la-Tour,Hommes,Non-salariés,50
2013.03.29,Luxembourg-Ville,Luxembourg,Femmes,Salariés,15520
2013.03.29,Luxembourg-Ville,Luxembourg,Femmes,Non-salariés,1480
2013.03.29,Luxembourg-Ville,Luxembourg,Hommes,Salariés,19520
2013.03.29,Luxembourg-Ville,Luxembourg,Hommes,Non-salariés,2410
2013.03.29,Mersch,Bissen,Femmes,Salariés,520
2013.03.29,Mersch,Bissen,Femmes,Non-salariés,30
2013.03.29,Mersch,Bissen,Hommes,Salariés,670
2013.03.29,Mersch,Bissen,Hommes,Non-salariés,50
2013.03.29,Mersch,Colmar-Berg,Femmes,Salariés,410
2013.03.29,Mersch,Colmar-Berg,Femmes,Non-salariés,20
2013.03.29,Mersch,Colmar-Berg,Hommes,Salariés,470
2013.03.29,Mersch,Colmar-Berg,Hommes,Non-salariés,30
2013.03.29,Mersch,Fischbach,Femmes,Salariés,190
2013.03.29,Mersch,Fischbach,Femmes,Non-salariés,20
2013.03.29,Mersch,Fischbach,Hommes,Salariés,260
2013.03.29,Mersch,Fischbach,Hommes,Non-salariés,30
2013.03.29,Mersch,Heffingen,Femmes,Salariés,210
2013.03.29,Mersch,Heffingen,Femmes,Non-salariés,20
2013.03.29,Mersch,Heffingen,Hommes,Salariés,240
2013.03.29,Mersch,Heffingen,Hommes,Non-salariés,30
2013.03.29,Mersch,Helperknapp,Femmes,Salariés,620
2013.03.29,Mersch,Helperknapp,Femmes,Non-salariés,60
2013.03.29,Mersch,Helperknapp,Hommes,Salariés,780
2013.03.29,Mersch,Helperknapp,Hommes,Non-salariés,100
2013.03.29,Mersch,Larochette,Femmes,Salariés,420
2013.03.29,Mersch,Larochette,Femmes,Non-salariés,30
2013.03.29,Mersch,Larochette,Hommes,Salariés,470
2013.03.29,Mersch,Larochette,Hommes,Non-salariés,40
2013.03.29,Mersch,Lintgen,Femmes,Salariés,560
2013.03.29,Mersch,Lintgen,Femmes,Non-salariés,40
2013.03.29,Mersch,Lintgen,Hommes,Salariés,650
2013.03.29,Mersch,Lintgen,Hommes,Non-salariés,40
2013.03.29,Mersch,Lorentzweiler,Femmes,Salariés,620
2013.03.29,Mersch,Lorentzweiler,Femmes,Non-salariés,30
2013.03.29,Mersch,Lorentzweiler,Hommes,Salariés,720
2013.03.29,Mersch,Lorentzweiler,Hommes,Non-salariés,80
2013.03.29,Mersch,Mersch,Femmes,Salariés,1600
2013.03.29,Mersch,Mersch,Femmes,Non-salariés,80
2013.03.29,Mersch,Mersch,Hommes,Salariés,1840
2013.03.29,Mersch,Mersch,Hommes,Non-salariés,160
2013.03.29,Mersch,Nommern,Femmes,Salariés,220
2013.03.29,Mersch,Nommern,Femmes,Non-salariés,30
2013.03.29,Mersch,Nommern,Hommes,Salariés,260
2013.03.29,Mersch,Nommern,Hommes,Non-salariés,50
2013.03.29,Non déterminé,Non déterminé,Femmes,Salariés,40
2013.03.29,Non déterminé,Non déterminé,Femmes,Non-salariés,0
2013.03.29,Non déterminé,Non déterminé,Hommes,Salariés,80
2013.03.29,Non déterminé,Non déterminé,Hommes,Non-salariés,10
2013.03.29,Redange,Beckerich,Femmes,Salariés,400
2013.03.29,Redange,Beckerich,Femmes,Non-salariés,30
2013.03.29,Redange,Beckerich,Hommes,Salariés,530
2013.03.29,Redange,Beckerich,Hommes,Non-salariés,50
2013.03.29,Redange,Ell,Femmes,Salariés,190
2013.03.29,Redange,Ell,Femmes,Non-salariés,40
2013.03.29,Redange,Ell,Hommes,Salariés,260
2013.03.29,Redange,Ell,Hommes,Non-salariés,40
2013.03.29,Redange,Groussbus-Wal,Femmes,Salariés,300
2013.03.29,Redange,Groussbus-Wal,Femmes,Non-salariés,40
2013.03.29,Redange,Groussbus-Wal,Hommes,Salariés,400
2013.03.29,Redange,Groussbus-Wal,Hommes,Non-salariés,60
2013.03.29,Redange,Préizerdaul,Femmes,Salariés,280
2013.03.29,Redange,Préizerdaul,Femmes,Non-salariés,30
2013.03.29,Redange,Préizerdaul,Hommes,Salariés,350
2013.03.29,Redange,Préizerdaul,Hommes,Non-salariés,30
2013.03.29,Redange,Rambrouch,Femmes,Salariés,590
2013.03.29,Redange,Rambrouch,Femmes,Non-salariés,90
2013.03.29,Redange,Rambrouch,Hommes,Salariés,810
2013.03.29,Redange,Rambrouch,Hommes,Non-salariés,150
2013.03.29,Redange,Redange/Attert,Femmes,Salariés,450
2013.03.29,Redange,Redange/Attert,Femmes,Non-salariés,50
2013.03.29,Redange,Redange/Attert,Hommes,Salariés,540
2013.03.29,Redange,Redange/Attert,Hommes,Non-salariés,80
2013.03.29,Redange,Saeul,Femmes,Salariés,120
2013.03.29,Redange,Saeul,Femmes,Non-salariés,20
2013.03.29,Redange,Saeul,Hommes,Salariés,160
2013.03.29,Redange,Saeul,Hommes,Non-salariés,20
2013.03.29,Redange,Useldange,Femmes,Salariés,330
2013.03.29,Redange,Useldange,Femmes,Non-salariés,20
2013.03.29,Redange,Useldange,Hommes,Salariés,340
2013.03.29,Redange,Useldange,Hommes,Non-salariés,50
2013.03.29,Redange,Vichten,Femmes,Salariés,190
2013.03.29,Redange,Vichten,Femmes,Non-salariés,10
2013.03.29,Redange,Vichten,Hommes,Salariés,260
2013.03.29,Redange,Vichten,Hommes,Non-salariés,30
2013.03.29,Remich,Bous-Waldbredimus,Femmes,Salariés,440
2013.03.29,Remich,Bous-Waldbredimus,Femmes,Non-salariés,50
2013.03.29,Remich,Bous-Waldbredimus,Hommes,Salariés,580
2013.03.29,Remich,Bous-Waldbredimus,Hommes,Non-salariés,80
2013.03.29,Remich,Dalheim,Femmes,Salariés,360
2013.03.29,Remich,Dalheim,Femmes,Non-salariés,30
2013.03.29,Remich,Dalheim,Hommes,Salariés,430
2013.03.29,Remich,Dalheim,Hommes,Non-salariés,50
2013.03.29,Remich,Lenningen,Femmes,Salariés,330
2013.03.29,Remich,Lenningen,Femmes,Non-salariés,30
2013.03.29,Remich,Lenningen,Hommes,Salariés,390
2013.03.29,Remich,Lenningen,Hommes,Non-salariés,40
2013.03.29,Remich,Mondorf-les-Bains,Femmes,Salariés,760
2013.03.29,Remich,Mondorf-les-Bains,Femmes,Non-salariés,70
2013.03.29,Remich,Mondorf-les-Bains,Hommes,Salariés,920
2013.03.29,Remich,Mondorf-les-Bains,Hommes,Non-salariés,110
2013.03.29,Remich,Remich,Femmes,Salariés,590
2013.03.29,Remich,Remich,Femmes,Non-salariés,50
2013.03.29,Remich,Remich,Hommes,Salariés,670
2013.03.29,Remich,Remich,Hommes,Non-salariés,110
2013.03.29,Remich,Schengen,Femmes,Salariés,800
2013.03.29,Remich,Schengen,Femmes,Non-salariés,100
2013.03.29,Remich,Schengen,Hommes,Salariés,950
2013.03.29,Remich,Schengen,Hommes,Non-salariés,190
2013.03.29,Remich,Stadtbredimus,Femmes,Salariés,320
2013.03.29,Remich,Stadtbredimus,Femmes,Non-salariés,40
2013.03.29,Remich,Stadtbredimus,Hommes,Salariés,380
2013.03.29,Remich,Stadtbredimus,Hommes,Non-salariés,40
2013.03.29,Vianden,Putscheid,Femmes,Salariés,180
2013.03.29,Vianden,Putscheid,Femmes,Non-salariés,20
2013.03.29,Vianden,Putscheid,Hommes,Salariés,240
2013.03.29,Vianden,Putscheid,Hommes,Non-salariés,20
2013.03.29,Vianden,Tandel,Femmes,Salariés,370
2013.03.29,Vianden,Tandel,Femmes,Non-salariés,40
2013.03.29,Vianden,Tandel,Hommes,Salariés,390
2013.03.29,Vianden,Tandel,Hommes,Non-salariés,50
2013.03.29,Vianden,Vianden,Femmes,Salariés,300
2013.03.29,Vianden,Vianden,Femmes,Non-salariés,30
2013.03.29,Vianden,Vianden,Hommes,Salariés,390
2013.03.29,Vianden,Vianden,Hommes,Non-salariés,50
2013.03.29,Wiltz,Boulaide,Femmes,Salariés,160
2013.03.29,Wiltz,Boulaide,Femmes,Non-salariés,20
2013.03.29,Wiltz,Boulaide,Hommes,Salariés,210
2013.03.29,Wiltz,Boulaide,Hommes,Non-salariés,40
2013.03.29,Wiltz,Esch-sur-Sûre,Femmes,Salariés,410
2013.03.29,Wiltz,Esch-sur-Sûre,Femmes,Non-salariés,40
2013.03.29,Wiltz,Esch-sur-Sûre,Hommes,Salariés,520
2013.03.29,Wiltz,Esch-sur-Sûre,Hommes,Non-salariés,70
2013.03.29,Wiltz,Goesdorf,Femmes,Salariés,250
2013.03.29,Wiltz,Goesdorf,Femmes,Non-salariés,30
2013.03.29,Wiltz,Goesdorf,Hommes,Salariés,310
2013.03.29,Wiltz,Goesdorf,Hommes,Non-salariés,30
2013.03.29,Wiltz,Kiischpelt,Femmes,Salariés,170
2013.03.29,Wiltz,Kiischpelt,Femmes,Non-salariés,20
2013.03.29,Wiltz,Kiischpelt,Hommes,Salariés,230
2013.03.29,Wiltz,Kiischpelt,Hommes,Non-salariés,30
2013.03.29,Wiltz,Lac de la Haute-Sûre,Femmes,Salariés,250
2013.03.29,Wiltz,Lac de la Haute-Sûre,Femmes,Non-salariés,40
2013.03.29,Wiltz,Lac de la Haute-Sûre,Hommes,Salariés,340
2013.03.29,Wiltz,Lac de la Haute-Sûre,Hommes,Non-salariés,70
2013.03.29,Wiltz,Wiltz,Femmes,Salariés,890
2013.03.29,Wiltz,Wiltz,Femmes,Non-salariés,70
2013.03.29,Wiltz,Wiltz,Hommes,Salariés,1210
2013.03.29,Wiltz,Wiltz,Hommes,Non-salariés,120
2013.03.29,Wiltz,Winseler,Femmes,Salariés,160
2013.03.29,Wiltz,Winseler,Femmes,Non-salariés,20
2013.03.29,Wiltz,Winseler,Hommes,Salariés,220
2013.03.29,Wiltz,Winseler,Hommes,Non-salariés,60
2013.09.30,Capellen,Dippach,Femmes,Salariés,660
2013.09.30,Capellen,Dippach,Femmes,Non-salariés,60
2013.09.30,Capellen,Dippach,Hommes,Salariés,840
2013.09.30,Capellen,Dippach,Hommes,Non-salariés,100
2013.09.30,Capellen,Garnich,Femmes,Salariés,340
2013.09.30,Capellen,Garnich,Femmes,Non-salariés,40
2013.09.30,Capellen,Garnich,Hommes,Salariés,410
2013.09.30,Capellen,Garnich,Hommes,Non-salariés,60
2013.09.30,Capellen,Habscht,Femmes,Salariés,720
2013.09.30,Capellen,Habscht,Femmes,Non-salariés,50
2013.09.30,Capellen,Habscht,Hommes,Salariés,940
2013.09.30,Capellen,Habscht,Hommes,Non-salariés,100
2013.09.30,Capellen,Käerjeng,Femmes,Salariés,1740
2013.09.30,Capellen,Käerjeng,Femmes,Non-salariés,120
2013.09.30,Capellen,Käerjeng,Hommes,Salariés,2070
2013.09.30,Capellen,Käerjeng,Hommes,Non-salariés,180
2013.09.30,Capellen,Kehlen,Femmes,Salariés,860
2013.09.30,Capellen,Kehlen,Femmes,Non-salariés,110
2013.09.30,Capellen,Kehlen,Hommes,Salariés,990
2013.09.30,Capellen,Kehlen,Hommes,Non-salariés,170
2013.09.30,Capellen,Koerich,Femmes,Salariés,390
2013.09.30,Capellen,Koerich,Femmes,Non-salariés,40
2013.09.30,Capellen,Koerich,Hommes,Salariés,480
2013.09.30,Capellen,Koerich,Hommes,Non-salariés,70
2013.09.30,Capellen,Kopstal,Femmes,Salariés,490
2013.09.30,Capellen,Kopstal,Femmes,Non-salariés,60
2013.09.30,Capellen,Kopstal,Hommes,Salariés,520
2013.09.30,Capellen,Kopstal,Hommes,Non-salariés,130
2013.09.30,Capellen,Mamer,Femmes,Salariés,1250
2013.09.30,Capellen,Mamer,Femmes,Non-salariés,110
2013.09.30,Capellen,Mamer,Hommes,Salariés,1380
2013.09.30,Capellen,Mamer,Hommes,Non-salariés,220
2013.09.30,Capellen,Steinfort,Femmes,Salariés,850
2013.09.30,Capellen,Steinfort,Femmes,Non-salariés,80
2013.09.30,Capellen,Steinfort,Hommes,Salariés,990
2013.09.30,Capellen,Steinfort,Hommes,Non-salariés,110
2013.09.30,Clervaux,Clervaux,Femmes,Salariés,810
2013.09.30,Clervaux,Clervaux,Femmes,Non-salariés,90
2013.09.30,Clervaux,Clervaux,Hommes,Salariés,1030
2013.09.30,Clervaux,Clervaux,Hommes,Non-salariés,150
2013.09.30,Clervaux,Parc Hosingen,Femmes,Salariés,590
2013.09.30,Clervaux,Parc Hosingen,Femmes,Non-salariés,60
2013.09.30,Clervaux,Parc Hosingen,Hommes,Salariés,690
2013.09.30,Clervaux,Parc Hosingen,Hommes,Non-salariés,90
2013.09.30,Clervaux,Troisvierges,Femmes,Salariés,500
2013.09.30,Clervaux,Troisvierges,Femmes,Non-salariés,60
2013.09.30,Clervaux,Troisvierges,Hommes,Salariés,670
2013.09.30,Clervaux,Troisvierges,Hommes,Non-salariés,100
2013.09.30,Clervaux,Weiswampach,Femmes,Salariés,250
2013.09.30,Clervaux,Weiswampach,Femmes,Non-salariés,40
2013.09.30,Clervaux,Weiswampach,Hommes,Salariés,330
2013.09.30,Clervaux,Weiswampach,Hommes,Non-salariés,80
2013.09.30,Clervaux,Wincrange,Femmes,Salariés,640
2013.09.30,Clervaux,Wincrange,Femmes,Non-salariés,120
2013.09.30,Clervaux,Wincrange,Hommes,Salariés,800
2013.09.30,Clervaux,Wincrange,Hommes,Non-salariés,240
2013.09.30,Diekirch,Bettendorf,Femmes,Salariés,460
2013.09.30,Diekirch,Bettendorf,Femmes,Non-salariés,40
2013.09.30,Diekirch,Bettendorf,Hommes,Salariés,590
2013.09.30,Diekirch,Bettendorf,Hommes,Non-salariés,50
2013.09.30,Diekirch,Bourscheid,Femmes,Salariés,250
2013.09.30,Diekirch,Bourscheid,Femmes,Non-salariés,30
2013.09.30,Diekirch,Bourscheid,Hommes,Salariés,350
2013.09.30,Diekirch,Bourscheid,Hommes,Non-salariés,50
2013.09.30,Diekirch,Diekirch,Femmes,Salariés,1100
2013.09.30,Diekirch,Diekirch,Femmes,Non-salariés,80
2013.09.30,Diekirch,Diekirch,Hommes,Salariés,1350
2013.09.30,Diekirch,Diekirch,Hommes,Non-salariés,110
2013.09.30,Diekirch,Erpeldange-sur-Sûre,Femmes,Salariés,420
2013.09.30,Diekirch,Erpeldange-sur-Sûre,Femmes,Non-salariés,40
2013.09.30,Diekirch,Erpeldange-sur-Sûre,Hommes,Salariés,500
2013.09.30,Diekirch,Erpeldange-sur-Sûre,Hommes,Non-salariés,50
2013.09.30,Diekirch,Ettelbruck,Femmes,Salariés,1460
2013.09.30,Diekirch,Ettelbruck,Femmes,Non-salariés,100
2013.09.30,Diekirch,Ettelbruck,Hommes,Salariés,1680
2013.09.30,Diekirch,Ettelbruck,Hommes,Non-salariés,150
2013.09.30,Diekirch,Feulen,Femmes,Salariés,330
2013.09.30,Diekirch,Feulen,Femmes,Non-salariés,20
2013.09.30,Diekirch,Feulen,Hommes,Salariés,390
2013.09.30,Diekirch,Feulen,Hommes,Non-salariés,40
2013.09.30,Diekirch,Mertzig,Femmes,Salariés,370
2013.09.30,Diekirch,Mertzig,Femmes,Non-salariés,30
2013.09.30,Diekirch,Mertzig,Hommes,Salariés,450
2013.09.30,Diekirch,Mertzig,Hommes,Non-salariés,30
2013.09.30,Diekirch,Reisdorf,Femmes,Salariés,170
2013.09.30,Diekirch,Reisdorf,Femmes,Non-salariés,20
2013.09.30,Diekirch,Reisdorf,Hommes,Salariés,240
2013.09.30,Diekirch,Reisdorf,Hommes,Non-salariés,30
2013.09.30,Diekirch,Schieren,Femmes,Salariés,350
2013.09.30,Diekirch,Schieren,Femmes,Non-salariés,20
2013.09.30,Diekirch,Schieren,Hommes,Salariés,410
2013.09.30,Diekirch,Schieren,Hommes,Non-salariés,30
2013.09.30,Diekirch,Vallée de l'Ernz,Femmes,Salariés,450
2013.09.30,Diekirch,Vallée de l'Ernz,Femmes,Non-salariés,50
2013.09.30,Diekirch,Vallée de l'Ernz,Hommes,Salariés,560
2013.09.30,Diekirch,Vallée de l'Ernz,Hommes,Non-salariés,80
2013.09.30,Echternach,Beaufort,Femmes,Salariés,400
2013.09.30,Echternach,Beaufort,Femmes,Non-salariés,50
2013.09.30,Echternach,Beaufort,Hommes,Salariés,560
2013.09.30,Echternach,Beaufort,Hommes,Non-salariés,40
2013.09.30,Echternach,Bech,Femmes,Salariés,200
2013.09.30,Echternach,Bech,Femmes,Non-salariés,20
2013.09.30,Echternach,Bech,Hommes,Salariés,240
2013.09.30,Echternach,Bech,Hommes,Non-salariés,40
2013.09.30,Echternach,Berdorf,Femmes,Salariés,280
2013.09.30,Echternach,Berdorf,Femmes,Non-salariés,30
2013.09.30,Echternach,Berdorf,Hommes,Salariés,350
2013.09.30,Echternach,Berdorf,Hommes,Non-salariés,40
2013.09.30,Echternach,Consdorf,Femmes,Salariés,320
2013.09.30,Echternach,Consdorf,Femmes,Non-salariés,40
2013.09.30,Echternach,Consdorf,Hommes,Salariés,380
2013.09.30,Echternach,Consdorf,Hommes,Non-salariés,50
2013.09.30,Echternach,Echternach,Femmes,Salariés,980
2013.09.30,Echternach,Echternach,Femmes,Non-salariés,70
2013.09.30,Echternach,Echternach,Hommes,Salariés,1110
2013.09.30,Echternach,Echternach,Hommes,Non-salariés,130
2013.09.30,Echternach,Rosport-Mompach,Femmes,Salariés,560
2013.09.30,Echternach,Rosport-Mompach,Femmes,Non-salariés,70
2013.09.30,Echternach,Rosport-Mompach,Hommes,Salariés,660
2013.09.30,Echternach,Rosport-Mompach,Hommes,Non-salariés,110
2013.09.30,Echternach,Waldbillig,Femmes,Salariés,290
2013.09.30,Echternach,Waldbillig,Femmes,Non-salariés,20
2013.09.30,Echternach,Waldbillig,Hommes,Salariés,350
2013.09.30,Echternach,Waldbillig,Hommes,Non-salariés,40
2013.09.30,Esch-Sur-Alzette,Bettembourg,Femmes,Salariés,1760
2013.09.30,Esch-Sur-Alzette,Bettembourg,Femmes,Non-salariés,120
2013.09.30,Esch-Sur-Alzette,Bettembourg,Hommes,Salariés,2080
2013.09.30,Esch-Sur-Alzette,Bettembourg,Hommes,Non-salariés,160
2013.09.30,Esch-Sur-Alzette,Differdange,Femmes,Salariés,4020
2013.09.30,Esch-Sur-Alzette,Differdange,Femmes,Non-salariés,200
2013.09.30,Esch-Sur-Alzette,Differdange,Hommes,Salariés,5210
2013.09.30,Esch-Sur-Alzette,Differdange,Hommes,Non-salariés,180
2013.09.30,Esch-Sur-Alzette,Dudelange,Femmes,Salariés,3410
2013.09.30,Esch-Sur-Alzette,Dudelange,Femmes,Non-salariés,190
2013.09.30,Esch-Sur-Alzette,Dudelange,Hommes,Salariés,4130
2013.09.30,Esch-Sur-Alzette,Dudelange,Hommes,Non-salariés,290
2013.09.30,Esch-Sur-Alzette,Esch-sur-Alzette,Femmes,Salariés,5320
2013.09.30,Esch-Sur-Alzette,Esch-sur-Alzette,Femmes,Non-salariés,280
2013.09.30,Esch-Sur-Alzette,Esch-sur-Alzette,Hommes,Salariés,6950
2013.09.30,Esch-Sur-Alzette,Esch-sur-Alzette,Hommes,Non-salariés,430
2013.09.30,Esch-Sur-Alzette,Frisange,Femmes,Salariés,780
2013.09.30,Esch-Sur-Alzette,Frisange,Femmes,Non-salariés,50
2013.09.30,Esch-Sur-Alzette,Frisange,Hommes,Salariés,880
2013.09.30,Esch-Sur-Alzette,Frisange,Hommes,Non-salariés,100
2013.09.30,Esch-Sur-Alzette,Kayl,Femmes,Salariés,1510
2013.09.30,Esch-Sur-Alzette,Kayl,Femmes,Non-salariés,80
2013.09.30,Esch-Sur-Alzette,Kayl,Hommes,Salariés,1810
2013.09.30,Esch-Sur-Alzette,Kayl,Hommes,Non-salariés,120
2013.09.30,Esch-Sur-Alzette,Leudelange,Femmes,Salariés,430
2013.09.30,Esch-Sur-Alzette,Leudelange,Femmes,Non-salariés,40
2013.09.30,Esch-Sur-Alzette,Leudelange,Hommes,Salariés,500
2013.09.30,Esch-Sur-Alzette,Leudelange,Hommes,Non-salariés,90
2013.09.30,Esch-Sur-Alzette,Mondercange,Femmes,Salariés,1140
2013.09.30,Esch-Sur-Alzette,Mondercange,Femmes,Non-salariés,90
2013.09.30,Esch-Sur-Alzette,Mondercange,Hommes,Salariés,1310
2013.09.30,Esch-Sur-Alzette,Mondercange,Hommes,Non-salariés,160
2013.09.30,Esch-Sur-Alzette,Pétange,Femmes,Salariés,2790
2013.09.30,Esch-Sur-Alzette,Pétange,Femmes,Non-salariés,160
2013.09.30,Esch-Sur-Alzette,Pétange,Hommes,Salariés,3590
2013.09.30,Esch-Sur-Alzette,Pétange,Hommes,Non-salariés,190
2013.09.30,Esch-Sur-Alzette,Reckange-sur-Mess,Femmes,Salariés,400
2013.09.30,Esch-Sur-Alzette,Reckange-sur-Mess,Femmes,Non-salariés,40
2013.09.30,Esch-Sur-Alzette,Reckange-sur-Mess,Hommes,Salariés,440
2013.09.30,Esch-Sur-Alzette,Reckange-sur-Mess,Hommes,Non-salariés,70
2013.09.30,Esch-Sur-Alzette,Roeser,Femmes,Salariés,1070
2013.09.30,Esch-Sur-Alzette,Roeser,Femmes,Non-salariés,80
2013.09.30,Esch-Sur-Alzette,Roeser,Hommes,Salariés,1250
2013.09.30,Esch-Sur-Alzette,Roeser,Hommes,Non-salariés,140
2013.09.30,Esch-Sur-Alzette,Rumelange,Femmes,Salariés,890
2013.09.30,Esch-Sur-Alzette,Rumelange,Femmes,Non-salariés,40
2013.09.30,Esch-Sur-Alzette,Rumelange,Hommes,Salariés,1060
2013.09.30,Esch-Sur-Alzette,Rumelange,Hommes,Non-salariés,50
2013.09.30,Esch-Sur-Alzette,Sanem,Femmes,Salariés,2730
2013.09.30,Esch-Sur-Alzette,Sanem,Femmes,Non-salariés,160
2013.09.30,Esch-Sur-Alzette,Sanem,Hommes,Salariés,3200
2013.09.30,Esch-Sur-Alzette,Sanem,Hommes,Non-salariés,210
2013.09.30,Esch-Sur-Alzette,Schifflange,Femmes,Salariés,1590
2013.09.30,Esch-Sur-Alzette,Schifflange,Femmes,Non-salariés,100
2013.09.30,Esch-Sur-Alzette,Schifflange,Hommes,Salariés,1890
2013.09.30,Esch-Sur-Alzette,Schifflange,Hommes,Non-salariés,110
2013.09.30,Grevenmacher,Betzdorf,Femmes,Salariés,610
2013.09.30,Grevenmacher,Betzdorf,Femmes,Non-salariés,40
2013.09.30,Grevenmacher,Betzdorf,Hommes,Salariés,740
2013.09.30,Grevenmacher,Betzdorf,Hommes,Non-salariés,90
2013.09.30,Grevenmacher,Biwer,Femmes,Salariés,300
2013.09.30,Grevenmacher,Biwer,Femmes,Non-salariés,30
2013.09.30,Grevenmacher,Biwer,Hommes,Salariés,350
2013.09.30,Grevenmacher,Biwer,Hommes,Non-salariés,60
2013.09.30,Grevenmacher,Flaxweiler,Femmes,Salariés,340
2013.09.30,Grevenmacher,Flaxweiler,Femmes,Non-salariés,40
2013.09.30,Grevenmacher,Flaxweiler,Hommes,Salariés,430
2013.09.30,Grevenmacher,Flaxweiler,Hommes,Non-salariés,60
2013.09.30,Grevenmacher,Grevenmacher,Femmes,Salariés,810
2013.09.30,Grevenmacher,Grevenmacher,Femmes,Non-salariés,60
2013.09.30,Grevenmacher,Grevenmacher,Hommes,Salariés,1000
2013.09.30,Grevenmacher,Grevenmacher,Hommes,Non-salariés,80
2013.09.30,Grevenmacher,Junglinster,Femmes,Salariés,1120
2013.09.30,Grevenmacher,Junglinster,Femmes,Non-salariés,110
2013.09.30,Grevenmacher,Junglinster,Hommes,Salariés,1330
2013.09.30,Grevenmacher,Junglinster,Hommes,Non-salariés,180
2013.09.30,Grevenmacher,Manternach,Femmes,Salariés,330
2013.09.30,Grevenmacher,Manternach,Femmes,Non-salariés,20
2013.09.30,Grevenmacher,Manternach,Hommes,Salariés,380
2013.09.30,Grevenmacher,Manternach,Hommes,Non-salariés,50
2013.09.30,Grevenmacher,Mertert,Femmes,Salariés,750
2013.09.30,Grevenmacher,Mertert,Femmes,Non-salariés,50
2013.09.30,Grevenmacher,Mertert,Hommes,Salariés,910
2013.09.30,Grevenmacher,Mertert,Hommes,Non-salariés,90
2013.09.30,Grevenmacher,Wormeldange,Femmes,Salariés,420
2013.09.30,Grevenmacher,Wormeldange,Femmes,Non-salariés,60
2013.09.30,Grevenmacher,Wormeldange,Hommes,Salariés,560
2013.09.30,Grevenmacher,Wormeldange,Hommes,Non-salariés,110
2013.09.30,Luxembourg-Campagne,Bertrange,Femmes,Salariés,1060
2013.09.30,Luxembourg-Campagne,Bertrange,Femmes,Non-salariés,110
2013.09.30,Luxembourg-Campagne,Bertrange,Hommes,Salariés,1280
2013.09.30,Luxembourg-Campagne,Bertrange,Hommes,Non-salariés,190
2013.09.30,Luxembourg-Campagne,Contern,Femmes,Salariés,570
2013.09.30,Luxembourg-Campagne,Contern,Femmes,Non-salariés,50
2013.09.30,Luxembourg-Campagne,Contern,Hommes,Salariés,700
2013.09.30,Luxembourg-Campagne,Contern,Hommes,Non-salariés,100
2013.09.30,Luxembourg-Campagne,Hesperange,Femmes,Salariés,2470
2013.09.30,Luxembourg-Campagne,Hesperange,Femmes,Non-salariés,220
2013.09.30,Luxembourg-Campagne,Hesperange,Hommes,Salariés,2910
2013.09.30,Luxembourg-Campagne,Hesperange,Hommes,Non-salariés,330
2013.09.30,Luxembourg-Campagne,Niederanven,Femmes,Salariés,730
2013.09.30,Luxembourg-Campagne,Niederanven,Femmes,Non-salariés,110
2013.09.30,Luxembourg-Campagne,Niederanven,Hommes,Salariés,890
2013.09.30,Luxembourg-Campagne,Niederanven,Hommes,Non-salariés,170
2013.09.30,Luxembourg-Campagne,Sandweiler,Femmes,Salariés,570
2013.09.30,Luxembourg-Campagne,Sandweiler,Femmes,Non-salariés,50
2013.09.30,Luxembourg-Campagne,Sandweiler,Hommes,Salariés,700
2013.09.30,Luxembourg-Campagne,Sandweiler,Hommes,Non-salariés,90
2013.09.30,Luxembourg-Campagne,Schuttrange,Femmes,Salariés,530
2013.09.30,Luxembourg-Campagne,Schuttrange,Femmes,Non-salariés,60
2013.09.30,Luxembourg-Campagne,Schuttrange,Hommes,Salariés,660
2013.09.30,Luxembourg-Campagne,Schuttrange,Hommes,Non-salariés,100
2013.09.30,Luxembourg-Campagne,Steinsel,Femmes,Salariés,770
2013.09.30,Luxembourg-Campagne,Steinsel,Femmes,Non-salariés,70
2013.09.30,Luxembourg-Campagne,Steinsel,Hommes,Salariés,850
2013.09.30,Luxembourg-Campagne,Steinsel,Hommes,Non-salariés,140
2013.09.30,Luxembourg-Campagne,Strassen,Femmes,Salariés,1270
2013.09.30,Luxembourg-Campagne,Strassen,Femmes,Non-salariés,120
2013.09.30,Luxembourg-Campagne,Strassen,Hommes,Salariés,1520
2013.09.30,Luxembourg-Campagne,Strassen,Hommes,Non-salariés,190
2013.09.30,Luxembourg-Campagne,Walferdange,Femmes,Salariés,1320
2013.09.30,Luxembourg-Campagne,Walferdange,Femmes,Non-salariés,110
2013.09.30,Luxembourg-Campagne,Walferdange,Hommes,Salariés,1480
2013.09.30,Luxembourg-Campagne,Walferdange,Hommes,Non-salariés,180
2013.09.30,Luxembourg-Campagne,Weiler-la-Tour,Femmes,Salariés,360
2013.09.30,Luxembourg-Campagne,Weiler-la-Tour,Femmes,Non-salariés,30
2013.09.30,Luxembourg-Campagne,Weiler-la-Tour,Hommes,Salariés,440
2013.09.30,Luxembourg-Campagne,Weiler-la-Tour,Hommes,Non-salariés,60
2013.09.30,Luxembourg-Ville,Luxembourg,Femmes,Salariés,15690
2013.09.30,Luxembourg-Ville,Luxembourg,Femmes,Non-salariés,1490
2013.09.30,Luxembourg-Ville,Luxembourg,Hommes,Salariés,19870
2013.09.30,Luxembourg-Ville,Luxembourg,Hommes,Non-salariés,2460
2013.09.30,Mersch,Bissen,Femmes,Salariés,540
2013.09.30,Mersch,Bissen,Femmes,Non-salariés,30
2013.09.30,Mersch,Bissen,Hommes,Salariés,670
2013.09.30,Mersch,Bissen,Hommes,Non-salariés,50
2013.09.30,Mersch,Colmar-Berg,Femmes,Salariés,420
2013.09.30,Mersch,Colmar-Berg,Femmes,Non-salariés,20
2013.09.30,Mersch,Colmar-Berg,Hommes,Salariés,480
2013.09.30,Mersch,Colmar-Berg,Hommes,Non-salariés,30
2013.09.30,Mersch,Fischbach,Femmes,Salariés,200
2013.09.30,Mersch,Fischbach,Femmes,Non-salariés,20
2013.09.30,Mersch,Fischbach,Hommes,Salariés,280
2013.09.30,Mersch,Fischbach,Hommes,Non-salariés,30
2013.09.30,Mersch,Heffingen,Femmes,Salariés,230
2013.09.30,Mersch,Heffingen,Femmes,Non-salariés,20
2013.09.30,Mersch,Heffingen,Hommes,Salariés,240
2013.09.30,Mersch,Heffingen,Hommes,Non-salariés,40
2013.09.30,Mersch,Helperknapp,Femmes,Salariés,640
2013.09.30,Mersch,Helperknapp,Femmes,Non-salariés,60
2013.09.30,Mersch,Helperknapp,Hommes,Salariés,800
2013.09.30,Mersch,Helperknapp,Hommes,Non-salariés,90
2013.09.30,Mersch,Larochette,Femmes,Salariés,420
2013.09.30,Mersch,Larochette,Femmes,Non-salariés,30
2013.09.30,Mersch,Larochette,Hommes,Salariés,470
2013.09.30,Mersch,Larochette,Hommes,Non-salariés,40
2013.09.30,Mersch,Lintgen,Femmes,Salariés,570
2013.09.30,Mersch,Lintgen,Femmes,Non-salariés,30
2013.09.30,Mersch,Lintgen,Hommes,Salariés,660
2013.09.30,Mersch,Lintgen,Hommes,Non-salariés,40
2013.09.30,Mersch,Lorentzweiler,Femmes,Salariés,610
2013.09.30,Mersch,Lorentzweiler,Femmes,Non-salariés,40
2013.09.30,Mersch,Lorentzweiler,Hommes,Salariés,720
2013.09.30,Mersch,Lorentzweiler,Hommes,Non-salariés,80
2013.09.30,Mersch,Mersch,Femmes,Salariés,1630
2013.09.30,Mersch,Mersch,Femmes,Non-salariés,90
2013.09.30,Mersch,Mersch,Hommes,Salariés,1870
2013.09.30,Mersch,Mersch,Hommes,Non-salariés,160
2013.09.30,Mersch,Nommern,Femmes,Salariés,230
2013.09.30,Mersch,Nommern,Femmes,Non-salariés,30
2013.09.30,Mersch,Nommern,Hommes,Salariés,270
2013.09.30,Mersch,Nommern,Hommes,Non-salariés,50
2013.09.30,Non déterminé,Non déterminé,Femmes,Salariés,50
2013.09.30,Non déterminé,Non déterminé,Femmes,Non-salariés,0
2013.09.30,Non déterminé,Non déterminé,Hommes,Salariés,80
2013.09.30,Non déterminé,Non déterminé,Hommes,Non-salariés,10
2013.09.30,Redange,Beckerich,Femmes,Salariés,410
2013.09.30,Redange,Beckerich,Femmes,Non-salariés,30
2013.09.30,Redange,Beckerich,Hommes,Salariés,520
2013.09.30,Redange,Beckerich,Hommes,Non-salariés,60
2013.09.30,Redange,Ell,Femmes,Salariés,200
2013.09.30,Redange,Ell,Femmes,Non-salariés,30
2013.09.30,Redange,Ell,Hommes,Salariés,270
2013.09.30,Redange,Ell,Hommes,Non-salariés,40
2013.09.30,Redange,Groussbus-Wal,Femmes,Salariés,300
2013.09.30,Redange,Groussbus-Wal,Femmes,Non-salariés,50
2013.09.30,Redange,Groussbus-Wal,Hommes,Salariés,400
2013.09.30,Redange,Groussbus-Wal,Hommes,Non-salariés,60
2013.09.30,Redange,Préizerdaul,Femmes,Salariés,300
2013.09.30,Redange,Préizerdaul,Femmes,Non-salariés,30
2013.09.30,Redange,Préizerdaul,Hommes,Salariés,360
2013.09.30,Redange,Préizerdaul,Hommes,Non-salariés,40
2013.09.30,Redange,Rambrouch,Femmes,Salariés,580
2013.09.30,Redange,Rambrouch,Femmes,Non-salariés,90
2013.09.30,Redange,Rambrouch,Hommes,Salariés,820
2013.09.30,Redange,Rambrouch,Hommes,Non-salariés,140
2013.09.30,Redange,Redange/Attert,Femmes,Salariés,460
2013.09.30,Redange,Redange/Attert,Femmes,Non-salariés,40
2013.09.30,Redange,Redange/Attert,Hommes,Salariés,540
2013.09.30,Redange,Redange/Attert,Hommes,Non-salariés,80
2013.09.30,Redange,Saeul,Femmes,Salariés,120
2013.09.30,Redange,Saeul,Femmes,Non-salariés,20
2013.09.30,Redange,Saeul,Hommes,Salariés,160
2013.09.30,Redange,Saeul,Hommes,Non-salariés,20
2013.09.30,Redange,Useldange,Femmes,Salariés,330
2013.09.30,Redange,Useldange,Femmes,Non-salariés,20
2013.09.30,Redange,Useldange,Hommes,Salariés,350
2013.09.30,Redange,Useldange,Hommes,Non-salariés,50
2013.09.30,Redange,Vichten,Femmes,Salariés,190
2013.09.30,Redange,Vichten,Femmes,Non-salariés,10
2013.09.30,Redange,Vichten,Hommes,Salariés,260
2013.09.30,Redange,Vichten,Hommes,Non-salariés,30
2013.09.30,Remich,Bous-Waldbredimus,Femmes,Salariés,460
2013.09.30,Remich,Bous-Waldbredimus,Femmes,Non-salariés,50
2013.09.30,Remich,Bous-Waldbredimus,Hommes,Salariés,580
2013.09.30,Remich,Bous-Waldbredimus,Hommes,Non-salariés,80
2013.09.30,Remich,Dalheim,Femmes,Salariés,360
2013.09.30,Remich,Dalheim,Femmes,Non-salariés,30
2013.09.30,Remich,Dalheim,Hommes,Salariés,430
2013.09.30,Remich,Dalheim,Hommes,Non-salariés,60
2013.09.30,Remich,Lenningen,Femmes,Salariés,330
2013.09.30,Remich,Lenningen,Femmes,Non-salariés,20
2013.09.30,Remich,Lenningen,Hommes,Salariés,390
2013.09.30,Remich,Lenningen,Hommes,Non-salariés,30
2013.09.30,Remich,Mondorf-les-Bains,Femmes,Salariés,760
2013.09.30,Remich,Mondorf-les-Bains,Femmes,Non-salariés,70
2013.09.30,Remich,Mondorf-les-Bains,Hommes,Salariés,920
2013.09.30,Remich,Mondorf-les-Bains,Hommes,Non-salariés,120
2013.09.30,Remich,Remich,Femmes,Salariés,590
2013.09.30,Remich,Remich,Femmes,Non-salariés,60
2013.09.30,Remich,Remich,Hommes,Salariés,690
2013.09.30,Remich,Remich,Hommes,Non-salariés,110
2013.09.30,Remich,Schengen,Femmes,Salariés,800
2013.09.30,Remich,Schengen,Femmes,Non-salariés,100
2013.09.30,Remich,Schengen,Hommes,Salariés,950
2013.09.30,Remich,Schengen,Hommes,Non-salariés,180
2013.09.30,Remich,Stadtbredimus,Femmes,Salariés,310
2013.09.30,Remich,Stadtbredimus,Femmes,Non-salariés,40
2013.09.30,Remich,Stadtbredimus,Hommes,Salariés,380
2013.09.30,Remich,Stadtbredimus,Hommes,Non-salariés,40
2013.09.30,Vianden,Putscheid,Femmes,Salariés,180
2013.09.30,Vianden,Putscheid,Femmes,Non-salariés,20
2013.09.30,Vianden,Putscheid,Hommes,Salariés,240
2013.09.30,Vianden,Putscheid,Hommes,Non-salariés,20
2013.09.30,Vianden,Tandel,Femmes,Salariés,380
2013.09.30,Vianden,Tandel,Femmes,Non-salariés,40
2013.09.30,Vianden,Tandel,Hommes,Salariés,400
2013.09.30,Vianden,Tandel,Hommes,Non-salariés,50
2013.09.30,Vianden,Vianden,Femmes,Salariés,320
2013.09.30,Vianden,Vianden,Femmes,Non-salariés,30
2013.09.30,Vianden,Vianden,Hommes,Salariés,400
2013.09.30,Vianden,Vianden,Hommes,Non-salariés,50
2013.09.30,Wiltz,Boulaide,Femmes,Salariés,180
2013.09.30,Wiltz,Boulaide,Femmes,Non-salariés,20
2013.09.30,Wiltz,Boulaide,Hommes,Salariés,220
2013.09.30,Wiltz,Boulaide,Hommes,Non-salariés,30
2013.09.30,Wiltz,Esch-sur-Sûre,Femmes,Salariés,410
2013.09.30,Wiltz,Esch-sur-Sûre,Femmes,Non-salariés,40
2013.09.30,Wiltz,Esch-sur-Sûre,Hommes,Salariés,510
2013.09.30,Wiltz,Esch-sur-Sûre,Hommes,Non-salariés,70
2013.09.30,Wiltz,Goesdorf,Femmes,Salariés,250
2013.09.30,Wiltz,Goesdorf,Femmes,Non-salariés,30
2013.09.30,Wiltz,Goesdorf,Hommes,Salariés,320
2013.09.30,Wiltz,Goesdorf,Hommes,Non-salariés,40
2013.09.30,Wiltz,Kiischpelt,Femmes,Salariés,170
2013.09.30,Wiltz,Kiischpelt,Femmes,Non-salariés,20
2013.09.30,Wiltz,Kiischpelt,Hommes,Salariés,220
2013.09.30,Wiltz,Kiischpelt,Hommes,Non-salariés,30
2013.09.30,Wiltz,Lac de la Haute-Sûre,Femmes,Salariés,260
2013.09.30,Wiltz,Lac de la Haute-Sûre,Femmes,Non-salariés,40
2013.09.30,Wiltz,Lac de la Haute-Sûre,Hommes,Salariés,350
2013.09.30,Wiltz,Lac de la Haute-Sûre,Hommes,Non-salariés,60
2013.09.30,Wiltz,Wiltz,Femmes,Salariés,920
2013.09.30,Wiltz,Wiltz,Femmes,Non-salariés,70
2013.09.30,Wiltz,Wiltz,Hommes,Salariés,1240
2013.09.30,Wiltz,Wiltz,Hommes,Non-salariés,120
2013.09.30,Wiltz,Winseler,Femmes,Salariés,170
2013.09.30,Wiltz,Winseler,Femmes,Non-salariés,20
2013.09.30,Wiltz,Winseler,Hommes,Salariés,210
2013.09.30,Wiltz,Winseler,Hommes,Non-salariés,60
2014.03.31,Capellen,Dippach,Femmes,Salariés,690
2014.03.31,Capellen,Dippach,Femmes,Non-salariés,60
2014.03.31,Capellen,Dippach,Hommes,Salariés,870
2014.03.31,Capellen,Dippach,Hommes,Non-salariés,100
2014.03.31,Capellen,Garnich,Femmes,Salariés,340
2014.03.31,Capellen,Garnich,Femmes,Non-salariés,40
2014.03.31,Capellen,Garnich,Hommes,Salariés,400
2014.03.31,Capellen,Garnich,Hommes,Non-salariés,60
2014.03.31,Capellen,Habscht,Femmes,Salariés,740
2014.03.31,Capellen,Habscht,Femmes,Non-salariés,60
2014.03.31,Capellen,Habscht,Hommes,Salariés,940
2014.03.31,Capellen,Habscht,Hommes,Non-salariés,100
2014.03.31,Capellen,Käerjeng,Femmes,Salariés,1760
2014.03.31,Capellen,Käerjeng,Femmes,Non-salariés,120
2014.03.31,Capellen,Käerjeng,Hommes,Salariés,2070
2014.03.31,Capellen,Käerjeng,Hommes,Non-salariés,170
2014.03.31,Capellen,Kehlen,Femmes,Salariés,880
2014.03.31,Capellen,Kehlen,Femmes,Non-salariés,100
2014.03.31,Capellen,Kehlen,Hommes,Salariés,990
2014.03.31,Capellen,Kehlen,Hommes,Non-salariés,170
2014.03.31,Capellen,Koerich,Femmes,Salariés,400
2014.03.31,Capellen,Koerich,Femmes,Non-salariés,40
2014.03.31,Capellen,Koerich,Hommes,Salariés,490
2014.03.31,Capellen,Koerich,Hommes,Non-salariés,70
2014.03.31,Capellen,Kopstal,Femmes,Salariés,510
2014.03.31,Capellen,Kopstal,Femmes,Non-salariés,60
2014.03.31,Capellen,Kopstal,Hommes,Salariés,530
2014.03.31,Capellen,Kopstal,Hommes,Non-salariés,130
2014.03.31,Capellen,Mamer,Femmes,Salariés,1280
2014.03.31,Capellen,Mamer,Femmes,Non-salariés,120
2014.03.31,Capellen,Mamer,Hommes,Salariés,1410
2014.03.31,Capellen,Mamer,Hommes,Non-salariés,220
2014.03.31,Capellen,Steinfort,Femmes,Salariés,840
2014.03.31,Capellen,Steinfort,Femmes,Non-salariés,80
2014.03.31,Capellen,Steinfort,Hommes,Salariés,980
2014.03.31,Capellen,Steinfort,Hommes,Non-salariés,110
2014.03.31,Clervaux,Clervaux,Femmes,Salariés,840
2014.03.31,Clervaux,Clervaux,Femmes,Non-salariés,90
2014.03.31,Clervaux,Clervaux,Hommes,Salariés,1020
2014.03.31,Clervaux,Clervaux,Hommes,Non-salariés,150
2014.03.31,Clervaux,Parc Hosingen,Femmes,Salariés,590
2014.03.31,Clervaux,Parc Hosingen,Femmes,Non-salariés,60
2014.03.31,Clervaux,Parc Hosingen,Hommes,Salariés,710
2014.03.31,Clervaux,Parc Hosingen,Hommes,Non-salariés,90
2014.03.31,Clervaux,Troisvierges,Femmes,Salariés,510
2014.03.31,Clervaux,Troisvierges,Femmes,Non-salariés,50
2014.03.31,Clervaux,Troisvierges,Hommes,Salariés,660
2014.03.31,Clervaux,Troisvierges,Hommes,Non-salariés,100
2014.03.31,Clervaux,Weiswampach,Femmes,Salariés,260
2014.03.31,Clervaux,Weiswampach,Femmes,Non-salariés,30
2014.03.31,Clervaux,Weiswampach,Hommes,Salariés,350
2014.03.31,Clervaux,Weiswampach,Hommes,Non-salariés,80
2014.03.31,Clervaux,Wincrange,Femmes,Salariés,650
2014.03.31,Clervaux,Wincrange,Femmes,Non-salariés,120
2014.03.31,Clervaux,Wincrange,Hommes,Salariés,800
2014.03.31,Clervaux,Wincrange,Hommes,Non-salariés,230
2014.03.31,Diekirch,Bettendorf,Femmes,Salariés,460
2014.03.31,Diekirch,Bettendorf,Femmes,Non-salariés,40
2014.03.31,Diekirch,Bettendorf,Hommes,Salariés,570
2014.03.31,Diekirch,Bettendorf,Hommes,Non-salariés,50
2014.03.31,Diekirch,Bourscheid,Femmes,Salariés,260
2014.03.31,Diekirch,Bourscheid,Femmes,Non-salariés,30
2014.03.31,Diekirch,Bourscheid,Hommes,Salariés,350
2014.03.31,Diekirch,Bourscheid,Hommes,Non-salariés,50
2014.03.31,Diekirch,Diekirch,Femmes,Salariés,1130
2014.03.31,Diekirch,Diekirch,Femmes,Non-salariés,90
2014.03.31,Diekirch,Diekirch,Hommes,Salariés,1350
2014.03.31,Diekirch,Diekirch,Hommes,Non-salariés,110
2014.03.31,Diekirch,Erpeldange-sur-Sûre,Femmes,Salariés,420
2014.03.31,Diekirch,Erpeldange-sur-Sûre,Femmes,Non-salariés,40
2014.03.31,Diekirch,Erpeldange-sur-Sûre,Hommes,Salariés,490
2014.03.31,Diekirch,Erpeldange-sur-Sûre,Hommes,Non-salariés,50
2014.03.31,Diekirch,Ettelbruck,Femmes,Salariés,1440
2014.03.31,Diekirch,Ettelbruck,Femmes,Non-salariés,110
2014.03.31,Diekirch,Ettelbruck,Hommes,Salariés,1690
2014.03.31,Diekirch,Ettelbruck,Hommes,Non-salariés,150
2014.03.31,Diekirch,Feulen,Femmes,Salariés,350
2014.03.31,Diekirch,Feulen,Femmes,Non-salariés,20
2014.03.31,Diekirch,Feulen,Hommes,Salariés,400
2014.03.31,Diekirch,Feulen,Hommes,Non-salariés,40
2014.03.31,Diekirch,Mertzig,Femmes,Salariés,380
2014.03.31,Diekirch,Mertzig,Femmes,Non-salariés,30
2014.03.31,Diekirch,Mertzig,Hommes,Salariés,470
2014.03.31,Diekirch,Mertzig,Hommes,Non-salariés,40
2014.03.31,Diekirch,Reisdorf,Femmes,Salariés,190
2014.03.31,Diekirch,Reisdorf,Femmes,Non-salariés,10
2014.03.31,Diekirch,Reisdorf,Hommes,Salariés,240
2014.03.31,Diekirch,Reisdorf,Hommes,Non-salariés,40
2014.03.31,Diekirch,Schieren,Femmes,Salariés,360
2014.03.31,Diekirch,Schieren,Femmes,Non-salariés,20
2014.03.31,Diekirch,Schieren,Hommes,Salariés,410
2014.03.31,Diekirch,Schieren,Hommes,Non-salariés,30
2014.03.31,Diekirch,Vallée de l'Ernz,Femmes,Salariés,450
2014.03.31,Diekirch,Vallée de l'Ernz,Femmes,Non-salariés,50
2014.03.31,Diekirch,Vallée de l'Ernz,Hommes,Salariés,550
2014.03.31,Diekirch,Vallée de l'Ernz,Hommes,Non-salariés,80
2014.03.31,Echternach,Beaufort,Femmes,Salariés,400
2014.03.31,Echternach,Beaufort,Femmes,Non-salariés,40
2014.03.31,Echternach,Beaufort,Hommes,Salariés,540
2014.03.31,Echternach,Beaufort,Hommes,Non-salariés,40
2014.03.31,Echternach,Bech,Femmes,Salariés,200
2014.03.31,Echternach,Bech,Femmes,Non-salariés,20
2014.03.31,Echternach,Bech,Hommes,Salariés,250
2014.03.31,Echternach,Bech,Hommes,Non-salariés,40
2014.03.31,Echternach,Berdorf,Femmes,Salariés,270
2014.03.31,Echternach,Berdorf,Femmes,Non-salariés,40
2014.03.31,Echternach,Berdorf,Hommes,Salariés,370
2014.03.31,Echternach,Berdorf,Hommes,Non-salariés,40
2014.03.31,Echternach,Consdorf,Femmes,Salariés,310
2014.03.31,Echternach,Consdorf,Femmes,Non-salariés,40
2014.03.31,Echternach,Consdorf,Hommes,Salariés,400
2014.03.31,Echternach,Consdorf,Hommes,Non-salariés,50
2014.03.31,Echternach,Echternach,Femmes,Salariés,930
2014.03.31,Echternach,Echternach,Femmes,Non-salariés,80
2014.03.31,Echternach,Echternach,Hommes,Salariés,1060
2014.03.31,Echternach,Echternach,Hommes,Non-salariés,130
2014.03.31,Echternach,Rosport-Mompach,Femmes,Salariés,570
2014.03.31,Echternach,Rosport-Mompach,Femmes,Non-salariés,70
2014.03.31,Echternach,Rosport-Mompach,Hommes,Salariés,680
2014.03.31,Echternach,Rosport-Mompach,Hommes,Non-salariés,110
2014.03.31,Echternach,Waldbillig,Femmes,Salariés,300
2014.03.31,Echternach,Waldbillig,Femmes,Non-salariés,20
2014.03.31,Echternach,Waldbillig,Hommes,Salariés,350
2014.03.31,Echternach,Waldbillig,Hommes,Non-salariés,40
2014.03.31,Esch-Sur-Alzette,Bettembourg,Femmes,Salariés,1790
2014.03.31,Esch-Sur-Alzette,Bettembourg,Femmes,Non-salariés,120
2014.03.31,Esch-Sur-Alzette,Bettembourg,Hommes,Salariés,2080
2014.03.31,Esch-Sur-Alzette,Bettembourg,Hommes,Non-salariés,160
2014.03.31,Esch-Sur-Alzette,Differdange,Femmes,Salariés,4130
2014.03.31,Esch-Sur-Alzette,Differdange,Femmes,Non-salariés,200
2014.03.31,Esch-Sur-Alzette,Differdange,Hommes,Salariés,5230
2014.03.31,Esch-Sur-Alzette,Differdange,Hommes,Non-salariés,200
2014.03.31,Esch-Sur-Alzette,Dudelange,Femmes,Salariés,3480
2014.03.31,Esch-Sur-Alzette,Dudelange,Femmes,Non-salariés,190
2014.03.31,Esch-Sur-Alzette,Dudelange,Hommes,Salariés,4110
2014.03.31,Esch-Sur-Alzette,Dudelange,Hommes,Non-salariés,280
2014.03.31,Esch-Sur-Alzette,Esch-sur-Alzette,Femmes,Salariés,5430
2014.03.31,Esch-Sur-Alzette,Esch-sur-Alzette,Femmes,Non-salariés,280
2014.03.31,Esch-Sur-Alzette,Esch-sur-Alzette,Hommes,Salariés,6930
2014.03.31,Esch-Sur-Alzette,Esch-sur-Alzette,Hommes,Non-salariés,410
2014.03.31,Esch-Sur-Alzette,Frisange,Femmes,Salariés,810
2014.03.31,Esch-Sur-Alzette,Frisange,Femmes,Non-salariés,50
2014.03.31,Esch-Sur-Alzette,Frisange,Hommes,Salariés,900
2014.03.31,Esch-Sur-Alzette,Frisange,Hommes,Non-salariés,110
2014.03.31,Esch-Sur-Alzette,Kayl,Femmes,Salariés,1530
2014.03.31,Esch-Sur-Alzette,Kayl,Femmes,Non-salariés,80
2014.03.31,Esch-Sur-Alzette,Kayl,Hommes,Salariés,1810
2014.03.31,Esch-Sur-Alzette,Kayl,Hommes,Non-salariés,120
2014.03.31,Esch-Sur-Alzette,Leudelange,Femmes,Salariés,440
2014.03.31,Esch-Sur-Alzette,Leudelange,Femmes,Non-salariés,50
2014.03.31,Esch-Sur-Alzette,Leudelange,Hommes,Salariés,510
2014.03.31,Esch-Sur-Alzette,Leudelange,Hommes,Non-salariés,80
2014.03.31,Esch-Sur-Alzette,Mondercange,Femmes,Salariés,1140
2014.03.31,Esch-Sur-Alzette,Mondercange,Femmes,Non-salariés,100
2014.03.31,Esch-Sur-Alzette,Mondercange,Hommes,Salariés,1310
2014.03.31,Esch-Sur-Alzette,Mondercange,Hommes,Non-salariés,170
2014.03.31,Esch-Sur-Alzette,Pétange,Femmes,Salariés,2900
2014.03.31,Esch-Sur-Alzette,Pétange,Femmes,Non-salariés,150
2014.03.31,Esch-Sur-Alzette,Pétange,Hommes,Salariés,3660
2014.03.31,Esch-Sur-Alzette,Pétange,Hommes,Non-salariés,190
2014.03.31,Esch-Sur-Alzette,Reckange-sur-Mess,Femmes,Salariés,400
2014.03.31,Esch-Sur-Alzette,Reckange-sur-Mess,Femmes,Non-salariés,40
2014.03.31,Esch-Sur-Alzette,Reckange-sur-Mess,Hommes,Salariés,430
2014.03.31,Esch-Sur-Alzette,Reckange-sur-Mess,Hommes,Non-salariés,80
2014.03.31,Esch-Sur-Alzette,Roeser,Femmes,Salariés,1100
2014.03.31,Esch-Sur-Alzette,Roeser,Femmes,Non-salariés,80
2014.03.31,Esch-Sur-Alzette,Roeser,Hommes,Salariés,1280
2014.03.31,Esch-Sur-Alzette,Roeser,Hommes,Non-salariés,140
2014.03.31,Esch-Sur-Alzette,Rumelange,Femmes,Salariés,900
2014.03.31,Esch-Sur-Alzette,Rumelange,Femmes,Non-salariés,40
2014.03.31,Esch-Sur-Alzette,Rumelange,Hommes,Salariés,1090
2014.03.31,Esch-Sur-Alzette,Rumelange,Hommes,Non-salariés,60
2014.03.31,Esch-Sur-Alzette,Sanem,Femmes,Salariés,2770
2014.03.31,Esch-Sur-Alzette,Sanem,Femmes,Non-salariés,160
2014.03.31,Esch-Sur-Alzette,Sanem,Hommes,Salariés,3220
2014.03.31,Esch-Sur-Alzette,Sanem,Hommes,Non-salariés,210
2014.03.31,Esch-Sur-Alzette,Schifflange,Femmes,Salariés,1610
2014.03.31,Esch-Sur-Alzette,Schifflange,Femmes,Non-salariés,100
2014.03.31,Esch-Sur-Alzette,Schifflange,Hommes,Salariés,1920
2014.03.31,Esch-Sur-Alzette,Schifflange,Hommes,Non-salariés,110
2014.03.31,Grevenmacher,Betzdorf,Femmes,Salariés,610
2014.03.31,Grevenmacher,Betzdorf,Femmes,Non-salariés,50
2014.03.31,Grevenmacher,Betzdorf,Hommes,Salariés,740
2014.03.31,Grevenmacher,Betzdorf,Hommes,Non-salariés,90
2014.03.31,Grevenmacher,Biwer,Femmes,Salariés,290
2014.03.31,Grevenmacher,Biwer,Femmes,Non-salariés,30
2014.03.31,Grevenmacher,Biwer,Hommes,Salariés,350
2014.03.31,Grevenmacher,Biwer,Hommes,Non-salariés,60
2014.03.31,Grevenmacher,Flaxweiler,Femmes,Salariés,350
2014.03.31,Grevenmacher,Flaxweiler,Femmes,Non-salariés,30
2014.03.31,Grevenmacher,Flaxweiler,Hommes,Salariés,430
2014.03.31,Grevenmacher,Flaxweiler,Hommes,Non-salariés,60
2014.03.31,Grevenmacher,Grevenmacher,Femmes,Salariés,850
2014.03.31,Grevenmacher,Grevenmacher,Femmes,Non-salariés,50
2014.03.31,Grevenmacher,Grevenmacher,Hommes,Salariés,1040
2014.03.31,Grevenmacher,Grevenmacher,Hommes,Non-salariés,80
2014.03.31,Grevenmacher,Junglinster,Femmes,Salariés,1160
2014.03.31,Grevenmacher,Junglinster,Femmes,Non-salariés,110
2014.03.31,Grevenmacher,Junglinster,Hommes,Salariés,1370
2014.03.31,Grevenmacher,Junglinster,Hommes,Non-salariés,180
2014.03.31,Grevenmacher,Manternach,Femmes,Salariés,350
2014.03.31,Grevenmacher,Manternach,Femmes,Non-salariés,20
2014.03.31,Grevenmacher,Manternach,Hommes,Salariés,390
2014.03.31,Grevenmacher,Manternach,Hommes,Non-salariés,50
2014.03.31,Grevenmacher,Mertert,Femmes,Salariés,750
2014.03.31,Grevenmacher,Mertert,Femmes,Non-salariés,50
2014.03.31,Grevenmacher,Mertert,Hommes,Salariés,910
2014.03.31,Grevenmacher,Mertert,Hommes,Non-salariés,90
2014.03.31,Grevenmacher,Wormeldange,Femmes,Salariés,430
2014.03.31,Grevenmacher,Wormeldange,Femmes,Non-salariés,60
2014.03.31,Grevenmacher,Wormeldange,Hommes,Salariés,560
2014.03.31,Grevenmacher,Wormeldange,Hommes,Non-salariés,100
2014.03.31,Luxembourg-Campagne,Bertrange,Femmes,Salariés,1080
2014.03.31,Luxembourg-Campagne,Bertrange,Femmes,Non-salariés,110
2014.03.31,Luxembourg-Campagne,Bertrange,Hommes,Salariés,1280
2014.03.31,Luxembourg-Campagne,Bertrange,Hommes,Non-salariés,200
2014.03.31,Luxembourg-Campagne,Contern,Femmes,Salariés,560
2014.03.31,Luxembourg-Campagne,Contern,Femmes,Non-salariés,50
2014.03.31,Luxembourg-Campagne,Contern,Hommes,Salariés,700
2014.03.31,Luxembourg-Campagne,Contern,Hommes,Non-salariés,100
2014.03.31,Luxembourg-Campagne,Hesperange,Femmes,Salariés,2490
2014.03.31,Luxembourg-Campagne,Hesperange,Femmes,Non-salariés,210
2014.03.31,Luxembourg-Campagne,Hesperange,Hommes,Salariés,2910
2014.03.31,Luxembourg-Campagne,Hesperange,Hommes,Non-salariés,350
2014.03.31,Luxembourg-Campagne,Niederanven,Femmes,Salariés,740
2014.03.31,Luxembourg-Campagne,Niederanven,Femmes,Non-salariés,110
2014.03.31,Luxembourg-Campagne,Niederanven,Hommes,Salariés,920
2014.03.31,Luxembourg-Campagne,Niederanven,Hommes,Non-salariés,180
2014.03.31,Luxembourg-Campagne,Sandweiler,Femmes,Salariés,580
2014.03.31,Luxembourg-Campagne,Sandweiler,Femmes,Non-salariés,50
2014.03.31,Luxembourg-Campagne,Sandweiler,Hommes,Salariés,700
2014.03.31,Luxembourg-Campagne,Sandweiler,Hommes,Non-salariés,90
2014.03.31,Luxembourg-Campagne,Schuttrange,Femmes,Salariés,530
2014.03.31,Luxembourg-Campagne,Schuttrange,Femmes,Non-salariés,60
2014.03.31,Luxembourg-Campagne,Schuttrange,Hommes,Salariés,680
2014.03.31,Luxembourg-Campagne,Schuttrange,Hommes,Non-salariés,100
2014.03.31,Luxembourg-Campagne,Steinsel,Femmes,Salariés,780
2014.03.31,Luxembourg-Campagne,Steinsel,Femmes,Non-salariés,70
2014.03.31,Luxembourg-Campagne,Steinsel,Hommes,Salariés,880
2014.03.31,Luxembourg-Campagne,Steinsel,Hommes,Non-salariés,140
2014.03.31,Luxembourg-Campagne,Strassen,Femmes,Salariés,1300
2014.03.31,Luxembourg-Campagne,Strassen,Femmes,Non-salariés,120
2014.03.31,Luxembourg-Campagne,Strassen,Hommes,Salariés,1530
2014.03.31,Luxembourg-Campagne,Strassen,Hommes,Non-salariés,190
2014.03.31,Luxembourg-Campagne,Walferdange,Femmes,Salariés,1330
2014.03.31,Luxembourg-Campagne,Walferdange,Femmes,Non-salariés,120
2014.03.31,Luxembourg-Campagne,Walferdange,Hommes,Salariés,1500
2014.03.31,Luxembourg-Campagne,Walferdange,Hommes,Non-salariés,180
2014.03.31,Luxembourg-Campagne,Weiler-la-Tour,Femmes,Salariés,380
2014.03.31,Luxembourg-Campagne,Weiler-la-Tour,Femmes,Non-salariés,30
2014.03.31,Luxembourg-Campagne,Weiler-la-Tour,Hommes,Salariés,440
2014.03.31,Luxembourg-Campagne,Weiler-la-Tour,Hommes,Non-salariés,60
2014.03.31,Luxembourg-Ville,Luxembourg,Femmes,Salariés,16030
2014.03.31,Luxembourg-Ville,Luxembourg,Femmes,Non-salariés,1520
2014.03.31,Luxembourg-Ville,Luxembourg,Hommes,Salariés,20100
2014.03.31,Luxembourg-Ville,Luxembourg,Hommes,Non-salariés,2470
2014.03.31,Mersch,Bissen,Femmes,Salariés,530
2014.03.31,Mersch,Bissen,Femmes,Non-salariés,40
2014.03.31,Mersch,Bissen,Hommes,Salariés,670
2014.03.31,Mersch,Bissen,Hommes,Non-salariés,40
2014.03.31,Mersch,Colmar-Berg,Femmes,Salariés,430
2014.03.31,Mersch,Colmar-Berg,Femmes,Non-salariés,20
2014.03.31,Mersch,Colmar-Berg,Hommes,Salariés,490
2014.03.31,Mersch,Colmar-Berg,Hommes,Non-salariés,30
2014.03.31,Mersch,Fischbach,Femmes,Salariés,230
2014.03.31,Mersch,Fischbach,Femmes,Non-salariés,20
2014.03.31,Mersch,Fischbach,Hommes,Salariés,290
2014.03.31,Mersch,Fischbach,Hommes,Non-salariés,30
2014.03.31,Mersch,Heffingen,Femmes,Salariés,230
2014.03.31,Mersch,Heffingen,Femmes,Non-salariés,20
2014.03.31,Mersch,Heffingen,Hommes,Salariés,250
2014.03.31,Mersch,Heffingen,Hommes,Non-salariés,40
2014.03.31,Mersch,Helperknapp,Femmes,Salariés,660
2014.03.31,Mersch,Helperknapp,Femmes,Non-salariés,60
2014.03.31,Mersch,Helperknapp,Hommes,Salariés,820
2014.03.31,Mersch,Helperknapp,Hommes,Non-salariés,100
2014.03.31,Mersch,Larochette,Femmes,Salariés,410
2014.03.31,Mersch,Larochette,Femmes,Non-salariés,30
2014.03.31,Mersch,Larochette,Hommes,Salariés,480
2014.03.31,Mersch,Larochette,Hommes,Non-salariés,40
2014.03.31,Mersch,Lintgen,Femmes,Salariés,570
2014.03.31,Mersch,Lintgen,Femmes,Non-salariés,30
2014.03.31,Mersch,Lintgen,Hommes,Salariés,670
2014.03.31,Mersch,Lintgen,Hommes,Non-salariés,40
2014.03.31,Mersch,Lorentzweiler,Femmes,Salariés,630
2014.03.31,Mersch,Lorentzweiler,Femmes,Non-salariés,40
2014.03.31,Mersch,Lorentzweiler,Hommes,Salariés,720
2014.03.31,Mersch,Lorentzweiler,Hommes,Non-salariés,80
2014.03.31,Mersch,Mersch,Femmes,Salariés,1670
2014.03.31,Mersch,Mersch,Femmes,Non-salariés,80
2014.03.31,Mersch,Mersch,Hommes,Salariés,1870
2014.03.31,Mersch,Mersch,Hommes,Non-salariés,170
2014.03.31,Mersch,Nommern,Femmes,Salariés,230
2014.03.31,Mersch,Nommern,Femmes,Non-salariés,30
2014.03.31,Mersch,Nommern,Hommes,Salariés,270
2014.03.31,Mersch,Nommern,Hommes,Non-salariés,50
2014.03.31,Non déterminé,Non déterminé,Femmes,Salariés,50
2014.03.31,Non déterminé,Non déterminé,Femmes,Non-salariés,0
2014.03.31,Non déterminé,Non déterminé,Hommes,Salariés,70
2014.03.31,Non déterminé,Non déterminé,Hommes,Non-salariés,10
2014.03.31,Redange,Beckerich,Femmes,Salariés,410
2014.03.31,Redange,Beckerich,Femmes,Non-salariés,30
2014.03.31,Redange,Beckerich,Hommes,Salariés,530
2014.03.31,Redange,Beckerich,Hommes,Non-salariés,50
2014.03.31,Redange,Ell,Femmes,Salariés,200
2014.03.31,Redange,Ell,Femmes,Non-salariés,30
2014.03.31,Redange,Ell,Hommes,Salariés,260
2014.03.31,Redange,Ell,Hommes,Non-salariés,40
2014.03.31,Redange,Groussbus-Wal,Femmes,Salariés,310
2014.03.31,Redange,Groussbus-Wal,Femmes,Non-salariés,50
2014.03.31,Redange,Groussbus-Wal,Hommes,Salariés,410
2014.03.31,Redange,Groussbus-Wal,Hommes,Non-salariés,60
2014.03.31,Redange,Préizerdaul,Femmes,Salariés,310
2014.03.31,Redange,Préizerdaul,Femmes,Non-salariés,30
2014.03.31,Redange,Préizerdaul,Hommes,Salariés,350
2014.03.31,Redange,Préizerdaul,Hommes,Non-salariés,40
2014.03.31,Redange,Rambrouch,Femmes,Salariés,590
2014.03.31,Redange,Rambrouch,Femmes,Non-salariés,80
2014.03.31,Redange,Rambrouch,Hommes,Salariés,830
2014.03.31,Redange,Rambrouch,Hommes,Non-salariés,140
2014.03.31,Redange,Redange/Attert,Femmes,Salariés,480
2014.03.31,Redange,Redange/Attert,Femmes,Non-salariés,40
2014.03.31,Redange,Redange/Attert,Hommes,Salariés,530
2014.03.31,Redange,Redange/Attert,Hommes,Non-salariés,80
2014.03.31,Redange,Saeul,Femmes,Salariés,120
2014.03.31,Redange,Saeul,Femmes,Non-salariés,20
2014.03.31,Redange,Saeul,Hommes,Salariés,140
2014.03.31,Redange,Saeul,Hommes,Non-salariés,20
2014.03.31,Redange,Useldange,Femmes,Salariés,340
2014.03.31,Redange,Useldange,Femmes,Non-salariés,20
2014.03.31,Redange,Useldange,Hommes,Salariés,360
2014.03.31,Redange,Useldange,Hommes,Non-salariés,50
2014.03.31,Redange,Vichten,Femmes,Salariés,190
2014.03.31,Redange,Vichten,Femmes,Non-salariés,20
2014.03.31,Redange,Vichten,Hommes,Salariés,260
2014.03.31,Redange,Vichten,Hommes,Non-salariés,30
2014.03.31,Remich,Bous-Waldbredimus,Femmes,Salariés,450
2014.03.31,Remich,Bous-Waldbredimus,Femmes,Non-salariés,50
2014.03.31,Remich,Bous-Waldbredimus,Hommes,Salariés,570
2014.03.31,Remich,Bous-Waldbredimus,Hommes,Non-salariés,90
2014.03.31,Remich,Dalheim,Femmes,Salariés,360
2014.03.31,Remich,Dalheim,Femmes,Non-salariés,30
2014.03.31,Remich,Dalheim,Hommes,Salariés,420
2014.03.31,Remich,Dalheim,Hommes,Non-salariés,50
2014.03.31,Remich,Lenningen,Femmes,Salariés,340
2014.03.31,Remich,Lenningen,Femmes,Non-salariés,20
2014.03.31,Remich,Lenningen,Hommes,Salariés,390
2014.03.31,Remich,Lenningen,Hommes,Non-salariés,30
2014.03.31,Remich,Mondorf-les-Bains,Femmes,Salariés,770
2014.03.31,Remich,Mondorf-les-Bains,Femmes,Non-salariés,70
2014.03.31,Remich,Mondorf-les-Bains,Hommes,Salariés,930
2014.03.31,Remich,Mondorf-les-Bains,Hommes,Non-salariés,120
2014.03.31,Remich,Remich,Femmes,Salariés,570
2014.03.31,Remich,Remich,Femmes,Non-salariés,60
2014.03.31,Remich,Remich,Hommes,Salariés,680
2014.03.31,Remich,Remich,Hommes,Non-salariés,110
2014.03.31,Remich,Schengen,Femmes,Salariés,820
2014.03.31,Remich,Schengen,Femmes,Non-salariés,100
2014.03.31,Remich,Schengen,Hommes,Salariés,940
2014.03.31,Remich,Schengen,Hommes,Non-salariés,170
2014.03.31,Remich,Stadtbredimus,Femmes,Salariés,320
2014.03.31,Remich,Stadtbredimus,Femmes,Non-salariés,30
2014.03.31,Remich,Stadtbredimus,Hommes,Salariés,390
2014.03.31,Remich,Stadtbredimus,Hommes,Non-salariés,40
2014.03.31,Vianden,Putscheid,Femmes,Salariés,180
2014.03.31,Vianden,Putscheid,Femmes,Non-salariés,20
2014.03.31,Vianden,Putscheid,Hommes,Salariés,240
2014.03.31,Vianden,Putscheid,Hommes,Non-salariés,20
2014.03.31,Vianden,Tandel,Femmes,Salariés,360
2014.03.31,Vianden,Tandel,Femmes,Non-salariés,50
2014.03.31,Vianden,Tandel,Hommes,Salariés,410
2014.03.31,Vianden,Tandel,Hommes,Non-salariés,50
2014.03.31,Vianden,Vianden,Femmes,Salariés,300
2014.03.31,Vianden,Vianden,Femmes,Non-salariés,30
2014.03.31,Vianden,Vianden,Hommes,Salariés,390
2014.03.31,Vianden,Vianden,Hommes,Non-salariés,50
2014.03.31,Wiltz,Boulaide,Femmes,Salariés,180
2014.03.31,Wiltz,Boulaide,Femmes,Non-salariés,20
2014.03.31,Wiltz,Boulaide,Hommes,Salariés,210
2014.03.31,Wiltz,Boulaide,Hommes,Non-salariés,40
2014.03.31,Wiltz,Esch-sur-Sûre,Femmes,Salariés,400
2014.03.31,Wiltz,Esch-sur-Sûre,Femmes,Non-salariés,40
2014.03.31,Wiltz,Esch-sur-Sûre,Hommes,Salariés,510
2014.03.31,Wiltz,Esch-sur-Sûre,Hommes,Non-salariés,70
2014.03.31,Wiltz,Goesdorf,Femmes,Salariés,260
2014.03.31,Wiltz,Goesdorf,Femmes,Non-salariés,30
2014.03.31,Wiltz,Goesdorf,Hommes,Salariés,330
2014.03.31,Wiltz,Goesdorf,Hommes,Non-salariés,30
2014.03.31,Wiltz,Kiischpelt,Femmes,Salariés,170
2014.03.31,Wiltz,Kiischpelt,Femmes,Non-salariés,20
2014.03.31,Wiltz,Kiischpelt,Hommes,Salariés,220
2014.03.31,Wiltz,Kiischpelt,Hommes,Non-salariés,30
2014.03.31,Wiltz,Lac de la Haute-Sûre,Femmes,Salariés,270
2014.03.31,Wiltz,Lac de la Haute-Sûre,Femmes,Non-salariés,40
2014.03.31,Wiltz,Lac de la Haute-Sûre,Hommes,Salariés,360
2014.03.31,Wiltz,Lac de la Haute-Sûre,Hommes,Non-salariés,60
2014.03.31,Wiltz,Wiltz,Femmes,Salariés,940
2014.03.31,Wiltz,Wiltz,Femmes,Non-salariés,60
2014.03.31,Wiltz,Wiltz,Hommes,Salariés,1190
2014.03.31,Wiltz,Wiltz,Hommes,Non-salariés,130
2014.03.31,Wiltz,Winseler,Femmes,Salariés,180
2014.03.31,Wiltz,Winseler,Femmes,Non-salariés,20
2014.03.31,Wiltz,Winseler,Hommes,Salariés,220
2014.03.31,Wiltz,Winseler,Hommes,Non-salariés,60
2014.09.30,Capellen,Dippach,Femmes,Salariés,730
2014.09.30,Capellen,Dippach,Femmes,Non-salariés,60
2014.09.30,Capellen,Dippach,Hommes,Salariés,860
2014.09.30,Capellen,Dippach,Hommes,Non-salariés,100
2014.09.30,Capellen,Garnich,Femmes,Salariés,350
2014.09.30,Capellen,Garnich,Femmes,Non-salariés,40
2014.09.30,Capellen,Garnich,Hommes,Salariés,410
2014.09.30,Capellen,Garnich,Hommes,Non-salariés,50
2014.09.30,Capellen,Habscht,Femmes,Salariés,750
2014.09.30,Capellen,Habscht,Femmes,Non-salariés,60
2014.09.30,Capellen,Habscht,Hommes,Salariés,940
2014.09.30,Capellen,Habscht,Hommes,Non-salariés,100
2014.09.30,Capellen,Käerjeng,Femmes,Salariés,1750
2014.09.30,Capellen,Käerjeng,Femmes,Non-salariés,120
2014.09.30,Capellen,Käerjeng,Hommes,Salariés,2070
2014.09.30,Capellen,Käerjeng,Hommes,Non-salariés,170
2014.09.30,Capellen,Kehlen,Femmes,Salariés,900
2014.09.30,Capellen,Kehlen,Femmes,Non-salariés,100
2014.09.30,Capellen,Kehlen,Hommes,Salariés,1000
2014.09.30,Capellen,Kehlen,Hommes,Non-salariés,170
2014.09.30,Capellen,Koerich,Femmes,Salariés,400
2014.09.30,Capellen,Koerich,Femmes,Non-salariés,40
2014.09.30,Capellen,Koerich,Hommes,Salariés,470
2014.09.30,Capellen,Koerich,Hommes,Non-salariés,80
2014.09.30,Capellen,Kopstal,Femmes,Salariés,520
2014.09.30,Capellen,Kopstal,Femmes,Non-salariés,60
2014.09.30,Capellen,Kopstal,Hommes,Salariés,550
2014.09.30,Capellen,Kopstal,Hommes,Non-salariés,130
2014.09.30,Capellen,Mamer,Femmes,Salariés,1310
2014.09.30,Capellen,Mamer,Femmes,Non-salariés,120
2014.09.30,Capellen,Mamer,Hommes,Salariés,1440
2014.09.30,Capellen,Mamer,Hommes,Non-salariés,220
2014.09.30,Capellen,Steinfort,Femmes,Salariés,830
2014.09.30,Capellen,Steinfort,Femmes,Non-salariés,70
2014.09.30,Capellen,Steinfort,Hommes,Salariés,990
2014.09.30,Capellen,Steinfort,Hommes,Non-salariés,110
2014.09.30,Clervaux,Clervaux,Femmes,Salariés,840
2014.09.30,Clervaux,Clervaux,Femmes,Non-salariés,90
2014.09.30,Clervaux,Clervaux,Hommes,Salariés,1030
2014.09.30,Clervaux,Clervaux,Hommes,Non-salariés,150
2014.09.30,Clervaux,Parc Hosingen,Femmes,Salariés,610
2014.09.30,Clervaux,Parc Hosingen,Femmes,Non-salariés,60
2014.09.30,Clervaux,Parc Hosingen,Hommes,Salariés,690
2014.09.30,Clervaux,Parc Hosingen,Hommes,Non-salariés,100
2014.09.30,Clervaux,Troisvierges,Femmes,Salariés,520
2014.09.30,Clervaux,Troisvierges,Femmes,Non-salariés,60
2014.09.30,Clervaux,Troisvierges,Hommes,Salariés,680
2014.09.30,Clervaux,Troisvierges,Hommes,Non-salariés,90
2014.09.30,Clervaux,Weiswampach,Femmes,Salariés,270
2014.09.30,Clervaux,Weiswampach,Femmes,Non-salariés,40
2014.09.30,Clervaux,Weiswampach,Hommes,Salariés,370
2014.09.30,Clervaux,Weiswampach,Hommes,Non-salariés,80
2014.09.30,Clervaux,Wincrange,Femmes,Salariés,670
2014.09.30,Clervaux,Wincrange,Femmes,Non-salariés,110
2014.09.30,Clervaux,Wincrange,Hommes,Salariés,810
2014.09.30,Clervaux,Wincrange,Hommes,Non-salariés,230
2014.09.30,Diekirch,Bettendorf,Femmes,Salariés,460
2014.09.30,Diekirch,Bettendorf,Femmes,Non-salariés,40
2014.09.30,Diekirch,Bettendorf,Hommes,Salariés,580
2014.09.30,Diekirch,Bettendorf,Hommes,Non-salariés,50
2014.09.30,Diekirch,Bourscheid,Femmes,Salariés,270
2014.09.30,Diekirch,Bourscheid,Femmes,Non-salariés,30
2014.09.30,Diekirch,Bourscheid,Hommes,Salariés,350
2014.09.30,Diekirch,Bourscheid,Hommes,Non-salariés,50
2014.09.30,Diekirch,Diekirch,Femmes,Salariés,1130
2014.09.30,Diekirch,Diekirch,Femmes,Non-salariés,80
2014.09.30,Diekirch,Diekirch,Hommes,Salariés,1350
2014.09.30,Diekirch,Diekirch,Hommes,Non-salariés,110
2014.09.30,Diekirch,Erpeldange-sur-Sûre,Femmes,Salariés,430
2014.09.30,Diekirch,Erpeldange-sur-Sûre,Femmes,Non-salariés,40
2014.09.30,Diekirch,Erpeldange-sur-Sûre,Hommes,Salariés,510
2014.09.30,Diekirch,Erpeldange-sur-Sûre,Hommes,Non-salariés,50
2014.09.30,Diekirch,Ettelbruck,Femmes,Salariés,1480
2014.09.30,Diekirch,Ettelbruck,Femmes,Non-salariés,100
2014.09.30,Diekirch,Ettelbruck,Hommes,Salariés,1700
2014.09.30,Diekirch,Ettelbruck,Hommes,Non-salariés,160
2014.09.30,Diekirch,Feulen,Femmes,Salariés,360
2014.09.30,Diekirch,Feulen,Femmes,Non-salariés,20
2014.09.30,Diekirch,Feulen,Hommes,Salariés,420
2014.09.30,Diekirch,Feulen,Hommes,Non-salariés,40
2014.09.30,Diekirch,Mertzig,Femmes,Salariés,400
2014.09.30,Diekirch,Mertzig,Femmes,Non-salariés,30
2014.09.30,Diekirch,Mertzig,Hommes,Salariés,490
2014.09.30,Diekirch,Mertzig,Hommes,Non-salariés,30
2014.09.30,Diekirch,Reisdorf,Femmes,Salariés,190
2014.09.30,Diekirch,Reisdorf,Femmes,Non-salariés,20
2014.09.30,Diekirch,Reisdorf,Hommes,Salariés,250
2014.09.30,Diekirch,Reisdorf,Hommes,Non-salariés,30
2014.09.30,Diekirch,Schieren,Femmes,Salariés,360
2014.09.30,Diekirch,Schieren,Femmes,Non-salariés,20
2014.09.30,Diekirch,Schieren,Hommes,Salariés,430
2014.09.30,Diekirch,Schieren,Hommes,Non-salariés,40
2014.09.30,Diekirch,Vallée de l'Ernz,Femmes,Salariés,450
2014.09.30,Diekirch,Vallée de l'Ernz,Femmes,Non-salariés,50
2014.09.30,Diekirch,Vallée de l'Ernz,Hommes,Salariés,560
2014.09.30,Diekirch,Vallée de l'Ernz,Hommes,Non-salariés,80
2014.09.30,Echternach,Beaufort,Femmes,Salariés,410
2014.09.30,Echternach,Beaufort,Femmes,Non-salariés,40
2014.09.30,Echternach,Beaufort,Hommes,Salariés,550
2014.09.30,Echternach,Beaufort,Hommes,Non-salariés,40
2014.09.30,Echternach,Bech,Femmes,Salariés,210
2014.09.30,Echternach,Bech,Femmes,Non-salariés,20
2014.09.30,Echternach,Bech,Hommes,Salariés,260
2014.09.30,Echternach,Bech,Hommes,Non-salariés,40
2014.09.30,Echternach,Berdorf,Femmes,Salariés,290
2014.09.30,Echternach,Berdorf,Femmes,Non-salariés,40
2014.09.30,Echternach,Berdorf,Hommes,Salariés,370
2014.09.30,Echternach,Berdorf,Hommes,Non-salariés,30
2014.09.30,Echternach,Consdorf,Femmes,Salariés,320
2014.09.30,Echternach,Consdorf,Femmes,Non-salariés,40
2014.09.30,Echternach,Consdorf,Hommes,Salariés,380
2014.09.30,Echternach,Consdorf,Hommes,Non-salariés,60
2014.09.30,Echternach,Echternach,Femmes,Salariés,940
2014.09.30,Echternach,Echternach,Femmes,Non-salariés,80
2014.09.30,Echternach,Echternach,Hommes,Salariés,1100
2014.09.30,Echternach,Echternach,Hommes,Non-salariés,140
2014.09.30,Echternach,Rosport-Mompach,Femmes,Salariés,560
2014.09.30,Echternach,Rosport-Mompach,Femmes,Non-salariés,70
2014.09.30,Echternach,Rosport-Mompach,Hommes,Salariés,680
2014.09.30,Echternach,Rosport-Mompach,Hommes,Non-salariés,110
2014.09.30,Echternach,Waldbillig,Femmes,Salariés,310
2014.09.30,Echternach,Waldbillig,Femmes,Non-salariés,20
2014.09.30,Echternach,Waldbillig,Hommes,Salariés,360
2014.09.30,Echternach,Waldbillig,Hommes,Non-salariés,40
2014.09.30,Esch-Sur-Alzette,Bettembourg,Femmes,Salariés,1880
2014.09.30,Esch-Sur-Alzette,Bettembourg,Femmes,Non-salariés,130
2014.09.30,Esch-Sur-Alzette,Bettembourg,Hommes,Salariés,2080
2014.09.30,Esch-Sur-Alzette,Bettembourg,Hommes,Non-salariés,150
2014.09.30,Esch-Sur-Alzette,Differdange,Femmes,Salariés,4210
2014.09.30,Esch-Sur-Alzette,Differdange,Femmes,Non-salariés,200
2014.09.30,Esch-Sur-Alzette,Differdange,Hommes,Salariés,5390
2014.09.30,Esch-Sur-Alzette,Differdange,Hommes,Non-salariés,200
2014.09.30,Esch-Sur-Alzette,Dudelange,Femmes,Salariés,3520
2014.09.30,Esch-Sur-Alzette,Dudelange,Femmes,Non-salariés,200
2014.09.30,Esch-Sur-Alzette,Dudelange,Hommes,Salariés,4170
2014.09.30,Esch-Sur-Alzette,Dudelange,Hommes,Non-salariés,280
2014.09.30,Esch-Sur-Alzette,Esch-sur-Alzette,Femmes,Salariés,5560
2014.09.30,Esch-Sur-Alzette,Esch-sur-Alzette,Femmes,Non-salariés,290
2014.09.30,Esch-Sur-Alzette,Esch-sur-Alzette,Hommes,Salariés,7110
2014.09.30,Esch-Sur-Alzette,Esch-sur-Alzette,Hommes,Non-salariés,420
2014.09.30,Esch-Sur-Alzette,Frisange,Femmes,Salariés,830
2014.09.30,Esch-Sur-Alzette,Frisange,Femmes,Non-salariés,50
2014.09.30,Esch-Sur-Alzette,Frisange,Hommes,Salariés,910
2014.09.30,Esch-Sur-Alzette,Frisange,Hommes,Non-salariés,110
2014.09.30,Esch-Sur-Alzette,Kayl,Femmes,Salariés,1510
2014.09.30,Esch-Sur-Alzette,Kayl,Femmes,Non-salariés,80
2014.09.30,Esch-Sur-Alzette,Kayl,Hommes,Salariés,1860
2014.09.30,Esch-Sur-Alzette,Kayl,Hommes,Non-salariés,130
2014.09.30,Esch-Sur-Alzette,Leudelange,Femmes,Salariés,450
2014.09.30,Esch-Sur-Alzette,Leudelange,Femmes,Non-salariés,50
2014.09.30,Esch-Sur-Alzette,Leudelange,Hommes,Salariés,510
2014.09.30,Esch-Sur-Alzette,Leudelange,Hommes,Non-salariés,80
2014.09.30,Esch-Sur-Alzette,Mondercange,Femmes,Salariés,1120
2014.09.30,Esch-Sur-Alzette,Mondercange,Femmes,Non-salariés,100
2014.09.30,Esch-Sur-Alzette,Mondercange,Hommes,Salariés,1310
2014.09.30,Esch-Sur-Alzette,Mondercange,Hommes,Non-salariés,160
2014.09.30,Esch-Sur-Alzette,Pétange,Femmes,Salariés,2940
2014.09.30,Esch-Sur-Alzette,Pétange,Femmes,Non-salariés,150
2014.09.30,Esch-Sur-Alzette,Pétange,Hommes,Salariés,3700
2014.09.30,Esch-Sur-Alzette,Pétange,Hommes,Non-salariés,200
2014.09.30,Esch-Sur-Alzette,Reckange-sur-Mess,Femmes,Salariés,390
2014.09.30,Esch-Sur-Alzette,Reckange-sur-Mess,Femmes,Non-salariés,40
2014.09.30,Esch-Sur-Alzette,Reckange-sur-Mess,Hommes,Salariés,430
2014.09.30,Esch-Sur-Alzette,Reckange-sur-Mess,Hommes,Non-salariés,80
2014.09.30,Esch-Sur-Alzette,Roeser,Femmes,Salariés,1110
2014.09.30,Esch-Sur-Alzette,Roeser,Femmes,Non-salariés,80
2014.09.30,Esch-Sur-Alzette,Roeser,Hommes,Salariés,1290
2014.09.30,Esch-Sur-Alzette,Roeser,Hommes,Non-salariés,150
2014.09.30,Esch-Sur-Alzette,Rumelange,Femmes,Salariés,890
2014.09.30,Esch-Sur-Alzette,Rumelange,Femmes,Non-salariés,40
2014.09.30,Esch-Sur-Alzette,Rumelange,Hommes,Salariés,1090
2014.09.30,Esch-Sur-Alzette,Rumelange,Hommes,Non-salariés,60
2014.09.30,Esch-Sur-Alzette,Sanem,Femmes,Salariés,2800
2014.09.30,Esch-Sur-Alzette,Sanem,Femmes,Non-salariés,150
2014.09.30,Esch-Sur-Alzette,Sanem,Hommes,Salariés,3250
2014.09.30,Esch-Sur-Alzette,Sanem,Hommes,Non-salariés,210
2014.09.30,Esch-Sur-Alzette,Schifflange,Femmes,Salariés,1660
2014.09.30,Esch-Sur-Alzette,Schifflange,Femmes,Non-salariés,100
2014.09.30,Esch-Sur-Alzette,Schifflange,Hommes,Salariés,1950
2014.09.30,Esch-Sur-Alzette,Schifflange,Hommes,Non-salariés,110
2014.09.30,Grevenmacher,Betzdorf,Femmes,Salariés,610
2014.09.30,Grevenmacher,Betzdorf,Femmes,Non-salariés,40
2014.09.30,Grevenmacher,Betzdorf,Hommes,Salariés,740
2014.09.30,Grevenmacher,Betzdorf,Hommes,Non-salariés,100
2014.09.30,Grevenmacher,Biwer,Femmes,Salariés,300
2014.09.30,Grevenmacher,Biwer,Femmes,Non-salariés,30
2014.09.30,Grevenmacher,Biwer,Hommes,Salariés,350
2014.09.30,Grevenmacher,Biwer,Hommes,Non-salariés,50
2014.09.30,Grevenmacher,Flaxweiler,Femmes,Salariés,350
2014.09.30,Grevenmacher,Flaxweiler,Femmes,Non-salariés,30
2014.09.30,Grevenmacher,Flaxweiler,Hommes,Salariés,430
2014.09.30,Grevenmacher,Flaxweiler,Hommes,Non-salariés,60
2014.09.30,Grevenmacher,Grevenmacher,Femmes,Salariés,850
2014.09.30,Grevenmacher,Grevenmacher,Femmes,Non-salariés,60
2014.09.30,Grevenmacher,Grevenmacher,Hommes,Salariés,1040
2014.09.30,Grevenmacher,Grevenmacher,Hommes,Non-salariés,80
2014.09.30,Grevenmacher,Junglinster,Femmes,Salariés,1200
2014.09.30,Grevenmacher,Junglinster,Femmes,Non-salariés,110
2014.09.30,Grevenmacher,Junglinster,Hommes,Salariés,1410
2014.09.30,Grevenmacher,Junglinster,Hommes,Non-salariés,180
2014.09.30,Grevenmacher,Manternach,Femmes,Salariés,340
2014.09.30,Grevenmacher,Manternach,Femmes,Non-salariés,20
2014.09.30,Grevenmacher,Manternach,Hommes,Salariés,390
2014.09.30,Grevenmacher,Manternach,Hommes,Non-salariés,50
2014.09.30,Grevenmacher,Mertert,Femmes,Salariés,760
2014.09.30,Grevenmacher,Mertert,Femmes,Non-salariés,50
2014.09.30,Grevenmacher,Mertert,Hommes,Salariés,910
2014.09.30,Grevenmacher,Mertert,Hommes,Non-salariés,90
2014.09.30,Grevenmacher,Wormeldange,Femmes,Salariés,440
2014.09.30,Grevenmacher,Wormeldange,Femmes,Non-salariés,60
2014.09.30,Grevenmacher,Wormeldange,Hommes,Salariés,580
2014.09.30,Grevenmacher,Wormeldange,Hommes,Non-salariés,100
2014.09.30,Luxembourg-Campagne,Bertrange,Femmes,Salariés,1080
2014.09.30,Luxembourg-Campagne,Bertrange,Femmes,Non-salariés,120
2014.09.30,Luxembourg-Campagne,Bertrange,Hommes,Salariés,1270
2014.09.30,Luxembourg-Campagne,Bertrange,Hommes,Non-salariés,200
2014.09.30,Luxembourg-Campagne,Contern,Femmes,Salariés,560
2014.09.30,Luxembourg-Campagne,Contern,Femmes,Non-salariés,50
2014.09.30,Luxembourg-Campagne,Contern,Hommes,Salariés,680
2014.09.30,Luxembourg-Campagne,Contern,Hommes,Non-salariés,100
2014.09.30,Luxembourg-Campagne,Hesperange,Femmes,Salariés,2460
2014.09.30,Luxembourg-Campagne,Hesperange,Femmes,Non-salariés,230
2014.09.30,Luxembourg-Campagne,Hesperange,Hommes,Salariés,2910
2014.09.30,Luxembourg-Campagne,Hesperange,Hommes,Non-salariés,350
2014.09.30,Luxembourg-Campagne,Niederanven,Femmes,Salariés,710
2014.09.30,Luxembourg-Campagne,Niederanven,Femmes,Non-salariés,120
2014.09.30,Luxembourg-Campagne,Niederanven,Hommes,Salariés,910
2014.09.30,Luxembourg-Campagne,Niederanven,Hommes,Non-salariés,180
2014.09.30,Luxembourg-Campagne,Sandweiler,Femmes,Salariés,570
2014.09.30,Luxembourg-Campagne,Sandweiler,Femmes,Non-salariés,50
2014.09.30,Luxembourg-Campagne,Sandweiler,Hommes,Salariés,700
2014.09.30,Luxembourg-Campagne,Sandweiler,Hommes,Non-salariés,90
2014.09.30,Luxembourg-Campagne,Schuttrange,Femmes,Salariés,540
2014.09.30,Luxembourg-Campagne,Schuttrange,Femmes,Non-salariés,60
2014.09.30,Luxembourg-Campagne,Schuttrange,Hommes,Salariés,680
2014.09.30,Luxembourg-Campagne,Schuttrange,Hommes,Non-salariés,110
2014.09.30,Luxembourg-Campagne,Steinsel,Femmes,Salariés,770
2014.09.30,Luxembourg-Campagne,Steinsel,Femmes,Non-salariés,80
2014.09.30,Luxembourg-Campagne,Steinsel,Hommes,Salariés,860
2014.09.30,Luxembourg-Campagne,Steinsel,Hommes,Non-salariés,140
2014.09.30,Luxembourg-Campagne,Strassen,Femmes,Salariés,1300
2014.09.30,Luxembourg-Campagne,Strassen,Femmes,Non-salariés,130
2014.09.30,Luxembourg-Campagne,Strassen,Hommes,Salariés,1530
2014.09.30,Luxembourg-Campagne,Strassen,Hommes,Non-salariés,190
2014.09.30,Luxembourg-Campagne,Walferdange,Femmes,Salariés,1340
2014.09.30,Luxembourg-Campagne,Walferdange,Femmes,Non-salariés,120
2014.09.30,Luxembourg-Campagne,Walferdange,Hommes,Salariés,1500
2014.09.30,Luxembourg-Campagne,Walferdange,Hommes,Non-salariés,180
2014.09.30,Luxembourg-Campagne,Weiler-la-Tour,Femmes,Salariés,370
2014.09.30,Luxembourg-Campagne,Weiler-la-Tour,Femmes,Non-salariés,30
2014.09.30,Luxembourg-Campagne,Weiler-la-Tour,Hommes,Salariés,440
2014.09.30,Luxembourg-Campagne,Weiler-la-Tour,Hommes,Non-salariés,60
2014.09.30,Luxembourg-Ville,Luxembourg,Femmes,Salariés,16190
2014.09.30,Luxembourg-Ville,Luxembourg,Femmes,Non-salariés,1560
2014.09.30,Luxembourg-Ville,Luxembourg,Hommes,Salariés,20450
2014.09.30,Luxembourg-Ville,Luxembourg,Hommes,Non-salariés,2500
2014.09.30,Mersch,Bissen,Femmes,Salariés,540
2014.09.30,Mersch,Bissen,Femmes,Non-salariés,40
2014.09.30,Mersch,Bissen,Hommes,Salariés,670
2014.09.30,Mersch,Bissen,Hommes,Non-salariés,50
2014.09.30,Mersch,Colmar-Berg,Femmes,Salariés,440
2014.09.30,Mersch,Colmar-Berg,Femmes,Non-salariés,20
2014.09.30,Mersch,Colmar-Berg,Hommes,Salariés,480
2014.09.30,Mersch,Colmar-Berg,Hommes,Non-salariés,30
2014.09.30,Mersch,Fischbach,Femmes,Salariés,230
2014.09.30,Mersch,Fischbach,Femmes,Non-salariés,30
2014.09.30,Mersch,Fischbach,Hommes,Salariés,290
2014.09.30,Mersch,Fischbach,Hommes,Non-salariés,30
2014.09.30,Mersch,Heffingen,Femmes,Salariés,230
2014.09.30,Mersch,Heffingen,Femmes,Non-salariés,20
2014.09.30,Mersch,Heffingen,Hommes,Salariés,260
2014.09.30,Mersch,Heffingen,Hommes,Non-salariés,40
2014.09.30,Mersch,Helperknapp,Femmes,Salariés,660
2014.09.30,Mersch,Helperknapp,Femmes,Non-salariés,60
2014.09.30,Mersch,Helperknapp,Hommes,Salariés,830
2014.09.30,Mersch,Helperknapp,Hommes,Non-salariés,100
2014.09.30,Mersch,Larochette,Femmes,Salariés,410
2014.09.30,Mersch,Larochette,Femmes,Non-salariés,20
2014.09.30,Mersch,Larochette,Hommes,Salariés,480
2014.09.30,Mersch,Larochette,Hommes,Non-salariés,40
2014.09.30,Mersch,Lintgen,Femmes,Salariés,560
2014.09.30,Mersch,Lintgen,Femmes,Non-salariés,40
2014.09.30,Mersch,Lintgen,Hommes,Salariés,670
2014.09.30,Mersch,Lintgen,Hommes,Non-salariés,40
2014.09.30,Mersch,Lorentzweiler,Femmes,Salariés,620
2014.09.30,Mersch,Lorentzweiler,Femmes,Non-salariés,40
2014.09.30,Mersch,Lorentzweiler,Hommes,Salariés,720
2014.09.30,Mersch,Lorentzweiler,Hommes,Non-salariés,80
2014.09.30,Mersch,Mersch,Femmes,Salariés,1670
2014.09.30,Mersch,Mersch,Femmes,Non-salariés,80
2014.09.30,Mersch,Mersch,Hommes,Salariés,1870
2014.09.30,Mersch,Mersch,Hommes,Non-salariés,170
2014.09.30,Mersch,Nommern,Femmes,Salariés,250
2014.09.30,Mersch,Nommern,Femmes,Non-salariés,30
2014.09.30,Mersch,Nommern,Hommes,Salariés,290
2014.09.30,Mersch,Nommern,Hommes,Non-salariés,50
2014.09.30,Non déterminé,Non déterminé,Femmes,Salariés,60
2014.09.30,Non déterminé,Non déterminé,Femmes,Non-salariés,0
2014.09.30,Non déterminé,Non déterminé,Hommes,Salariés,70
2014.09.30,Non déterminé,Non déterminé,Hommes,Non-salariés,10
2014.09.30,Redange,Beckerich,Femmes,Salariés,410
2014.09.30,Redange,Beckerich,Femmes,Non-salariés,30
2014.09.30,Redange,Beckerich,Hommes,Salariés,530
2014.09.30,Redange,Beckerich,Hommes,Non-salariés,50
2014.09.30,Redange,Ell,Femmes,Salariés,200
2014.09.30,Redange,Ell,Femmes,Non-salariés,30
2014.09.30,Redange,Ell,Hommes,Salariés,260
2014.09.30,Redange,Ell,Hommes,Non-salariés,40
2014.09.30,Redange,Groussbus-Wal,Femmes,Salariés,310
2014.09.30,Redange,Groussbus-Wal,Femmes,Non-salariés,50
2014.09.30,Redange,Groussbus-Wal,Hommes,Salariés,420
2014.09.30,Redange,Groussbus-Wal,Hommes,Non-salariés,60
2014.09.30,Redange,Préizerdaul,Femmes,Salariés,300
2014.09.30,Redange,Préizerdaul,Femmes,Non-salariés,30
2014.09.30,Redange,Préizerdaul,Hommes,Salariés,350
2014.09.30,Redange,Préizerdaul,Hommes,Non-salariés,40
2014.09.30,Redange,Rambrouch,Femmes,Salariés,610
2014.09.30,Redange,Rambrouch,Femmes,Non-salariés,90
2014.09.30,Redange,Rambrouch,Hommes,Salariés,860
2014.09.30,Redange,Rambrouch,Hommes,Non-salariés,150
2014.09.30,Redange,Redange/Attert,Femmes,Salariés,470
2014.09.30,Redange,Redange/Attert,Femmes,Non-salariés,40
2014.09.30,Redange,Redange/Attert,Hommes,Salariés,520
2014.09.30,Redange,Redange/Attert,Hommes,Non-salariés,80
2014.09.30,Redange,Saeul,Femmes,Salariés,120
2014.09.30,Redange,Saeul,Femmes,Non-salariés,20
2014.09.30,Redange,Saeul,Hommes,Salariés,150
2014.09.30,Redange,Saeul,Hommes,Non-salariés,20
2014.09.30,Redange,Useldange,Femmes,Salariés,350
2014.09.30,Redange,Useldange,Femmes,Non-salariés,20
2014.09.30,Redange,Useldange,Hommes,Salariés,370
2014.09.30,Redange,Useldange,Hommes,Non-salariés,50
2014.09.30,Redange,Vichten,Femmes,Salariés,200
2014.09.30,Redange,Vichten,Femmes,Non-salariés,20
2014.09.30,Redange,Vichten,Hommes,Salariés,270
2014.09.30,Redange,Vichten,Hommes,Non-salariés,30
2014.09.30,Remich,Bous-Waldbredimus,Femmes,Salariés,470
2014.09.30,Remich,Bous-Waldbredimus,Femmes,Non-salariés,50
2014.09.30,Remich,Bous-Waldbredimus,Hommes,Salariés,580
2014.09.30,Remich,Bous-Waldbredimus,Hommes,Non-salariés,90
2014.09.30,Remich,Dalheim,Femmes,Salariés,370
2014.09.30,Remich,Dalheim,Femmes,Non-salariés,30
2014.09.30,Remich,Dalheim,Hommes,Salariés,420
2014.09.30,Remich,Dalheim,Hommes,Non-salariés,50
2014.09.30,Remich,Lenningen,Femmes,Salariés,330
2014.09.30,Remich,Lenningen,Femmes,Non-salariés,30
2014.09.30,Remich,Lenningen,Hommes,Salariés,380
2014.09.30,Remich,Lenningen,Hommes,Non-salariés,30
2014.09.30,Remich,Mondorf-les-Bains,Femmes,Salariés,770
2014.09.30,Remich,Mondorf-les-Bains,Femmes,Non-salariés,70
2014.09.30,Remich,Mondorf-les-Bains,Hommes,Salariés,920
2014.09.30,Remich,Mondorf-les-Bains,Hommes,Non-salariés,110
2014.09.30,Remich,Remich,Femmes,Salariés,580
2014.09.30,Remich,Remich,Femmes,Non-salariés,60
2014.09.30,Remich,Remich,Hommes,Salariés,690
2014.09.30,Remich,Remich,Hommes,Non-salariés,110
2014.09.30,Remich,Schengen,Femmes,Salariés,820
2014.09.30,Remich,Schengen,Femmes,Non-salariés,90
2014.09.30,Remich,Schengen,Hommes,Salariés,960
2014.09.30,Remich,Schengen,Hommes,Non-salariés,170
2014.09.30,Remich,Stadtbredimus,Femmes,Salariés,330
2014.09.30,Remich,Stadtbredimus,Femmes,Non-salariés,30
2014.09.30,Remich,Stadtbredimus,Hommes,Salariés,390
2014.09.30,Remich,Stadtbredimus,Hommes,Non-salariés,40
2014.09.30,Vianden,Putscheid,Femmes,Salariés,180
2014.09.30,Vianden,Putscheid,Femmes,Non-salariés,20
2014.09.30,Vianden,Putscheid,Hommes,Salariés,240
2014.09.30,Vianden,Putscheid,Hommes,Non-salariés,20
2014.09.30,Vianden,Tandel,Femmes,Salariés,380
2014.09.30,Vianden,Tandel,Femmes,Non-salariés,40
2014.09.30,Vianden,Tandel,Hommes,Salariés,420
2014.09.30,Vianden,Tandel,Hommes,Non-salariés,50
2014.09.30,Vianden,Vianden,Femmes,Salariés,330
2014.09.30,Vianden,Vianden,Femmes,Non-salariés,30
2014.09.30,Vianden,Vianden,Hommes,Salariés,410
2014.09.30,Vianden,Vianden,Hommes,Non-salariés,50
2014.09.30,Wiltz,Boulaide,Femmes,Salariés,180
2014.09.30,Wiltz,Boulaide,Femmes,Non-salariés,20
2014.09.30,Wiltz,Boulaide,Hommes,Salariés,210
2014.09.30,Wiltz,Boulaide,Hommes,Non-salariés,40
2014.09.30,Wiltz,Esch-sur-Sûre,Femmes,Salariés,410
2014.09.30,Wiltz,Esch-sur-Sûre,Femmes,Non-salariés,40
2014.09.30,Wiltz,Esch-sur-Sûre,Hommes,Salariés,510
2014.09.30,Wiltz,Esch-sur-Sûre,Hommes,Non-salariés,70
2014.09.30,Wiltz,Goesdorf,Femmes,Salariés,270
2014.09.30,Wiltz,Goesdorf,Femmes,Non-salariés,30
2014.09.30,Wiltz,Goesdorf,Hommes,Salariés,340
2014.09.30,Wiltz,Goesdorf,Hommes,Non-salariés,30
2014.09.30,Wiltz,Kiischpelt,Femmes,Salariés,170
2014.09.30,Wiltz,Kiischpelt,Femmes,Non-salariés,30
2014.09.30,Wiltz,Kiischpelt,Hommes,Salariés,220
2014.09.30,Wiltz,Kiischpelt,Hommes,Non-salariés,30
2014.09.30,Wiltz,Lac de la Haute-Sûre,Femmes,Salariés,280
2014.09.30,Wiltz,Lac de la Haute-Sûre,Femmes,Non-salariés,40
2014.09.30,Wiltz,Lac de la Haute-Sûre,Hommes,Salariés,360
2014.09.30,Wiltz,Lac de la Haute-Sûre,Hommes,Non-salariés,60
2014.09.30,Wiltz,Wiltz,Femmes,Salariés,940
2014.09.30,Wiltz,Wiltz,Femmes,Non-salariés,60
2014.09.30,Wiltz,Wiltz,Hommes,Salariés,1240
2014.09.30,Wiltz,Wiltz,Hommes,Non-salariés,130
2014.09.30,Wiltz,Winseler,Femmes,Salariés,170
2014.09.30,Wiltz,Winseler,Femmes,Non-salariés,30
2014.09.30,Wiltz,Winseler,Hommes,Salariés,210
2014.09.30,Wiltz,Winseler,Hommes,Non-salariés,60
2015.03.31,Capellen,Dippach,Femmes,Salariés,740
2015.03.31,Capellen,Dippach,Femmes,Non-salariés,60
2015.03.31,Capellen,Dippach,Hommes,Salariés,860
2015.03.31,Capellen,Dippach,Hommes,Non-salariés,100
2015.03.31,Capellen,Garnich,Femmes,Salariés,350
2015.03.31,Capellen,Garnich,Femmes,Non-salariés,40
2015.03.31,Capellen,Garnich,Hommes,Salariés,420
2015.03.31,Capellen,Garnich,Hommes,Non-salariés,50
2015.03.31,Capellen,Habscht,Femmes,Salariés,760
2015.03.31,Capellen,Habscht,Femmes,Non-salariés,60
2015.03.31,Capellen,Habscht,Hommes,Salariés,940
2015.03.31,Capellen,Habscht,Hommes,Non-salariés,100
2015.03.31,Capellen,Käerjeng,Femmes,Salariés,1760
2015.03.31,Capellen,Käerjeng,Femmes,Non-salariés,120
2015.03.31,Capellen,Käerjeng,Hommes,Salariés,2080
2015.03.31,Capellen,Käerjeng,Hommes,Non-salariés,180
2015.03.31,Capellen,Kehlen,Femmes,Salariés,860
2015.03.31,Capellen,Kehlen,Femmes,Non-salariés,100
2015.03.31,Capellen,Kehlen,Hommes,Salariés,1010
2015.03.31,Capellen,Kehlen,Hommes,Non-salariés,170
2015.03.31,Capellen,Koerich,Femmes,Salariés,410
2015.03.31,Capellen,Koerich,Femmes,Non-salariés,50
2015.03.31,Capellen,Koerich,Hommes,Salariés,500
2015.03.31,Capellen,Koerich,Hommes,Non-salariés,70
2015.03.31,Capellen,Kopstal,Femmes,Salariés,530
2015.03.31,Capellen,Kopstal,Femmes,Non-salariés,60
2015.03.31,Capellen,Kopstal,Hommes,Salariés,570
2015.03.31,Capellen,Kopstal,Hommes,Non-salariés,130
2015.03.31,Capellen,Mamer,Femmes,Salariés,1340
2015.03.31,Capellen,Mamer,Femmes,Non-salariés,120
2015.03.31,Capellen,Mamer,Hommes,Salariés,1460
2015.03.31,Capellen,Mamer,Hommes,Non-salariés,220
2015.03.31,Capellen,Steinfort,Femmes,Salariés,820
2015.03.31,Capellen,Steinfort,Femmes,Non-salariés,80
2015.03.31,Capellen,Steinfort,Hommes,Salariés,990
2015.03.31,Capellen,Steinfort,Hommes,Non-salariés,100
2015.03.31,Clervaux,Clervaux,Femmes,Salariés,810
2015.03.31,Clervaux,Clervaux,Femmes,Non-salariés,90
2015.03.31,Clervaux,Clervaux,Hommes,Salariés,1040
2015.03.31,Clervaux,Clervaux,Hommes,Non-salariés,140
2015.03.31,Clervaux,Parc Hosingen,Femmes,Salariés,620
2015.03.31,Clervaux,Parc Hosingen,Femmes,Non-salariés,60
2015.03.31,Clervaux,Parc Hosingen,Hommes,Salariés,710
2015.03.31,Clervaux,Parc Hosingen,Hommes,Non-salariés,100
2015.03.31,Clervaux,Troisvierges,Femmes,Salariés,510
2015.03.31,Clervaux,Troisvierges,Femmes,Non-salariés,60
2015.03.31,Clervaux,Troisvierges,Hommes,Salariés,670
2015.03.31,Clervaux,Troisvierges,Hommes,Non-salariés,90
2015.03.31,Clervaux,Weiswampach,Femmes,Salariés,280
2015.03.31,Clervaux,Weiswampach,Femmes,Non-salariés,30
2015.03.31,Clervaux,Weiswampach,Hommes,Salariés,380
2015.03.31,Clervaux,Weiswampach,Hommes,Non-salariés,80
2015.03.31,Clervaux,Wincrange,Femmes,Salariés,680
2015.03.31,Clervaux,Wincrange,Femmes,Non-salariés,110
2015.03.31,Clervaux,Wincrange,Hommes,Salariés,800
2015.03.31,Clervaux,Wincrange,Hommes,Non-salariés,220
2015.03.31,Diekirch,Bettendorf,Femmes,Salariés,450
2015.03.31,Diekirch,Bettendorf,Femmes,Non-salariés,40
2015.03.31,Diekirch,Bettendorf,Hommes,Salariés,570
2015.03.31,Diekirch,Bettendorf,Hommes,Non-salariés,50
2015.03.31,Diekirch,Bourscheid,Femmes,Salariés,280
2015.03.31,Diekirch,Bourscheid,Femmes,Non-salariés,30
2015.03.31,Diekirch,Bourscheid,Hommes,Salariés,350
2015.03.31,Diekirch,Bourscheid,Hommes,Non-salariés,60
2015.03.31,Diekirch,Diekirch,Femmes,Salariés,1150
2015.03.31,Diekirch,Diekirch,Femmes,Non-salariés,80
2015.03.31,Diekirch,Diekirch,Hommes,Salariés,1370
2015.03.31,Diekirch,Diekirch,Hommes,Non-salariés,120
2015.03.31,Diekirch,Erpeldange-sur-Sûre,Femmes,Salariés,430
2015.03.31,Diekirch,Erpeldange-sur-Sûre,Femmes,Non-salariés,40
2015.03.31,Diekirch,Erpeldange-sur-Sûre,Hommes,Salariés,510
2015.03.31,Diekirch,Erpeldange-sur-Sûre,Hommes,Non-salariés,50
2015.03.31,Diekirch,Ettelbruck,Femmes,Salariés,1470
2015.03.31,Diekirch,Ettelbruck,Femmes,Non-salariés,100
2015.03.31,Diekirch,Ettelbruck,Hommes,Salariés,1690
2015.03.31,Diekirch,Ettelbruck,Hommes,Non-salariés,150
2015.03.31,Diekirch,Feulen,Femmes,Salariés,370
2015.03.31,Diekirch,Feulen,Femmes,Non-salariés,30
2015.03.31,Diekirch,Feulen,Hommes,Salariés,430
2015.03.31,Diekirch,Feulen,Hommes,Non-salariés,40
2015.03.31,Diekirch,Mertzig,Femmes,Salariés,410
2015.03.31,Diekirch,Mertzig,Femmes,Non-salariés,30
2015.03.31,Diekirch,Mertzig,Hommes,Salariés,480
2015.03.31,Diekirch,Mertzig,Hommes,Non-salariés,30
2015.03.31,Diekirch,Reisdorf,Femmes,Salariés,180
2015.03.31,Diekirch,Reisdorf,Femmes,Non-salariés,10
2015.03.31,Diekirch,Reisdorf,Hommes,Salariés,240
2015.03.31,Diekirch,Reisdorf,Hommes,Non-salariés,30
2015.03.31,Diekirch,Schieren,Femmes,Salariés,380
2015.03.31,Diekirch,Schieren,Femmes,Non-salariés,20
2015.03.31,Diekirch,Schieren,Hommes,Salariés,420
2015.03.31,Diekirch,Schieren,Hommes,Non-salariés,40
2015.03.31,Diekirch,Vallée de l'Ernz,Femmes,Salariés,470
2015.03.31,Diekirch,Vallée de l'Ernz,Femmes,Non-salariés,60
2015.03.31,Diekirch,Vallée de l'Ernz,Hommes,Salariés,590
2015.03.31,Diekirch,Vallée de l'Ernz,Hommes,Non-salariés,70
2015.03.31,Echternach,Beaufort,Femmes,Salariés,420
2015.03.31,Echternach,Beaufort,Femmes,Non-salariés,40
2015.03.31,Echternach,Beaufort,Hommes,Salariés,540
2015.03.31,Echternach,Beaufort,Hommes,Non-salariés,40
2015.03.31,Echternach,Bech,Femmes,Salariés,210
2015.03.31,Echternach,Bech,Femmes,Non-salariés,20
2015.03.31,Echternach,Bech,Hommes,Salariés,250
2015.03.31,Echternach,Bech,Hommes,Non-salariés,40
2015.03.31,Echternach,Berdorf,Femmes,Salariés,280
2015.03.31,Echternach,Berdorf,Femmes,Non-salariés,40
2015.03.31,Echternach,Berdorf,Hommes,Salariés,350
2015.03.31,Echternach,Berdorf,Hommes,Non-salariés,40
2015.03.31,Echternach,Consdorf,Femmes,Salariés,330
2015.03.31,Echternach,Consdorf,Femmes,Non-salariés,40
2015.03.31,Echternach,Consdorf,Hommes,Salariés,380
2015.03.31,Echternach,Consdorf,Hommes,Non-salariés,60
2015.03.31,Echternach,Echternach,Femmes,Salariés,920
2015.03.31,Echternach,Echternach,Femmes,Non-salariés,80
2015.03.31,Echternach,Echternach,Hommes,Salariés,1060
2015.03.31,Echternach,Echternach,Hommes,Non-salariés,130
2015.03.31,Echternach,Rosport-Mompach,Femmes,Salariés,560
2015.03.31,Echternach,Rosport-Mompach,Femmes,Non-salariés,70
2015.03.31,Echternach,Rosport-Mompach,Hommes,Salariés,690
2015.03.31,Echternach,Rosport-Mompach,Hommes,Non-salariés,110
2015.03.31,Echternach,Waldbillig,Femmes,Salariés,320
2015.03.31,Echternach,Waldbillig,Femmes,Non-salariés,20
2015.03.31,Echternach,Waldbillig,Hommes,Salariés,390
2015.03.31,Echternach,Waldbillig,Hommes,Non-salariés,40
2015.03.31,Esch-Sur-Alzette,Bettembourg,Femmes,Salariés,1880
2015.03.31,Esch-Sur-Alzette,Bettembourg,Femmes,Non-salariés,120
2015.03.31,Esch-Sur-Alzette,Bettembourg,Hommes,Salariés,2060
2015.03.31,Esch-Sur-Alzette,Bettembourg,Hommes,Non-salariés,170
2015.03.31,Esch-Sur-Alzette,Differdange,Femmes,Salariés,4310
2015.03.31,Esch-Sur-Alzette,Differdange,Femmes,Non-salariés,200
2015.03.31,Esch-Sur-Alzette,Differdange,Hommes,Salariés,5420
2015.03.31,Esch-Sur-Alzette,Differdange,Hommes,Non-salariés,200
2015.03.31,Esch-Sur-Alzette,Dudelange,Femmes,Salariés,3570
2015.03.31,Esch-Sur-Alzette,Dudelange,Femmes,Non-salariés,190
2015.03.31,Esch-Sur-Alzette,Dudelange,Hommes,Salariés,4210
2015.03.31,Esch-Sur-Alzette,Dudelange,Hommes,Non-salariés,280
2015.03.31,Esch-Sur-Alzette,Esch-sur-Alzette,Femmes,Salariés,5730
2015.03.31,Esch-Sur-Alzette,Esch-sur-Alzette,Femmes,Non-salariés,290
2015.03.31,Esch-Sur-Alzette,Esch-sur-Alzette,Hommes,Salariés,7080
2015.03.31,Esch-Sur-Alzette,Esch-sur-Alzette,Hommes,Non-salariés,410
2015.03.31,Esch-Sur-Alzette,Frisange,Femmes,Salariés,820
2015.03.31,Esch-Sur-Alzette,Frisange,Femmes,Non-salariés,60
2015.03.31,Esch-Sur-Alzette,Frisange,Hommes,Salariés,910
2015.03.31,Esch-Sur-Alzette,Frisange,Hommes,Non-salariés,110
2015.03.31,Esch-Sur-Alzette,Kayl,Femmes,Salariés,1550
2015.03.31,Esch-Sur-Alzette,Kayl,Femmes,Non-salariés,80
2015.03.31,Esch-Sur-Alzette,Kayl,Hommes,Salariés,1870
2015.03.31,Esch-Sur-Alzette,Kayl,Hommes,Non-salariés,120
2015.03.31,Esch-Sur-Alzette,Leudelange,Femmes,Salariés,470
2015.03.31,Esch-Sur-Alzette,Leudelange,Femmes,Non-salariés,50
2015.03.31,Esch-Sur-Alzette,Leudelange,Hommes,Salariés,520
2015.03.31,Esch-Sur-Alzette,Leudelange,Hommes,Non-salariés,90
2015.03.31,Esch-Sur-Alzette,Mondercange,Femmes,Salariés,1140
2015.03.31,Esch-Sur-Alzette,Mondercange,Femmes,Non-salariés,100
2015.03.31,Esch-Sur-Alzette,Mondercange,Hommes,Salariés,1310
2015.03.31,Esch-Sur-Alzette,Mondercange,Hommes,Non-salariés,170
2015.03.31,Esch-Sur-Alzette,Pétange,Femmes,Salariés,3000
2015.03.31,Esch-Sur-Alzette,Pétange,Femmes,Non-salariés,160
2015.03.31,Esch-Sur-Alzette,Pétange,Hommes,Salariés,3740
2015.03.31,Esch-Sur-Alzette,Pétange,Hommes,Non-salariés,190
2015.03.31,Esch-Sur-Alzette,Reckange-sur-Mess,Femmes,Salariés,410
2015.03.31,Esch-Sur-Alzette,Reckange-sur-Mess,Femmes,Non-salariés,40
2015.03.31,Esch-Sur-Alzette,Reckange-sur-Mess,Hommes,Salariés,430
2015.03.31,Esch-Sur-Alzette,Reckange-sur-Mess,Hommes,Non-salariés,90
2015.03.31,Esch-Sur-Alzette,Roeser,Femmes,Salariés,1150
2015.03.31,Esch-Sur-Alzette,Roeser,Femmes,Non-salariés,90
2015.03.31,Esch-Sur-Alzette,Roeser,Hommes,Salariés,1340
2015.03.31,Esch-Sur-Alzette,Roeser,Hommes,Non-salariés,150
2015.03.31,Esch-Sur-Alzette,Rumelange,Femmes,Salariés,920
2015.03.31,Esch-Sur-Alzette,Rumelange,Femmes,Non-salariés,40
2015.03.31,Esch-Sur-Alzette,Rumelange,Hommes,Salariés,1090
2015.03.31,Esch-Sur-Alzette,Rumelange,Hommes,Non-salariés,60
2015.03.31,Esch-Sur-Alzette,Sanem,Femmes,Salariés,2850
2015.03.31,Esch-Sur-Alzette,Sanem,Femmes,Non-salariés,150
2015.03.31,Esch-Sur-Alzette,Sanem,Hommes,Salariés,3310
2015.03.31,Esch-Sur-Alzette,Sanem,Hommes,Non-salariés,210
2015.03.31,Esch-Sur-Alzette,Schifflange,Femmes,Salariés,1700
2015.03.31,Esch-Sur-Alzette,Schifflange,Femmes,Non-salariés,100
2015.03.31,Esch-Sur-Alzette,Schifflange,Hommes,Salariés,2010
2015.03.31,Esch-Sur-Alzette,Schifflange,Hommes,Non-salariés,100
2015.03.31,Grevenmacher,Betzdorf,Femmes,Salariés,610
2015.03.31,Grevenmacher,Betzdorf,Femmes,Non-salariés,40
2015.03.31,Grevenmacher,Betzdorf,Hommes,Salariés,750
2015.03.31,Grevenmacher,Betzdorf,Hommes,Non-salariés,90
2015.03.31,Grevenmacher,Biwer,Femmes,Salariés,300
2015.03.31,Grevenmacher,Biwer,Femmes,Non-salariés,40
2015.03.31,Grevenmacher,Biwer,Hommes,Salariés,360
2015.03.31,Grevenmacher,Biwer,Hommes,Non-salariés,50
2015.03.31,Grevenmacher,Flaxweiler,Femmes,Salariés,340
2015.03.31,Grevenmacher,Flaxweiler,Femmes,Non-salariés,30
2015.03.31,Grevenmacher,Flaxweiler,Hommes,Salariés,450
2015.03.31,Grevenmacher,Flaxweiler,Hommes,Non-salariés,60
2015.03.31,Grevenmacher,Grevenmacher,Femmes,Salariés,860
2015.03.31,Grevenmacher,Grevenmacher,Femmes,Non-salariés,50
2015.03.31,Grevenmacher,Grevenmacher,Hommes,Salariés,1030
2015.03.31,Grevenmacher,Grevenmacher,Hommes,Non-salariés,90
2015.03.31,Grevenmacher,Junglinster,Femmes,Salariés,1220
2015.03.31,Grevenmacher,Junglinster,Femmes,Non-salariés,110
2015.03.31,Grevenmacher,Junglinster,Hommes,Salariés,1420
2015.03.31,Grevenmacher,Junglinster,Hommes,Non-salariés,180
2015.03.31,Grevenmacher,Manternach,Femmes,Salariés,330
2015.03.31,Grevenmacher,Manternach,Femmes,Non-salariés,20
2015.03.31,Grevenmacher,Manternach,Hommes,Salariés,390
2015.03.31,Grevenmacher,Manternach,Hommes,Non-salariés,50
2015.03.31,Grevenmacher,Mertert,Femmes,Salariés,780
2015.03.31,Grevenmacher,Mertert,Femmes,Non-salariés,50
2015.03.31,Grevenmacher,Mertert,Hommes,Salariés,930
2015.03.31,Grevenmacher,Mertert,Hommes,Non-salariés,90
2015.03.31,Grevenmacher,Wormeldange,Femmes,Salariés,450
2015.03.31,Grevenmacher,Wormeldange,Femmes,Non-salariés,60
2015.03.31,Grevenmacher,Wormeldange,Hommes,Salariés,570
2015.03.31,Grevenmacher,Wormeldange,Hommes,Non-salariés,100
2015.03.31,Luxembourg-Campagne,Bertrange,Femmes,Salariés,1140
2015.03.31,Luxembourg-Campagne,Bertrange,Femmes,Non-salariés,120
2015.03.31,Luxembourg-Campagne,Bertrange,Hommes,Salariés,1390
2015.03.31,Luxembourg-Campagne,Bertrange,Hommes,Non-salariés,210
2015.03.31,Luxembourg-Campagne,Contern,Femmes,Salariés,570
2015.03.31,Luxembourg-Campagne,Contern,Femmes,Non-salariés,60
2015.03.31,Luxembourg-Campagne,Contern,Hommes,Salariés,680
2015.03.31,Luxembourg-Campagne,Contern,Hommes,Non-salariés,100
2015.03.31,Luxembourg-Campagne,Hesperange,Femmes,Salariés,2530
2015.03.31,Luxembourg-Campagne,Hesperange,Femmes,Non-salariés,230
2015.03.31,Luxembourg-Campagne,Hesperange,Hommes,Salariés,2970
2015.03.31,Luxembourg-Campagne,Hesperange,Hommes,Non-salariés,360
2015.03.31,Luxembourg-Campagne,Niederanven,Femmes,Salariés,720
2015.03.31,Luxembourg-Campagne,Niederanven,Femmes,Non-salariés,120
2015.03.31,Luxembourg-Campagne,Niederanven,Hommes,Salariés,910
2015.03.31,Luxembourg-Campagne,Niederanven,Hommes,Non-salariés,180
2015.03.31,Luxembourg-Campagne,Sandweiler,Femmes,Salariés,570
2015.03.31,Luxembourg-Campagne,Sandweiler,Femmes,Non-salariés,50
2015.03.31,Luxembourg-Campagne,Sandweiler,Hommes,Salariés,680
2015.03.31,Luxembourg-Campagne,Sandweiler,Hommes,Non-salariés,90
2015.03.31,Luxembourg-Campagne,Schuttrange,Femmes,Salariés,560
2015.03.31,Luxembourg-Campagne,Schuttrange,Femmes,Non-salariés,60
2015.03.31,Luxembourg-Campagne,Schuttrange,Hommes,Salariés,690
2015.03.31,Luxembourg-Campagne,Schuttrange,Hommes,Non-salariés,100
2015.03.31,Luxembourg-Campagne,Steinsel,Femmes,Salariés,780
2015.03.31,Luxembourg-Campagne,Steinsel,Femmes,Non-salariés,70
2015.03.31,Luxembourg-Campagne,Steinsel,Hommes,Salariés,880
2015.03.31,Luxembourg-Campagne,Steinsel,Hommes,Non-salariés,140
2015.03.31,Luxembourg-Campagne,Strassen,Femmes,Salariés,1300
2015.03.31,Luxembourg-Campagne,Strassen,Femmes,Non-salariés,130
2015.03.31,Luxembourg-Campagne,Strassen,Hommes,Salariés,1530
2015.03.31,Luxembourg-Campagne,Strassen,Hommes,Non-salariés,200
2015.03.31,Luxembourg-Campagne,Walferdange,Femmes,Salariés,1320
2015.03.31,Luxembourg-Campagne,Walferdange,Femmes,Non-salariés,120
2015.03.31,Luxembourg-Campagne,Walferdange,Hommes,Salariés,1480
2015.03.31,Luxembourg-Campagne,Walferdange,Hommes,Non-salariés,190
2015.03.31,Luxembourg-Campagne,Weiler-la-Tour,Femmes,Salariés,370
2015.03.31,Luxembourg-Campagne,Weiler-la-Tour,Femmes,Non-salariés,30
2015.03.31,Luxembourg-Campagne,Weiler-la-Tour,Hommes,Salariés,450
2015.03.31,Luxembourg-Campagne,Weiler-la-Tour,Hommes,Non-salariés,50
2015.03.31,Luxembourg-Ville,Luxembourg,Femmes,Salariés,16460
2015.03.31,Luxembourg-Ville,Luxembourg,Femmes,Non-salariés,1550
2015.03.31,Luxembourg-Ville,Luxembourg,Hommes,Salariés,20650
2015.03.31,Luxembourg-Ville,Luxembourg,Hommes,Non-salariés,2530
2015.03.31,Mersch,Bissen,Femmes,Salariés,560
2015.03.31,Mersch,Bissen,Femmes,Non-salariés,30
2015.03.31,Mersch,Bissen,Hommes,Salariés,670
2015.03.31,Mersch,Bissen,Hommes,Non-salariés,50
2015.03.31,Mersch,Colmar-Berg,Femmes,Salariés,430
2015.03.31,Mersch,Colmar-Berg,Femmes,Non-salariés,20
2015.03.31,Mersch,Colmar-Berg,Hommes,Salariés,490
2015.03.31,Mersch,Colmar-Berg,Hommes,Non-salariés,30
2015.03.31,Mersch,Fischbach,Femmes,Salariés,230
2015.03.31,Mersch,Fischbach,Femmes,Non-salariés,20
2015.03.31,Mersch,Fischbach,Hommes,Salariés,290
2015.03.31,Mersch,Fischbach,Hommes,Non-salariés,30
2015.03.31,Mersch,Heffingen,Femmes,Salariés,240
2015.03.31,Mersch,Heffingen,Femmes,Non-salariés,20
2015.03.31,Mersch,Heffingen,Hommes,Salariés,250
2015.03.31,Mersch,Heffingen,Hommes,Non-salariés,40
2015.03.31,Mersch,Helperknapp,Femmes,Salariés,660
2015.03.31,Mersch,Helperknapp,Femmes,Non-salariés,70
2015.03.31,Mersch,Helperknapp,Hommes,Salariés,830
2015.03.31,Mersch,Helperknapp,Hommes,Non-salariés,100
2015.03.31,Mersch,Larochette,Femmes,Salariés,410
2015.03.31,Mersch,Larochette,Femmes,Non-salariés,20
2015.03.31,Mersch,Larochette,Hommes,Salariés,490
2015.03.31,Mersch,Larochette,Hommes,Non-salariés,40
2015.03.31,Mersch,Lintgen,Femmes,Salariés,560
2015.03.31,Mersch,Lintgen,Femmes,Non-salariés,40
2015.03.31,Mersch,Lintgen,Hommes,Salariés,680
2015.03.31,Mersch,Lintgen,Hommes,Non-salariés,40
2015.03.31,Mersch,Lorentzweiler,Femmes,Salariés,630
2015.03.31,Mersch,Lorentzweiler,Femmes,Non-salariés,40
2015.03.31,Mersch,Lorentzweiler,Hommes,Salariés,720
2015.03.31,Mersch,Lorentzweiler,Hommes,Non-salariés,80
2015.03.31,Mersch,Mersch,Femmes,Salariés,1720
2015.03.31,Mersch,Mersch,Femmes,Non-salariés,100
2015.03.31,Mersch,Mersch,Hommes,Salariés,1890
2015.03.31,Mersch,Mersch,Hommes,Non-salariés,170
2015.03.31,Mersch,Nommern,Femmes,Salariés,260
2015.03.31,Mersch,Nommern,Femmes,Non-salariés,30
2015.03.31,Mersch,Nommern,Hommes,Salariés,290
2015.03.31,Mersch,Nommern,Hommes,Non-salariés,50
2015.03.31,Non déterminé,Non déterminé,Femmes,Salariés,50
2015.03.31,Non déterminé,Non déterminé,Femmes,Non-salariés,0
2015.03.31,Non déterminé,Non déterminé,Hommes,Salariés,80
2015.03.31,Non déterminé,Non déterminé,Hommes,Non-salariés,10
2015.03.31,Redange,Beckerich,Femmes,Salariés,410
2015.03.31,Redange,Beckerich,Femmes,Non-salariés,30
2015.03.31,Redange,Beckerich,Hommes,Salariés,520
2015.03.31,Redange,Beckerich,Hommes,Non-salariés,50
2015.03.31,Redange,Ell,Femmes,Salariés,210
2015.03.31,Redange,Ell,Femmes,Non-salariés,30
2015.03.31,Redange,Ell,Hommes,Salariés,270
2015.03.31,Redange,Ell,Hommes,Non-salariés,40
2015.03.31,Redange,Groussbus-Wal,Femmes,Salariés,330
2015.03.31,Redange,Groussbus-Wal,Femmes,Non-salariés,50
2015.03.31,Redange,Groussbus-Wal,Hommes,Salariés,420
2015.03.31,Redange,Groussbus-Wal,Hommes,Non-salariés,50
2015.03.31,Redange,Préizerdaul,Femmes,Salariés,310
2015.03.31,Redange,Préizerdaul,Femmes,Non-salariés,30
2015.03.31,Redange,Préizerdaul,Hommes,Salariés,350
2015.03.31,Redange,Préizerdaul,Hommes,Non-salariés,40
2015.03.31,Redange,Rambrouch,Femmes,Salariés,620
2015.03.31,Redange,Rambrouch,Femmes,Non-salariés,80
2015.03.31,Redange,Rambrouch,Hommes,Salariés,850
2015.03.31,Redange,Rambrouch,Hommes,Non-salariés,150
2015.03.31,Redange,Redange/Attert,Femmes,Salariés,470
2015.03.31,Redange,Redange/Attert,Femmes,Non-salariés,40
2015.03.31,Redange,Redange/Attert,Hommes,Salariés,520
2015.03.31,Redange,Redange/Attert,Hommes,Non-salariés,90
2015.03.31,Redange,Saeul,Femmes,Salariés,130
2015.03.31,Redange,Saeul,Femmes,Non-salariés,20
2015.03.31,Redange,Saeul,Hommes,Salariés,150
2015.03.31,Redange,Saeul,Hommes,Non-salariés,20
2015.03.31,Redange,Useldange,Femmes,Salariés,350
2015.03.31,Redange,Useldange,Femmes,Non-salariés,20
2015.03.31,Redange,Useldange,Hommes,Salariés,360
2015.03.31,Redange,Useldange,Hommes,Non-salariés,50
2015.03.31,Redange,Vichten,Femmes,Salariés,200
2015.03.31,Redange,Vichten,Femmes,Non-salariés,20
2015.03.31,Redange,Vichten,Hommes,Salariés,270
2015.03.31,Redange,Vichten,Hommes,Non-salariés,30
2015.03.31,Remich,Bous-Waldbredimus,Femmes,Salariés,470
2015.03.31,Remich,Bous-Waldbredimus,Femmes,Non-salariés,50
2015.03.31,Remich,Bous-Waldbredimus,Hommes,Salariés,590
2015.03.31,Remich,Bous-Waldbredimus,Hommes,Non-salariés,80
2015.03.31,Remich,Dalheim,Femmes,Salariés,380
2015.03.31,Remich,Dalheim,Femmes,Non-salariés,40
2015.03.31,Remich,Dalheim,Hommes,Salariés,420
2015.03.31,Remich,Dalheim,Hommes,Non-salariés,60
2015.03.31,Remich,Lenningen,Femmes,Salariés,340
2015.03.31,Remich,Lenningen,Femmes,Non-salariés,20
2015.03.31,Remich,Lenningen,Hommes,Salariés,380
2015.03.31,Remich,Lenningen,Hommes,Non-salariés,40
2015.03.31,Remich,Mondorf-les-Bains,Femmes,Salariés,760
2015.03.31,Remich,Mondorf-les-Bains,Femmes,Non-salariés,70
2015.03.31,Remich,Mondorf-les-Bains,Hommes,Salariés,890
2015.03.31,Remich,Mondorf-les-Bains,Hommes,Non-salariés,110
2015.03.31,Remich,Remich,Femmes,Salariés,580
2015.03.31,Remich,Remich,Femmes,Non-salariés,60
2015.03.31,Remich,Remich,Hommes,Salariés,700
2015.03.31,Remich,Remich,Hommes,Non-salariés,110
2015.03.31,Remich,Schengen,Femmes,Salariés,840
2015.03.31,Remich,Schengen,Femmes,Non-salariés,90
2015.03.31,Remich,Schengen,Hommes,Salariés,960
2015.03.31,Remich,Schengen,Hommes,Non-salariés,160
2015.03.31,Remich,Stadtbredimus,Femmes,Salariés,340
2015.03.31,Remich,Stadtbredimus,Femmes,Non-salariés,30
2015.03.31,Remich,Stadtbredimus,Hommes,Salariés,390
2015.03.31,Remich,Stadtbredimus,Hommes,Non-salariés,50
2015.03.31,Vianden,Putscheid,Femmes,Salariés,190
2015.03.31,Vianden,Putscheid,Femmes,Non-salariés,10
2015.03.31,Vianden,Putscheid,Hommes,Salariés,250
2015.03.31,Vianden,Putscheid,Hommes,Non-salariés,20
2015.03.31,Vianden,Tandel,Femmes,Salariés,380
2015.03.31,Vianden,Tandel,Femmes,Non-salariés,50
2015.03.31,Vianden,Tandel,Hommes,Salariés,420
2015.03.31,Vianden,Tandel,Hommes,Non-salariés,50
2015.03.31,Vianden,Vianden,Femmes,Salariés,310
2015.03.31,Vianden,Vianden,Femmes,Non-salariés,30
2015.03.31,Vianden,Vianden,Hommes,Salariés,390
2015.03.31,Vianden,Vianden,Hommes,Non-salariés,50
2015.03.31,Wiltz,Boulaide,Femmes,Salariés,180
2015.03.31,Wiltz,Boulaide,Femmes,Non-salariés,30
2015.03.31,Wiltz,Boulaide,Hommes,Salariés,220
2015.03.31,Wiltz,Boulaide,Hommes,Non-salariés,30
2015.03.31,Wiltz,Esch-sur-Sûre,Femmes,Salariés,410
2015.03.31,Wiltz,Esch-sur-Sûre,Femmes,Non-salariés,40
2015.03.31,Wiltz,Esch-sur-Sûre,Hommes,Salariés,520
2015.03.31,Wiltz,Esch-sur-Sûre,Hommes,Non-salariés,80
2015.03.31,Wiltz,Goesdorf,Femmes,Salariés,280
2015.03.31,Wiltz,Goesdorf,Femmes,Non-salariés,30
2015.03.31,Wiltz,Goesdorf,Hommes,Salariés,340
2015.03.31,Wiltz,Goesdorf,Hommes,Non-salariés,40
2015.03.31,Wiltz,Kiischpelt,Femmes,Salariés,170
2015.03.31,Wiltz,Kiischpelt,Femmes,Non-salariés,30
2015.03.31,Wiltz,Kiischpelt,Hommes,Salariés,220
2015.03.31,Wiltz,Kiischpelt,Hommes,Non-salariés,30
2015.03.31,Wiltz,Lac de la Haute-Sûre,Femmes,Salariés,270
2015.03.31,Wiltz,Lac de la Haute-Sûre,Femmes,Non-salariés,40
2015.03.31,Wiltz,Lac de la Haute-Sûre,Hommes,Salariés,350
2015.03.31,Wiltz,Lac de la Haute-Sûre,Hommes,Non-salariés,60
2015.03.31,Wiltz,Wiltz,Femmes,Salariés,980
2015.03.31,Wiltz,Wiltz,Femmes,Non-salariés,60
2015.03.31,Wiltz,Wiltz,Hommes,Salariés,1220
2015.03.31,Wiltz,Wiltz,Hommes,Non-salariés,120
2015.03.31,Wiltz,Winseler,Femmes,Salariés,180
2015.03.31,Wiltz,Winseler,Femmes,Non-salariés,20
2015.03.31,Wiltz,Winseler,Hommes,Salariés,220
2015.03.31,Wiltz,Winseler,Hommes,Non-salariés,70
2015.09.30,Capellen,Dippach,Femmes,Salariés,740
2015.09.30,Capellen,Dippach,Femmes,Non-salariés,50
2015.09.30,Capellen,Dippach,Hommes,Salariés,860
2015.09.30,Capellen,Dippach,Hommes,Non-salariés,100
2015.09.30,Capellen,Garnich,Femmes,Salariés,350
2015.09.30,Capellen,Garnich,Femmes,Non-salariés,40
2015.09.30,Capellen,Garnich,Hommes,Salariés,420
2015.09.30,Capellen,Garnich,Hommes,Non-salariés,60
2015.09.30,Capellen,Habscht,Femmes,Salariés,760
2015.09.30,Capellen,Habscht,Femmes,Non-salariés,60
2015.09.30,Capellen,Habscht,Hommes,Salariés,930
2015.09.30,Capellen,Habscht,Hommes,Non-salariés,100
2015.09.30,Capellen,Käerjeng,Femmes,Salariés,1760
2015.09.30,Capellen,Käerjeng,Femmes,Non-salariés,130
2015.09.30,Capellen,Käerjeng,Hommes,Salariés,2070
2015.09.30,Capellen,Käerjeng,Hommes,Non-salariés,190
2015.09.30,Capellen,Kehlen,Femmes,Salariés,900
2015.09.30,Capellen,Kehlen,Femmes,Non-salariés,90
2015.09.30,Capellen,Kehlen,Hommes,Salariés,1000
2015.09.30,Capellen,Kehlen,Hommes,Non-salariés,170
2015.09.30,Capellen,Koerich,Femmes,Salariés,410
2015.09.30,Capellen,Koerich,Femmes,Non-salariés,50
2015.09.30,Capellen,Koerich,Hommes,Salariés,500
2015.09.30,Capellen,Koerich,Hommes,Non-salariés,70
2015.09.30,Capellen,Kopstal,Femmes,Salariés,520
2015.09.30,Capellen,Kopstal,Femmes,Non-salariés,60
2015.09.30,Capellen,Kopstal,Hommes,Salariés,560
2015.09.30,Capellen,Kopstal,Hommes,Non-salariés,140
2015.09.30,Capellen,Mamer,Femmes,Salariés,1340
2015.09.30,Capellen,Mamer,Femmes,Non-salariés,130
2015.09.30,Capellen,Mamer,Hommes,Salariés,1440
2015.09.30,Capellen,Mamer,Hommes,Non-salariés,230
2015.09.30,Capellen,Steinfort,Femmes,Salariés,850
2015.09.30,Capellen,Steinfort,Femmes,Non-salariés,80
2015.09.30,Capellen,Steinfort,Hommes,Salariés,990
2015.09.30,Capellen,Steinfort,Hommes,Non-salariés,110
2015.09.30,Clervaux,Clervaux,Femmes,Salariés,840
2015.09.30,Clervaux,Clervaux,Femmes,Non-salariés,90
2015.09.30,Clervaux,Clervaux,Hommes,Salariés,1060
2015.09.30,Clervaux,Clervaux,Hommes,Non-salariés,150
2015.09.30,Clervaux,Parc Hosingen,Femmes,Salariés,610
2015.09.30,Clervaux,Parc Hosingen,Femmes,Non-salariés,60
2015.09.30,Clervaux,Parc Hosingen,Hommes,Salariés,740
2015.09.30,Clervaux,Parc Hosingen,Hommes,Non-salariés,90
2015.09.30,Clervaux,Troisvierges,Femmes,Salariés,520
2015.09.30,Clervaux,Troisvierges,Femmes,Non-salariés,60
2015.09.30,Clervaux,Troisvierges,Hommes,Salariés,690
2015.09.30,Clervaux,Troisvierges,Hommes,Non-salariés,90
2015.09.30,Clervaux,Weiswampach,Femmes,Salariés,280
2015.09.30,Clervaux,Weiswampach,Femmes,Non-salariés,30
2015.09.30,Clervaux,Weiswampach,Hommes,Salariés,390
2015.09.30,Clervaux,Weiswampach,Hommes,Non-salariés,90
2015.09.30,Clervaux,Wincrange,Femmes,Salariés,690
2015.09.30,Clervaux,Wincrange,Femmes,Non-salariés,110
2015.09.30,Clervaux,Wincrange,Hommes,Salariés,840
2015.09.30,Clervaux,Wincrange,Hommes,Non-salariés,220
2015.09.30,Diekirch,Bettendorf,Femmes,Salariés,470
2015.09.30,Diekirch,Bettendorf,Femmes,Non-salariés,40
2015.09.30,Diekirch,Bettendorf,Hommes,Salariés,570
2015.09.30,Diekirch,Bettendorf,Hommes,Non-salariés,60
2015.09.30,Diekirch,Bourscheid,Femmes,Salariés,280
2015.09.30,Diekirch,Bourscheid,Femmes,Non-salariés,20
2015.09.30,Diekirch,Bourscheid,Hommes,Salariés,350
2015.09.30,Diekirch,Bourscheid,Hommes,Non-salariés,60
2015.09.30,Diekirch,Diekirch,Femmes,Salariés,1160
2015.09.30,Diekirch,Diekirch,Femmes,Non-salariés,80
2015.09.30,Diekirch,Diekirch,Hommes,Salariés,1420
2015.09.30,Diekirch,Diekirch,Hommes,Non-salariés,120
2015.09.30,Diekirch,Erpeldange-sur-Sûre,Femmes,Salariés,430
2015.09.30,Diekirch,Erpeldange-sur-Sûre,Femmes,Non-salariés,40
2015.09.30,Diekirch,Erpeldange-sur-Sûre,Hommes,Salariés,510
2015.09.30,Diekirch,Erpeldange-sur-Sûre,Hommes,Non-salariés,50
2015.09.30,Diekirch,Ettelbruck,Femmes,Salariés,1490
2015.09.30,Diekirch,Ettelbruck,Femmes,Non-salariés,100
2015.09.30,Diekirch,Ettelbruck,Hommes,Salariés,1710
2015.09.30,Diekirch,Ettelbruck,Hommes,Non-salariés,150
2015.09.30,Diekirch,Feulen,Femmes,Salariés,370
2015.09.30,Diekirch,Feulen,Femmes,Non-salariés,30
2015.09.30,Diekirch,Feulen,Hommes,Salariés,420
2015.09.30,Diekirch,Feulen,Hommes,Non-salariés,40
2015.09.30,Diekirch,Mertzig,Femmes,Salariés,420
2015.09.30,Diekirch,Mertzig,Femmes,Non-salariés,20
2015.09.30,Diekirch,Mertzig,Hommes,Salariés,470
2015.09.30,Diekirch,Mertzig,Hommes,Non-salariés,40
2015.09.30,Diekirch,Reisdorf,Femmes,Salariés,190
2015.09.30,Diekirch,Reisdorf,Femmes,Non-salariés,20
2015.09.30,Diekirch,Reisdorf,Hommes,Salariés,250
2015.09.30,Diekirch,Reisdorf,Hommes,Non-salariés,30
2015.09.30,Diekirch,Schieren,Femmes,Salariés,380
2015.09.30,Diekirch,Schieren,Femmes,Non-salariés,30
2015.09.30,Diekirch,Schieren,Hommes,Salariés,430
2015.09.30,Diekirch,Schieren,Hommes,Non-salariés,30
2015.09.30,Diekirch,Vallée de l'Ernz,Femmes,Salariés,450
2015.09.30,Diekirch,Vallée de l'Ernz,Femmes,Non-salariés,50
2015.09.30,Diekirch,Vallée de l'Ernz,Hommes,Salariés,600
2015.09.30,Diekirch,Vallée de l'Ernz,Hommes,Non-salariés,70
2015.09.30,Echternach,Beaufort,Femmes,Salariés,440
2015.09.30,Echternach,Beaufort,Femmes,Non-salariés,40
2015.09.30,Echternach,Beaufort,Hommes,Salariés,580
2015.09.30,Echternach,Beaufort,Hommes,Non-salariés,40
2015.09.30,Echternach,Bech,Femmes,Salariés,200
2015.09.30,Echternach,Bech,Femmes,Non-salariés,20
2015.09.30,Echternach,Bech,Hommes,Salariés,240
2015.09.30,Echternach,Bech,Hommes,Non-salariés,40
2015.09.30,Echternach,Berdorf,Femmes,Salariés,290
2015.09.30,Echternach,Berdorf,Femmes,Non-salariés,40
2015.09.30,Echternach,Berdorf,Hommes,Salariés,350
2015.09.30,Echternach,Berdorf,Hommes,Non-salariés,40
2015.09.30,Echternach,Consdorf,Femmes,Salariés,340
2015.09.30,Echternach,Consdorf,Femmes,Non-salariés,40
2015.09.30,Echternach,Consdorf,Hommes,Salariés,400
2015.09.30,Echternach,Consdorf,Hommes,Non-salariés,60
2015.09.30,Echternach,Echternach,Femmes,Salariés,930
2015.09.30,Echternach,Echternach,Femmes,Non-salariés,80
2015.09.30,Echternach,Echternach,Hommes,Salariés,1050
2015.09.30,Echternach,Echternach,Hommes,Non-salariés,140
2015.09.30,Echternach,Rosport-Mompach,Femmes,Salariés,590
2015.09.30,Echternach,Rosport-Mompach,Femmes,Non-salariés,70
2015.09.30,Echternach,Rosport-Mompach,Hommes,Salariés,700
2015.09.30,Echternach,Rosport-Mompach,Hommes,Non-salariés,110
2015.09.30,Echternach,Waldbillig,Femmes,Salariés,330
2015.09.30,Echternach,Waldbillig,Femmes,Non-salariés,20
2015.09.30,Echternach,Waldbillig,Hommes,Salariés,390
2015.09.30,Echternach,Waldbillig,Hommes,Non-salariés,40
2015.09.30,Esch-Sur-Alzette,Bettembourg,Femmes,Salariés,1910
2015.09.30,Esch-Sur-Alzette,Bettembourg,Femmes,Non-salariés,130
2015.09.30,Esch-Sur-Alzette,Bettembourg,Hommes,Salariés,2100
2015.09.30,Esch-Sur-Alzette,Bettembourg,Hommes,Non-salariés,170
2015.09.30,Esch-Sur-Alzette,Differdange,Femmes,Salariés,4380
2015.09.30,Esch-Sur-Alzette,Differdange,Femmes,Non-salariés,200
2015.09.30,Esch-Sur-Alzette,Differdange,Hommes,Salariés,5590
2015.09.30,Esch-Sur-Alzette,Differdange,Hommes,Non-salariés,200
2015.09.30,Esch-Sur-Alzette,Dudelange,Femmes,Salariés,3570
2015.09.30,Esch-Sur-Alzette,Dudelange,Femmes,Non-salariés,190
2015.09.30,Esch-Sur-Alzette,Dudelange,Hommes,Salariés,4250
2015.09.30,Esch-Sur-Alzette,Dudelange,Hommes,Non-salariés,290
2015.09.30,Esch-Sur-Alzette,Esch-sur-Alzette,Femmes,Salariés,5680
2015.09.30,Esch-Sur-Alzette,Esch-sur-Alzette,Femmes,Non-salariés,290
2015.09.30,Esch-Sur-Alzette,Esch-sur-Alzette,Hommes,Salariés,7130
2015.09.30,Esch-Sur-Alzette,Esch-sur-Alzette,Hommes,Non-salariés,410
2015.09.30,Esch-Sur-Alzette,Frisange,Femmes,Salariés,850
2015.09.30,Esch-Sur-Alzette,Frisange,Femmes,Non-salariés,60
2015.09.30,Esch-Sur-Alzette,Frisange,Hommes,Salariés,970
2015.09.30,Esch-Sur-Alzette,Frisange,Hommes,Non-salariés,110
2015.09.30,Esch-Sur-Alzette,Kayl,Femmes,Salariés,1590
2015.09.30,Esch-Sur-Alzette,Kayl,Femmes,Non-salariés,80
2015.09.30,Esch-Sur-Alzette,Kayl,Hommes,Salariés,1900
2015.09.30,Esch-Sur-Alzette,Kayl,Hommes,Non-salariés,120
2015.09.30,Esch-Sur-Alzette,Leudelange,Femmes,Salariés,460
2015.09.30,Esch-Sur-Alzette,Leudelange,Femmes,Non-salariés,50
2015.09.30,Esch-Sur-Alzette,Leudelange,Hommes,Salariés,510
2015.09.30,Esch-Sur-Alzette,Leudelange,Hommes,Non-salariés,90
2015.09.30,Esch-Sur-Alzette,Mondercange,Femmes,Salariés,1150
2015.09.30,Esch-Sur-Alzette,Mondercange,Femmes,Non-salariés,100
2015.09.30,Esch-Sur-Alzette,Mondercange,Hommes,Salariés,1300
2015.09.30,Esch-Sur-Alzette,Mondercange,Hommes,Non-salariés,170
2015.09.30,Esch-Sur-Alzette,Pétange,Femmes,Salariés,3070
2015.09.30,Esch-Sur-Alzette,Pétange,Femmes,Non-salariés,170
2015.09.30,Esch-Sur-Alzette,Pétange,Hommes,Salariés,3840
2015.09.30,Esch-Sur-Alzette,Pétange,Hommes,Non-salariés,190
2015.09.30,Esch-Sur-Alzette,Reckange-sur-Mess,Femmes,Salariés,420
2015.09.30,Esch-Sur-Alzette,Reckange-sur-Mess,Femmes,Non-salariés,40
2015.09.30,Esch-Sur-Alzette,Reckange-sur-Mess,Hommes,Salariés,440
2015.09.30,Esch-Sur-Alzette,Reckange-sur-Mess,Hommes,Non-salariés,80
2015.09.30,Esch-Sur-Alzette,Roeser,Femmes,Salariés,1160
2015.09.30,Esch-Sur-Alzette,Roeser,Femmes,Non-salariés,80
2015.09.30,Esch-Sur-Alzette,Roeser,Hommes,Salariés,1350
2015.09.30,Esch-Sur-Alzette,Roeser,Hommes,Non-salariés,160
2015.09.30,Esch-Sur-Alzette,Rumelange,Femmes,Salariés,910
2015.09.30,Esch-Sur-Alzette,Rumelange,Femmes,Non-salariés,50
2015.09.30,Esch-Sur-Alzette,Rumelange,Hommes,Salariés,1120
2015.09.30,Esch-Sur-Alzette,Rumelange,Hommes,Non-salariés,60
2015.09.30,Esch-Sur-Alzette,Sanem,Femmes,Salariés,2850
2015.09.30,Esch-Sur-Alzette,Sanem,Femmes,Non-salariés,150
2015.09.30,Esch-Sur-Alzette,Sanem,Hommes,Salariés,3360
2015.09.30,Esch-Sur-Alzette,Sanem,Hommes,Non-salariés,210
2015.09.30,Esch-Sur-Alzette,Schifflange,Femmes,Salariés,1750
2015.09.30,Esch-Sur-Alzette,Schifflange,Femmes,Non-salariés,100
2015.09.30,Esch-Sur-Alzette,Schifflange,Hommes,Salariés,2040
2015.09.30,Esch-Sur-Alzette,Schifflange,Hommes,Non-salariés,110
2015.09.30,Grevenmacher,Betzdorf,Femmes,Salariés,620
2015.09.30,Grevenmacher,Betzdorf,Femmes,Non-salariés,40
2015.09.30,Grevenmacher,Betzdorf,Hommes,Salariés,740
2015.09.30,Grevenmacher,Betzdorf,Hommes,Non-salariés,100
2015.09.30,Grevenmacher,Biwer,Femmes,Salariés,300
2015.09.30,Grevenmacher,Biwer,Femmes,Non-salariés,40
2015.09.30,Grevenmacher,Biwer,Hommes,Salariés,360
2015.09.30,Grevenmacher,Biwer,Hommes,Non-salariés,50
2015.09.30,Grevenmacher,Flaxweiler,Femmes,Salariés,350
2015.09.30,Grevenmacher,Flaxweiler,Femmes,Non-salariés,30
2015.09.30,Grevenmacher,Flaxweiler,Hommes,Salariés,460
2015.09.30,Grevenmacher,Flaxweiler,Hommes,Non-salariés,50
2015.09.30,Grevenmacher,Grevenmacher,Femmes,Salariés,850
2015.09.30,Grevenmacher,Grevenmacher,Femmes,Non-salariés,60
2015.09.30,Grevenmacher,Grevenmacher,Hommes,Salariés,1030
2015.09.30,Grevenmacher,Grevenmacher,Hommes,Non-salariés,90
2015.09.30,Grevenmacher,Junglinster,Femmes,Salariés,1250
2015.09.30,Grevenmacher,Junglinster,Femmes,Non-salariés,110
2015.09.30,Grevenmacher,Junglinster,Hommes,Salariés,1420
2015.09.30,Grevenmacher,Junglinster,Hommes,Non-salariés,180
2015.09.30,Grevenmacher,Manternach,Femmes,Salariés,320
2015.09.30,Grevenmacher,Manternach,Femmes,Non-salariés,30
2015.09.30,Grevenmacher,Manternach,Hommes,Salariés,390
2015.09.30,Grevenmacher,Manternach,Hommes,Non-salariés,50
2015.09.30,Grevenmacher,Mertert,Femmes,Salariés,790
2015.09.30,Grevenmacher,Mertert,Femmes,Non-salariés,50
2015.09.30,Grevenmacher,Mertert,Hommes,Salariés,920
2015.09.30,Grevenmacher,Mertert,Hommes,Non-salariés,90
2015.09.30,Grevenmacher,Wormeldange,Femmes,Salariés,460
2015.09.30,Grevenmacher,Wormeldange,Femmes,Non-salariés,60
2015.09.30,Grevenmacher,Wormeldange,Hommes,Salariés,600
2015.09.30,Grevenmacher,Wormeldange,Hommes,Non-salariés,100
2015.09.30,Luxembourg-Campagne,Bertrange,Femmes,Salariés,1170
2015.09.30,Luxembourg-Campagne,Bertrange,Femmes,Non-salariés,120
2015.09.30,Luxembourg-Campagne,Bertrange,Hommes,Salariés,1420
2015.09.30,Luxembourg-Campagne,Bertrange,Hommes,Non-salariés,230
2015.09.30,Luxembourg-Campagne,Contern,Femmes,Salariés,570
2015.09.30,Luxembourg-Campagne,Contern,Femmes,Non-salariés,50
2015.09.30,Luxembourg-Campagne,Contern,Hommes,Salariés,660
2015.09.30,Luxembourg-Campagne,Contern,Hommes,Non-salariés,100
2015.09.30,Luxembourg-Campagne,Hesperange,Femmes,Salariés,2570
2015.09.30,Luxembourg-Campagne,Hesperange,Femmes,Non-salariés,230
2015.09.30,Luxembourg-Campagne,Hesperange,Hommes,Salariés,2970
2015.09.30,Luxembourg-Campagne,Hesperange,Hommes,Non-salariés,370
2015.09.30,Luxembourg-Campagne,Niederanven,Femmes,Salariés,720
2015.09.30,Luxembourg-Campagne,Niederanven,Femmes,Non-salariés,130
2015.09.30,Luxembourg-Campagne,Niederanven,Hommes,Salariés,900
2015.09.30,Luxembourg-Campagne,Niederanven,Hommes,Non-salariés,180
2015.09.30,Luxembourg-Campagne,Sandweiler,Femmes,Salariés,570
2015.09.30,Luxembourg-Campagne,Sandweiler,Femmes,Non-salariés,50
2015.09.30,Luxembourg-Campagne,Sandweiler,Hommes,Salariés,670
2015.09.30,Luxembourg-Campagne,Sandweiler,Hommes,Non-salariés,90
2015.09.30,Luxembourg-Campagne,Schuttrange,Femmes,Salariés,570
2015.09.30,Luxembourg-Campagne,Schuttrange,Femmes,Non-salariés,60
2015.09.30,Luxembourg-Campagne,Schuttrange,Hommes,Salariés,670
2015.09.30,Luxembourg-Campagne,Schuttrange,Hommes,Non-salariés,120
2015.09.30,Luxembourg-Campagne,Steinsel,Femmes,Salariés,800
2015.09.30,Luxembourg-Campagne,Steinsel,Femmes,Non-salariés,80
2015.09.30,Luxembourg-Campagne,Steinsel,Hommes,Salariés,900
2015.09.30,Luxembourg-Campagne,Steinsel,Hommes,Non-salariés,130
2015.09.30,Luxembourg-Campagne,Strassen,Femmes,Salariés,1300
2015.09.30,Luxembourg-Campagne,Strassen,Femmes,Non-salariés,140
2015.09.30,Luxembourg-Campagne,Strassen,Hommes,Salariés,1560
2015.09.30,Luxembourg-Campagne,Strassen,Hommes,Non-salariés,200
2015.09.30,Luxembourg-Campagne,Walferdange,Femmes,Salariés,1310
2015.09.30,Luxembourg-Campagne,Walferdange,Femmes,Non-salariés,120
2015.09.30,Luxembourg-Campagne,Walferdange,Hommes,Salariés,1490
2015.09.30,Luxembourg-Campagne,Walferdange,Hommes,Non-salariés,190
2015.09.30,Luxembourg-Campagne,Weiler-la-Tour,Femmes,Salariés,380
2015.09.30,Luxembourg-Campagne,Weiler-la-Tour,Femmes,Non-salariés,40
2015.09.30,Luxembourg-Campagne,Weiler-la-Tour,Hommes,Salariés,460
2015.09.30,Luxembourg-Campagne,Weiler-la-Tour,Hommes,Non-salariés,50
2015.09.30,Luxembourg-Ville,Luxembourg,Femmes,Salariés,16620
2015.09.30,Luxembourg-Ville,Luxembourg,Femmes,Non-salariés,1550
2015.09.30,Luxembourg-Ville,Luxembourg,Hommes,Salariés,20900
2015.09.30,Luxembourg-Ville,Luxembourg,Hommes,Non-salariés,2550
2015.09.30,Mersch,Bissen,Femmes,Salariés,560
2015.09.30,Mersch,Bissen,Femmes,Non-salariés,30
2015.09.30,Mersch,Bissen,Hommes,Salariés,670
2015.09.30,Mersch,Bissen,Hommes,Non-salariés,50
2015.09.30,Mersch,Colmar-Berg,Femmes,Salariés,430
2015.09.30,Mersch,Colmar-Berg,Femmes,Non-salariés,20
2015.09.30,Mersch,Colmar-Berg,Hommes,Salariés,490
2015.09.30,Mersch,Colmar-Berg,Hommes,Non-salariés,30
2015.09.30,Mersch,Fischbach,Femmes,Salariés,230
2015.09.30,Mersch,Fischbach,Femmes,Non-salariés,30
2015.09.30,Mersch,Fischbach,Hommes,Salariés,300
2015.09.30,Mersch,Fischbach,Hommes,Non-salariés,30
2015.09.30,Mersch,Heffingen,Femmes,Salariés,250
2015.09.30,Mersch,Heffingen,Femmes,Non-salariés,20
2015.09.30,Mersch,Heffingen,Hommes,Salariés,270
2015.09.30,Mersch,Heffingen,Hommes,Non-salariés,40
2015.09.30,Mersch,Helperknapp,Femmes,Salariés,680
2015.09.30,Mersch,Helperknapp,Femmes,Non-salariés,70
2015.09.30,Mersch,Helperknapp,Hommes,Salariés,850
2015.09.30,Mersch,Helperknapp,Hommes,Non-salariés,100
2015.09.30,Mersch,Larochette,Femmes,Salariés,400
2015.09.30,Mersch,Larochette,Femmes,Non-salariés,30
2015.09.30,Mersch,Larochette,Hommes,Salariés,480
2015.09.30,Mersch,Larochette,Hommes,Non-salariés,40
2015.09.30,Mersch,Lintgen,Femmes,Salariés,560
2015.09.30,Mersch,Lintgen,Femmes,Non-salariés,40
2015.09.30,Mersch,Lintgen,Hommes,Salariés,670
2015.09.30,Mersch,Lintgen,Hommes,Non-salariés,40
2015.09.30,Mersch,Lorentzweiler,Femmes,Salariés,630
2015.09.30,Mersch,Lorentzweiler,Femmes,Non-salariés,40
2015.09.30,Mersch,Lorentzweiler,Hommes,Salariés,710
2015.09.30,Mersch,Lorentzweiler,Hommes,Non-salariés,80
2015.09.30,Mersch,Mersch,Femmes,Salariés,1750
2015.09.30,Mersch,Mersch,Femmes,Non-salariés,90
2015.09.30,Mersch,Mersch,Hommes,Salariés,1940
2015.09.30,Mersch,Mersch,Hommes,Non-salariés,170
2015.09.30,Mersch,Nommern,Femmes,Salariés,250
2015.09.30,Mersch,Nommern,Femmes,Non-salariés,30
2015.09.30,Mersch,Nommern,Hommes,Salariés,290
2015.09.30,Mersch,Nommern,Hommes,Non-salariés,50
2015.09.30,Non déterminé,Non déterminé,Femmes,Salariés,50
2015.09.30,Non déterminé,Non déterminé,Femmes,Non-salariés,0
2015.09.30,Non déterminé,Non déterminé,Hommes,Salariés,70
2015.09.30,Non déterminé,Non déterminé,Hommes,Non-salariés,10
2015.09.30,Redange,Beckerich,Femmes,Salariés,410
2015.09.30,Redange,Beckerich,Femmes,Non-salariés,40
2015.09.30,Redange,Beckerich,Hommes,Salariés,520
2015.09.30,Redange,Beckerich,Hommes,Non-salariés,50
2015.09.30,Redange,Ell,Femmes,Salariés,210
2015.09.30,Redange,Ell,Femmes,Non-salariés,30
2015.09.30,Redange,Ell,Hommes,Salariés,270
2015.09.30,Redange,Ell,Hommes,Non-salariés,40
2015.09.30,Redange,Groussbus-Wal,Femmes,Salariés,340
2015.09.30,Redange,Groussbus-Wal,Femmes,Non-salariés,50
2015.09.30,Redange,Groussbus-Wal,Hommes,Salariés,420
2015.09.30,Redange,Groussbus-Wal,Hommes,Non-salariés,60
2015.09.30,Redange,Préizerdaul,Femmes,Salariés,310
2015.09.30,Redange,Préizerdaul,Femmes,Non-salariés,30
2015.09.30,Redange,Préizerdaul,Hommes,Salariés,360
2015.09.30,Redange,Préizerdaul,Hommes,Non-salariés,40
2015.09.30,Redange,Rambrouch,Femmes,Salariés,610
2015.09.30,Redange,Rambrouch,Femmes,Non-salariés,90
2015.09.30,Redange,Rambrouch,Hommes,Salariés,840
2015.09.30,Redange,Rambrouch,Hommes,Non-salariés,160
2015.09.30,Redange,Redange/Attert,Femmes,Salariés,480
2015.09.30,Redange,Redange/Attert,Femmes,Non-salariés,40
2015.09.30,Redange,Redange/Attert,Hommes,Salariés,530
2015.09.30,Redange,Redange/Attert,Hommes,Non-salariés,80
2015.09.30,Redange,Saeul,Femmes,Salariés,140
2015.09.30,Redange,Saeul,Femmes,Non-salariés,10
2015.09.30,Redange,Saeul,Hommes,Salariés,140
2015.09.30,Redange,Saeul,Hommes,Non-salariés,30
2015.09.30,Redange,Useldange,Femmes,Salariés,340
2015.09.30,Redange,Useldange,Femmes,Non-salariés,30
2015.09.30,Redange,Useldange,Hommes,Salariés,370
2015.09.30,Redange,Useldange,Hommes,Non-salariés,50
2015.09.30,Redange,Vichten,Femmes,Salariés,220
2015.09.30,Redange,Vichten,Femmes,Non-salariés,20
2015.09.30,Redange,Vichten,Hommes,Salariés,300
2015.09.30,Redange,Vichten,Hommes,Non-salariés,30
2015.09.30,Remich,Bous-Waldbredimus,Femmes,Salariés,470
2015.09.30,Remich,Bous-Waldbredimus,Femmes,Non-salariés,50
2015.09.30,Remich,Bous-Waldbredimus,Hommes,Salariés,600
2015.09.30,Remich,Bous-Waldbredimus,Hommes,Non-salariés,90
2015.09.30,Remich,Dalheim,Femmes,Salariés,380
2015.09.30,Remich,Dalheim,Femmes,Non-salariés,30
2015.09.30,Remich,Dalheim,Hommes,Salariés,410
2015.09.30,Remich,Dalheim,Hommes,Non-salariés,60
2015.09.30,Remich,Lenningen,Femmes,Salariés,330
2015.09.30,Remich,Lenningen,Femmes,Non-salariés,20
2015.09.30,Remich,Lenningen,Hommes,Salariés,380
2015.09.30,Remich,Lenningen,Hommes,Non-salariés,40
2015.09.30,Remich,Mondorf-les-Bains,Femmes,Salariés,780
2015.09.30,Remich,Mondorf-les-Bains,Femmes,Non-salariés,70
2015.09.30,Remich,Mondorf-les-Bains,Hommes,Salariés,910
2015.09.30,Remich,Mondorf-les-Bains,Hommes,Non-salariés,110
2015.09.30,Remich,Remich,Femmes,Salariés,580
2015.09.30,Remich,Remich,Femmes,Non-salariés,60
2015.09.30,Remich,Remich,Hommes,Salariés,690
2015.09.30,Remich,Remich,Hommes,Non-salariés,120
2015.09.30,Remich,Schengen,Femmes,Salariés,840
2015.09.30,Remich,Schengen,Femmes,Non-salariés,100
2015.09.30,Remich,Schengen,Hommes,Salariés,990
2015.09.30,Remich,Schengen,Hommes,Non-salariés,160
2015.09.30,Remich,Stadtbredimus,Femmes,Salariés,340
2015.09.30,Remich,Stadtbredimus,Femmes,Non-salariés,40
2015.09.30,Remich,Stadtbredimus,Hommes,Salariés,400
2015.09.30,Remich,Stadtbredimus,Hommes,Non-salariés,50
2015.09.30,Vianden,Putscheid,Femmes,Salariés,190
2015.09.30,Vianden,Putscheid,Femmes,Non-salariés,10
2015.09.30,Vianden,Putscheid,Hommes,Salariés,250
2015.09.30,Vianden,Putscheid,Hommes,Non-salariés,20
2015.09.30,Vianden,Tandel,Femmes,Salariés,390
2015.09.30,Vianden,Tandel,Femmes,Non-salariés,50
2015.09.30,Vianden,Tandel,Hommes,Salariés,430
2015.09.30,Vianden,Tandel,Hommes,Non-salariés,50
2015.09.30,Vianden,Vianden,Femmes,Salariés,330
2015.09.30,Vianden,Vianden,Femmes,Non-salariés,30
2015.09.30,Vianden,Vianden,Hommes,Salariés,410
2015.09.30,Vianden,Vianden,Hommes,Non-salariés,50
2015.09.30,Wiltz,Boulaide,Femmes,Salariés,190
2015.09.30,Wiltz,Boulaide,Femmes,Non-salariés,30
2015.09.30,Wiltz,Boulaide,Hommes,Salariés,220
2015.09.30,Wiltz,Boulaide,Hommes,Non-salariés,40
2015.09.30,Wiltz,Esch-sur-Sûre,Femmes,Salariés,410
2015.09.30,Wiltz,Esch-sur-Sûre,Femmes,Non-salariés,40
2015.09.30,Wiltz,Esch-sur-Sûre,Hommes,Salariés,540
2015.09.30,Wiltz,Esch-sur-Sûre,Hommes,Non-salariés,70
2015.09.30,Wiltz,Goesdorf,Femmes,Salariés,290
2015.09.30,Wiltz,Goesdorf,Femmes,Non-salariés,30
2015.09.30,Wiltz,Goesdorf,Hommes,Salariés,350
2015.09.30,Wiltz,Goesdorf,Hommes,Non-salariés,50
2015.09.30,Wiltz,Kiischpelt,Femmes,Salariés,180
2015.09.30,Wiltz,Kiischpelt,Femmes,Non-salariés,20
2015.09.30,Wiltz,Kiischpelt,Hommes,Salariés,220
2015.09.30,Wiltz,Kiischpelt,Hommes,Non-salariés,30
2015.09.30,Wiltz,Lac de la Haute-Sûre,Femmes,Salariés,280
2015.09.30,Wiltz,Lac de la Haute-Sûre,Femmes,Non-salariés,40
2015.09.30,Wiltz,Lac de la Haute-Sûre,Hommes,Salariés,340
2015.09.30,Wiltz,Lac de la Haute-Sûre,Hommes,Non-salariés,60
2015.09.30,Wiltz,Wiltz,Femmes,Salariés,990
2015.09.30,Wiltz,Wiltz,Femmes,Non-salariés,60
2015.09.30,Wiltz,Wiltz,Hommes,Salariés,1290
2015.09.30,Wiltz,Wiltz,Hommes,Non-salariés,120
2015.09.30,Wiltz,Winseler,Femmes,Salariés,190
2015.09.30,Wiltz,Winseler,Femmes,Non-salariés,20
2015.09.30,Wiltz,Winseler,Hommes,Salariés,220
2015.09.30,Wiltz,Winseler,Hommes,Non-salariés,60
2016.03.31,Capellen,Dippach,Femmes,Salariés,750
2016.03.31,Capellen,Dippach,Femmes,Non-salariés,60
2016.03.31,Capellen,Dippach,Hommes,Salariés,880
2016.03.31,Capellen,Dippach,Hommes,Non-salariés,90
2016.03.31,Capellen,Garnich,Femmes,Salariés,360
2016.03.31,Capellen,Garnich,Femmes,Non-salariés,40
2016.03.31,Capellen,Garnich,Hommes,Salariés,410
2016.03.31,Capellen,Garnich,Hommes,Non-salariés,60
2016.03.31,Capellen,Habscht,Femmes,Salariés,740
2016.03.31,Capellen,Habscht,Femmes,Non-salariés,60
2016.03.31,Capellen,Habscht,Hommes,Salariés,930
2016.03.31,Capellen,Habscht,Hommes,Non-salariés,110
2016.03.31,Capellen,Käerjeng,Femmes,Salariés,1780
2016.03.31,Capellen,Käerjeng,Femmes,Non-salariés,130
2016.03.31,Capellen,Käerjeng,Hommes,Salariés,2060
2016.03.31,Capellen,Käerjeng,Hommes,Non-salariés,180
2016.03.31,Capellen,Kehlen,Femmes,Salariés,900
2016.03.31,Capellen,Kehlen,Femmes,Non-salariés,100
2016.03.31,Capellen,Kehlen,Hommes,Salariés,1000
2016.03.31,Capellen,Kehlen,Hommes,Non-salariés,160
2016.03.31,Capellen,Koerich,Femmes,Salariés,420
2016.03.31,Capellen,Koerich,Femmes,Non-salariés,50
2016.03.31,Capellen,Koerich,Hommes,Salariés,480
2016.03.31,Capellen,Koerich,Hommes,Non-salariés,80
2016.03.31,Capellen,Kopstal,Femmes,Salariés,550
2016.03.31,Capellen,Kopstal,Femmes,Non-salariés,60
2016.03.31,Capellen,Kopstal,Hommes,Salariés,580
2016.03.31,Capellen,Kopstal,Hommes,Non-salariés,140
2016.03.31,Capellen,Mamer,Femmes,Salariés,1340
2016.03.31,Capellen,Mamer,Femmes,Non-salariés,130
2016.03.31,Capellen,Mamer,Hommes,Salariés,1440
2016.03.31,Capellen,Mamer,Hommes,Non-salariés,240
2016.03.31,Capellen,Steinfort,Femmes,Salariés,850
2016.03.31,Capellen,Steinfort,Femmes,Non-salariés,80
2016.03.31,Capellen,Steinfort,Hommes,Salariés,1010
2016.03.31,Capellen,Steinfort,Hommes,Non-salariés,110
2016.03.31,Clervaux,Clervaux,Femmes,Salariés,830
2016.03.31,Clervaux,Clervaux,Femmes,Non-salariés,100
2016.03.31,Clervaux,Clervaux,Hommes,Salariés,1060
2016.03.31,Clervaux,Clervaux,Hommes,Non-salariés,150
2016.03.31,Clervaux,Parc Hosingen,Femmes,Salariés,620
2016.03.31,Clervaux,Parc Hosingen,Femmes,Non-salariés,50
2016.03.31,Clervaux,Parc Hosingen,Hommes,Salariés,730
2016.03.31,Clervaux,Parc Hosingen,Hommes,Non-salariés,100
2016.03.31,Clervaux,Troisvierges,Femmes,Salariés,520
2016.03.31,Clervaux,Troisvierges,Femmes,Non-salariés,60
2016.03.31,Clervaux,Troisvierges,Hommes,Salariés,680
2016.03.31,Clervaux,Troisvierges,Hommes,Non-salariés,80
2016.03.31,Clervaux,Weiswampach,Femmes,Salariés,290
2016.03.31,Clervaux,Weiswampach,Femmes,Non-salariés,30
2016.03.31,Clervaux,Weiswampach,Hommes,Salariés,390
2016.03.31,Clervaux,Weiswampach,Hommes,Non-salariés,80
2016.03.31,Clervaux,Wincrange,Femmes,Salariés,700
2016.03.31,Clervaux,Wincrange,Femmes,Non-salariés,110
2016.03.31,Clervaux,Wincrange,Hommes,Salariés,840
2016.03.31,Clervaux,Wincrange,Hommes,Non-salariés,220
2016.03.31,Diekirch,Bettendorf,Femmes,Salariés,470
2016.03.31,Diekirch,Bettendorf,Femmes,Non-salariés,30
2016.03.31,Diekirch,Bettendorf,Hommes,Salariés,580
2016.03.31,Diekirch,Bettendorf,Hommes,Non-salariés,60
2016.03.31,Diekirch,Bourscheid,Femmes,Salariés,290
2016.03.31,Diekirch,Bourscheid,Femmes,Non-salariés,20
2016.03.31,Diekirch,Bourscheid,Hommes,Salariés,370
2016.03.31,Diekirch,Bourscheid,Hommes,Non-salariés,50
2016.03.31,Diekirch,Diekirch,Femmes,Salariés,1170
2016.03.31,Diekirch,Diekirch,Femmes,Non-salariés,90
2016.03.31,Diekirch,Diekirch,Hommes,Salariés,1400
2016.03.31,Diekirch,Diekirch,Hommes,Non-salariés,120
2016.03.31,Diekirch,Erpeldange-sur-Sûre,Femmes,Salariés,420
2016.03.31,Diekirch,Erpeldange-sur-Sûre,Femmes,Non-salariés,40
2016.03.31,Diekirch,Erpeldange-sur-Sûre,Hommes,Salariés,520
2016.03.31,Diekirch,Erpeldange-sur-Sûre,Hommes,Non-salariés,50
2016.03.31,Diekirch,Ettelbruck,Femmes,Salariés,1510
2016.03.31,Diekirch,Ettelbruck,Femmes,Non-salariés,100
2016.03.31,Diekirch,Ettelbruck,Hommes,Salariés,1700
2016.03.31,Diekirch,Ettelbruck,Hommes,Non-salariés,150
2016.03.31,Diekirch,Feulen,Femmes,Salariés,380
2016.03.31,Diekirch,Feulen,Femmes,Non-salariés,20
2016.03.31,Diekirch,Feulen,Hommes,Salariés,430
2016.03.31,Diekirch,Feulen,Hommes,Non-salariés,40
2016.03.31,Diekirch,Mertzig,Femmes,Salariés,400
2016.03.31,Diekirch,Mertzig,Femmes,Non-salariés,20
2016.03.31,Diekirch,Mertzig,Hommes,Salariés,460
2016.03.31,Diekirch,Mertzig,Hommes,Non-salariés,40
2016.03.31,Diekirch,Reisdorf,Femmes,Salariés,190
2016.03.31,Diekirch,Reisdorf,Femmes,Non-salariés,20
2016.03.31,Diekirch,Reisdorf,Hommes,Salariés,250
2016.03.31,Diekirch,Reisdorf,Hommes,Non-salariés,30
2016.03.31,Diekirch,Schieren,Femmes,Salariés,380
2016.03.31,Diekirch,Schieren,Femmes,Non-salariés,30
2016.03.31,Diekirch,Schieren,Hommes,Salariés,460
2016.03.31,Diekirch,Schieren,Hommes,Non-salariés,30
2016.03.31,Diekirch,Vallée de l'Ernz,Femmes,Salariés,450
2016.03.31,Diekirch,Vallée de l'Ernz,Femmes,Non-salariés,60
2016.03.31,Diekirch,Vallée de l'Ernz,Hommes,Salariés,600
2016.03.31,Diekirch,Vallée de l'Ernz,Hommes,Non-salariés,70
2016.03.31,Echternach,Beaufort,Femmes,Salariés,440
2016.03.31,Echternach,Beaufort,Femmes,Non-salariés,40
2016.03.31,Echternach,Beaufort,Hommes,Salariés,580
2016.03.31,Echternach,Beaufort,Hommes,Non-salariés,40
2016.03.31,Echternach,Bech,Femmes,Salariés,200
2016.03.31,Echternach,Bech,Femmes,Non-salariés,20
2016.03.31,Echternach,Bech,Hommes,Salariés,240
2016.03.31,Echternach,Bech,Hommes,Non-salariés,40
2016.03.31,Echternach,Berdorf,Femmes,Salariés,280
2016.03.31,Echternach,Berdorf,Femmes,Non-salariés,40
2016.03.31,Echternach,Berdorf,Hommes,Salariés,340
2016.03.31,Echternach,Berdorf,Hommes,Non-salariés,40
2016.03.31,Echternach,Consdorf,Femmes,Salariés,330
2016.03.31,Echternach,Consdorf,Femmes,Non-salariés,40
2016.03.31,Echternach,Consdorf,Hommes,Salariés,390
2016.03.31,Echternach,Consdorf,Hommes,Non-salariés,60
2016.03.31,Echternach,Echternach,Femmes,Salariés,930
2016.03.31,Echternach,Echternach,Femmes,Non-salariés,80
2016.03.31,Echternach,Echternach,Hommes,Salariés,1030
2016.03.31,Echternach,Echternach,Hommes,Non-salariés,130
2016.03.31,Echternach,Rosport-Mompach,Femmes,Salariés,610
2016.03.31,Echternach,Rosport-Mompach,Femmes,Non-salariés,70
2016.03.31,Echternach,Rosport-Mompach,Hommes,Salariés,700
2016.03.31,Echternach,Rosport-Mompach,Hommes,Non-salariés,110
2016.03.31,Echternach,Waldbillig,Femmes,Salariés,340
2016.03.31,Echternach,Waldbillig,Femmes,Non-salariés,20
2016.03.31,Echternach,Waldbillig,Hommes,Salariés,410
2016.03.31,Echternach,Waldbillig,Hommes,Non-salariés,40
2016.03.31,Esch-Sur-Alzette,Bettembourg,Femmes,Salariés,1910
2016.03.31,Esch-Sur-Alzette,Bettembourg,Femmes,Non-salariés,130
2016.03.31,Esch-Sur-Alzette,Bettembourg,Hommes,Salariés,2120
2016.03.31,Esch-Sur-Alzette,Bettembourg,Hommes,Non-salariés,180
2016.03.31,Esch-Sur-Alzette,Differdange,Femmes,Salariés,4430
2016.03.31,Esch-Sur-Alzette,Differdange,Femmes,Non-salariés,220
2016.03.31,Esch-Sur-Alzette,Differdange,Hommes,Salariés,5630
2016.03.31,Esch-Sur-Alzette,Differdange,Hommes,Non-salariés,210
2016.03.31,Esch-Sur-Alzette,Dudelange,Femmes,Salariés,3630
2016.03.31,Esch-Sur-Alzette,Dudelange,Femmes,Non-salariés,200
2016.03.31,Esch-Sur-Alzette,Dudelange,Hommes,Salariés,4230
2016.03.31,Esch-Sur-Alzette,Dudelange,Hommes,Non-salariés,280
2016.03.31,Esch-Sur-Alzette,Esch-sur-Alzette,Femmes,Salariés,5790
2016.03.31,Esch-Sur-Alzette,Esch-sur-Alzette,Femmes,Non-salariés,290
2016.03.31,Esch-Sur-Alzette,Esch-sur-Alzette,Hommes,Salariés,7190
2016.03.31,Esch-Sur-Alzette,Esch-sur-Alzette,Hommes,Non-salariés,430
2016.03.31,Esch-Sur-Alzette,Frisange,Femmes,Salariés,860
2016.03.31,Esch-Sur-Alzette,Frisange,Femmes,Non-salariés,60
2016.03.31,Esch-Sur-Alzette,Frisange,Hommes,Salariés,970
2016.03.31,Esch-Sur-Alzette,Frisange,Hommes,Non-salariés,110
2016.03.31,Esch-Sur-Alzette,Kayl,Femmes,Salariés,1580
2016.03.31,Esch-Sur-Alzette,Kayl,Femmes,Non-salariés,80
2016.03.31,Esch-Sur-Alzette,Kayl,Hommes,Salariés,1920
2016.03.31,Esch-Sur-Alzette,Kayl,Hommes,Non-salariés,120
2016.03.31,Esch-Sur-Alzette,Leudelange,Femmes,Salariés,480
2016.03.31,Esch-Sur-Alzette,Leudelange,Femmes,Non-salariés,50
2016.03.31,Esch-Sur-Alzette,Leudelange,Hommes,Salariés,530
2016.03.31,Esch-Sur-Alzette,Leudelange,Hommes,Non-salariés,90
2016.03.31,Esch-Sur-Alzette,Mondercange,Femmes,Salariés,1160
2016.03.31,Esch-Sur-Alzette,Mondercange,Femmes,Non-salariés,100
2016.03.31,Esch-Sur-Alzette,Mondercange,Hommes,Salariés,1290
2016.03.31,Esch-Sur-Alzette,Mondercange,Hommes,Non-salariés,160
2016.03.31,Esch-Sur-Alzette,Pétange,Femmes,Salariés,3160
2016.03.31,Esch-Sur-Alzette,Pétange,Femmes,Non-salariés,160
2016.03.31,Esch-Sur-Alzette,Pétange,Hommes,Salariés,3890
2016.03.31,Esch-Sur-Alzette,Pétange,Hommes,Non-salariés,190
2016.03.31,Esch-Sur-Alzette,Reckange-sur-Mess,Femmes,Salariés,420
2016.03.31,Esch-Sur-Alzette,Reckange-sur-Mess,Femmes,Non-salariés,50
2016.03.31,Esch-Sur-Alzette,Reckange-sur-Mess,Hommes,Salariés,430
2016.03.31,Esch-Sur-Alzette,Reckange-sur-Mess,Hommes,Non-salariés,80
2016.03.31,Esch-Sur-Alzette,Roeser,Femmes,Salariés,1190
2016.03.31,Esch-Sur-Alzette,Roeser,Femmes,Non-salariés,80
2016.03.31,Esch-Sur-Alzette,Roeser,Hommes,Salariés,1360
2016.03.31,Esch-Sur-Alzette,Roeser,Hommes,Non-salariés,160
2016.03.31,Esch-Sur-Alzette,Rumelange,Femmes,Salariés,940
2016.03.31,Esch-Sur-Alzette,Rumelange,Femmes,Non-salariés,40
2016.03.31,Esch-Sur-Alzette,Rumelange,Hommes,Salariés,1120
2016.03.31,Esch-Sur-Alzette,Rumelange,Hommes,Non-salariés,60
2016.03.31,Esch-Sur-Alzette,Sanem,Femmes,Salariés,2910
2016.03.31,Esch-Sur-Alzette,Sanem,Femmes,Non-salariés,160
2016.03.31,Esch-Sur-Alzette,Sanem,Hommes,Salariés,3350
2016.03.31,Esch-Sur-Alzette,Sanem,Hommes,Non-salariés,210
2016.03.31,Esch-Sur-Alzette,Schifflange,Femmes,Salariés,1770
2016.03.31,Esch-Sur-Alzette,Schifflange,Femmes,Non-salariés,100
2016.03.31,Esch-Sur-Alzette,Schifflange,Hommes,Salariés,2100
2016.03.31,Esch-Sur-Alzette,Schifflange,Hommes,Non-salariés,100
2016.03.31,Grevenmacher,Betzdorf,Femmes,Salariés,610
2016.03.31,Grevenmacher,Betzdorf,Femmes,Non-salariés,50
2016.03.31,Grevenmacher,Betzdorf,Hommes,Salariés,740
2016.03.31,Grevenmacher,Betzdorf,Hommes,Non-salariés,100
2016.03.31,Grevenmacher,Biwer,Femmes,Salariés,300
2016.03.31,Grevenmacher,Biwer,Femmes,Non-salariés,40
2016.03.31,Grevenmacher,Biwer,Hommes,Salariés,360
2016.03.31,Grevenmacher,Biwer,Hommes,Non-salariés,50
2016.03.31,Grevenmacher,Flaxweiler,Femmes,Salariés,360
2016.03.31,Grevenmacher,Flaxweiler,Femmes,Non-salariés,40
2016.03.31,Grevenmacher,Flaxweiler,Hommes,Salariés,470
2016.03.31,Grevenmacher,Flaxweiler,Hommes,Non-salariés,50
2016.03.31,Grevenmacher,Grevenmacher,Femmes,Salariés,860
2016.03.31,Grevenmacher,Grevenmacher,Femmes,Non-salariés,60
2016.03.31,Grevenmacher,Grevenmacher,Hommes,Salariés,1040
2016.03.31,Grevenmacher,Grevenmacher,Hommes,Non-salariés,90
2016.03.31,Grevenmacher,Junglinster,Femmes,Salariés,1260
2016.03.31,Grevenmacher,Junglinster,Femmes,Non-salariés,110
2016.03.31,Grevenmacher,Junglinster,Hommes,Salariés,1430
2016.03.31,Grevenmacher,Junglinster,Hommes,Non-salariés,190
2016.03.31,Grevenmacher,Manternach,Femmes,Salariés,330
2016.03.31,Grevenmacher,Manternach,Femmes,Non-salariés,20
2016.03.31,Grevenmacher,Manternach,Hommes,Salariés,380
2016.03.31,Grevenmacher,Manternach,Hommes,Non-salariés,60
2016.03.31,Grevenmacher,Mertert,Femmes,Salariés,780
2016.03.31,Grevenmacher,Mertert,Femmes,Non-salariés,60
2016.03.31,Grevenmacher,Mertert,Hommes,Salariés,900
2016.03.31,Grevenmacher,Mertert,Hommes,Non-salariés,80
2016.03.31,Grevenmacher,Wormeldange,Femmes,Salariés,470
2016.03.31,Grevenmacher,Wormeldange,Femmes,Non-salariés,60
2016.03.31,Grevenmacher,Wormeldange,Hommes,Salariés,580
2016.03.31,Grevenmacher,Wormeldange,Hommes,Non-salariés,100
2016.03.31,Luxembourg-Campagne,Bertrange,Femmes,Salariés,1210
2016.03.31,Luxembourg-Campagne,Bertrange,Femmes,Non-salariés,130
2016.03.31,Luxembourg-Campagne,Bertrange,Hommes,Salariés,1440
2016.03.31,Luxembourg-Campagne,Bertrange,Hommes,Non-salariés,220
2016.03.31,Luxembourg-Campagne,Contern,Femmes,Salariés,590
2016.03.31,Luxembourg-Campagne,Contern,Femmes,Non-salariés,50
2016.03.31,Luxembourg-Campagne,Contern,Hommes,Salariés,670
2016.03.31,Luxembourg-Campagne,Contern,Hommes,Non-salariés,110
2016.03.31,Luxembourg-Campagne,Hesperange,Femmes,Salariés,2600
2016.03.31,Luxembourg-Campagne,Hesperange,Femmes,Non-salariés,230
2016.03.31,Luxembourg-Campagne,Hesperange,Hommes,Salariés,2960
2016.03.31,Luxembourg-Campagne,Hesperange,Hommes,Non-salariés,380
2016.03.31,Luxembourg-Campagne,Niederanven,Femmes,Salariés,700
2016.03.31,Luxembourg-Campagne,Niederanven,Femmes,Non-salariés,140
2016.03.31,Luxembourg-Campagne,Niederanven,Hommes,Salariés,900
2016.03.31,Luxembourg-Campagne,Niederanven,Hommes,Non-salariés,180
2016.03.31,Luxembourg-Campagne,Sandweiler,Femmes,Salariés,580
2016.03.31,Luxembourg-Campagne,Sandweiler,Femmes,Non-salariés,50
2016.03.31,Luxembourg-Campagne,Sandweiler,Hommes,Salariés,670
2016.03.31,Luxembourg-Campagne,Sandweiler,Hommes,Non-salariés,90
2016.03.31,Luxembourg-Campagne,Schuttrange,Femmes,Salariés,580
2016.03.31,Luxembourg-Campagne,Schuttrange,Femmes,Non-salariés,60
2016.03.31,Luxembourg-Campagne,Schuttrange,Hommes,Salariés,690
2016.03.31,Luxembourg-Campagne,Schuttrange,Hommes,Non-salariés,110
2016.03.31,Luxembourg-Campagne,Steinsel,Femmes,Salariés,840
2016.03.31,Luxembourg-Campagne,Steinsel,Femmes,Non-salariés,80
2016.03.31,Luxembourg-Campagne,Steinsel,Hommes,Salariés,910
2016.03.31,Luxembourg-Campagne,Steinsel,Hommes,Non-salariés,130
2016.03.31,Luxembourg-Campagne,Strassen,Femmes,Salariés,1320
2016.03.31,Luxembourg-Campagne,Strassen,Femmes,Non-salariés,150
2016.03.31,Luxembourg-Campagne,Strassen,Hommes,Salariés,1570
2016.03.31,Luxembourg-Campagne,Strassen,Hommes,Non-salariés,200
2016.03.31,Luxembourg-Campagne,Walferdange,Femmes,Salariés,1300
2016.03.31,Luxembourg-Campagne,Walferdange,Femmes,Non-salariés,120
2016.03.31,Luxembourg-Campagne,Walferdange,Hommes,Salariés,1490
2016.03.31,Luxembourg-Campagne,Walferdange,Hommes,Non-salariés,200
2016.03.31,Luxembourg-Campagne,Weiler-la-Tour,Femmes,Salariés,400
2016.03.31,Luxembourg-Campagne,Weiler-la-Tour,Femmes,Non-salariés,30
2016.03.31,Luxembourg-Campagne,Weiler-la-Tour,Hommes,Salariés,470
2016.03.31,Luxembourg-Campagne,Weiler-la-Tour,Hommes,Non-salariés,60
2016.03.31,Luxembourg-Ville,Luxembourg,Femmes,Salariés,16830
2016.03.31,Luxembourg-Ville,Luxembourg,Femmes,Non-salariés,1600
2016.03.31,Luxembourg-Ville,Luxembourg,Hommes,Salariés,21220
2016.03.31,Luxembourg-Ville,Luxembourg,Hommes,Non-salariés,2580
2016.03.31,Mersch,Bissen,Femmes,Salariés,560
2016.03.31,Mersch,Bissen,Femmes,Non-salariés,40
2016.03.31,Mersch,Bissen,Hommes,Salariés,690
2016.03.31,Mersch,Bissen,Hommes,Non-salariés,40
2016.03.31,Mersch,Colmar-Berg,Femmes,Salariés,430
2016.03.31,Mersch,Colmar-Berg,Femmes,Non-salariés,20
2016.03.31,Mersch,Colmar-Berg,Hommes,Salariés,500
2016.03.31,Mersch,Colmar-Berg,Hommes,Non-salariés,30
2016.03.31,Mersch,Fischbach,Femmes,Salariés,250
2016.03.31,Mersch,Fischbach,Femmes,Non-salariés,20
2016.03.31,Mersch,Fischbach,Hommes,Salariés,280
2016.03.31,Mersch,Fischbach,Hommes,Non-salariés,40
2016.03.31,Mersch,Heffingen,Femmes,Salariés,250
2016.03.31,Mersch,Heffingen,Femmes,Non-salariés,20
2016.03.31,Mersch,Heffingen,Hommes,Salariés,270
2016.03.31,Mersch,Heffingen,Hommes,Non-salariés,40
2016.03.31,Mersch,Helperknapp,Femmes,Salariés,700
2016.03.31,Mersch,Helperknapp,Femmes,Non-salariés,60
2016.03.31,Mersch,Helperknapp,Hommes,Salariés,870
2016.03.31,Mersch,Helperknapp,Hommes,Non-salariés,110
2016.03.31,Mersch,Larochette,Femmes,Salariés,410
2016.03.31,Mersch,Larochette,Femmes,Non-salariés,30
2016.03.31,Mersch,Larochette,Hommes,Salariés,480
2016.03.31,Mersch,Larochette,Hommes,Non-salariés,40
2016.03.31,Mersch,Lintgen,Femmes,Salariés,570
2016.03.31,Mersch,Lintgen,Femmes,Non-salariés,40
2016.03.31,Mersch,Lintgen,Hommes,Salariés,650
2016.03.31,Mersch,Lintgen,Hommes,Non-salariés,50
2016.03.31,Mersch,Lorentzweiler,Femmes,Salariés,630
2016.03.31,Mersch,Lorentzweiler,Femmes,Non-salariés,50
2016.03.31,Mersch,Lorentzweiler,Hommes,Salariés,720
2016.03.31,Mersch,Lorentzweiler,Hommes,Non-salariés,80
2016.03.31,Mersch,Mersch,Femmes,Salariés,1730
2016.03.31,Mersch,Mersch,Femmes,Non-salariés,90
2016.03.31,Mersch,Mersch,Hommes,Salariés,1960
2016.03.31,Mersch,Mersch,Hommes,Non-salariés,160
2016.03.31,Mersch,Nommern,Femmes,Salariés,260
2016.03.31,Mersch,Nommern,Femmes,Non-salariés,30
2016.03.31,Mersch,Nommern,Hommes,Salariés,280
2016.03.31,Mersch,Nommern,Hommes,Non-salariés,50
2016.03.31,Non déterminé,Non déterminé,Femmes,Salariés,50
2016.03.31,Non déterminé,Non déterminé,Femmes,Non-salariés,0
2016.03.31,Non déterminé,Non déterminé,Hommes,Salariés,60
2016.03.31,Non déterminé,Non déterminé,Hommes,Non-salariés,10
2016.03.31,Redange,Beckerich,Femmes,Salariés,420
2016.03.31,Redange,Beckerich,Femmes,Non-salariés,40
2016.03.31,Redange,Beckerich,Hommes,Salariés,520
2016.03.31,Redange,Beckerich,Hommes,Non-salariés,60
2016.03.31,Redange,Ell,Femmes,Salariés,210
2016.03.31,Redange,Ell,Femmes,Non-salariés,30
2016.03.31,Redange,Ell,Hommes,Salariés,280
2016.03.31,Redange,Ell,Hommes,Non-salariés,40
2016.03.31,Redange,Groussbus-Wal,Femmes,Salariés,350
2016.03.31,Redange,Groussbus-Wal,Femmes,Non-salariés,50
2016.03.31,Redange,Groussbus-Wal,Hommes,Salariés,420
2016.03.31,Redange,Groussbus-Wal,Hommes,Non-salariés,60
2016.03.31,Redange,Préizerdaul,Femmes,Salariés,320
2016.03.31,Redange,Préizerdaul,Femmes,Non-salariés,30
2016.03.31,Redange,Préizerdaul,Hommes,Salariés,360
2016.03.31,Redange,Préizerdaul,Hommes,Non-salariés,40
2016.03.31,Redange,Rambrouch,Femmes,Salariés,620
2016.03.31,Redange,Rambrouch,Femmes,Non-salariés,80
2016.03.31,Redange,Rambrouch,Hommes,Salariés,830
2016.03.31,Redange,Rambrouch,Hommes,Non-salariés,160
2016.03.31,Redange,Redange/Attert,Femmes,Salariés,470
2016.03.31,Redange,Redange/Attert,Femmes,Non-salariés,40
2016.03.31,Redange,Redange/Attert,Hommes,Salariés,540
2016.03.31,Redange,Redange/Attert,Hommes,Non-salariés,80
2016.03.31,Redange,Saeul,Femmes,Salariés,130
2016.03.31,Redange,Saeul,Femmes,Non-salariés,20
2016.03.31,Redange,Saeul,Hommes,Salariés,160
2016.03.31,Redange,Saeul,Hommes,Non-salariés,20
2016.03.31,Redange,Useldange,Femmes,Salariés,350
2016.03.31,Redange,Useldange,Femmes,Non-salariés,30
2016.03.31,Redange,Useldange,Hommes,Salariés,360
2016.03.31,Redange,Useldange,Hommes,Non-salariés,50
2016.03.31,Redange,Vichten,Femmes,Salariés,230
2016.03.31,Redange,Vichten,Femmes,Non-salariés,20
2016.03.31,Redange,Vichten,Hommes,Salariés,310
2016.03.31,Redange,Vichten,Hommes,Non-salariés,30
2016.03.31,Remich,Bous-Waldbredimus,Femmes,Salariés,480
2016.03.31,Remich,Bous-Waldbredimus,Femmes,Non-salariés,50
2016.03.31,Remich,Bous-Waldbredimus,Hommes,Salariés,590
2016.03.31,Remich,Bous-Waldbredimus,Hommes,Non-salariés,90
2016.03.31,Remich,Dalheim,Femmes,Salariés,370
2016.03.31,Remich,Dalheim,Femmes,Non-salariés,40
2016.03.31,Remich,Dalheim,Hommes,Salariés,420
2016.03.31,Remich,Dalheim,Hommes,Non-salariés,60
2016.03.31,Remich,Lenningen,Femmes,Salariés,340
2016.03.31,Remich,Lenningen,Femmes,Non-salariés,20
2016.03.31,Remich,Lenningen,Hommes,Salariés,390
2016.03.31,Remich,Lenningen,Hommes,Non-salariés,40
2016.03.31,Remich,Mondorf-les-Bains,Femmes,Salariés,810
2016.03.31,Remich,Mondorf-les-Bains,Femmes,Non-salariés,60
2016.03.31,Remich,Mondorf-les-Bains,Hommes,Salariés,930
2016.03.31,Remich,Mondorf-les-Bains,Hommes,Non-salariés,120
2016.03.31,Remich,Remich,Femmes,Salariés,590
2016.03.31,Remich,Remich,Femmes,Non-salariés,60
2016.03.31,Remich,Remich,Hommes,Salariés,660
2016.03.31,Remich,Remich,Hommes,Non-salariés,110
2016.03.31,Remich,Schengen,Femmes,Salariés,870
2016.03.31,Remich,Schengen,Femmes,Non-salariés,90
2016.03.31,Remich,Schengen,Hommes,Salariés,980
2016.03.31,Remich,Schengen,Hommes,Non-salariés,170
2016.03.31,Remich,Stadtbredimus,Femmes,Salariés,340
2016.03.31,Remich,Stadtbredimus,Femmes,Non-salariés,40
2016.03.31,Remich,Stadtbredimus,Hommes,Salariés,410
2016.03.31,Remich,Stadtbredimus,Hommes,Non-salariés,50
2016.03.31,Vianden,Putscheid,Femmes,Salariés,200
2016.03.31,Vianden,Putscheid,Femmes,Non-salariés,10
2016.03.31,Vianden,Putscheid,Hommes,Salariés,250
2016.03.31,Vianden,Putscheid,Hommes,Non-salariés,20
2016.03.31,Vianden,Tandel,Femmes,Salariés,400
2016.03.31,Vianden,Tandel,Femmes,Non-salariés,40
2016.03.31,Vianden,Tandel,Hommes,Salariés,430
2016.03.31,Vianden,Tandel,Hommes,Non-salariés,60
2016.03.31,Vianden,Vianden,Femmes,Salariés,330
2016.03.31,Vianden,Vianden,Femmes,Non-salariés,40
2016.03.31,Vianden,Vianden,Hommes,Salariés,410
2016.03.31,Vianden,Vianden,Hommes,Non-salariés,40
2016.03.31,Wiltz,Boulaide,Femmes,Salariés,200
2016.03.31,Wiltz,Boulaide,Femmes,Non-salariés,30
2016.03.31,Wiltz,Boulaide,Hommes,Salariés,230
2016.03.31,Wiltz,Boulaide,Hommes,Non-salariés,30
2016.03.31,Wiltz,Esch-sur-Sûre,Femmes,Salariés,440
2016.03.31,Wiltz,Esch-sur-Sûre,Femmes,Non-salariés,30
2016.03.31,Wiltz,Esch-sur-Sûre,Hommes,Salariés,540
2016.03.31,Wiltz,Esch-sur-Sûre,Hommes,Non-salariés,70
2016.03.31,Wiltz,Goesdorf,Femmes,Salariés,290
2016.03.31,Wiltz,Goesdorf,Femmes,Non-salariés,30
2016.03.31,Wiltz,Goesdorf,Hommes,Salariés,340
2016.03.31,Wiltz,Goesdorf,Hommes,Non-salariés,50
2016.03.31,Wiltz,Kiischpelt,Femmes,Salariés,190
2016.03.31,Wiltz,Kiischpelt,Femmes,Non-salariés,20
2016.03.31,Wiltz,Kiischpelt,Hommes,Salariés,230
2016.03.31,Wiltz,Kiischpelt,Hommes,Non-salariés,30
2016.03.31,Wiltz,Lac de la Haute-Sûre,Femmes,Salariés,260
2016.03.31,Wiltz,Lac de la Haute-Sûre,Femmes,Non-salariés,40
2016.03.31,Wiltz,Lac de la Haute-Sûre,Hommes,Salariés,340
2016.03.31,Wiltz,Lac de la Haute-Sûre,Hommes,Non-salariés,60
2016.03.31,Wiltz,Wiltz,Femmes,Salariés,990
2016.03.31,Wiltz,Wiltz,Femmes,Non-salariés,60
2016.03.31,Wiltz,Wiltz,Hommes,Salariés,1280
2016.03.31,Wiltz,Wiltz,Hommes,Non-salariés,120
2016.03.31,Wiltz,Winseler,Femmes,Salariés,180
2016.03.31,Wiltz,Winseler,Femmes,Non-salariés,30
2016.03.31,Wiltz,Winseler,Hommes,Salariés,220
2016.03.31,Wiltz,Winseler,Hommes,Non-salariés,60
2016.09.30,Capellen,Dippach,Femmes,Salariés,770
2016.09.30,Capellen,Dippach,Femmes,Non-salariés,60
2016.09.30,Capellen,Dippach,Hommes,Salariés,860
2016.09.30,Capellen,Dippach,Hommes,Non-salariés,100
2016.09.30,Capellen,Garnich,Femmes,Salariés,370
2016.09.30,Capellen,Garnich,Femmes,Non-salariés,40
2016.09.30,Capellen,Garnich,Hommes,Salariés,420
2016.09.30,Capellen,Garnich,Hommes,Non-salariés,60
2016.09.30,Capellen,Habscht,Femmes,Salariés,760
2016.09.30,Capellen,Habscht,Femmes,Non-salariés,60
2016.09.30,Capellen,Habscht,Hommes,Salariés,920
2016.09.30,Capellen,Habscht,Hommes,Non-salariés,110
2016.09.30,Capellen,Käerjeng,Femmes,Salariés,1820
2016.09.30,Capellen,Käerjeng,Femmes,Non-salariés,130
2016.09.30,Capellen,Käerjeng,Hommes,Salariés,2070
2016.09.30,Capellen,Käerjeng,Hommes,Non-salariés,190
2016.09.30,Capellen,Kehlen,Femmes,Salariés,920
2016.09.30,Capellen,Kehlen,Femmes,Non-salariés,110
2016.09.30,Capellen,Kehlen,Hommes,Salariés,1000
2016.09.30,Capellen,Kehlen,Hommes,Non-salariés,160
2016.09.30,Capellen,Koerich,Femmes,Salariés,430
2016.09.30,Capellen,Koerich,Femmes,Non-salariés,40
2016.09.30,Capellen,Koerich,Hommes,Salariés,490
2016.09.30,Capellen,Koerich,Hommes,Non-salariés,70
2016.09.30,Capellen,Kopstal,Femmes,Salariés,550
2016.09.30,Capellen,Kopstal,Femmes,Non-salariés,70
2016.09.30,Capellen,Kopstal,Hommes,Salariés,590
2016.09.30,Capellen,Kopstal,Hommes,Non-salariés,140
2016.09.30,Capellen,Mamer,Femmes,Salariés,1370
2016.09.30,Capellen,Mamer,Femmes,Non-salariés,130
2016.09.30,Capellen,Mamer,Hommes,Salariés,1470
2016.09.30,Capellen,Mamer,Hommes,Non-salariés,240
2016.09.30,Capellen,Steinfort,Femmes,Salariés,850
2016.09.30,Capellen,Steinfort,Femmes,Non-salariés,80
2016.09.30,Capellen,Steinfort,Hommes,Salariés,1000
2016.09.30,Capellen,Steinfort,Hommes,Non-salariés,120
2016.09.30,Clervaux,Clervaux,Femmes,Salariés,870
2016.09.30,Clervaux,Clervaux,Femmes,Non-salariés,100
2016.09.30,Clervaux,Clervaux,Hommes,Salariés,1090
2016.09.30,Clervaux,Clervaux,Hommes,Non-salariés,150
2016.09.30,Clervaux,Parc Hosingen,Femmes,Salariés,640
2016.09.30,Clervaux,Parc Hosingen,Femmes,Non-salariés,60
2016.09.30,Clervaux,Parc Hosingen,Hommes,Salariés,740
2016.09.30,Clervaux,Parc Hosingen,Hommes,Non-salariés,90
2016.09.30,Clervaux,Troisvierges,Femmes,Salariés,520
2016.09.30,Clervaux,Troisvierges,Femmes,Non-salariés,60
2016.09.30,Clervaux,Troisvierges,Hommes,Salariés,700
2016.09.30,Clervaux,Troisvierges,Hommes,Non-salariés,80
2016.09.30,Clervaux,Weiswampach,Femmes,Salariés,300
2016.09.30,Clervaux,Weiswampach,Femmes,Non-salariés,30
2016.09.30,Clervaux,Weiswampach,Hommes,Salariés,390
2016.09.30,Clervaux,Weiswampach,Hommes,Non-salariés,90
2016.09.30,Clervaux,Wincrange,Femmes,Salariés,700
2016.09.30,Clervaux,Wincrange,Femmes,Non-salariés,100
2016.09.30,Clervaux,Wincrange,Hommes,Salariés,850
2016.09.30,Clervaux,Wincrange,Hommes,Non-salariés,230
2016.09.30,Diekirch,Bettendorf,Femmes,Salariés,490
2016.09.30,Diekirch,Bettendorf,Femmes,Non-salariés,30
2016.09.30,Diekirch,Bettendorf,Hommes,Salariés,590
2016.09.30,Diekirch,Bettendorf,Hommes,Non-salariés,60
2016.09.30,Diekirch,Bourscheid,Femmes,Salariés,290
2016.09.30,Diekirch,Bourscheid,Femmes,Non-salariés,20
2016.09.30,Diekirch,Bourscheid,Hommes,Salariés,360
2016.09.30,Diekirch,Bourscheid,Hommes,Non-salariés,60
2016.09.30,Diekirch,Diekirch,Femmes,Salariés,1170
2016.09.30,Diekirch,Diekirch,Femmes,Non-salariés,90
2016.09.30,Diekirch,Diekirch,Hommes,Salariés,1410
2016.09.30,Diekirch,Diekirch,Hommes,Non-salariés,120
2016.09.30,Diekirch,Erpeldange-sur-Sûre,Femmes,Salariés,430
2016.09.30,Diekirch,Erpeldange-sur-Sûre,Femmes,Non-salariés,40
2016.09.30,Diekirch,Erpeldange-sur-Sûre,Hommes,Salariés,510
2016.09.30,Diekirch,Erpeldange-sur-Sûre,Hommes,Non-salariés,50
2016.09.30,Diekirch,Ettelbruck,Femmes,Salariés,1520
2016.09.30,Diekirch,Ettelbruck,Femmes,Non-salariés,100
2016.09.30,Diekirch,Ettelbruck,Hommes,Salariés,1780
2016.09.30,Diekirch,Ettelbruck,Hommes,Non-salariés,150
2016.09.30,Diekirch,Feulen,Femmes,Salariés,400
2016.09.30,Diekirch,Feulen,Femmes,Non-salariés,20
2016.09.30,Diekirch,Feulen,Hommes,Salariés,440
2016.09.30,Diekirch,Feulen,Hommes,Non-salariés,40
2016.09.30,Diekirch,Mertzig,Femmes,Salariés,410
2016.09.30,Diekirch,Mertzig,Femmes,Non-salariés,30
2016.09.30,Diekirch,Mertzig,Hommes,Salariés,490
2016.09.30,Diekirch,Mertzig,Hommes,Non-salariés,30
2016.09.30,Diekirch,Reisdorf,Femmes,Salariés,190
2016.09.30,Diekirch,Reisdorf,Femmes,Non-salariés,20
2016.09.30,Diekirch,Reisdorf,Hommes,Salariés,270
2016.09.30,Diekirch,Reisdorf,Hommes,Non-salariés,20
2016.09.30,Diekirch,Schieren,Femmes,Salariés,400
2016.09.30,Diekirch,Schieren,Femmes,Non-salariés,30
2016.09.30,Diekirch,Schieren,Hommes,Salariés,460
2016.09.30,Diekirch,Schieren,Hommes,Non-salariés,40
2016.09.30,Diekirch,Vallée de l'Ernz,Femmes,Salariés,470
2016.09.30,Diekirch,Vallée de l'Ernz,Femmes,Non-salariés,60
2016.09.30,Diekirch,Vallée de l'Ernz,Hommes,Salariés,600
2016.09.30,Diekirch,Vallée de l'Ernz,Hommes,Non-salariés,70
2016.09.30,Echternach,Beaufort,Femmes,Salariés,450
2016.09.30,Echternach,Beaufort,Femmes,Non-salariés,50
2016.09.30,Echternach,Beaufort,Hommes,Salariés,580
2016.09.30,Echternach,Beaufort,Hommes,Non-salariés,40
2016.09.30,Echternach,Bech,Femmes,Salariés,200
2016.09.30,Echternach,Bech,Femmes,Non-salariés,30
2016.09.30,Echternach,Bech,Hommes,Salariés,240
2016.09.30,Echternach,Bech,Hommes,Non-salariés,40
2016.09.30,Echternach,Berdorf,Femmes,Salariés,280
2016.09.30,Echternach,Berdorf,Femmes,Non-salariés,40
2016.09.30,Echternach,Berdorf,Hommes,Salariés,350
2016.09.30,Echternach,Berdorf,Hommes,Non-salariés,40
2016.09.30,Echternach,Consdorf,Femmes,Salariés,340
2016.09.30,Echternach,Consdorf,Femmes,Non-salariés,30
2016.09.30,Echternach,Consdorf,Hommes,Salariés,390
2016.09.30,Echternach,Consdorf,Hommes,Non-salariés,60
2016.09.30,Echternach,Echternach,Femmes,Salariés,940
2016.09.30,Echternach,Echternach,Femmes,Non-salariés,80
2016.09.30,Echternach,Echternach,Hommes,Salariés,1060
2016.09.30,Echternach,Echternach,Hommes,Non-salariés,130
2016.09.30,Echternach,Rosport-Mompach,Femmes,Salariés,620
2016.09.30,Echternach,Rosport-Mompach,Femmes,Non-salariés,70
2016.09.30,Echternach,Rosport-Mompach,Hommes,Salariés,720
2016.09.30,Echternach,Rosport-Mompach,Hommes,Non-salariés,110
2016.09.30,Echternach,Waldbillig,Femmes,Salariés,340
2016.09.30,Echternach,Waldbillig,Femmes,Non-salariés,20
2016.09.30,Echternach,Waldbillig,Hommes,Salariés,420
2016.09.30,Echternach,Waldbillig,Hommes,Non-salariés,40
2016.09.30,Esch-Sur-Alzette,Bettembourg,Femmes,Salariés,1930
2016.09.30,Esch-Sur-Alzette,Bettembourg,Femmes,Non-salariés,140
2016.09.30,Esch-Sur-Alzette,Bettembourg,Hommes,Salariés,2150
2016.09.30,Esch-Sur-Alzette,Bettembourg,Hommes,Non-salariés,180
2016.09.30,Esch-Sur-Alzette,Differdange,Femmes,Salariés,4570
2016.09.30,Esch-Sur-Alzette,Differdange,Femmes,Non-salariés,210
2016.09.30,Esch-Sur-Alzette,Differdange,Hommes,Salariés,5780
2016.09.30,Esch-Sur-Alzette,Differdange,Hommes,Non-salariés,220
2016.09.30,Esch-Sur-Alzette,Dudelange,Femmes,Salariés,3690
2016.09.30,Esch-Sur-Alzette,Dudelange,Femmes,Non-salariés,200
2016.09.30,Esch-Sur-Alzette,Dudelange,Hommes,Salariés,4260
2016.09.30,Esch-Sur-Alzette,Dudelange,Hommes,Non-salariés,280
2016.09.30,Esch-Sur-Alzette,Esch-sur-Alzette,Femmes,Salariés,5850
2016.09.30,Esch-Sur-Alzette,Esch-sur-Alzette,Femmes,Non-salariés,300
2016.09.30,Esch-Sur-Alzette,Esch-sur-Alzette,Hommes,Salariés,7340
2016.09.30,Esch-Sur-Alzette,Esch-sur-Alzette,Hommes,Non-salariés,420
2016.09.30,Esch-Sur-Alzette,Frisange,Femmes,Salariés,880
2016.09.30,Esch-Sur-Alzette,Frisange,Femmes,Non-salariés,60
2016.09.30,Esch-Sur-Alzette,Frisange,Hommes,Salariés,970
2016.09.30,Esch-Sur-Alzette,Frisange,Hommes,Non-salariés,110
2016.09.30,Esch-Sur-Alzette,Kayl,Femmes,Salariés,1620
2016.09.30,Esch-Sur-Alzette,Kayl,Femmes,Non-salariés,80
2016.09.30,Esch-Sur-Alzette,Kayl,Hommes,Salariés,1960
2016.09.30,Esch-Sur-Alzette,Kayl,Hommes,Non-salariés,120
2016.09.30,Esch-Sur-Alzette,Leudelange,Femmes,Salariés,470
2016.09.30,Esch-Sur-Alzette,Leudelange,Femmes,Non-salariés,50
2016.09.30,Esch-Sur-Alzette,Leudelange,Hommes,Salariés,520
2016.09.30,Esch-Sur-Alzette,Leudelange,Hommes,Non-salariés,90
2016.09.30,Esch-Sur-Alzette,Mondercange,Femmes,Salariés,1190
2016.09.30,Esch-Sur-Alzette,Mondercange,Femmes,Non-salariés,110
2016.09.30,Esch-Sur-Alzette,Mondercange,Hommes,Salariés,1320
2016.09.30,Esch-Sur-Alzette,Mondercange,Hommes,Non-salariés,160
2016.09.30,Esch-Sur-Alzette,Pétange,Femmes,Salariés,3210
2016.09.30,Esch-Sur-Alzette,Pétange,Femmes,Non-salariés,170
2016.09.30,Esch-Sur-Alzette,Pétange,Hommes,Salariés,3950
2016.09.30,Esch-Sur-Alzette,Pétange,Hommes,Non-salariés,190
2016.09.30,Esch-Sur-Alzette,Reckange-sur-Mess,Femmes,Salariés,450
2016.09.30,Esch-Sur-Alzette,Reckange-sur-Mess,Femmes,Non-salariés,40
2016.09.30,Esch-Sur-Alzette,Reckange-sur-Mess,Hommes,Salariés,450
2016.09.30,Esch-Sur-Alzette,Reckange-sur-Mess,Hommes,Non-salariés,80
2016.09.30,Esch-Sur-Alzette,Roeser,Femmes,Salariés,1180
2016.09.30,Esch-Sur-Alzette,Roeser,Femmes,Non-salariés,80
2016.09.30,Esch-Sur-Alzette,Roeser,Hommes,Salariés,1370
2016.09.30,Esch-Sur-Alzette,Roeser,Hommes,Non-salariés,160
2016.09.30,Esch-Sur-Alzette,Rumelange,Femmes,Salariés,950
2016.09.30,Esch-Sur-Alzette,Rumelange,Femmes,Non-salariés,50
2016.09.30,Esch-Sur-Alzette,Rumelange,Hommes,Salariés,1150
2016.09.30,Esch-Sur-Alzette,Rumelange,Hommes,Non-salariés,60
2016.09.30,Esch-Sur-Alzette,Sanem,Femmes,Salariés,2910
2016.09.30,Esch-Sur-Alzette,Sanem,Femmes,Non-salariés,170
2016.09.30,Esch-Sur-Alzette,Sanem,Hommes,Salariés,3410
2016.09.30,Esch-Sur-Alzette,Sanem,Hommes,Non-salariés,210
2016.09.30,Esch-Sur-Alzette,Schifflange,Femmes,Salariés,1870
2016.09.30,Esch-Sur-Alzette,Schifflange,Femmes,Non-salariés,100
2016.09.30,Esch-Sur-Alzette,Schifflange,Hommes,Salariés,2190
2016.09.30,Esch-Sur-Alzette,Schifflange,Hommes,Non-salariés,100
2016.09.30,Grevenmacher,Betzdorf,Femmes,Salariés,630
2016.09.30,Grevenmacher,Betzdorf,Femmes,Non-salariés,50
2016.09.30,Grevenmacher,Betzdorf,Hommes,Salariés,740
2016.09.30,Grevenmacher,Betzdorf,Hommes,Non-salariés,100
2016.09.30,Grevenmacher,Biwer,Femmes,Salariés,300
2016.09.30,Grevenmacher,Biwer,Femmes,Non-salariés,30
2016.09.30,Grevenmacher,Biwer,Hommes,Salariés,370
2016.09.30,Grevenmacher,Biwer,Hommes,Non-salariés,50
2016.09.30,Grevenmacher,Flaxweiler,Femmes,Salariés,360
2016.09.30,Grevenmacher,Flaxweiler,Femmes,Non-salariés,40
2016.09.30,Grevenmacher,Flaxweiler,Hommes,Salariés,470
2016.09.30,Grevenmacher,Flaxweiler,Hommes,Non-salariés,60
2016.09.30,Grevenmacher,Grevenmacher,Femmes,Salariés,890
2016.09.30,Grevenmacher,Grevenmacher,Femmes,Non-salariés,70
2016.09.30,Grevenmacher,Grevenmacher,Hommes,Salariés,1050
2016.09.30,Grevenmacher,Grevenmacher,Hommes,Non-salariés,80
2016.09.30,Grevenmacher,Junglinster,Femmes,Salariés,1270
2016.09.30,Grevenmacher,Junglinster,Femmes,Non-salariés,120
2016.09.30,Grevenmacher,Junglinster,Hommes,Salariés,1470
2016.09.30,Grevenmacher,Junglinster,Hommes,Non-salariés,190
2016.09.30,Grevenmacher,Manternach,Femmes,Salariés,340
2016.09.30,Grevenmacher,Manternach,Femmes,Non-salariés,20
2016.09.30,Grevenmacher,Manternach,Hommes,Salariés,400
2016.09.30,Grevenmacher,Manternach,Hommes,Non-salariés,60
2016.09.30,Grevenmacher,Mertert,Femmes,Salariés,800
2016.09.30,Grevenmacher,Mertert,Femmes,Non-salariés,50
2016.09.30,Grevenmacher,Mertert,Hommes,Salariés,910
2016.09.30,Grevenmacher,Mertert,Hommes,Non-salariés,90
2016.09.30,Grevenmacher,Wormeldange,Femmes,Salariés,470
2016.09.30,Grevenmacher,Wormeldange,Femmes,Non-salariés,60
2016.09.30,Grevenmacher,Wormeldange,Hommes,Salariés,590
2016.09.30,Grevenmacher,Wormeldange,Hommes,Non-salariés,100
2016.09.30,Luxembourg-Campagne,Bertrange,Femmes,Salariés,1220
2016.09.30,Luxembourg-Campagne,Bertrange,Femmes,Non-salariés,130
2016.09.30,Luxembourg-Campagne,Bertrange,Hommes,Salariés,1470
2016.09.30,Luxembourg-Campagne,Bertrange,Hommes,Non-salariés,220
2016.09.30,Luxembourg-Campagne,Contern,Femmes,Salariés,570
2016.09.30,Luxembourg-Campagne,Contern,Femmes,Non-salariés,50
2016.09.30,Luxembourg-Campagne,Contern,Hommes,Salariés,690
2016.09.30,Luxembourg-Campagne,Contern,Hommes,Non-salariés,100
2016.09.30,Luxembourg-Campagne,Hesperange,Femmes,Salariés,2620
2016.09.30,Luxembourg-Campagne,Hesperange,Femmes,Non-salariés,230
2016.09.30,Luxembourg-Campagne,Hesperange,Hommes,Salariés,2980
2016.09.30,Luxembourg-Campagne,Hesperange,Hommes,Non-salariés,380
2016.09.30,Luxembourg-Campagne,Niederanven,Femmes,Salariés,710
2016.09.30,Luxembourg-Campagne,Niederanven,Femmes,Non-salariés,140
2016.09.30,Luxembourg-Campagne,Niederanven,Hommes,Salariés,900
2016.09.30,Luxembourg-Campagne,Niederanven,Hommes,Non-salariés,190
2016.09.30,Luxembourg-Campagne,Sandweiler,Femmes,Salariés,580
2016.09.30,Luxembourg-Campagne,Sandweiler,Femmes,Non-salariés,50
2016.09.30,Luxembourg-Campagne,Sandweiler,Hommes,Salariés,680
2016.09.30,Luxembourg-Campagne,Sandweiler,Hommes,Non-salariés,90
2016.09.30,Luxembourg-Campagne,Schuttrange,Femmes,Salariés,590
2016.09.30,Luxembourg-Campagne,Schuttrange,Femmes,Non-salariés,70
2016.09.30,Luxembourg-Campagne,Schuttrange,Hommes,Salariés,700
2016.09.30,Luxembourg-Campagne,Schuttrange,Hommes,Non-salariés,110
2016.09.30,Luxembourg-Campagne,Steinsel,Femmes,Salariés,830
2016.09.30,Luxembourg-Campagne,Steinsel,Femmes,Non-salariés,70
2016.09.30,Luxembourg-Campagne,Steinsel,Hommes,Salariés,920
2016.09.30,Luxembourg-Campagne,Steinsel,Hommes,Non-salariés,140
2016.09.30,Luxembourg-Campagne,Strassen,Femmes,Salariés,1340
2016.09.30,Luxembourg-Campagne,Strassen,Femmes,Non-salariés,150
2016.09.30,Luxembourg-Campagne,Strassen,Hommes,Salariés,1590
2016.09.30,Luxembourg-Campagne,Strassen,Hommes,Non-salariés,220
2016.09.30,Luxembourg-Campagne,Walferdange,Femmes,Salariés,1300
2016.09.30,Luxembourg-Campagne,Walferdange,Femmes,Non-salariés,130
2016.09.30,Luxembourg-Campagne,Walferdange,Hommes,Salariés,1510
2016.09.30,Luxembourg-Campagne,Walferdange,Hommes,Non-salariés,200
2016.09.30,Luxembourg-Campagne,Weiler-la-Tour,Femmes,Salariés,400
2016.09.30,Luxembourg-Campagne,Weiler-la-Tour,Femmes,Non-salariés,40
2016.09.30,Luxembourg-Campagne,Weiler-la-Tour,Hommes,Salariés,490
2016.09.30,Luxembourg-Campagne,Weiler-la-Tour,Hommes,Non-salariés,50
2016.09.30,Luxembourg-Ville,Luxembourg,Femmes,Salariés,17070
2016.09.30,Luxembourg-Ville,Luxembourg,Femmes,Non-salariés,1630
2016.09.30,Luxembourg-Ville,Luxembourg,Hommes,Salariés,21580
2016.09.30,Luxembourg-Ville,Luxembourg,Hommes,Non-salariés,2620
2016.09.30,Mersch,Bissen,Femmes,Salariés,570
2016.09.30,Mersch,Bissen,Femmes,Non-salariés,30
2016.09.30,Mersch,Bissen,Hommes,Salariés,690
2016.09.30,Mersch,Bissen,Hommes,Non-salariés,50
2016.09.30,Mersch,Colmar-Berg,Femmes,Salariés,420
2016.09.30,Mersch,Colmar-Berg,Femmes,Non-salariés,20
2016.09.30,Mersch,Colmar-Berg,Hommes,Salariés,500
2016.09.30,Mersch,Colmar-Berg,Hommes,Non-salariés,30
2016.09.30,Mersch,Fischbach,Femmes,Salariés,250
2016.09.30,Mersch,Fischbach,Femmes,Non-salariés,30
2016.09.30,Mersch,Fischbach,Hommes,Salariés,300
2016.09.30,Mersch,Fischbach,Hommes,Non-salariés,30
2016.09.30,Mersch,Heffingen,Femmes,Salariés,250
2016.09.30,Mersch,Heffingen,Femmes,Non-salariés,20
2016.09.30,Mersch,Heffingen,Hommes,Salariés,280
2016.09.30,Mersch,Heffingen,Hommes,Non-salariés,40
2016.09.30,Mersch,Helperknapp,Femmes,Salariés,700
2016.09.30,Mersch,Helperknapp,Femmes,Non-salariés,70
2016.09.30,Mersch,Helperknapp,Hommes,Salariés,890
2016.09.30,Mersch,Helperknapp,Hommes,Non-salariés,110
2016.09.30,Mersch,Larochette,Femmes,Salariés,420
2016.09.30,Mersch,Larochette,Femmes,Non-salariés,30
2016.09.30,Mersch,Larochette,Hommes,Salariés,480
2016.09.30,Mersch,Larochette,Hommes,Non-salariés,40
2016.09.30,Mersch,Lintgen,Femmes,Salariés,590
2016.09.30,Mersch,Lintgen,Femmes,Non-salariés,50
2016.09.30,Mersch,Lintgen,Hommes,Salariés,680
2016.09.30,Mersch,Lintgen,Hommes,Non-salariés,40
2016.09.30,Mersch,Lorentzweiler,Femmes,Salariés,660
2016.09.30,Mersch,Lorentzweiler,Femmes,Non-salariés,50
2016.09.30,Mersch,Lorentzweiler,Hommes,Salariés,730
2016.09.30,Mersch,Lorentzweiler,Hommes,Non-salariés,90
2016.09.30,Mersch,Mersch,Femmes,Salariés,1760
2016.09.30,Mersch,Mersch,Femmes,Non-salariés,100
2016.09.30,Mersch,Mersch,Hommes,Salariés,1980
2016.09.30,Mersch,Mersch,Hommes,Non-salariés,170
2016.09.30,Mersch,Nommern,Femmes,Salariés,250
2016.09.30,Mersch,Nommern,Femmes,Non-salariés,30
2016.09.30,Mersch,Nommern,Hommes,Salariés,300
2016.09.30,Mersch,Nommern,Hommes,Non-salariés,50
2016.09.30,Non déterminé,Non déterminé,Femmes,Salariés,40
2016.09.30,Non déterminé,Non déterminé,Femmes,Non-salariés,0
2016.09.30,Non déterminé,Non déterminé,Hommes,Salariés,60
2016.09.30,Non déterminé,Non déterminé,Hommes,Non-salariés,10
2016.09.30,Redange,Beckerich,Femmes,Salariés,420
2016.09.30,Redange,Beckerich,Femmes,Non-salariés,50
2016.09.30,Redange,Beckerich,Hommes,Salariés,530
2016.09.30,Redange,Beckerich,Hommes,Non-salariés,60
2016.09.30,Redange,Ell,Femmes,Salariés,220
2016.09.30,Redange,Ell,Femmes,Non-salariés,30
2016.09.30,Redange,Ell,Hommes,Salariés,280
2016.09.30,Redange,Ell,Hommes,Non-salariés,40
2016.09.30,Redange,Groussbus-Wal,Femmes,Salariés,350
2016.09.30,Redange,Groussbus-Wal,Femmes,Non-salariés,40
2016.09.30,Redange,Groussbus-Wal,Hommes,Salariés,430
2016.09.30,Redange,Groussbus-Wal,Hommes,Non-salariés,50
2016.09.30,Redange,Préizerdaul,Femmes,Salariés,320
2016.09.30,Redange,Préizerdaul,Femmes,Non-salariés,20
2016.09.30,Redange,Préizerdaul,Hommes,Salariés,370
2016.09.30,Redange,Préizerdaul,Hommes,Non-salariés,40
2016.09.30,Redange,Rambrouch,Femmes,Salariés,630
2016.09.30,Redange,Rambrouch,Femmes,Non-salariés,90
2016.09.30,Redange,Rambrouch,Hommes,Salariés,850
2016.09.30,Redange,Rambrouch,Hommes,Non-salariés,160
2016.09.30,Redange,Redange/Attert,Femmes,Salariés,500
2016.09.30,Redange,Redange/Attert,Femmes,Non-salariés,40
2016.09.30,Redange,Redange/Attert,Hommes,Salariés,540
2016.09.30,Redange,Redange/Attert,Hommes,Non-salariés,90
2016.09.30,Redange,Saeul,Femmes,Salariés,140
2016.09.30,Redange,Saeul,Femmes,Non-salariés,20
2016.09.30,Redange,Saeul,Hommes,Salariés,160
2016.09.30,Redange,Saeul,Hommes,Non-salariés,20
2016.09.30,Redange,Useldange,Femmes,Salariés,350
2016.09.30,Redange,Useldange,Femmes,Non-salariés,30
2016.09.30,Redange,Useldange,Hommes,Salariés,380
2016.09.30,Redange,Useldange,Hommes,Non-salariés,50
2016.09.30,Redange,Vichten,Femmes,Salariés,230
2016.09.30,Redange,Vichten,Femmes,Non-salariés,20
2016.09.30,Redange,Vichten,Hommes,Salariés,330
2016.09.30,Redange,Vichten,Hommes,Non-salariés,20
2016.09.30,Remich,Bous-Waldbredimus,Femmes,Salariés,480
2016.09.30,Remich,Bous-Waldbredimus,Femmes,Non-salariés,40
2016.09.30,Remich,Bous-Waldbredimus,Hommes,Salariés,610
2016.09.30,Remich,Bous-Waldbredimus,Hommes,Non-salariés,90
2016.09.30,Remich,Dalheim,Femmes,Salariés,390
2016.09.30,Remich,Dalheim,Femmes,Non-salariés,40
2016.09.30,Remich,Dalheim,Hommes,Salariés,440
2016.09.30,Remich,Dalheim,Hommes,Non-salariés,60
2016.09.30,Remich,Lenningen,Femmes,Salariés,340
2016.09.30,Remich,Lenningen,Femmes,Non-salariés,20
2016.09.30,Remich,Lenningen,Hommes,Salariés,390
2016.09.30,Remich,Lenningen,Hommes,Non-salariés,40
2016.09.30,Remich,Mondorf-les-Bains,Femmes,Salariés,810
2016.09.30,Remich,Mondorf-les-Bains,Femmes,Non-salariés,70
2016.09.30,Remich,Mondorf-les-Bains,Hommes,Salariés,960
2016.09.30,Remich,Mondorf-les-Bains,Hommes,Non-salariés,120
2016.09.30,Remich,Remich,Femmes,Salariés,600
2016.09.30,Remich,Remich,Femmes,Non-salariés,60
2016.09.30,Remich,Remich,Hommes,Salariés,680
2016.09.30,Remich,Remich,Hommes,Non-salariés,100
2016.09.30,Remich,Schengen,Femmes,Salariés,880
2016.09.30,Remich,Schengen,Femmes,Non-salariés,90
2016.09.30,Remich,Schengen,Hommes,Salariés,1000
2016.09.30,Remich,Schengen,Hommes,Non-salariés,170
2016.09.30,Remich,Stadtbredimus,Femmes,Salariés,350
2016.09.30,Remich,Stadtbredimus,Femmes,Non-salariés,40
2016.09.30,Remich,Stadtbredimus,Hommes,Salariés,410
2016.09.30,Remich,Stadtbredimus,Hommes,Non-salariés,50
2016.09.30,Vianden,Putscheid,Femmes,Salariés,210
2016.09.30,Vianden,Putscheid,Femmes,Non-salariés,10
2016.09.30,Vianden,Putscheid,Hommes,Salariés,250
2016.09.30,Vianden,Putscheid,Hommes,Non-salariés,20
2016.09.30,Vianden,Tandel,Femmes,Salariés,410
2016.09.30,Vianden,Tandel,Femmes,Non-salariés,40
2016.09.30,Vianden,Tandel,Hommes,Salariés,450
2016.09.30,Vianden,Tandel,Hommes,Non-salariés,60
2016.09.30,Vianden,Vianden,Femmes,Salariés,340
2016.09.30,Vianden,Vianden,Femmes,Non-salariés,40
2016.09.30,Vianden,Vianden,Hommes,Salariés,430
2016.09.30,Vianden,Vianden,Hommes,Non-salariés,40
2016.09.30,Wiltz,Boulaide,Femmes,Salariés,210
2016.09.30,Wiltz,Boulaide,Femmes,Non-salariés,20
2016.09.30,Wiltz,Boulaide,Hommes,Salariés,240
2016.09.30,Wiltz,Boulaide,Hommes,Non-salariés,40
2016.09.30,Wiltz,Esch-sur-Sûre,Femmes,Salariés,440
2016.09.30,Wiltz,Esch-sur-Sûre,Femmes,Non-salariés,40
2016.09.30,Wiltz,Esch-sur-Sûre,Hommes,Salariés,560
2016.09.30,Wiltz,Esch-sur-Sûre,Hommes,Non-salariés,70
2016.09.30,Wiltz,Goesdorf,Femmes,Salariés,290
2016.09.30,Wiltz,Goesdorf,Femmes,Non-salariés,30
2016.09.30,Wiltz,Goesdorf,Hommes,Salariés,350
2016.09.30,Wiltz,Goesdorf,Hommes,Non-salariés,50
2016.09.30,Wiltz,Kiischpelt,Femmes,Salariés,190
2016.09.30,Wiltz,Kiischpelt,Femmes,Non-salariés,30
2016.09.30,Wiltz,Kiischpelt,Hommes,Salariés,230
2016.09.30,Wiltz,Kiischpelt,Hommes,Non-salariés,20
2016.09.30,Wiltz,Lac de la Haute-Sûre,Femmes,Salariés,280
2016.09.30,Wiltz,Lac de la Haute-Sûre,Femmes,Non-salariés,40
2016.09.30,Wiltz,Lac de la Haute-Sûre,Hommes,Salariés,340
2016.09.30,Wiltz,Lac de la Haute-Sûre,Hommes,Non-salariés,60
2016.09.30,Wiltz,Wiltz,Femmes,Salariés,1020
2016.09.30,Wiltz,Wiltz,Femmes,Non-salariés,50
2016.09.30,Wiltz,Wiltz,Hommes,Salariés,1300
2016.09.30,Wiltz,Wiltz,Hommes,Non-salariés,130
2016.09.30,Wiltz,Winseler,Femmes,Salariés,200
2016.09.30,Wiltz,Winseler,Femmes,Non-salariés,20
2016.09.30,Wiltz,Winseler,Hommes,Salariés,230
2016.09.30,Wiltz,Winseler,Hommes,Non-salariés,70
2017.03.31,Capellen,Dippach,Femmes,Salariés,760
2017.03.31,Capellen,Dippach,Femmes,Non-salariés,60
2017.03.31,Capellen,Dippach,Hommes,Salariés,870
2017.03.31,Capellen,Dippach,Hommes,Non-salariés,100
2017.03.31,Capellen,Garnich,Femmes,Salariés,370
2017.03.31,Capellen,Garnich,Femmes,Non-salariés,40
2017.03.31,Capellen,Garnich,Hommes,Salariés,420
2017.03.31,Capellen,Garnich,Hommes,Non-salariés,60
2017.03.31,Capellen,Habscht,Femmes,Salariés,760
2017.03.31,Capellen,Habscht,Femmes,Non-salariés,70
2017.03.31,Capellen,Habscht,Hommes,Salariés,930
2017.03.31,Capellen,Habscht,Hommes,Non-salariés,100
2017.03.31,Capellen,Käerjeng,Femmes,Salariés,1840
2017.03.31,Capellen,Käerjeng,Femmes,Non-salariés,130
2017.03.31,Capellen,Käerjeng,Hommes,Salariés,2070
2017.03.31,Capellen,Käerjeng,Hommes,Non-salariés,190
2017.03.31,Capellen,Kehlen,Femmes,Salariés,940
2017.03.31,Capellen,Kehlen,Femmes,Non-salariés,120
2017.03.31,Capellen,Kehlen,Hommes,Salariés,1020
2017.03.31,Capellen,Kehlen,Hommes,Non-salariés,160
2017.03.31,Capellen,Koerich,Femmes,Salariés,420
2017.03.31,Capellen,Koerich,Femmes,Non-salariés,40
2017.03.31,Capellen,Koerich,Hommes,Salariés,480
2017.03.31,Capellen,Koerich,Hommes,Non-salariés,70
2017.03.31,Capellen,Kopstal,Femmes,Salariés,590
2017.03.31,Capellen,Kopstal,Femmes,Non-salariés,70
2017.03.31,Capellen,Kopstal,Hommes,Salariés,620
2017.03.31,Capellen,Kopstal,Hommes,Non-salariés,140
2017.03.31,Capellen,Mamer,Femmes,Salariés,1380
2017.03.31,Capellen,Mamer,Femmes,Non-salariés,130
2017.03.31,Capellen,Mamer,Hommes,Salariés,1500
2017.03.31,Capellen,Mamer,Hommes,Non-salariés,240
2017.03.31,Capellen,Steinfort,Femmes,Salariés,870
2017.03.31,Capellen,Steinfort,Femmes,Non-salariés,80
2017.03.31,Capellen,Steinfort,Hommes,Salariés,1010
2017.03.31,Capellen,Steinfort,Hommes,Non-salariés,120
2017.03.31,Clervaux,Clervaux,Femmes,Salariés,860
2017.03.31,Clervaux,Clervaux,Femmes,Non-salariés,90
2017.03.31,Clervaux,Clervaux,Hommes,Salariés,1070
2017.03.31,Clervaux,Clervaux,Hommes,Non-salariés,150
2017.03.31,Clervaux,Parc Hosingen,Femmes,Salariés,640
2017.03.31,Clervaux,Parc Hosingen,Femmes,Non-salariés,60
2017.03.31,Clervaux,Parc Hosingen,Hommes,Salariés,740
2017.03.31,Clervaux,Parc Hosingen,Hommes,Non-salariés,90
2017.03.31,Clervaux,Troisvierges,Femmes,Salariés,530
2017.03.31,Clervaux,Troisvierges,Femmes,Non-salariés,50
2017.03.31,Clervaux,Troisvierges,Hommes,Salariés,700
2017.03.31,Clervaux,Troisvierges,Hommes,Non-salariés,90
2017.03.31,Clervaux,Weiswampach,Femmes,Salariés,300
2017.03.31,Clervaux,Weiswampach,Femmes,Non-salariés,40
2017.03.31,Clervaux,Weiswampach,Hommes,Salariés,410
2017.03.31,Clervaux,Weiswampach,Hommes,Non-salariés,80
2017.03.31,Clervaux,Wincrange,Femmes,Salariés,730
2017.03.31,Clervaux,Wincrange,Femmes,Non-salariés,100
2017.03.31,Clervaux,Wincrange,Hommes,Salariés,850
2017.03.31,Clervaux,Wincrange,Hommes,Non-salariés,220
2017.03.31,Diekirch,Bettendorf,Femmes,Salariés,500
2017.03.31,Diekirch,Bettendorf,Femmes,Non-salariés,40
2017.03.31,Diekirch,Bettendorf,Hommes,Salariés,610
2017.03.31,Diekirch,Bettendorf,Hommes,Non-salariés,50
2017.03.31,Diekirch,Bourscheid,Femmes,Salariés,300
2017.03.31,Diekirch,Bourscheid,Femmes,Non-salariés,20
2017.03.31,Diekirch,Bourscheid,Hommes,Salariés,370
2017.03.31,Diekirch,Bourscheid,Hommes,Non-salariés,60
2017.03.31,Diekirch,Diekirch,Femmes,Salariés,1170
2017.03.31,Diekirch,Diekirch,Femmes,Non-salariés,90
2017.03.31,Diekirch,Diekirch,Hommes,Salariés,1380
2017.03.31,Diekirch,Diekirch,Hommes,Non-salariés,110
2017.03.31,Diekirch,Erpeldange-sur-Sûre,Femmes,Salariés,420
2017.03.31,Diekirch,Erpeldange-sur-Sûre,Femmes,Non-salariés,40
2017.03.31,Diekirch,Erpeldange-sur-Sûre,Hommes,Salariés,520
2017.03.31,Diekirch,Erpeldange-sur-Sûre,Hommes,Non-salariés,60
2017.03.31,Diekirch,Ettelbruck,Femmes,Salariés,1550
2017.03.31,Diekirch,Ettelbruck,Femmes,Non-salariés,100
2017.03.31,Diekirch,Ettelbruck,Hommes,Salariés,1770
2017.03.31,Diekirch,Ettelbruck,Hommes,Non-salariés,150
2017.03.31,Diekirch,Feulen,Femmes,Salariés,410
2017.03.31,Diekirch,Feulen,Femmes,Non-salariés,20
2017.03.31,Diekirch,Feulen,Hommes,Salariés,450
2017.03.31,Diekirch,Feulen,Hommes,Non-salariés,40
2017.03.31,Diekirch,Mertzig,Femmes,Salariés,430
2017.03.31,Diekirch,Mertzig,Femmes,Non-salariés,20
2017.03.31,Diekirch,Mertzig,Hommes,Salariés,490
2017.03.31,Diekirch,Mertzig,Hommes,Non-salariés,30
2017.03.31,Diekirch,Reisdorf,Femmes,Salariés,200
2017.03.31,Diekirch,Reisdorf,Femmes,Non-salariés,20
2017.03.31,Diekirch,Reisdorf,Hommes,Salariés,250
2017.03.31,Diekirch,Reisdorf,Hommes,Non-salariés,30
2017.03.31,Diekirch,Schieren,Femmes,Salariés,390
2017.03.31,Diekirch,Schieren,Femmes,Non-salariés,30
2017.03.31,Diekirch,Schieren,Hommes,Salariés,460
2017.03.31,Diekirch,Schieren,Hommes,Non-salariés,30
2017.03.31,Diekirch,Vallée de l'Ernz,Femmes,Salariés,480
2017.03.31,Diekirch,Vallée de l'Ernz,Femmes,Non-salariés,50
2017.03.31,Diekirch,Vallée de l'Ernz,Hommes,Salariés,600
2017.03.31,Diekirch,Vallée de l'Ernz,Hommes,Non-salariés,70
2017.03.31,Echternach,Beaufort,Femmes,Salariés,440
2017.03.31,Echternach,Beaufort,Femmes,Non-salariés,40
2017.03.31,Echternach,Beaufort,Hommes,Salariés,590
2017.03.31,Echternach,Beaufort,Hommes,Non-salariés,40
2017.03.31,Echternach,Bech,Femmes,Salariés,200
2017.03.31,Echternach,Bech,Femmes,Non-salariés,30
2017.03.31,Echternach,Bech,Hommes,Salariés,250
2017.03.31,Echternach,Bech,Hommes,Non-salariés,40
2017.03.31,Echternach,Berdorf,Femmes,Salariés,280
2017.03.31,Echternach,Berdorf,Femmes,Non-salariés,40
2017.03.31,Echternach,Berdorf,Hommes,Salariés,340
2017.03.31,Echternach,Berdorf,Hommes,Non-salariés,40
2017.03.31,Echternach,Consdorf,Femmes,Salariés,340
2017.03.31,Echternach,Consdorf,Femmes,Non-salariés,30
2017.03.31,Echternach,Consdorf,Hommes,Salariés,390
2017.03.31,Echternach,Consdorf,Hommes,Non-salariés,60
2017.03.31,Echternach,Echternach,Femmes,Salariés,910
2017.03.31,Echternach,Echternach,Femmes,Non-salariés,80
2017.03.31,Echternach,Echternach,Hommes,Salariés,1060
2017.03.31,Echternach,Echternach,Hommes,Non-salariés,120
2017.03.31,Echternach,Rosport-Mompach,Femmes,Salariés,630
2017.03.31,Echternach,Rosport-Mompach,Femmes,Non-salariés,70
2017.03.31,Echternach,Rosport-Mompach,Hommes,Salariés,720
2017.03.31,Echternach,Rosport-Mompach,Hommes,Non-salariés,120
2017.03.31,Echternach,Waldbillig,Femmes,Salariés,340
2017.03.31,Echternach,Waldbillig,Femmes,Non-salariés,20
2017.03.31,Echternach,Waldbillig,Hommes,Salariés,400
2017.03.31,Echternach,Waldbillig,Hommes,Non-salariés,40
2017.03.31,Esch-Sur-Alzette,Bettembourg,Femmes,Salariés,1960
2017.03.31,Esch-Sur-Alzette,Bettembourg,Femmes,Non-salariés,140
2017.03.31,Esch-Sur-Alzette,Bettembourg,Hommes,Salariés,2170
2017.03.31,Esch-Sur-Alzette,Bettembourg,Hommes,Non-salariés,180
2017.03.31,Esch-Sur-Alzette,Differdange,Femmes,Salariés,4720
2017.03.31,Esch-Sur-Alzette,Differdange,Femmes,Non-salariés,220
2017.03.31,Esch-Sur-Alzette,Differdange,Hommes,Salariés,5910
2017.03.31,Esch-Sur-Alzette,Differdange,Hommes,Non-salariés,220
2017.03.31,Esch-Sur-Alzette,Dudelange,Femmes,Salariés,3760
2017.03.31,Esch-Sur-Alzette,Dudelange,Femmes,Non-salariés,200
2017.03.31,Esch-Sur-Alzette,Dudelange,Hommes,Salariés,4320
2017.03.31,Esch-Sur-Alzette,Dudelange,Hommes,Non-salariés,290
2017.03.31,Esch-Sur-Alzette,Esch-sur-Alzette,Femmes,Salariés,6040
2017.03.31,Esch-Sur-Alzette,Esch-sur-Alzette,Femmes,Non-salariés,300
2017.03.31,Esch-Sur-Alzette,Esch-sur-Alzette,Hommes,Salariés,7580
2017.03.31,Esch-Sur-Alzette,Esch-sur-Alzette,Hommes,Non-salariés,430
2017.03.31,Esch-Sur-Alzette,Frisange,Femmes,Salariés,880
2017.03.31,Esch-Sur-Alzette,Frisange,Femmes,Non-salariés,60
2017.03.31,Esch-Sur-Alzette,Frisange,Hommes,Salariés,970
2017.03.31,Esch-Sur-Alzette,Frisange,Hommes,Non-salariés,110
2017.03.31,Esch-Sur-Alzette,Kayl,Femmes,Salariés,1660
2017.03.31,Esch-Sur-Alzette,Kayl,Femmes,Non-salariés,90
2017.03.31,Esch-Sur-Alzette,Kayl,Hommes,Salariés,1980
2017.03.31,Esch-Sur-Alzette,Kayl,Hommes,Non-salariés,120
2017.03.31,Esch-Sur-Alzette,Leudelange,Femmes,Salariés,490
2017.03.31,Esch-Sur-Alzette,Leudelange,Femmes,Non-salariés,50
2017.03.31,Esch-Sur-Alzette,Leudelange,Hommes,Salariés,520
2017.03.31,Esch-Sur-Alzette,Leudelange,Hommes,Non-salariés,90
2017.03.31,Esch-Sur-Alzette,Mondercange,Femmes,Salariés,1220
2017.03.31,Esch-Sur-Alzette,Mondercange,Femmes,Non-salariés,110
2017.03.31,Esch-Sur-Alzette,Mondercange,Hommes,Salariés,1350
2017.03.31,Esch-Sur-Alzette,Mondercange,Hommes,Non-salariés,160
2017.03.31,Esch-Sur-Alzette,Pétange,Femmes,Salariés,3320
2017.03.31,Esch-Sur-Alzette,Pétange,Femmes,Non-salariés,170
2017.03.31,Esch-Sur-Alzette,Pétange,Hommes,Salariés,4010
2017.03.31,Esch-Sur-Alzette,Pétange,Hommes,Non-salariés,200
2017.03.31,Esch-Sur-Alzette,Reckange-sur-Mess,Femmes,Salariés,470
2017.03.31,Esch-Sur-Alzette,Reckange-sur-Mess,Femmes,Non-salariés,40
2017.03.31,Esch-Sur-Alzette,Reckange-sur-Mess,Hommes,Salariés,480
2017.03.31,Esch-Sur-Alzette,Reckange-sur-Mess,Hommes,Non-salariés,90
2017.03.31,Esch-Sur-Alzette,Roeser,Femmes,Salariés,1190
2017.03.31,Esch-Sur-Alzette,Roeser,Femmes,Non-salariés,90
2017.03.31,Esch-Sur-Alzette,Roeser,Hommes,Salariés,1370
2017.03.31,Esch-Sur-Alzette,Roeser,Hommes,Non-salariés,160
2017.03.31,Esch-Sur-Alzette,Rumelange,Femmes,Salariés,960
2017.03.31,Esch-Sur-Alzette,Rumelange,Femmes,Non-salariés,50
2017.03.31,Esch-Sur-Alzette,Rumelange,Hommes,Salariés,1140
2017.03.31,Esch-Sur-Alzette,Rumelange,Hommes,Non-salariés,60
2017.03.31,Esch-Sur-Alzette,Sanem,Femmes,Salariés,3030
2017.03.31,Esch-Sur-Alzette,Sanem,Femmes,Non-salariés,170
2017.03.31,Esch-Sur-Alzette,Sanem,Hommes,Salariés,3500
2017.03.31,Esch-Sur-Alzette,Sanem,Hommes,Non-salariés,220
2017.03.31,Esch-Sur-Alzette,Schifflange,Femmes,Salariés,1980
2017.03.31,Esch-Sur-Alzette,Schifflange,Femmes,Non-salariés,110
2017.03.31,Esch-Sur-Alzette,Schifflange,Hommes,Salariés,2290
2017.03.31,Esch-Sur-Alzette,Schifflange,Hommes,Non-salariés,100
2017.03.31,Grevenmacher,Betzdorf,Femmes,Salariés,650
2017.03.31,Grevenmacher,Betzdorf,Femmes,Non-salariés,50
2017.03.31,Grevenmacher,Betzdorf,Hommes,Salariés,750
2017.03.31,Grevenmacher,Betzdorf,Hommes,Non-salariés,90
2017.03.31,Grevenmacher,Biwer,Femmes,Salariés,300
2017.03.31,Grevenmacher,Biwer,Femmes,Non-salariés,40
2017.03.31,Grevenmacher,Biwer,Hommes,Salariés,390
2017.03.31,Grevenmacher,Biwer,Hommes,Non-salariés,50
2017.03.31,Grevenmacher,Flaxweiler,Femmes,Salariés,370
2017.03.31,Grevenmacher,Flaxweiler,Femmes,Non-salariés,50
2017.03.31,Grevenmacher,Flaxweiler,Hommes,Salariés,460
2017.03.31,Grevenmacher,Flaxweiler,Hommes,Non-salariés,60
2017.03.31,Grevenmacher,Grevenmacher,Femmes,Salariés,880
2017.03.31,Grevenmacher,Grevenmacher,Femmes,Non-salariés,50
2017.03.31,Grevenmacher,Grevenmacher,Hommes,Salariés,1060
2017.03.31,Grevenmacher,Grevenmacher,Hommes,Non-salariés,90
2017.03.31,Grevenmacher,Junglinster,Femmes,Salariés,1300
2017.03.31,Grevenmacher,Junglinster,Femmes,Non-salariés,120
2017.03.31,Grevenmacher,Junglinster,Hommes,Salariés,1460
2017.03.31,Grevenmacher,Junglinster,Hommes,Non-salariés,190
2017.03.31,Grevenmacher,Manternach,Femmes,Salariés,360
2017.03.31,Grevenmacher,Manternach,Femmes,Non-salariés,20
2017.03.31,Grevenmacher,Manternach,Hommes,Salariés,410
2017.03.31,Grevenmacher,Manternach,Hommes,Non-salariés,60
2017.03.31,Grevenmacher,Mertert,Femmes,Salariés,810
2017.03.31,Grevenmacher,Mertert,Femmes,Non-salariés,50
2017.03.31,Grevenmacher,Mertert,Hommes,Salariés,900
2017.03.31,Grevenmacher,Mertert,Hommes,Non-salariés,90
2017.03.31,Grevenmacher,Wormeldange,Femmes,Salariés,470
2017.03.31,Grevenmacher,Wormeldange,Femmes,Non-salariés,60
2017.03.31,Grevenmacher,Wormeldange,Hommes,Salariés,590
2017.03.31,Grevenmacher,Wormeldange,Hommes,Non-salariés,100
2017.03.31,Luxembourg-Campagne,Bertrange,Femmes,Salariés,1230
2017.03.31,Luxembourg-Campagne,Bertrange,Femmes,Non-salariés,140
2017.03.31,Luxembourg-Campagne,Bertrange,Hommes,Salariés,1490
2017.03.31,Luxembourg-Campagne,Bertrange,Hommes,Non-salariés,220
2017.03.31,Luxembourg-Campagne,Contern,Femmes,Salariés,580
2017.03.31,Luxembourg-Campagne,Contern,Femmes,Non-salariés,50
2017.03.31,Luxembourg-Campagne,Contern,Hommes,Salariés,680
2017.03.31,Luxembourg-Campagne,Contern,Hommes,Non-salariés,90
2017.03.31,Luxembourg-Campagne,Hesperange,Femmes,Salariés,2670
2017.03.31,Luxembourg-Campagne,Hesperange,Femmes,Non-salariés,240
2017.03.31,Luxembourg-Campagne,Hesperange,Hommes,Salariés,3000
2017.03.31,Luxembourg-Campagne,Hesperange,Hommes,Non-salariés,380
2017.03.31,Luxembourg-Campagne,Niederanven,Femmes,Salariés,740
2017.03.31,Luxembourg-Campagne,Niederanven,Femmes,Non-salariés,130
2017.03.31,Luxembourg-Campagne,Niederanven,Hommes,Salariés,890
2017.03.31,Luxembourg-Campagne,Niederanven,Hommes,Non-salariés,180
2017.03.31,Luxembourg-Campagne,Sandweiler,Femmes,Salariés,580
2017.03.31,Luxembourg-Campagne,Sandweiler,Femmes,Non-salariés,50
2017.03.31,Luxembourg-Campagne,Sandweiler,Hommes,Salariés,690
2017.03.31,Luxembourg-Campagne,Sandweiler,Hommes,Non-salariés,80
2017.03.31,Luxembourg-Campagne,Schuttrange,Femmes,Salariés,610
2017.03.31,Luxembourg-Campagne,Schuttrange,Femmes,Non-salariés,60
2017.03.31,Luxembourg-Campagne,Schuttrange,Hommes,Salariés,710
2017.03.31,Luxembourg-Campagne,Schuttrange,Hommes,Non-salariés,120
2017.03.31,Luxembourg-Campagne,Steinsel,Femmes,Salariés,840
2017.03.31,Luxembourg-Campagne,Steinsel,Femmes,Non-salariés,70
2017.03.31,Luxembourg-Campagne,Steinsel,Hommes,Salariés,940
2017.03.31,Luxembourg-Campagne,Steinsel,Hommes,Non-salariés,140
2017.03.31,Luxembourg-Campagne,Strassen,Femmes,Salariés,1390
2017.03.31,Luxembourg-Campagne,Strassen,Femmes,Non-salariés,150
2017.03.31,Luxembourg-Campagne,Strassen,Hommes,Salariés,1650
2017.03.31,Luxembourg-Campagne,Strassen,Hommes,Non-salariés,220
2017.03.31,Luxembourg-Campagne,Walferdange,Femmes,Salariés,1290
2017.03.31,Luxembourg-Campagne,Walferdange,Femmes,Non-salariés,130
2017.03.31,Luxembourg-Campagne,Walferdange,Hommes,Salariés,1510
2017.03.31,Luxembourg-Campagne,Walferdange,Hommes,Non-salariés,200
2017.03.31,Luxembourg-Campagne,Weiler-la-Tour,Femmes,Salariés,410
2017.03.31,Luxembourg-Campagne,Weiler-la-Tour,Femmes,Non-salariés,30
2017.03.31,Luxembourg-Campagne,Weiler-la-Tour,Hommes,Salariés,490
2017.03.31,Luxembourg-Campagne,Weiler-la-Tour,Hommes,Non-salariés,60
2017.03.31,Luxembourg-Ville,Luxembourg,Femmes,Salariés,17540
2017.03.31,Luxembourg-Ville,Luxembourg,Femmes,Non-salariés,1660
2017.03.31,Luxembourg-Ville,Luxembourg,Hommes,Salariés,22020
2017.03.31,Luxembourg-Ville,Luxembourg,Hommes,Non-salariés,2600
2017.03.31,Mersch,Bissen,Femmes,Salariés,580
2017.03.31,Mersch,Bissen,Femmes,Non-salariés,40
2017.03.31,Mersch,Bissen,Hommes,Salariés,710
2017.03.31,Mersch,Bissen,Hommes,Non-salariés,40
2017.03.31,Mersch,Colmar-Berg,Femmes,Salariés,430
2017.03.31,Mersch,Colmar-Berg,Femmes,Non-salariés,20
2017.03.31,Mersch,Colmar-Berg,Hommes,Salariés,500
2017.03.31,Mersch,Colmar-Berg,Hommes,Non-salariés,30
2017.03.31,Mersch,Fischbach,Femmes,Salariés,250
2017.03.31,Mersch,Fischbach,Femmes,Non-salariés,20
2017.03.31,Mersch,Fischbach,Hommes,Salariés,300
2017.03.31,Mersch,Fischbach,Hommes,Non-salariés,30
2017.03.31,Mersch,Heffingen,Femmes,Salariés,260
2017.03.31,Mersch,Heffingen,Femmes,Non-salariés,20
2017.03.31,Mersch,Heffingen,Hommes,Salariés,280
2017.03.31,Mersch,Heffingen,Hommes,Non-salariés,40
2017.03.31,Mersch,Helperknapp,Femmes,Salariés,710
2017.03.31,Mersch,Helperknapp,Femmes,Non-salariés,70
2017.03.31,Mersch,Helperknapp,Hommes,Salariés,900
2017.03.31,Mersch,Helperknapp,Hommes,Non-salariés,100
2017.03.31,Mersch,Larochette,Femmes,Salariés,400
2017.03.31,Mersch,Larochette,Femmes,Non-salariés,30
2017.03.31,Mersch,Larochette,Hommes,Salariés,480
2017.03.31,Mersch,Larochette,Hommes,Non-salariés,40
2017.03.31,Mersch,Lintgen,Femmes,Salariés,620
2017.03.31,Mersch,Lintgen,Femmes,Non-salariés,40
2017.03.31,Mersch,Lintgen,Hommes,Salariés,690
2017.03.31,Mersch,Lintgen,Hommes,Non-salariés,50
2017.03.31,Mersch,Lorentzweiler,Femmes,Salariés,650
2017.03.31,Mersch,Lorentzweiler,Femmes,Non-salariés,50
2017.03.31,Mersch,Lorentzweiler,Hommes,Salariés,740
2017.03.31,Mersch,Lorentzweiler,Hommes,Non-salariés,80
2017.03.31,Mersch,Mersch,Femmes,Salariés,1740
2017.03.31,Mersch,Mersch,Femmes,Non-salariés,110
2017.03.31,Mersch,Mersch,Hommes,Salariés,2020
2017.03.31,Mersch,Mersch,Hommes,Non-salariés,170
2017.03.31,Mersch,Nommern,Femmes,Salariés,260
2017.03.31,Mersch,Nommern,Femmes,Non-salariés,30
2017.03.31,Mersch,Nommern,Hommes,Salariés,290
2017.03.31,Mersch,Nommern,Hommes,Non-salariés,50
2017.03.31,Non déterminé,Non déterminé,Femmes,Salariés,40
2017.03.31,Non déterminé,Non déterminé,Femmes,Non-salariés,10
2017.03.31,Non déterminé,Non déterminé,Hommes,Salariés,70
2017.03.31,Non déterminé,Non déterminé,Hommes,Non-salariés,10
2017.03.31,Redange,Beckerich,Femmes,Salariés,430
2017.03.31,Redange,Beckerich,Femmes,Non-salariés,40
2017.03.31,Redange,Beckerich,Hommes,Salariés,530
2017.03.31,Redange,Beckerich,Hommes,Non-salariés,60
2017.03.31,Redange,Ell,Femmes,Salariés,230
2017.03.31,Redange,Ell,Femmes,Non-salariés,30
2017.03.31,Redange,Ell,Hommes,Salariés,270
2017.03.31,Redange,Ell,Hommes,Non-salariés,40
2017.03.31,Redange,Groussbus-Wal,Femmes,Salariés,380
2017.03.31,Redange,Groussbus-Wal,Femmes,Non-salariés,40
2017.03.31,Redange,Groussbus-Wal,Hommes,Salariés,440
2017.03.31,Redange,Groussbus-Wal,Hommes,Non-salariés,50
2017.03.31,Redange,Préizerdaul,Femmes,Salariés,330
2017.03.31,Redange,Préizerdaul,Femmes,Non-salariés,20
2017.03.31,Redange,Préizerdaul,Hommes,Salariés,370
2017.03.31,Redange,Préizerdaul,Hommes,Non-salariés,40
2017.03.31,Redange,Rambrouch,Femmes,Salariés,640
2017.03.31,Redange,Rambrouch,Femmes,Non-salariés,80
2017.03.31,Redange,Rambrouch,Hommes,Salariés,860
2017.03.31,Redange,Rambrouch,Hommes,Non-salariés,150
2017.03.31,Redange,Redange/Attert,Femmes,Salariés,480
2017.03.31,Redange,Redange/Attert,Femmes,Non-salariés,50
2017.03.31,Redange,Redange/Attert,Hommes,Salariés,550
2017.03.31,Redange,Redange/Attert,Hommes,Non-salariés,90
2017.03.31,Redange,Saeul,Femmes,Salariés,130
2017.03.31,Redange,Saeul,Femmes,Non-salariés,20
2017.03.31,Redange,Saeul,Hommes,Salariés,160
2017.03.31,Redange,Saeul,Hommes,Non-salariés,20
2017.03.31,Redange,Useldange,Femmes,Salariés,360
2017.03.31,Redange,Useldange,Femmes,Non-salariés,40
2017.03.31,Redange,Useldange,Hommes,Salariés,380
2017.03.31,Redange,Useldange,Hommes,Non-salariés,50
2017.03.31,Redange,Vichten,Femmes,Salariés,230
2017.03.31,Redange,Vichten,Femmes,Non-salariés,20
2017.03.31,Redange,Vichten,Hommes,Salariés,340
2017.03.31,Redange,Vichten,Hommes,Non-salariés,20
2017.03.31,Remich,Bous-Waldbredimus,Femmes,Salariés,510
2017.03.31,Remich,Bous-Waldbredimus,Femmes,Non-salariés,40
2017.03.31,Remich,Bous-Waldbredimus,Hommes,Salariés,600
2017.03.31,Remich,Bous-Waldbredimus,Hommes,Non-salariés,90
2017.03.31,Remich,Dalheim,Femmes,Salariés,390
2017.03.31,Remich,Dalheim,Femmes,Non-salariés,40
2017.03.31,Remich,Dalheim,Hommes,Salariés,440
2017.03.31,Remich,Dalheim,Hommes,Non-salariés,60
2017.03.31,Remich,Lenningen,Femmes,Salariés,340
2017.03.31,Remich,Lenningen,Femmes,Non-salariés,20
2017.03.31,Remich,Lenningen,Hommes,Salariés,400
2017.03.31,Remich,Lenningen,Hommes,Non-salariés,40
2017.03.31,Remich,Mondorf-les-Bains,Femmes,Salariés,840
2017.03.31,Remich,Mondorf-les-Bains,Femmes,Non-salariés,70
2017.03.31,Remich,Mondorf-les-Bains,Hommes,Salariés,960
2017.03.31,Remich,Mondorf-les-Bains,Hommes,Non-salariés,120
2017.03.31,Remich,Remich,Femmes,Salariés,590
2017.03.31,Remich,Remich,Femmes,Non-salariés,60
2017.03.31,Remich,Remich,Hommes,Salariés,660
2017.03.31,Remich,Remich,Hommes,Non-salariés,100
2017.03.31,Remich,Schengen,Femmes,Salariés,900
2017.03.31,Remich,Schengen,Femmes,Non-salariés,90
2017.03.31,Remich,Schengen,Hommes,Salariés,980
2017.03.31,Remich,Schengen,Hommes,Non-salariés,180
2017.03.31,Remich,Stadtbredimus,Femmes,Salariés,340
2017.03.31,Remich,Stadtbredimus,Femmes,Non-salariés,40
2017.03.31,Remich,Stadtbredimus,Hommes,Salariés,410
2017.03.31,Remich,Stadtbredimus,Hommes,Non-salariés,50
2017.03.31,Vianden,Putscheid,Femmes,Salariés,210
2017.03.31,Vianden,Putscheid,Femmes,Non-salariés,20
2017.03.31,Vianden,Putscheid,Hommes,Salariés,240
2017.03.31,Vianden,Putscheid,Hommes,Non-salariés,20
2017.03.31,Vianden,Tandel,Femmes,Salariés,420
2017.03.31,Vianden,Tandel,Femmes,Non-salariés,40
2017.03.31,Vianden,Tandel,Hommes,Salariés,460
2017.03.31,Vianden,Tandel,Hommes,Non-salariés,60
2017.03.31,Vianden,Vianden,Femmes,Salariés,330
2017.03.31,Vianden,Vianden,Femmes,Non-salariés,30
2017.03.31,Vianden,Vianden,Hommes,Salariés,430
2017.03.31,Vianden,Vianden,Hommes,Non-salariés,40
2017.03.31,Wiltz,Boulaide,Femmes,Salariés,210
2017.03.31,Wiltz,Boulaide,Femmes,Non-salariés,20
2017.03.31,Wiltz,Boulaide,Hommes,Salariés,240
2017.03.31,Wiltz,Boulaide,Hommes,Non-salariés,50
2017.03.31,Wiltz,Esch-sur-Sûre,Femmes,Salariés,440
2017.03.31,Wiltz,Esch-sur-Sûre,Femmes,Non-salariés,40
2017.03.31,Wiltz,Esch-sur-Sûre,Hommes,Salariés,560
2017.03.31,Wiltz,Esch-sur-Sûre,Hommes,Non-salariés,70
2017.03.31,Wiltz,Goesdorf,Femmes,Salariés,280
2017.03.31,Wiltz,Goesdorf,Femmes,Non-salariés,40
2017.03.31,Wiltz,Goesdorf,Hommes,Salariés,350
2017.03.31,Wiltz,Goesdorf,Hommes,Non-salariés,40
2017.03.31,Wiltz,Kiischpelt,Femmes,Salariés,200
2017.03.31,Wiltz,Kiischpelt,Femmes,Non-salariés,20
2017.03.31,Wiltz,Kiischpelt,Hommes,Salariés,240
2017.03.31,Wiltz,Kiischpelt,Hommes,Non-salariés,30
2017.03.31,Wiltz,Lac de la Haute-Sûre,Femmes,Salariés,280
2017.03.31,Wiltz,Lac de la Haute-Sûre,Femmes,Non-salariés,40
2017.03.31,Wiltz,Lac de la Haute-Sûre,Hommes,Salariés,360
2017.03.31,Wiltz,Lac de la Haute-Sûre,Hommes,Non-salariés,60
2017.03.31,Wiltz,Wiltz,Femmes,Salariés,1030
2017.03.31,Wiltz,Wiltz,Femmes,Non-salariés,50
2017.03.31,Wiltz,Wiltz,Hommes,Salariés,1300
2017.03.31,Wiltz,Wiltz,Hommes,Non-salariés,140
2017.03.31,Wiltz,Winseler,Femmes,Salariés,210
2017.03.31,Wiltz,Winseler,Femmes,Non-salariés,20
2017.03.31,Wiltz,Winseler,Hommes,Salariés,250
2017.03.31,Wiltz,Winseler,Hommes,Non-salariés,70
2017.09.29,Capellen,Dippach,Femmes,Salariés,750
2017.09.29,Capellen,Dippach,Femmes,Non-salariés,60
2017.09.29,Capellen,Dippach,Hommes,Salariés,860
2017.09.29,Capellen,Dippach,Hommes,Non-salariés,110
2017.09.29,Capellen,Garnich,Femmes,Salariés,380
2017.09.29,Capellen,Garnich,Femmes,Non-salariés,40
2017.09.29,Capellen,Garnich,Hommes,Salariés,430
2017.09.29,Capellen,Garnich,Hommes,Non-salariés,60
2017.09.29,Capellen,Habscht,Femmes,Salariés,800
2017.09.29,Capellen,Habscht,Femmes,Non-salariés,60
2017.09.29,Capellen,Habscht,Hommes,Salariés,950
2017.09.29,Capellen,Habscht,Hommes,Non-salariés,120
2017.09.29,Capellen,Käerjeng,Femmes,Salariés,1820
2017.09.29,Capellen,Käerjeng,Femmes,Non-salariés,130
2017.09.29,Capellen,Käerjeng,Hommes,Salariés,2060
2017.09.29,Capellen,Käerjeng,Hommes,Non-salariés,180
2017.09.29,Capellen,Kehlen,Femmes,Salariés,960
2017.09.29,Capellen,Kehlen,Femmes,Non-salariés,110
2017.09.29,Capellen,Kehlen,Hommes,Salariés,1040
2017.09.29,Capellen,Kehlen,Hommes,Non-salariés,160
2017.09.29,Capellen,Koerich,Femmes,Salariés,420
2017.09.29,Capellen,Koerich,Femmes,Non-salariés,50
2017.09.29,Capellen,Koerich,Hommes,Salariés,500
2017.09.29,Capellen,Koerich,Hommes,Non-salariés,70
2017.09.29,Capellen,Kopstal,Femmes,Salariés,600
2017.09.29,Capellen,Kopstal,Femmes,Non-salariés,80
2017.09.29,Capellen,Kopstal,Hommes,Salariés,660
2017.09.29,Capellen,Kopstal,Hommes,Non-salariés,140
2017.09.29,Capellen,Mamer,Femmes,Salariés,1380
2017.09.29,Capellen,Mamer,Femmes,Non-salariés,140
2017.09.29,Capellen,Mamer,Hommes,Salariés,1530
2017.09.29,Capellen,Mamer,Hommes,Non-salariés,240
2017.09.29,Capellen,Steinfort,Femmes,Salariés,880
2017.09.29,Capellen,Steinfort,Femmes,Non-salariés,70
2017.09.29,Capellen,Steinfort,Hommes,Salariés,1000
2017.09.29,Capellen,Steinfort,Hommes,Non-salariés,120
2017.09.29,Clervaux,Clervaux,Femmes,Salariés,880
2017.09.29,Clervaux,Clervaux,Femmes,Non-salariés,100
2017.09.29,Clervaux,Clervaux,Hommes,Salariés,1080
2017.09.29,Clervaux,Clervaux,Hommes,Non-salariés,140
2017.09.29,Clervaux,Parc Hosingen,Femmes,Salariés,630
2017.09.29,Clervaux,Parc Hosingen,Femmes,Non-salariés,50
2017.09.29,Clervaux,Parc Hosingen,Hommes,Salariés,740
2017.09.29,Clervaux,Parc Hosingen,Hommes,Non-salariés,90
2017.09.29,Clervaux,Troisvierges,Femmes,Salariés,540
2017.09.29,Clervaux,Troisvierges,Femmes,Non-salariés,50
2017.09.29,Clervaux,Troisvierges,Hommes,Salariés,710
2017.09.29,Clervaux,Troisvierges,Hommes,Non-salariés,90
2017.09.29,Clervaux,Weiswampach,Femmes,Salariés,300
2017.09.29,Clervaux,Weiswampach,Femmes,Non-salariés,30
2017.09.29,Clervaux,Weiswampach,Hommes,Salariés,430
2017.09.29,Clervaux,Weiswampach,Hommes,Non-salariés,90
2017.09.29,Clervaux,Wincrange,Femmes,Salariés,750
2017.09.29,Clervaux,Wincrange,Femmes,Non-salariés,100
2017.09.29,Clervaux,Wincrange,Hommes,Salariés,870
2017.09.29,Clervaux,Wincrange,Hommes,Non-salariés,210
2017.09.29,Diekirch,Bettendorf,Femmes,Salariés,520
2017.09.29,Diekirch,Bettendorf,Femmes,Non-salariés,30
2017.09.29,Diekirch,Bettendorf,Hommes,Salariés,620
2017.09.29,Diekirch,Bettendorf,Hommes,Non-salariés,60
2017.09.29,Diekirch,Bourscheid,Femmes,Salariés,310
2017.09.29,Diekirch,Bourscheid,Femmes,Non-salariés,20
2017.09.29,Diekirch,Bourscheid,Hommes,Salariés,380
2017.09.29,Diekirch,Bourscheid,Hommes,Non-salariés,50
2017.09.29,Diekirch,Diekirch,Femmes,Salariés,1200
2017.09.29,Diekirch,Diekirch,Femmes,Non-salariés,90
2017.09.29,Diekirch,Diekirch,Hommes,Salariés,1430
2017.09.29,Diekirch,Diekirch,Hommes,Non-salariés,120
2017.09.29,Diekirch,Erpeldange-sur-Sûre,Femmes,Salariés,440
2017.09.29,Diekirch,Erpeldange-sur-Sûre,Femmes,Non-salariés,40
2017.09.29,Diekirch,Erpeldange-sur-Sûre,Hommes,Salariés,520
2017.09.29,Diekirch,Erpeldange-sur-Sûre,Hommes,Non-salariés,60
2017.09.29,Diekirch,Ettelbruck,Femmes,Salariés,1570
2017.09.29,Diekirch,Ettelbruck,Femmes,Non-salariés,100
2017.09.29,Diekirch,Ettelbruck,Hommes,Salariés,1790
2017.09.29,Diekirch,Ettelbruck,Hommes,Non-salariés,150
2017.09.29,Diekirch,Feulen,Femmes,Salariés,410
2017.09.29,Diekirch,Feulen,Femmes,Non-salariés,20
2017.09.29,Diekirch,Feulen,Hommes,Salariés,460
2017.09.29,Diekirch,Feulen,Hommes,Non-salariés,40
2017.09.29,Diekirch,Mertzig,Femmes,Salariés,420
2017.09.29,Diekirch,Mertzig,Femmes,Non-salariés,30
2017.09.29,Diekirch,Mertzig,Hommes,Salariés,500
2017.09.29,Diekirch,Mertzig,Hommes,Non-salariés,30
2017.09.29,Diekirch,Reisdorf,Femmes,Salariés,210
2017.09.29,Diekirch,Reisdorf,Femmes,Non-salariés,20
2017.09.29,Diekirch,Reisdorf,Hommes,Salariés,260
2017.09.29,Diekirch,Reisdorf,Hommes,Non-salariés,30
2017.09.29,Diekirch,Schieren,Femmes,Salariés,380
2017.09.29,Diekirch,Schieren,Femmes,Non-salariés,30
2017.09.29,Diekirch,Schieren,Hommes,Salariés,450
2017.09.29,Diekirch,Schieren,Hommes,Non-salariés,30
2017.09.29,Diekirch,Vallée de l'Ernz,Femmes,Salariés,480
2017.09.29,Diekirch,Vallée de l'Ernz,Femmes,Non-salariés,60
2017.09.29,Diekirch,Vallée de l'Ernz,Hommes,Salariés,600
2017.09.29,Diekirch,Vallée de l'Ernz,Hommes,Non-salariés,60
2017.09.29,Echternach,Beaufort,Femmes,Salariés,470
2017.09.29,Echternach,Beaufort,Femmes,Non-salariés,40
2017.09.29,Echternach,Beaufort,Hommes,Salariés,600
2017.09.29,Echternach,Beaufort,Hommes,Non-salariés,40
2017.09.29,Echternach,Bech,Femmes,Salariés,210
2017.09.29,Echternach,Bech,Femmes,Non-salariés,20
2017.09.29,Echternach,Bech,Hommes,Salariés,250
2017.09.29,Echternach,Bech,Hommes,Non-salariés,40
2017.09.29,Echternach,Berdorf,Femmes,Salariés,300
2017.09.29,Echternach,Berdorf,Femmes,Non-salariés,40
2017.09.29,Echternach,Berdorf,Hommes,Salariés,360
2017.09.29,Echternach,Berdorf,Hommes,Non-salariés,40
2017.09.29,Echternach,Consdorf,Femmes,Salariés,380
2017.09.29,Echternach,Consdorf,Femmes,Non-salariés,30
2017.09.29,Echternach,Consdorf,Hommes,Salariés,390
2017.09.29,Echternach,Consdorf,Hommes,Non-salariés,60
2017.09.29,Echternach,Echternach,Femmes,Salariés,950
2017.09.29,Echternach,Echternach,Femmes,Non-salariés,80
2017.09.29,Echternach,Echternach,Hommes,Salariés,1090
2017.09.29,Echternach,Echternach,Hommes,Non-salariés,120
2017.09.29,Echternach,Rosport-Mompach,Femmes,Salariés,650
2017.09.29,Echternach,Rosport-Mompach,Femmes,Non-salariés,70
2017.09.29,Echternach,Rosport-Mompach,Hommes,Salariés,740
2017.09.29,Echternach,Rosport-Mompach,Hommes,Non-salariés,120
2017.09.29,Echternach,Waldbillig,Femmes,Salariés,350
2017.09.29,Echternach,Waldbillig,Femmes,Non-salariés,20
2017.09.29,Echternach,Waldbillig,Hommes,Salariés,410
2017.09.29,Echternach,Waldbillig,Hommes,Non-salariés,40
2017.09.29,Esch-Sur-Alzette,Bettembourg,Femmes,Salariés,1960
2017.09.29,Esch-Sur-Alzette,Bettembourg,Femmes,Non-salariés,140
2017.09.29,Esch-Sur-Alzette,Bettembourg,Hommes,Salariés,2230
2017.09.29,Esch-Sur-Alzette,Bettembourg,Hommes,Non-salariés,170
2017.09.29,Esch-Sur-Alzette,Differdange,Femmes,Salariés,4820
2017.09.29,Esch-Sur-Alzette,Differdange,Femmes,Non-salariés,220
2017.09.29,Esch-Sur-Alzette,Differdange,Hommes,Salariés,6040
2017.09.29,Esch-Sur-Alzette,Differdange,Hommes,Non-salariés,230
2017.09.29,Esch-Sur-Alzette,Dudelange,Femmes,Salariés,3740
2017.09.29,Esch-Sur-Alzette,Dudelange,Femmes,Non-salariés,210
2017.09.29,Esch-Sur-Alzette,Dudelange,Hommes,Salariés,4410
2017.09.29,Esch-Sur-Alzette,Dudelange,Hommes,Non-salariés,290
2017.09.29,Esch-Sur-Alzette,Esch-sur-Alzette,Femmes,Salariés,6090
2017.09.29,Esch-Sur-Alzette,Esch-sur-Alzette,Femmes,Non-salariés,300
2017.09.29,Esch-Sur-Alzette,Esch-sur-Alzette,Hommes,Salariés,7690
2017.09.29,Esch-Sur-Alzette,Esch-sur-Alzette,Hommes,Non-salariés,420
2017.09.29,Esch-Sur-Alzette,Frisange,Femmes,Salariés,900
2017.09.29,Esch-Sur-Alzette,Frisange,Femmes,Non-salariés,60
2017.09.29,Esch-Sur-Alzette,Frisange,Hommes,Salariés,980
2017.09.29,Esch-Sur-Alzette,Frisange,Hommes,Non-salariés,110
2017.09.29,Esch-Sur-Alzette,Kayl,Femmes,Salariés,1690
2017.09.29,Esch-Sur-Alzette,Kayl,Femmes,Non-salariés,100
2017.09.29,Esch-Sur-Alzette,Kayl,Hommes,Salariés,1990
2017.09.29,Esch-Sur-Alzette,Kayl,Hommes,Non-salariés,120
2017.09.29,Esch-Sur-Alzette,Leudelange,Femmes,Salariés,500
2017.09.29,Esch-Sur-Alzette,Leudelange,Femmes,Non-salariés,50
2017.09.29,Esch-Sur-Alzette,Leudelange,Hommes,Salariés,520
2017.09.29,Esch-Sur-Alzette,Leudelange,Hommes,Non-salariés,90
2017.09.29,Esch-Sur-Alzette,Mondercange,Femmes,Salariés,1240
2017.09.29,Esch-Sur-Alzette,Mondercange,Femmes,Non-salariés,110
2017.09.29,Esch-Sur-Alzette,Mondercange,Hommes,Salariés,1380
2017.09.29,Esch-Sur-Alzette,Mondercange,Hommes,Non-salariés,160
2017.09.29,Esch-Sur-Alzette,Pétange,Femmes,Salariés,3330
2017.09.29,Esch-Sur-Alzette,Pétange,Femmes,Non-salariés,180
2017.09.29,Esch-Sur-Alzette,Pétange,Hommes,Salariés,4060
2017.09.29,Esch-Sur-Alzette,Pétange,Hommes,Non-salariés,200
2017.09.29,Esch-Sur-Alzette,Reckange-sur-Mess,Femmes,Salariés,470
2017.09.29,Esch-Sur-Alzette,Reckange-sur-Mess,Femmes,Non-salariés,40
2017.09.29,Esch-Sur-Alzette,Reckange-sur-Mess,Hommes,Salariés,490
2017.09.29,Esch-Sur-Alzette,Reckange-sur-Mess,Hommes,Non-salariés,90
2017.09.29,Esch-Sur-Alzette,Roeser,Femmes,Salariés,1220
2017.09.29,Esch-Sur-Alzette,Roeser,Femmes,Non-salariés,80
2017.09.29,Esch-Sur-Alzette,Roeser,Hommes,Salariés,1380
2017.09.29,Esch-Sur-Alzette,Roeser,Hommes,Non-salariés,160
2017.09.29,Esch-Sur-Alzette,Rumelange,Femmes,Salariés,960
2017.09.29,Esch-Sur-Alzette,Rumelange,Femmes,Non-salariés,50
2017.09.29,Esch-Sur-Alzette,Rumelange,Hommes,Salariés,1170
2017.09.29,Esch-Sur-Alzette,Rumelange,Hommes,Non-salariés,60
2017.09.29,Esch-Sur-Alzette,Sanem,Femmes,Salariés,3070
2017.09.29,Esch-Sur-Alzette,Sanem,Femmes,Non-salariés,160
2017.09.29,Esch-Sur-Alzette,Sanem,Hommes,Salariés,3590
2017.09.29,Esch-Sur-Alzette,Sanem,Hommes,Non-salariés,230
2017.09.29,Esch-Sur-Alzette,Schifflange,Femmes,Salariés,2060
2017.09.29,Esch-Sur-Alzette,Schifflange,Femmes,Non-salariés,100
2017.09.29,Esch-Sur-Alzette,Schifflange,Hommes,Salariés,2310
2017.09.29,Esch-Sur-Alzette,Schifflange,Hommes,Non-salariés,120
2017.09.29,Grevenmacher,Betzdorf,Femmes,Salariés,640
2017.09.29,Grevenmacher,Betzdorf,Femmes,Non-salariés,50
2017.09.29,Grevenmacher,Betzdorf,Hommes,Salariés,770
2017.09.29,Grevenmacher,Betzdorf,Hommes,Non-salariés,90
2017.09.29,Grevenmacher,Biwer,Femmes,Salariés,310
2017.09.29,Grevenmacher,Biwer,Femmes,Non-salariés,30
2017.09.29,Grevenmacher,Biwer,Hommes,Salariés,380
2017.09.29,Grevenmacher,Biwer,Hommes,Non-salariés,50
2017.09.29,Grevenmacher,Flaxweiler,Femmes,Salariés,380
2017.09.29,Grevenmacher,Flaxweiler,Femmes,Non-salariés,40
2017.09.29,Grevenmacher,Flaxweiler,Hommes,Salariés,470
2017.09.29,Grevenmacher,Flaxweiler,Hommes,Non-salariés,60
2017.09.29,Grevenmacher,Grevenmacher,Femmes,Salariés,870
2017.09.29,Grevenmacher,Grevenmacher,Femmes,Non-salariés,60
2017.09.29,Grevenmacher,Grevenmacher,Hommes,Salariés,1040
2017.09.29,Grevenmacher,Grevenmacher,Hommes,Non-salariés,90
2017.09.29,Grevenmacher,Junglinster,Femmes,Salariés,1290
2017.09.29,Grevenmacher,Junglinster,Femmes,Non-salariés,120
2017.09.29,Grevenmacher,Junglinster,Hommes,Salariés,1440
2017.09.29,Grevenmacher,Junglinster,Hommes,Non-salariés,190
2017.09.29,Grevenmacher,Manternach,Femmes,Salariés,380
2017.09.29,Grevenmacher,Manternach,Femmes,Non-salariés,20
2017.09.29,Grevenmacher,Manternach,Hommes,Salariés,410
2017.09.29,Grevenmacher,Manternach,Hommes,Non-salariés,60
2017.09.29,Grevenmacher,Mertert,Femmes,Salariés,820
2017.09.29,Grevenmacher,Mertert,Femmes,Non-salariés,60
2017.09.29,Grevenmacher,Mertert,Hommes,Salariés,930
2017.09.29,Grevenmacher,Mertert,Hommes,Non-salariés,80
2017.09.29,Grevenmacher,Wormeldange,Femmes,Salariés,470
2017.09.29,Grevenmacher,Wormeldange,Femmes,Non-salariés,60
2017.09.29,Grevenmacher,Wormeldange,Hommes,Salariés,580
2017.09.29,Grevenmacher,Wormeldange,Hommes,Non-salariés,100
2017.09.29,Luxembourg-Campagne,Bertrange,Femmes,Salariés,1260
2017.09.29,Luxembourg-Campagne,Bertrange,Femmes,Non-salariés,140
2017.09.29,Luxembourg-Campagne,Bertrange,Hommes,Salariés,1510
2017.09.29,Luxembourg-Campagne,Bertrange,Hommes,Non-salariés,220
2017.09.29,Luxembourg-Campagne,Contern,Femmes,Salariés,600
2017.09.29,Luxembourg-Campagne,Contern,Femmes,Non-salariés,50
2017.09.29,Luxembourg-Campagne,Contern,Hommes,Salariés,690
2017.09.29,Luxembourg-Campagne,Contern,Hommes,Non-salariés,90
2017.09.29,Luxembourg-Campagne,Hesperange,Femmes,Salariés,2650
2017.09.29,Luxembourg-Campagne,Hesperange,Femmes,Non-salariés,230
2017.09.29,Luxembourg-Campagne,Hesperange,Hommes,Salariés,3050
2017.09.29,Luxembourg-Campagne,Hesperange,Hommes,Non-salariés,370
2017.09.29,Luxembourg-Campagne,Niederanven,Femmes,Salariés,750
2017.09.29,Luxembourg-Campagne,Niederanven,Femmes,Non-salariés,130
2017.09.29,Luxembourg-Campagne,Niederanven,Hommes,Salariés,900
2017.09.29,Luxembourg-Campagne,Niederanven,Hommes,Non-salariés,200
2017.09.29,Luxembourg-Campagne,Sandweiler,Femmes,Salariés,580
2017.09.29,Luxembourg-Campagne,Sandweiler,Femmes,Non-salariés,50
2017.09.29,Luxembourg-Campagne,Sandweiler,Hommes,Salariés,660
2017.09.29,Luxembourg-Campagne,Sandweiler,Hommes,Non-salariés,90
2017.09.29,Luxembourg-Campagne,Schuttrange,Femmes,Salariés,630
2017.09.29,Luxembourg-Campagne,Schuttrange,Femmes,Non-salariés,60
2017.09.29,Luxembourg-Campagne,Schuttrange,Hommes,Salariés,720
2017.09.29,Luxembourg-Campagne,Schuttrange,Hommes,Non-salariés,120
2017.09.29,Luxembourg-Campagne,Steinsel,Femmes,Salariés,830
2017.09.29,Luxembourg-Campagne,Steinsel,Femmes,Non-salariés,80
2017.09.29,Luxembourg-Campagne,Steinsel,Hommes,Salariés,920
2017.09.29,Luxembourg-Campagne,Steinsel,Hommes,Non-salariés,130
2017.09.29,Luxembourg-Campagne,Strassen,Femmes,Salariés,1390
2017.09.29,Luxembourg-Campagne,Strassen,Femmes,Non-salariés,160
2017.09.29,Luxembourg-Campagne,Strassen,Hommes,Salariés,1690
2017.09.29,Luxembourg-Campagne,Strassen,Hommes,Non-salariés,240
2017.09.29,Luxembourg-Campagne,Walferdange,Femmes,Salariés,1320
2017.09.29,Luxembourg-Campagne,Walferdange,Femmes,Non-salariés,130
2017.09.29,Luxembourg-Campagne,Walferdange,Hommes,Salariés,1530
2017.09.29,Luxembourg-Campagne,Walferdange,Hommes,Non-salariés,200
2017.09.29,Luxembourg-Campagne,Weiler-la-Tour,Femmes,Salariés,410
2017.09.29,Luxembourg-Campagne,Weiler-la-Tour,Femmes,Non-salariés,30
2017.09.29,Luxembourg-Campagne,Weiler-la-Tour,Hommes,Salariés,480
2017.09.29,Luxembourg-Campagne,Weiler-la-Tour,Hommes,Non-salariés,60
2017.09.29,Luxembourg-Ville,Luxembourg,Femmes,Salariés,17860
2017.09.29,Luxembourg-Ville,Luxembourg,Femmes,Non-salariés,1680
2017.09.29,Luxembourg-Ville,Luxembourg,Hommes,Salariés,22420
2017.09.29,Luxembourg-Ville,Luxembourg,Hommes,Non-salariés,2600
2017.09.29,Mersch,Bissen,Femmes,Salariés,600
2017.09.29,Mersch,Bissen,Femmes,Non-salariés,30
2017.09.29,Mersch,Bissen,Hommes,Salariés,710
2017.09.29,Mersch,Bissen,Hommes,Non-salariés,50
2017.09.29,Mersch,Colmar-Berg,Femmes,Salariés,430
2017.09.29,Mersch,Colmar-Berg,Femmes,Non-salariés,20
2017.09.29,Mersch,Colmar-Berg,Hommes,Salariés,520
2017.09.29,Mersch,Colmar-Berg,Hommes,Non-salariés,30
2017.09.29,Mersch,Fischbach,Femmes,Salariés,260
2017.09.29,Mersch,Fischbach,Femmes,Non-salariés,20
2017.09.29,Mersch,Fischbach,Hommes,Salariés,290
2017.09.29,Mersch,Fischbach,Hommes,Non-salariés,30
2017.09.29,Mersch,Heffingen,Femmes,Salariés,280
2017.09.29,Mersch,Heffingen,Femmes,Non-salariés,30
2017.09.29,Mersch,Heffingen,Hommes,Salariés,300
2017.09.29,Mersch,Heffingen,Hommes,Non-salariés,40
2017.09.29,Mersch,Helperknapp,Femmes,Salariés,750
2017.09.29,Mersch,Helperknapp,Femmes,Non-salariés,70
2017.09.29,Mersch,Helperknapp,Hommes,Salariés,910
2017.09.29,Mersch,Helperknapp,Hommes,Non-salariés,100
2017.09.29,Mersch,Larochette,Femmes,Salariés,420
2017.09.29,Mersch,Larochette,Femmes,Non-salariés,30
2017.09.29,Mersch,Larochette,Hommes,Salariés,490
2017.09.29,Mersch,Larochette,Hommes,Non-salariés,30
2017.09.29,Mersch,Lintgen,Femmes,Salariés,600
2017.09.29,Mersch,Lintgen,Femmes,Non-salariés,50
2017.09.29,Mersch,Lintgen,Hommes,Salariés,710
2017.09.29,Mersch,Lintgen,Hommes,Non-salariés,50
2017.09.29,Mersch,Lorentzweiler,Femmes,Salariés,660
2017.09.29,Mersch,Lorentzweiler,Femmes,Non-salariés,60
2017.09.29,Mersch,Lorentzweiler,Hommes,Salariés,750
2017.09.29,Mersch,Lorentzweiler,Hommes,Non-salariés,80
2017.09.29,Mersch,Mersch,Femmes,Salariés,1740
2017.09.29,Mersch,Mersch,Femmes,Non-salariés,110
2017.09.29,Mersch,Mersch,Hommes,Salariés,2030
2017.09.29,Mersch,Mersch,Hommes,Non-salariés,180
2017.09.29,Mersch,Nommern,Femmes,Salariés,260
2017.09.29,Mersch,Nommern,Femmes,Non-salariés,30
2017.09.29,Mersch,Nommern,Hommes,Salariés,290
2017.09.29,Mersch,Nommern,Hommes,Non-salariés,50
2017.09.29,Non déterminé,Non déterminé,Femmes,Salariés,60
2017.09.29,Non déterminé,Non déterminé,Femmes,Non-salariés,0
2017.09.29,Non déterminé,Non déterminé,Hommes,Salariés,80
2017.09.29,Non déterminé,Non déterminé,Hommes,Non-salariés,10
2017.09.29,Redange,Beckerich,Femmes,Salariés,450
2017.09.29,Redange,Beckerich,Femmes,Non-salariés,40
2017.09.29,Redange,Beckerich,Hommes,Salariés,530
2017.09.29,Redange,Beckerich,Hommes,Non-salariés,60
2017.09.29,Redange,Ell,Femmes,Salariés,240
2017.09.29,Redange,Ell,Femmes,Non-salariés,30
2017.09.29,Redange,Ell,Hommes,Salariés,290
2017.09.29,Redange,Ell,Hommes,Non-salariés,40
2017.09.29,Redange,Groussbus-Wal,Femmes,Salariés,390
2017.09.29,Redange,Groussbus-Wal,Femmes,Non-salariés,50
2017.09.29,Redange,Groussbus-Wal,Hommes,Salariés,460
2017.09.29,Redange,Groussbus-Wal,Hommes,Non-salariés,50
2017.09.29,Redange,Préizerdaul,Femmes,Salariés,340
2017.09.29,Redange,Préizerdaul,Femmes,Non-salariés,20
2017.09.29,Redange,Préizerdaul,Hommes,Salariés,370
2017.09.29,Redange,Préizerdaul,Hommes,Non-salariés,40
2017.09.29,Redange,Rambrouch,Femmes,Salariés,640
2017.09.29,Redange,Rambrouch,Femmes,Non-salariés,80
2017.09.29,Redange,Rambrouch,Hommes,Salariés,870
2017.09.29,Redange,Rambrouch,Hommes,Non-salariés,160
2017.09.29,Redange,Redange/Attert,Femmes,Salariés,490
2017.09.29,Redange,Redange/Attert,Femmes,Non-salariés,40
2017.09.29,Redange,Redange/Attert,Hommes,Salariés,560
2017.09.29,Redange,Redange/Attert,Hommes,Non-salariés,90
2017.09.29,Redange,Saeul,Femmes,Salariés,130
2017.09.29,Redange,Saeul,Femmes,Non-salariés,20
2017.09.29,Redange,Saeul,Hommes,Salariés,170
2017.09.29,Redange,Saeul,Hommes,Non-salariés,30
2017.09.29,Redange,Useldange,Femmes,Salariés,370
2017.09.29,Redange,Useldange,Femmes,Non-salariés,30
2017.09.29,Redange,Useldange,Hommes,Salariés,390
2017.09.29,Redange,Useldange,Hommes,Non-salariés,50
2017.09.29,Redange,Vichten,Femmes,Salariés,250
2017.09.29,Redange,Vichten,Femmes,Non-salariés,20
2017.09.29,Redange,Vichten,Hommes,Salariés,320
2017.09.29,Redange,Vichten,Hommes,Non-salariés,20
2017.09.29,Remich,Bous-Waldbredimus,Femmes,Salariés,510
2017.09.29,Remich,Bous-Waldbredimus,Femmes,Non-salariés,50
2017.09.29,Remich,Bous-Waldbredimus,Hommes,Salariés,610
2017.09.29,Remich,Bous-Waldbredimus,Hommes,Non-salariés,80
2017.09.29,Remich,Dalheim,Femmes,Salariés,410
2017.09.29,Remich,Dalheim,Femmes,Non-salariés,40
2017.09.29,Remich,Dalheim,Hommes,Salariés,460
2017.09.29,Remich,Dalheim,Hommes,Non-salariés,60
2017.09.29,Remich,Lenningen,Femmes,Salariés,340
2017.09.29,Remich,Lenningen,Femmes,Non-salariés,20
2017.09.29,Remich,Lenningen,Hommes,Salariés,390
2017.09.29,Remich,Lenningen,Hommes,Non-salariés,50
2017.09.29,Remich,Mondorf-les-Bains,Femmes,Salariés,840
2017.09.29,Remich,Mondorf-les-Bains,Femmes,Non-salariés,70
2017.09.29,Remich,Mondorf-les-Bains,Hommes,Salariés,930
2017.09.29,Remich,Mondorf-les-Bains,Hommes,Non-salariés,130
2017.09.29,Remich,Remich,Femmes,Salariés,580
2017.09.29,Remich,Remich,Femmes,Non-salariés,50
2017.09.29,Remich,Remich,Hommes,Salariés,690
2017.09.29,Remich,Remich,Hommes,Non-salariés,110
2017.09.29,Remich,Schengen,Femmes,Salariés,880
2017.09.29,Remich,Schengen,Femmes,Non-salariés,100
2017.09.29,Remich,Schengen,Hommes,Salariés,1000
2017.09.29,Remich,Schengen,Hommes,Non-salariés,170
2017.09.29,Remich,Stadtbredimus,Femmes,Salariés,360
2017.09.29,Remich,Stadtbredimus,Femmes,Non-salariés,40
2017.09.29,Remich,Stadtbredimus,Hommes,Salariés,420
2017.09.29,Remich,Stadtbredimus,Hommes,Non-salariés,50
2017.09.29,Vianden,Putscheid,Femmes,Salariés,200
2017.09.29,Vianden,Putscheid,Femmes,Non-salariés,20
2017.09.29,Vianden,Putscheid,Hommes,Salariés,240
2017.09.29,Vianden,Putscheid,Hommes,Non-salariés,20
2017.09.29,Vianden,Tandel,Femmes,Salariés,430
2017.09.29,Vianden,Tandel,Femmes,Non-salariés,40
2017.09.29,Vianden,Tandel,Hommes,Salariés,460
2017.09.29,Vianden,Tandel,Hommes,Non-salariés,60
2017.09.29,Vianden,Vianden,Femmes,Salariés,360
2017.09.29,Vianden,Vianden,Femmes,Non-salariés,30
2017.09.29,Vianden,Vianden,Hommes,Salariés,430
2017.09.29,Vianden,Vianden,Hommes,Non-salariés,40
2017.09.29,Wiltz,Boulaide,Femmes,Salariés,210
2017.09.29,Wiltz,Boulaide,Femmes,Non-salariés,20
2017.09.29,Wiltz,Boulaide,Hommes,Salariés,230
2017.09.29,Wiltz,Boulaide,Hommes,Non-salariés,50
2017.09.29,Wiltz,Esch-sur-Sûre,Femmes,Salariés,470
2017.09.29,Wiltz,Esch-sur-Sûre,Femmes,Non-salariés,30
2017.09.29,Wiltz,Esch-sur-Sûre,Hommes,Salariés,550
2017.09.29,Wiltz,Esch-sur-Sûre,Hommes,Non-salariés,80
2017.09.29,Wiltz,Goesdorf,Femmes,Salariés,270
2017.09.29,Wiltz,Goesdorf,Femmes,Non-salariés,30
2017.09.29,Wiltz,Goesdorf,Hommes,Salariés,350
2017.09.29,Wiltz,Goesdorf,Hommes,Non-salariés,40
2017.09.29,Wiltz,Kiischpelt,Femmes,Salariés,210
2017.09.29,Wiltz,Kiischpelt,Femmes,Non-salariés,20
2017.09.29,Wiltz,Kiischpelt,Hommes,Salariés,260
2017.09.29,Wiltz,Kiischpelt,Hommes,Non-salariés,20
2017.09.29,Wiltz,Lac de la Haute-Sûre,Femmes,Salariés,290
2017.09.29,Wiltz,Lac de la Haute-Sûre,Femmes,Non-salariés,40
2017.09.29,Wiltz,Lac de la Haute-Sûre,Hommes,Salariés,370
2017.09.29,Wiltz,Lac de la Haute-Sûre,Hommes,Non-salariés,60
2017.09.29,Wiltz,Wiltz,Femmes,Salariés,1050
2017.09.29,Wiltz,Wiltz,Femmes,Non-salariés,60
2017.09.29,Wiltz,Wiltz,Hommes,Salariés,1340
2017.09.29,Wiltz,Wiltz,Hommes,Non-salariés,140
2017.09.29,Wiltz,Winseler,Femmes,Salariés,200
2017.09.29,Wiltz,Winseler,Femmes,Non-salariés,30
2017.09.29,Wiltz,Winseler,Hommes,Salariés,250
2017.09.29,Wiltz,Winseler,Hommes,Non-salariés,70
2018.03.30,Capellen,Dippach,Femmes,Salariés,760
2018.03.30,Capellen,Dippach,Femmes,Non-salariés,60
2018.03.30,Capellen,Dippach,Hommes,Salariés,890
2018.03.30,Capellen,Dippach,Hommes,Non-salariés,100
2018.03.30,Capellen,Garnich,Femmes,Salariés,370
2018.03.30,Capellen,Garnich,Femmes,Non-salariés,40
2018.03.30,Capellen,Garnich,Hommes,Salariés,420
2018.03.30,Capellen,Garnich,Hommes,Non-salariés,60
2018.03.30,Capellen,Habscht,Femmes,Salariés,820
2018.03.30,Capellen,Habscht,Femmes,Non-salariés,60
2018.03.30,Capellen,Habscht,Hommes,Salariés,950
2018.03.30,Capellen,Habscht,Hommes,Non-salariés,130
2018.03.30,Capellen,Käerjeng,Femmes,Salariés,1830
2018.03.30,Capellen,Käerjeng,Femmes,Non-salariés,140
2018.03.30,Capellen,Käerjeng,Hommes,Salariés,2040
2018.03.30,Capellen,Käerjeng,Hommes,Non-salariés,180
2018.03.30,Capellen,Kehlen,Femmes,Salariés,940
2018.03.30,Capellen,Kehlen,Femmes,Non-salariés,120
2018.03.30,Capellen,Kehlen,Hommes,Salariés,1050
2018.03.30,Capellen,Kehlen,Hommes,Non-salariés,180
2018.03.30,Capellen,Koerich,Femmes,Salariés,430
2018.03.30,Capellen,Koerich,Femmes,Non-salariés,40
2018.03.30,Capellen,Koerich,Hommes,Salariés,500
2018.03.30,Capellen,Koerich,Hommes,Non-salariés,70
2018.03.30,Capellen,Kopstal,Femmes,Salariés,610
2018.03.30,Capellen,Kopstal,Femmes,Non-salariés,80
2018.03.30,Capellen,Kopstal,Hommes,Salariés,650
2018.03.30,Capellen,Kopstal,Hommes,Non-salariés,150
2018.03.30,Capellen,Mamer,Femmes,Salariés,1400
2018.03.30,Capellen,Mamer,Femmes,Non-salariés,150
2018.03.30,Capellen,Mamer,Hommes,Salariés,1560
2018.03.30,Capellen,Mamer,Hommes,Non-salariés,250
2018.03.30,Capellen,Steinfort,Femmes,Salariés,890
2018.03.30,Capellen,Steinfort,Femmes,Non-salariés,80
2018.03.30,Capellen,Steinfort,Hommes,Salariés,1010
2018.03.30,Capellen,Steinfort,Hommes,Non-salariés,110
2018.03.30,Clervaux,Clervaux,Femmes,Salariés,890
2018.03.30,Clervaux,Clervaux,Femmes,Non-salariés,100
2018.03.30,Clervaux,Clervaux,Hommes,Salariés,1100
2018.03.30,Clervaux,Clervaux,Hommes,Non-salariés,140
2018.03.30,Clervaux,Parc Hosingen,Femmes,Salariés,650
2018.03.30,Clervaux,Parc Hosingen,Femmes,Non-salariés,50
2018.03.30,Clervaux,Parc Hosingen,Hommes,Salariés,760
2018.03.30,Clervaux,Parc Hosingen,Hommes,Non-salariés,90
2018.03.30,Clervaux,Troisvierges,Femmes,Salariés,530
2018.03.30,Clervaux,Troisvierges,Femmes,Non-salariés,50
2018.03.30,Clervaux,Troisvierges,Hommes,Salariés,720
2018.03.30,Clervaux,Troisvierges,Hommes,Non-salariés,90
2018.03.30,Clervaux,Weiswampach,Femmes,Salariés,310
2018.03.30,Clervaux,Weiswampach,Femmes,Non-salariés,30
2018.03.30,Clervaux,Weiswampach,Hommes,Salariés,430
2018.03.30,Clervaux,Weiswampach,Hommes,Non-salariés,90
2018.03.30,Clervaux,Wincrange,Femmes,Salariés,730
2018.03.30,Clervaux,Wincrange,Femmes,Non-salariés,100
2018.03.30,Clervaux,Wincrange,Hommes,Salariés,860
2018.03.30,Clervaux,Wincrange,Hommes,Non-salariés,220
2018.03.30,Diekirch,Bettendorf,Femmes,Salariés,500
2018.03.30,Diekirch,Bettendorf,Femmes,Non-salariés,40
2018.03.30,Diekirch,Bettendorf,Hommes,Salariés,630
2018.03.30,Diekirch,Bettendorf,Hommes,Non-salariés,60
2018.03.30,Diekirch,Bourscheid,Femmes,Salariés,320
2018.03.30,Diekirch,Bourscheid,Femmes,Non-salariés,30
2018.03.30,Diekirch,Bourscheid,Hommes,Salariés,380
2018.03.30,Diekirch,Bourscheid,Hommes,Non-salariés,50
2018.03.30,Diekirch,Diekirch,Femmes,Salariés,1270
2018.03.30,Diekirch,Diekirch,Femmes,Non-salariés,90
2018.03.30,Diekirch,Diekirch,Hommes,Salariés,1470
2018.03.30,Diekirch,Diekirch,Hommes,Non-salariés,110
2018.03.30,Diekirch,Erpeldange-sur-Sûre,Femmes,Salariés,440
2018.03.30,Diekirch,Erpeldange-sur-Sûre,Femmes,Non-salariés,40
2018.03.30,Diekirch,Erpeldange-sur-Sûre,Hommes,Salariés,520
2018.03.30,Diekirch,Erpeldange-sur-Sûre,Hommes,Non-salariés,50
2018.03.30,Diekirch,Ettelbruck,Femmes,Salariés,1570
2018.03.30,Diekirch,Ettelbruck,Femmes,Non-salariés,90
2018.03.30,Diekirch,Ettelbruck,Hommes,Salariés,1800
2018.03.30,Diekirch,Ettelbruck,Hommes,Non-salariés,140
2018.03.30,Diekirch,Feulen,Femmes,Salariés,430
2018.03.30,Diekirch,Feulen,Femmes,Non-salariés,20
2018.03.30,Diekirch,Feulen,Hommes,Salariés,470
2018.03.30,Diekirch,Feulen,Hommes,Non-salariés,40
2018.03.30,Diekirch,Mertzig,Femmes,Salariés,440
2018.03.30,Diekirch,Mertzig,Femmes,Non-salariés,20
2018.03.30,Diekirch,Mertzig,Hommes,Salariés,500
2018.03.30,Diekirch,Mertzig,Hommes,Non-salariés,30
2018.03.30,Diekirch,Reisdorf,Femmes,Salariés,200
2018.03.30,Diekirch,Reisdorf,Femmes,Non-salariés,20
2018.03.30,Diekirch,Reisdorf,Hommes,Salariés,260
2018.03.30,Diekirch,Reisdorf,Hommes,Non-salariés,30
2018.03.30,Diekirch,Schieren,Femmes,Salariés,400
2018.03.30,Diekirch,Schieren,Femmes,Non-salariés,30
2018.03.30,Diekirch,Schieren,Hommes,Salariés,460
2018.03.30,Diekirch,Schieren,Hommes,Non-salariés,30
2018.03.30,Diekirch,Vallée de l'Ernz,Femmes,Salariés,480
2018.03.30,Diekirch,Vallée de l'Ernz,Femmes,Non-salariés,60
2018.03.30,Diekirch,Vallée de l'Ernz,Hommes,Salariés,610
2018.03.30,Diekirch,Vallée de l'Ernz,Hommes,Non-salariés,60
2018.03.30,Echternach,Beaufort,Femmes,Salariés,480
2018.03.30,Echternach,Beaufort,Femmes,Non-salariés,40
2018.03.30,Echternach,Beaufort,Hommes,Salariés,610
2018.03.30,Echternach,Beaufort,Hommes,Non-salariés,40
2018.03.30,Echternach,Bech,Femmes,Salariés,200
2018.03.30,Echternach,Bech,Femmes,Non-salariés,20
2018.03.30,Echternach,Bech,Hommes,Salariés,240
2018.03.30,Echternach,Bech,Hommes,Non-salariés,40
2018.03.30,Echternach,Berdorf,Femmes,Salariés,300
2018.03.30,Echternach,Berdorf,Femmes,Non-salariés,30
2018.03.30,Echternach,Berdorf,Hommes,Salariés,360
2018.03.30,Echternach,Berdorf,Hommes,Non-salariés,40
2018.03.30,Echternach,Consdorf,Femmes,Salariés,360
2018.03.30,Echternach,Consdorf,Femmes,Non-salariés,30
2018.03.30,Echternach,Consdorf,Hommes,Salariés,400
2018.03.30,Echternach,Consdorf,Hommes,Non-salariés,60
2018.03.30,Echternach,Echternach,Femmes,Salariés,990
2018.03.30,Echternach,Echternach,Femmes,Non-salariés,80
2018.03.30,Echternach,Echternach,Hommes,Salariés,1080
2018.03.30,Echternach,Echternach,Hommes,Non-salariés,120
2018.03.30,Echternach,Rosport-Mompach,Femmes,Salariés,650
2018.03.30,Echternach,Rosport-Mompach,Femmes,Non-salariés,70
2018.03.30,Echternach,Rosport-Mompach,Hommes,Salariés,780
2018.03.30,Echternach,Rosport-Mompach,Hommes,Non-salariés,110
2018.03.30,Echternach,Waldbillig,Femmes,Salariés,340
2018.03.30,Echternach,Waldbillig,Femmes,Non-salariés,30
2018.03.30,Echternach,Waldbillig,Hommes,Salariés,410
2018.03.30,Echternach,Waldbillig,Hommes,Non-salariés,40
2018.03.30,Esch-Sur-Alzette,Bettembourg,Femmes,Salariés,2040
2018.03.30,Esch-Sur-Alzette,Bettembourg,Femmes,Non-salariés,140
2018.03.30,Esch-Sur-Alzette,Bettembourg,Hommes,Salariés,2300
2018.03.30,Esch-Sur-Alzette,Bettembourg,Hommes,Non-salariés,190
2018.03.30,Esch-Sur-Alzette,Differdange,Femmes,Salariés,4970
2018.03.30,Esch-Sur-Alzette,Differdange,Femmes,Non-salariés,210
2018.03.30,Esch-Sur-Alzette,Differdange,Hommes,Salariés,6160
2018.03.30,Esch-Sur-Alzette,Differdange,Hommes,Non-salariés,240
2018.03.30,Esch-Sur-Alzette,Dudelange,Femmes,Salariés,3850
2018.03.30,Esch-Sur-Alzette,Dudelange,Femmes,Non-salariés,200
2018.03.30,Esch-Sur-Alzette,Dudelange,Hommes,Salariés,4450
2018.03.30,Esch-Sur-Alzette,Dudelange,Hommes,Non-salariés,300
2018.03.30,Esch-Sur-Alzette,Esch-sur-Alzette,Femmes,Salariés,6270
2018.03.30,Esch-Sur-Alzette,Esch-sur-Alzette,Femmes,Non-salariés,300
2018.03.30,Esch-Sur-Alzette,Esch-sur-Alzette,Hommes,Salariés,7800
2018.03.30,Esch-Sur-Alzette,Esch-sur-Alzette,Hommes,Non-salariés,420
2018.03.30,Esch-Sur-Alzette,Frisange,Femmes,Salariés,890
2018.03.30,Esch-Sur-Alzette,Frisange,Femmes,Non-salariés,60
2018.03.30,Esch-Sur-Alzette,Frisange,Hommes,Salariés,1010
2018.03.30,Esch-Sur-Alzette,Frisange,Hommes,Non-salariés,110
2018.03.30,Esch-Sur-Alzette,Kayl,Femmes,Salariés,1750
2018.03.30,Esch-Sur-Alzette,Kayl,Femmes,Non-salariés,100
2018.03.30,Esch-Sur-Alzette,Kayl,Hommes,Salariés,2020
2018.03.30,Esch-Sur-Alzette,Kayl,Hommes,Non-salariés,120
2018.03.30,Esch-Sur-Alzette,Leudelange,Femmes,Salariés,500
2018.03.30,Esch-Sur-Alzette,Leudelange,Femmes,Non-salariés,50
2018.03.30,Esch-Sur-Alzette,Leudelange,Hommes,Salariés,530
2018.03.30,Esch-Sur-Alzette,Leudelange,Hommes,Non-salariés,90
2018.03.30,Esch-Sur-Alzette,Mondercange,Femmes,Salariés,1270
2018.03.30,Esch-Sur-Alzette,Mondercange,Femmes,Non-salariés,110
2018.03.30,Esch-Sur-Alzette,Mondercange,Hommes,Salariés,1400
2018.03.30,Esch-Sur-Alzette,Mondercange,Hommes,Non-salariés,170
2018.03.30,Esch-Sur-Alzette,Pétange,Femmes,Salariés,3370
2018.03.30,Esch-Sur-Alzette,Pétange,Femmes,Non-salariés,190
2018.03.30,Esch-Sur-Alzette,Pétange,Hommes,Salariés,4160
2018.03.30,Esch-Sur-Alzette,Pétange,Hommes,Non-salariés,190
2018.03.30,Esch-Sur-Alzette,Reckange-sur-Mess,Femmes,Salariés,460
2018.03.30,Esch-Sur-Alzette,Reckange-sur-Mess,Femmes,Non-salariés,40
2018.03.30,Esch-Sur-Alzette,Reckange-sur-Mess,Hommes,Salariés,500
2018.03.30,Esch-Sur-Alzette,Reckange-sur-Mess,Hommes,Non-salariés,80
2018.03.30,Esch-Sur-Alzette,Roeser,Femmes,Salariés,1210
2018.03.30,Esch-Sur-Alzette,Roeser,Femmes,Non-salariés,90
2018.03.30,Esch-Sur-Alzette,Roeser,Hommes,Salariés,1370
2018.03.30,Esch-Sur-Alzette,Roeser,Hommes,Non-salariés,160
2018.03.30,Esch-Sur-Alzette,Rumelange,Femmes,Salariés,970
2018.03.30,Esch-Sur-Alzette,Rumelange,Femmes,Non-salariés,50
2018.03.30,Esch-Sur-Alzette,Rumelange,Hommes,Salariés,1170
2018.03.30,Esch-Sur-Alzette,Rumelange,Hommes,Non-salariés,60
2018.03.30,Esch-Sur-Alzette,Sanem,Femmes,Salariés,3170
2018.03.30,Esch-Sur-Alzette,Sanem,Femmes,Non-salariés,170
2018.03.30,Esch-Sur-Alzette,Sanem,Hommes,Salariés,3690
2018.03.30,Esch-Sur-Alzette,Sanem,Hommes,Non-salariés,240
2018.03.30,Esch-Sur-Alzette,Schifflange,Femmes,Salariés,2120
2018.03.30,Esch-Sur-Alzette,Schifflange,Femmes,Non-salariés,110
2018.03.30,Esch-Sur-Alzette,Schifflange,Hommes,Salariés,2420
2018.03.30,Esch-Sur-Alzette,Schifflange,Hommes,Non-salariés,110
2018.03.30,Grevenmacher,Betzdorf,Femmes,Salariés,670
2018.03.30,Grevenmacher,Betzdorf,Femmes,Non-salariés,50
2018.03.30,Grevenmacher,Betzdorf,Hommes,Salariés,780
2018.03.30,Grevenmacher,Betzdorf,Hommes,Non-salariés,90
2018.03.30,Grevenmacher,Biwer,Femmes,Salariés,310
2018.03.30,Grevenmacher,Biwer,Femmes,Non-salariés,30
2018.03.30,Grevenmacher,Biwer,Hommes,Salariés,390
2018.03.30,Grevenmacher,Biwer,Hommes,Non-salariés,50
2018.03.30,Grevenmacher,Flaxweiler,Femmes,Salariés,370
2018.03.30,Grevenmacher,Flaxweiler,Femmes,Non-salariés,50
2018.03.30,Grevenmacher,Flaxweiler,Hommes,Salariés,470
2018.03.30,Grevenmacher,Flaxweiler,Hommes,Non-salariés,50
2018.03.30,Grevenmacher,Grevenmacher,Femmes,Salariés,860
2018.03.30,Grevenmacher,Grevenmacher,Femmes,Non-salariés,60
2018.03.30,Grevenmacher,Grevenmacher,Hommes,Salariés,1020
2018.03.30,Grevenmacher,Grevenmacher,Hommes,Non-salariés,90
2018.03.30,Grevenmacher,Junglinster,Femmes,Salariés,1320
2018.03.30,Grevenmacher,Junglinster,Femmes,Non-salariés,130
2018.03.30,Grevenmacher,Junglinster,Hommes,Salariés,1470
2018.03.30,Grevenmacher,Junglinster,Hommes,Non-salariés,200
2018.03.30,Grevenmacher,Manternach,Femmes,Salariés,380
2018.03.30,Grevenmacher,Manternach,Femmes,Non-salariés,30
2018.03.30,Grevenmacher,Manternach,Hommes,Salariés,420
2018.03.30,Grevenmacher,Manternach,Hommes,Non-salariés,60
2018.03.30,Grevenmacher,Mertert,Femmes,Salariés,820
2018.03.30,Grevenmacher,Mertert,Femmes,Non-salariés,50
2018.03.30,Grevenmacher,Mertert,Hommes,Salariés,920
2018.03.30,Grevenmacher,Mertert,Hommes,Non-salariés,90
2018.03.30,Grevenmacher,Wormeldange,Femmes,Salariés,490
2018.03.30,Grevenmacher,Wormeldange,Femmes,Non-salariés,50
2018.03.30,Grevenmacher,Wormeldange,Hommes,Salariés,600
2018.03.30,Grevenmacher,Wormeldange,Hommes,Non-salariés,100
2018.03.30,Luxembourg-Campagne,Bertrange,Femmes,Salariés,1280
2018.03.30,Luxembourg-Campagne,Bertrange,Femmes,Non-salariés,130
2018.03.30,Luxembourg-Campagne,Bertrange,Hommes,Salariés,1510
2018.03.30,Luxembourg-Campagne,Bertrange,Hommes,Non-salariés,220
2018.03.30,Luxembourg-Campagne,Contern,Femmes,Salariés,600
2018.03.30,Luxembourg-Campagne,Contern,Femmes,Non-salariés,50
2018.03.30,Luxembourg-Campagne,Contern,Hommes,Salariés,690
2018.03.30,Luxembourg-Campagne,Contern,Hommes,Non-salariés,110
2018.03.30,Luxembourg-Campagne,Hesperange,Femmes,Salariés,2700
2018.03.30,Luxembourg-Campagne,Hesperange,Femmes,Non-salariés,240
2018.03.30,Luxembourg-Campagne,Hesperange,Hommes,Salariés,3110
2018.03.30,Luxembourg-Campagne,Hesperange,Hommes,Non-salariés,360
2018.03.30,Luxembourg-Campagne,Niederanven,Femmes,Salariés,750
2018.03.30,Luxembourg-Campagne,Niederanven,Femmes,Non-salariés,140
2018.03.30,Luxembourg-Campagne,Niederanven,Hommes,Salariés,900
2018.03.30,Luxembourg-Campagne,Niederanven,Hommes,Non-salariés,190
2018.03.30,Luxembourg-Campagne,Sandweiler,Femmes,Salariés,590
2018.03.30,Luxembourg-Campagne,Sandweiler,Femmes,Non-salariés,50
2018.03.30,Luxembourg-Campagne,Sandweiler,Hommes,Salariés,660
2018.03.30,Luxembourg-Campagne,Sandweiler,Hommes,Non-salariés,90
2018.03.30,Luxembourg-Campagne,Schuttrange,Femmes,Salariés,620
2018.03.30,Luxembourg-Campagne,Schuttrange,Femmes,Non-salariés,70
2018.03.30,Luxembourg-Campagne,Schuttrange,Hommes,Salariés,720
2018.03.30,Luxembourg-Campagne,Schuttrange,Hommes,Non-salariés,120
2018.03.30,Luxembourg-Campagne,Steinsel,Femmes,Salariés,830
2018.03.30,Luxembourg-Campagne,Steinsel,Femmes,Non-salariés,70
2018.03.30,Luxembourg-Campagne,Steinsel,Hommes,Salariés,910
2018.03.30,Luxembourg-Campagne,Steinsel,Hommes,Non-salariés,130
2018.03.30,Luxembourg-Campagne,Strassen,Femmes,Salariés,1440
2018.03.30,Luxembourg-Campagne,Strassen,Femmes,Non-salariés,160
2018.03.30,Luxembourg-Campagne,Strassen,Hommes,Salariés,1720
2018.03.30,Luxembourg-Campagne,Strassen,Hommes,Non-salariés,240
2018.03.30,Luxembourg-Campagne,Walferdange,Femmes,Salariés,1290
2018.03.30,Luxembourg-Campagne,Walferdange,Femmes,Non-salariés,130
2018.03.30,Luxembourg-Campagne,Walferdange,Hommes,Salariés,1530
2018.03.30,Luxembourg-Campagne,Walferdange,Hommes,Non-salariés,210
2018.03.30,Luxembourg-Campagne,Weiler-la-Tour,Femmes,Salariés,410
2018.03.30,Luxembourg-Campagne,Weiler-la-Tour,Femmes,Non-salariés,40
2018.03.30,Luxembourg-Campagne,Weiler-la-Tour,Hommes,Salariés,490
2018.03.30,Luxembourg-Campagne,Weiler-la-Tour,Hommes,Non-salariés,50
2018.03.30,Luxembourg-Ville,Luxembourg,Femmes,Salariés,18400
2018.03.30,Luxembourg-Ville,Luxembourg,Femmes,Non-salariés,1720
2018.03.30,Luxembourg-Ville,Luxembourg,Hommes,Salariés,22820
2018.03.30,Luxembourg-Ville,Luxembourg,Hommes,Non-salariés,2650
2018.03.30,Mersch,Bissen,Femmes,Salariés,620
2018.03.30,Mersch,Bissen,Femmes,Non-salariés,30
2018.03.30,Mersch,Bissen,Hommes,Salariés,710
2018.03.30,Mersch,Bissen,Hommes,Non-salariés,50
2018.03.30,Mersch,Colmar-Berg,Femmes,Salariés,440
2018.03.30,Mersch,Colmar-Berg,Femmes,Non-salariés,20
2018.03.30,Mersch,Colmar-Berg,Hommes,Salariés,500
2018.03.30,Mersch,Colmar-Berg,Hommes,Non-salariés,30
2018.03.30,Mersch,Fischbach,Femmes,Salariés,260
2018.03.30,Mersch,Fischbach,Femmes,Non-salariés,20
2018.03.30,Mersch,Fischbach,Hommes,Salariés,310
2018.03.30,Mersch,Fischbach,Hommes,Non-salariés,30
2018.03.30,Mersch,Heffingen,Femmes,Salariés,280
2018.03.30,Mersch,Heffingen,Femmes,Non-salariés,30
2018.03.30,Mersch,Heffingen,Hommes,Salariés,310
2018.03.30,Mersch,Heffingen,Hommes,Non-salariés,50
2018.03.30,Mersch,Helperknapp,Femmes,Salariés,780
2018.03.30,Mersch,Helperknapp,Femmes,Non-salariés,70
2018.03.30,Mersch,Helperknapp,Hommes,Salariés,930
2018.03.30,Mersch,Helperknapp,Hommes,Non-salariés,100
2018.03.30,Mersch,Larochette,Femmes,Salariés,430
2018.03.30,Mersch,Larochette,Femmes,Non-salariés,40
2018.03.30,Mersch,Larochette,Hommes,Salariés,490
2018.03.30,Mersch,Larochette,Hommes,Non-salariés,30
2018.03.30,Mersch,Lintgen,Femmes,Salariés,630
2018.03.30,Mersch,Lintgen,Femmes,Non-salariés,40
2018.03.30,Mersch,Lintgen,Hommes,Salariés,710
2018.03.30,Mersch,Lintgen,Hommes,Non-salariés,50
2018.03.30,Mersch,Lorentzweiler,Femmes,Salariés,680
2018.03.30,Mersch,Lorentzweiler,Femmes,Non-salariés,60
2018.03.30,Mersch,Lorentzweiler,Hommes,Salariés,760
2018.03.30,Mersch,Lorentzweiler,Hommes,Non-salariés,80
2018.03.30,Mersch,Mersch,Femmes,Salariés,1780
2018.03.30,Mersch,Mersch,Femmes,Non-salariés,120
2018.03.30,Mersch,Mersch,Hommes,Salariés,2040
2018.03.30,Mersch,Mersch,Hommes,Non-salariés,180
2018.03.30,Mersch,Nommern,Femmes,Salariés,260
2018.03.30,Mersch,Nommern,Femmes,Non-salariés,30
2018.03.30,Mersch,Nommern,Hommes,Salariés,290
2018.03.30,Mersch,Nommern,Hommes,Non-salariés,50
2018.03.30,Non déterminé,Non déterminé,Femmes,Salariés,50
2018.03.30,Non déterminé,Non déterminé,Femmes,Non-salariés,0
2018.03.30,Non déterminé,Non déterminé,Hommes,Salariés,80
2018.03.30,Non déterminé,Non déterminé,Hommes,Non-salariés,10
2018.03.30,Redange,Beckerich,Femmes,Salariés,460
2018.03.30,Redange,Beckerich,Femmes,Non-salariés,50
2018.03.30,Redange,Beckerich,Hommes,Salariés,540
2018.03.30,Redange,Beckerich,Hommes,Non-salariés,60
2018.03.30,Redange,Ell,Femmes,Salariés,240
2018.03.30,Redange,Ell,Femmes,Non-salariés,30
2018.03.30,Redange,Ell,Hommes,Salariés,300
2018.03.30,Redange,Ell,Hommes,Non-salariés,40
2018.03.30,Redange,Groussbus-Wal,Femmes,Salariés,390
2018.03.30,Redange,Groussbus-Wal,Femmes,Non-salariés,40
2018.03.30,Redange,Groussbus-Wal,Hommes,Salariés,460
2018.03.30,Redange,Groussbus-Wal,Hommes,Non-salariés,60
2018.03.30,Redange,Préizerdaul,Femmes,Salariés,340
2018.03.30,Redange,Préizerdaul,Femmes,Non-salariés,20
2018.03.30,Redange,Préizerdaul,Hommes,Salariés,380
2018.03.30,Redange,Préizerdaul,Hommes,Non-salariés,40
2018.03.30,Redange,Rambrouch,Femmes,Salariés,680
2018.03.30,Redange,Rambrouch,Femmes,Non-salariés,80
2018.03.30,Redange,Rambrouch,Hommes,Salariés,860
2018.03.30,Redange,Rambrouch,Hommes,Non-salariés,160
2018.03.30,Redange,Redange/Attert,Femmes,Salariés,490
2018.03.30,Redange,Redange/Attert,Femmes,Non-salariés,40
2018.03.30,Redange,Redange/Attert,Hommes,Salariés,560
2018.03.30,Redange,Redange/Attert,Hommes,Non-salariés,90
2018.03.30,Redange,Saeul,Femmes,Salariés,150
2018.03.30,Redange,Saeul,Femmes,Non-salariés,20
2018.03.30,Redange,Saeul,Hommes,Salariés,170
2018.03.30,Redange,Saeul,Hommes,Non-salariés,30
2018.03.30,Redange,Useldange,Femmes,Salariés,380
2018.03.30,Redange,Useldange,Femmes,Non-salariés,40
2018.03.30,Redange,Useldange,Hommes,Salariés,390
2018.03.30,Redange,Useldange,Hommes,Non-salariés,50
2018.03.30,Redange,Vichten,Femmes,Salariés,240
2018.03.30,Redange,Vichten,Femmes,Non-salariés,20
2018.03.30,Redange,Vichten,Hommes,Salariés,340
2018.03.30,Redange,Vichten,Hommes,Non-salariés,20
2018.03.30,Remich,Bous-Waldbredimus,Femmes,Salariés,510
2018.03.30,Remich,Bous-Waldbredimus,Femmes,Non-salariés,40
2018.03.30,Remich,Bous-Waldbredimus,Hommes,Salariés,620
2018.03.30,Remich,Bous-Waldbredimus,Hommes,Non-salariés,90
2018.03.30,Remich,Dalheim,Femmes,Salariés,410
2018.03.30,Remich,Dalheim,Femmes,Non-salariés,30
2018.03.30,Remich,Dalheim,Hommes,Salariés,480
2018.03.30,Remich,Dalheim,Hommes,Non-salariés,60
2018.03.30,Remich,Lenningen,Femmes,Salariés,350
2018.03.30,Remich,Lenningen,Femmes,Non-salariés,20
2018.03.30,Remich,Lenningen,Hommes,Salariés,400
2018.03.30,Remich,Lenningen,Hommes,Non-salariés,50
2018.03.30,Remich,Mondorf-les-Bains,Femmes,Salariés,850
2018.03.30,Remich,Mondorf-les-Bains,Femmes,Non-salariés,70
2018.03.30,Remich,Mondorf-les-Bains,Hommes,Salariés,980
2018.03.30,Remich,Mondorf-les-Bains,Hommes,Non-salariés,130
2018.03.30,Remich,Remich,Femmes,Salariés,590
2018.03.30,Remich,Remich,Femmes,Non-salariés,50
2018.03.30,Remich,Remich,Hommes,Salariés,700
2018.03.30,Remich,Remich,Hommes,Non-salariés,110
2018.03.30,Remich,Schengen,Femmes,Salariés,910
2018.03.30,Remich,Schengen,Femmes,Non-salariés,100
2018.03.30,Remich,Schengen,Hommes,Salariés,970
2018.03.30,Remich,Schengen,Hommes,Non-salariés,160
2018.03.30,Remich,Stadtbredimus,Femmes,Salariés,370
2018.03.30,Remich,Stadtbredimus,Femmes,Non-salariés,40
2018.03.30,Remich,Stadtbredimus,Hommes,Salariés,420
2018.03.30,Remich,Stadtbredimus,Hommes,Non-salariés,50
2018.03.30,Vianden,Putscheid,Femmes,Salariés,210
2018.03.30,Vianden,Putscheid,Femmes,Non-salariés,20
2018.03.30,Vianden,Putscheid,Hommes,Salariés,240
2018.03.30,Vianden,Putscheid,Hommes,Non-salariés,20
2018.03.30,Vianden,Tandel,Femmes,Salariés,430
2018.03.30,Vianden,Tandel,Femmes,Non-salariés,30
2018.03.30,Vianden,Tandel,Hommes,Salariés,470
2018.03.30,Vianden,Tandel,Hommes,Non-salariés,60
2018.03.30,Vianden,Vianden,Femmes,Salariés,350
2018.03.30,Vianden,Vianden,Femmes,Non-salariés,30
2018.03.30,Vianden,Vianden,Hommes,Salariés,420
2018.03.30,Vianden,Vianden,Hommes,Non-salariés,40
2018.03.30,Wiltz,Boulaide,Femmes,Salariés,220
2018.03.30,Wiltz,Boulaide,Femmes,Non-salariés,20
2018.03.30,Wiltz,Boulaide,Hommes,Salariés,240
2018.03.30,Wiltz,Boulaide,Hommes,Non-salariés,40
2018.03.30,Wiltz,Esch-sur-Sûre,Femmes,Salariés,480
2018.03.30,Wiltz,Esch-sur-Sûre,Femmes,Non-salariés,30
2018.03.30,Wiltz,Esch-sur-Sûre,Hommes,Salariés,570
2018.03.30,Wiltz,Esch-sur-Sûre,Hommes,Non-salariés,70
2018.03.30,Wiltz,Goesdorf,Femmes,Salariés,290
2018.03.30,Wiltz,Goesdorf,Femmes,Non-salariés,30
2018.03.30,Wiltz,Goesdorf,Hommes,Salariés,340
2018.03.30,Wiltz,Goesdorf,Hommes,Non-salariés,50
2018.03.30,Wiltz,Kiischpelt,Femmes,Salariés,200
2018.03.30,Wiltz,Kiischpelt,Femmes,Non-salariés,30
2018.03.30,Wiltz,Kiischpelt,Hommes,Salariés,240
2018.03.30,Wiltz,Kiischpelt,Hommes,Non-salariés,20
2018.03.30,Wiltz,Lac de la Haute-Sûre,Femmes,Salariés,300
2018.03.30,Wiltz,Lac de la Haute-Sûre,Femmes,Non-salariés,40
2018.03.30,Wiltz,Lac de la Haute-Sûre,Hommes,Salariés,380
2018.03.30,Wiltz,Lac de la Haute-Sûre,Hommes,Non-salariés,60
2018.03.30,Wiltz,Wiltz,Femmes,Salariés,1080
2018.03.30,Wiltz,Wiltz,Femmes,Non-salariés,60
2018.03.30,Wiltz,Wiltz,Hommes,Salariés,1340
2018.03.30,Wiltz,Wiltz,Hommes,Non-salariés,140
2018.03.30,Wiltz,Winseler,Femmes,Salariés,210
2018.03.30,Wiltz,Winseler,Femmes,Non-salariés,30
2018.03.30,Wiltz,Winseler,Hommes,Salariés,250
2018.03.30,Wiltz,Winseler,Hommes,Non-salariés,70
2018.09.28,Capellen,Dippach,Femmes,Salariés,770
2018.09.28,Capellen,Dippach,Femmes,Non-salariés,60
2018.09.28,Capellen,Dippach,Hommes,Salariés,880
2018.09.28,Capellen,Dippach,Hommes,Non-salariés,110
2018.09.28,Capellen,Garnich,Femmes,Salariés,370
2018.09.28,Capellen,Garnich,Femmes,Non-salariés,40
2018.09.28,Capellen,Garnich,Hommes,Salariés,420
2018.09.28,Capellen,Garnich,Hommes,Non-salariés,60
2018.09.28,Capellen,Habscht,Femmes,Salariés,830
2018.09.28,Capellen,Habscht,Femmes,Non-salariés,70
2018.09.28,Capellen,Habscht,Hommes,Salariés,960
2018.09.28,Capellen,Habscht,Hommes,Non-salariés,130
2018.09.28,Capellen,Käerjeng,Femmes,Salariés,1870
2018.09.28,Capellen,Käerjeng,Femmes,Non-salariés,140
2018.09.28,Capellen,Käerjeng,Hommes,Salariés,2060
2018.09.28,Capellen,Käerjeng,Hommes,Non-salariés,180
2018.09.28,Capellen,Kehlen,Femmes,Salariés,960
2018.09.28,Capellen,Kehlen,Femmes,Non-salariés,110
2018.09.28,Capellen,Kehlen,Hommes,Salariés,1060
2018.09.28,Capellen,Kehlen,Hommes,Non-salariés,190
2018.09.28,Capellen,Koerich,Femmes,Salariés,440
2018.09.28,Capellen,Koerich,Femmes,Non-salariés,50
2018.09.28,Capellen,Koerich,Hommes,Salariés,500
2018.09.28,Capellen,Koerich,Hommes,Non-salariés,70
2018.09.28,Capellen,Kopstal,Femmes,Salariés,600
2018.09.28,Capellen,Kopstal,Femmes,Non-salariés,70
2018.09.28,Capellen,Kopstal,Hommes,Salariés,660
2018.09.28,Capellen,Kopstal,Hommes,Non-salariés,150
2018.09.28,Capellen,Mamer,Femmes,Salariés,1440
2018.09.28,Capellen,Mamer,Femmes,Non-salariés,140
2018.09.28,Capellen,Mamer,Hommes,Salariés,1550
2018.09.28,Capellen,Mamer,Hommes,Non-salariés,250
2018.09.28,Capellen,Steinfort,Femmes,Salariés,920
2018.09.28,Capellen,Steinfort,Femmes,Non-salariés,80
2018.09.28,Capellen,Steinfort,Hommes,Salariés,1040
2018.09.28,Capellen,Steinfort,Hommes,Non-salariés,120
2018.09.28,Clervaux,Clervaux,Femmes,Salariés,920
2018.09.28,Clervaux,Clervaux,Femmes,Non-salariés,90
2018.09.28,Clervaux,Clervaux,Hommes,Salariés,1110
2018.09.28,Clervaux,Clervaux,Hommes,Non-salariés,150
2018.09.28,Clervaux,Parc Hosingen,Femmes,Salariés,660
2018.09.28,Clervaux,Parc Hosingen,Femmes,Non-salariés,50
2018.09.28,Clervaux,Parc Hosingen,Hommes,Salariés,790
2018.09.28,Clervaux,Parc Hosingen,Hommes,Non-salariés,100
2018.09.28,Clervaux,Troisvierges,Femmes,Salariés,550
2018.09.28,Clervaux,Troisvierges,Femmes,Non-salariés,50
2018.09.28,Clervaux,Troisvierges,Hommes,Salariés,740
2018.09.28,Clervaux,Troisvierges,Hommes,Non-salariés,90
2018.09.28,Clervaux,Weiswampach,Femmes,Salariés,320
2018.09.28,Clervaux,Weiswampach,Femmes,Non-salariés,40
2018.09.28,Clervaux,Weiswampach,Hommes,Salariés,440
2018.09.28,Clervaux,Weiswampach,Hommes,Non-salariés,80
2018.09.28,Clervaux,Wincrange,Femmes,Salariés,760
2018.09.28,Clervaux,Wincrange,Femmes,Non-salariés,100
2018.09.28,Clervaux,Wincrange,Hommes,Salariés,900
2018.09.28,Clervaux,Wincrange,Hommes,Non-salariés,210
2018.09.28,Diekirch,Bettendorf,Femmes,Salariés,510
2018.09.28,Diekirch,Bettendorf,Femmes,Non-salariés,40
2018.09.28,Diekirch,Bettendorf,Hommes,Salariés,630
2018.09.28,Diekirch,Bettendorf,Hommes,Non-salariés,50
2018.09.28,Diekirch,Bourscheid,Femmes,Salariés,320
2018.09.28,Diekirch,Bourscheid,Femmes,Non-salariés,20
2018.09.28,Diekirch,Bourscheid,Hommes,Salariés,380
2018.09.28,Diekirch,Bourscheid,Hommes,Non-salariés,50
2018.09.28,Diekirch,Diekirch,Femmes,Salariés,1280
2018.09.28,Diekirch,Diekirch,Femmes,Non-salariés,100
2018.09.28,Diekirch,Diekirch,Hommes,Salariés,1500
2018.09.28,Diekirch,Diekirch,Hommes,Non-salariés,120
2018.09.28,Diekirch,Erpeldange-sur-Sûre,Femmes,Salariés,460
2018.09.28,Diekirch,Erpeldange-sur-Sûre,Femmes,Non-salariés,30
2018.09.28,Diekirch,Erpeldange-sur-Sûre,Hommes,Salariés,510
2018.09.28,Diekirch,Erpeldange-sur-Sûre,Hommes,Non-salariés,50
2018.09.28,Diekirch,Ettelbruck,Femmes,Salariés,1580
2018.09.28,Diekirch,Ettelbruck,Femmes,Non-salariés,90
2018.09.28,Diekirch,Ettelbruck,Hommes,Salariés,1820
2018.09.28,Diekirch,Ettelbruck,Hommes,Non-salariés,140
2018.09.28,Diekirch,Feulen,Femmes,Salariés,430
2018.09.28,Diekirch,Feulen,Femmes,Non-salariés,20
2018.09.28,Diekirch,Feulen,Hommes,Salariés,490
2018.09.28,Diekirch,Feulen,Hommes,Non-salariés,40
2018.09.28,Diekirch,Mertzig,Femmes,Salariés,450
2018.09.28,Diekirch,Mertzig,Femmes,Non-salariés,30
2018.09.28,Diekirch,Mertzig,Hommes,Salariés,500
2018.09.28,Diekirch,Mertzig,Hommes,Non-salariés,30
2018.09.28,Diekirch,Reisdorf,Femmes,Salariés,210
2018.09.28,Diekirch,Reisdorf,Femmes,Non-salariés,20
2018.09.28,Diekirch,Reisdorf,Hommes,Salariés,280
2018.09.28,Diekirch,Reisdorf,Hommes,Non-salariés,30
2018.09.28,Diekirch,Schieren,Femmes,Salariés,400
2018.09.28,Diekirch,Schieren,Femmes,Non-salariés,30
2018.09.28,Diekirch,Schieren,Hommes,Salariés,460
2018.09.28,Diekirch,Schieren,Hommes,Non-salariés,30
2018.09.28,Diekirch,Vallée de l'Ernz,Femmes,Salariés,490
2018.09.28,Diekirch,Vallée de l'Ernz,Femmes,Non-salariés,50
2018.09.28,Diekirch,Vallée de l'Ernz,Hommes,Salariés,600
2018.09.28,Diekirch,Vallée de l'Ernz,Hommes,Non-salariés,70
2018.09.28,Echternach,Beaufort,Femmes,Salariés,500
2018.09.28,Echternach,Beaufort,Femmes,Non-salariés,40
2018.09.28,Echternach,Beaufort,Hommes,Salariés,600
2018.09.28,Echternach,Beaufort,Hommes,Non-salariés,40
2018.09.28,Echternach,Bech,Femmes,Salariés,210
2018.09.28,Echternach,Bech,Femmes,Non-salariés,20
2018.09.28,Echternach,Bech,Hommes,Salariés,250
2018.09.28,Echternach,Bech,Hommes,Non-salariés,40
2018.09.28,Echternach,Berdorf,Femmes,Salariés,310
2018.09.28,Echternach,Berdorf,Femmes,Non-salariés,30
2018.09.28,Echternach,Berdorf,Hommes,Salariés,360
2018.09.28,Echternach,Berdorf,Hommes,Non-salariés,40
2018.09.28,Echternach,Consdorf,Femmes,Salariés,390
2018.09.28,Echternach,Consdorf,Femmes,Non-salariés,30
2018.09.28,Echternach,Consdorf,Hommes,Salariés,410
2018.09.28,Echternach,Consdorf,Hommes,Non-salariés,60
2018.09.28,Echternach,Echternach,Femmes,Salariés,990
2018.09.28,Echternach,Echternach,Femmes,Non-salariés,80
2018.09.28,Echternach,Echternach,Hommes,Salariés,1100
2018.09.28,Echternach,Echternach,Hommes,Non-salariés,120
2018.09.28,Echternach,Rosport-Mompach,Femmes,Salariés,670
2018.09.28,Echternach,Rosport-Mompach,Femmes,Non-salariés,60
2018.09.28,Echternach,Rosport-Mompach,Hommes,Salariés,760
2018.09.28,Echternach,Rosport-Mompach,Hommes,Non-salariés,120
2018.09.28,Echternach,Waldbillig,Femmes,Salariés,330
2018.09.28,Echternach,Waldbillig,Femmes,Non-salariés,30
2018.09.28,Echternach,Waldbillig,Hommes,Salariés,410
2018.09.28,Echternach,Waldbillig,Hommes,Non-salariés,40
2018.09.28,Esch-Sur-Alzette,Bettembourg,Femmes,Salariés,2020
2018.09.28,Esch-Sur-Alzette,Bettembourg,Femmes,Non-salariés,140
2018.09.28,Esch-Sur-Alzette,Bettembourg,Hommes,Salariés,2300
2018.09.28,Esch-Sur-Alzette,Bettembourg,Hommes,Non-salariés,180
2018.09.28,Esch-Sur-Alzette,Differdange,Femmes,Salariés,5030
2018.09.28,Esch-Sur-Alzette,Differdange,Femmes,Non-salariés,220
2018.09.28,Esch-Sur-Alzette,Differdange,Hommes,Salariés,6210
2018.09.28,Esch-Sur-Alzette,Differdange,Hommes,Non-salariés,250
2018.09.28,Esch-Sur-Alzette,Dudelange,Femmes,Salariés,3880
2018.09.28,Esch-Sur-Alzette,Dudelange,Femmes,Non-salariés,220
2018.09.28,Esch-Sur-Alzette,Dudelange,Hommes,Salariés,4510
2018.09.28,Esch-Sur-Alzette,Dudelange,Hommes,Non-salariés,300
2018.09.28,Esch-Sur-Alzette,Esch-sur-Alzette,Femmes,Salariés,6310
2018.09.28,Esch-Sur-Alzette,Esch-sur-Alzette,Femmes,Non-salariés,300
2018.09.28,Esch-Sur-Alzette,Esch-sur-Alzette,Hommes,Salariés,7840
2018.09.28,Esch-Sur-Alzette,Esch-sur-Alzette,Hommes,Non-salariés,430
2018.09.28,Esch-Sur-Alzette,Frisange,Femmes,Salariés,910
2018.09.28,Esch-Sur-Alzette,Frisange,Femmes,Non-salariés,50
2018.09.28,Esch-Sur-Alzette,Frisange,Hommes,Salariés,1020
2018.09.28,Esch-Sur-Alzette,Frisange,Hommes,Non-salariés,110
2018.09.28,Esch-Sur-Alzette,Kayl,Femmes,Salariés,1790
2018.09.28,Esch-Sur-Alzette,Kayl,Femmes,Non-salariés,90
2018.09.28,Esch-Sur-Alzette,Kayl,Hommes,Salariés,2070
2018.09.28,Esch-Sur-Alzette,Kayl,Hommes,Non-salariés,130
2018.09.28,Esch-Sur-Alzette,Leudelange,Femmes,Salariés,490
2018.09.28,Esch-Sur-Alzette,Leudelange,Femmes,Non-salariés,60
2018.09.28,Esch-Sur-Alzette,Leudelange,Hommes,Salariés,530
2018.09.28,Esch-Sur-Alzette,Leudelange,Hommes,Non-salariés,90
2018.09.28,Esch-Sur-Alzette,Mondercange,Femmes,Salariés,1260
2018.09.28,Esch-Sur-Alzette,Mondercange,Femmes,Non-salariés,110
2018.09.28,Esch-Sur-Alzette,Mondercange,Hommes,Salariés,1410
2018.09.28,Esch-Sur-Alzette,Mondercange,Hommes,Non-salariés,170
2018.09.28,Esch-Sur-Alzette,Pétange,Femmes,Salariés,3490
2018.09.28,Esch-Sur-Alzette,Pétange,Femmes,Non-salariés,190
2018.09.28,Esch-Sur-Alzette,Pétange,Hommes,Salariés,4240
2018.09.28,Esch-Sur-Alzette,Pétange,Hommes,Non-salariés,200
2018.09.28,Esch-Sur-Alzette,Reckange-sur-Mess,Femmes,Salariés,460
2018.09.28,Esch-Sur-Alzette,Reckange-sur-Mess,Femmes,Non-salariés,50
2018.09.28,Esch-Sur-Alzette,Reckange-sur-Mess,Hommes,Salariés,510
2018.09.28,Esch-Sur-Alzette,Reckange-sur-Mess,Hommes,Non-salariés,80
2018.09.28,Esch-Sur-Alzette,Roeser,Femmes,Salariés,1220
2018.09.28,Esch-Sur-Alzette,Roeser,Femmes,Non-salariés,90
2018.09.28,Esch-Sur-Alzette,Roeser,Hommes,Salariés,1390
2018.09.28,Esch-Sur-Alzette,Roeser,Hommes,Non-salariés,160
2018.09.28,Esch-Sur-Alzette,Rumelange,Femmes,Salariés,1000
2018.09.28,Esch-Sur-Alzette,Rumelange,Femmes,Non-salariés,50
2018.09.28,Esch-Sur-Alzette,Rumelange,Hommes,Salariés,1180
2018.09.28,Esch-Sur-Alzette,Rumelange,Hommes,Non-salariés,50
2018.09.28,Esch-Sur-Alzette,Sanem,Femmes,Salariés,3210
2018.09.28,Esch-Sur-Alzette,Sanem,Femmes,Non-salariés,170
2018.09.28,Esch-Sur-Alzette,Sanem,Hommes,Salariés,3710
2018.09.28,Esch-Sur-Alzette,Sanem,Hommes,Non-salariés,240
2018.09.28,Esch-Sur-Alzette,Schifflange,Femmes,Salariés,2170
2018.09.28,Esch-Sur-Alzette,Schifflange,Femmes,Non-salariés,120
2018.09.28,Esch-Sur-Alzette,Schifflange,Hommes,Salariés,2480
2018.09.28,Esch-Sur-Alzette,Schifflange,Hommes,Non-salariés,110
2018.09.28,Grevenmacher,Betzdorf,Femmes,Salariés,680
2018.09.28,Grevenmacher,Betzdorf,Femmes,Non-salariés,60
2018.09.28,Grevenmacher,Betzdorf,Hommes,Salariés,790
2018.09.28,Grevenmacher,Betzdorf,Hommes,Non-salariés,90
2018.09.28,Grevenmacher,Biwer,Femmes,Salariés,320
2018.09.28,Grevenmacher,Biwer,Femmes,Non-salariés,30
2018.09.28,Grevenmacher,Biwer,Hommes,Salariés,390
2018.09.28,Grevenmacher,Biwer,Hommes,Non-salariés,50
2018.09.28,Grevenmacher,Flaxweiler,Femmes,Salariés,380
2018.09.28,Grevenmacher,Flaxweiler,Femmes,Non-salariés,40
2018.09.28,Grevenmacher,Flaxweiler,Hommes,Salariés,460
2018.09.28,Grevenmacher,Flaxweiler,Hommes,Non-salariés,60
2018.09.28,Grevenmacher,Grevenmacher,Femmes,Salariés,900
2018.09.28,Grevenmacher,Grevenmacher,Femmes,Non-salariés,50
2018.09.28,Grevenmacher,Grevenmacher,Hommes,Salariés,1030
2018.09.28,Grevenmacher,Grevenmacher,Hommes,Non-salariés,100
2018.09.28,Grevenmacher,Junglinster,Femmes,Salariés,1320
2018.09.28,Grevenmacher,Junglinster,Femmes,Non-salariés,140
2018.09.28,Grevenmacher,Junglinster,Hommes,Salariés,1470
2018.09.28,Grevenmacher,Junglinster,Hommes,Non-salariés,200
2018.09.28,Grevenmacher,Manternach,Femmes,Salariés,380
2018.09.28,Grevenmacher,Manternach,Femmes,Non-salariés,20
2018.09.28,Grevenmacher,Manternach,Hommes,Salariés,430
2018.09.28,Grevenmacher,Manternach,Hommes,Non-salariés,60
2018.09.28,Grevenmacher,Mertert,Femmes,Salariés,810
2018.09.28,Grevenmacher,Mertert,Femmes,Non-salariés,60
2018.09.28,Grevenmacher,Mertert,Hommes,Salariés,930
2018.09.28,Grevenmacher,Mertert,Hommes,Non-salariés,80
2018.09.28,Grevenmacher,Wormeldange,Femmes,Salariés,490
2018.09.28,Grevenmacher,Wormeldange,Femmes,Non-salariés,50
2018.09.28,Grevenmacher,Wormeldange,Hommes,Salariés,600
2018.09.28,Grevenmacher,Wormeldange,Hommes,Non-salariés,100
2018.09.28,Luxembourg-Campagne,Bertrange,Femmes,Salariés,1280
2018.09.28,Luxembourg-Campagne,Bertrange,Femmes,Non-salariés,130
2018.09.28,Luxembourg-Campagne,Bertrange,Hommes,Salariés,1530
2018.09.28,Luxembourg-Campagne,Bertrange,Hommes,Non-salariés,220
2018.09.28,Luxembourg-Campagne,Contern,Femmes,Salariés,610
2018.09.28,Luxembourg-Campagne,Contern,Femmes,Non-salariés,50
2018.09.28,Luxembourg-Campagne,Contern,Hommes,Salariés,710
2018.09.28,Luxembourg-Campagne,Contern,Hommes,Non-salariés,100
2018.09.28,Luxembourg-Campagne,Hesperange,Femmes,Salariés,2730
2018.09.28,Luxembourg-Campagne,Hesperange,Femmes,Non-salariés,250
2018.09.28,Luxembourg-Campagne,Hesperange,Hommes,Salariés,3090
2018.09.28,Luxembourg-Campagne,Hesperange,Hommes,Non-salariés,380
2018.09.28,Luxembourg-Campagne,Niederanven,Femmes,Salariés,770
2018.09.28,Luxembourg-Campagne,Niederanven,Femmes,Non-salariés,140
2018.09.28,Luxembourg-Campagne,Niederanven,Hommes,Salariés,890
2018.09.28,Luxembourg-Campagne,Niederanven,Hommes,Non-salariés,190
2018.09.28,Luxembourg-Campagne,Sandweiler,Femmes,Salariés,590
2018.09.28,Luxembourg-Campagne,Sandweiler,Femmes,Non-salariés,50
2018.09.28,Luxembourg-Campagne,Sandweiler,Hommes,Salariés,650
2018.09.28,Luxembourg-Campagne,Sandweiler,Hommes,Non-salariés,90
2018.09.28,Luxembourg-Campagne,Schuttrange,Femmes,Salariés,610
2018.09.28,Luxembourg-Campagne,Schuttrange,Femmes,Non-salariés,70
2018.09.28,Luxembourg-Campagne,Schuttrange,Hommes,Salariés,730
2018.09.28,Luxembourg-Campagne,Schuttrange,Hommes,Non-salariés,120
2018.09.28,Luxembourg-Campagne,Steinsel,Femmes,Salariés,850
2018.09.28,Luxembourg-Campagne,Steinsel,Femmes,Non-salariés,70
2018.09.28,Luxembourg-Campagne,Steinsel,Hommes,Salariés,900
2018.09.28,Luxembourg-Campagne,Steinsel,Hommes,Non-salariés,140
2018.09.28,Luxembourg-Campagne,Strassen,Femmes,Salariés,1500
2018.09.28,Luxembourg-Campagne,Strassen,Femmes,Non-salariés,160
2018.09.28,Luxembourg-Campagne,Strassen,Hommes,Salariés,1770
2018.09.28,Luxembourg-Campagne,Strassen,Hommes,Non-salariés,260
2018.09.28,Luxembourg-Campagne,Walferdange,Femmes,Salariés,1310
2018.09.28,Luxembourg-Campagne,Walferdange,Femmes,Non-salariés,130
2018.09.28,Luxembourg-Campagne,Walferdange,Hommes,Salariés,1520
2018.09.28,Luxembourg-Campagne,Walferdange,Hommes,Non-salariés,200
2018.09.28,Luxembourg-Campagne,Weiler-la-Tour,Femmes,Salariés,420
2018.09.28,Luxembourg-Campagne,Weiler-la-Tour,Femmes,Non-salariés,40
2018.09.28,Luxembourg-Campagne,Weiler-la-Tour,Hommes,Salariés,490
2018.09.28,Luxembourg-Campagne,Weiler-la-Tour,Hommes,Non-salariés,50
2018.09.28,Luxembourg-Ville,Luxembourg,Femmes,Salariés,18580
2018.09.28,Luxembourg-Ville,Luxembourg,Femmes,Non-salariés,1770
2018.09.28,Luxembourg-Ville,Luxembourg,Hommes,Salariés,23320
2018.09.28,Luxembourg-Ville,Luxembourg,Hommes,Non-salariés,2660
2018.09.28,Mersch,Bissen,Femmes,Salariés,630
2018.09.28,Mersch,Bissen,Femmes,Non-salariés,30
2018.09.28,Mersch,Bissen,Hommes,Salariés,720
2018.09.28,Mersch,Bissen,Hommes,Non-salariés,50
2018.09.28,Mersch,Colmar-Berg,Femmes,Salariés,440
2018.09.28,Mersch,Colmar-Berg,Femmes,Non-salariés,20
2018.09.28,Mersch,Colmar-Berg,Hommes,Salariés,500
2018.09.28,Mersch,Colmar-Berg,Hommes,Non-salariés,40
2018.09.28,Mersch,Fischbach,Femmes,Salariés,270
2018.09.28,Mersch,Fischbach,Femmes,Non-salariés,20
2018.09.28,Mersch,Fischbach,Hommes,Salariés,300
2018.09.28,Mersch,Fischbach,Hommes,Non-salariés,30
2018.09.28,Mersch,Heffingen,Femmes,Salariés,290
2018.09.28,Mersch,Heffingen,Femmes,Non-salariés,30
2018.09.28,Mersch,Heffingen,Hommes,Salariés,320
2018.09.28,Mersch,Heffingen,Hommes,Non-salariés,50
2018.09.28,Mersch,Helperknapp,Femmes,Salariés,780
2018.09.28,Mersch,Helperknapp,Femmes,Non-salariés,70
2018.09.28,Mersch,Helperknapp,Hommes,Salariés,950
2018.09.28,Mersch,Helperknapp,Hommes,Non-salariés,110
2018.09.28,Mersch,Larochette,Femmes,Salariés,420
2018.09.28,Mersch,Larochette,Femmes,Non-salariés,30
2018.09.28,Mersch,Larochette,Hommes,Salariés,480
2018.09.28,Mersch,Larochette,Hommes,Non-salariés,30
2018.09.28,Mersch,Lintgen,Femmes,Salariés,640
2018.09.28,Mersch,Lintgen,Femmes,Non-salariés,50
2018.09.28,Mersch,Lintgen,Hommes,Salariés,720
2018.09.28,Mersch,Lintgen,Hommes,Non-salariés,50
2018.09.28,Mersch,Lorentzweiler,Femmes,Salariés,690
2018.09.28,Mersch,Lorentzweiler,Femmes,Non-salariés,60
2018.09.28,Mersch,Lorentzweiler,Hommes,Salariés,770
2018.09.28,Mersch,Lorentzweiler,Hommes,Non-salariés,90
2018.09.28,Mersch,Mersch,Femmes,Salariés,1780
2018.09.28,Mersch,Mersch,Femmes,Non-salariés,110
2018.09.28,Mersch,Mersch,Hommes,Salariés,2050
2018.09.28,Mersch,Mersch,Hommes,Non-salariés,180
2018.09.28,Mersch,Nommern,Femmes,Salariés,270
2018.09.28,Mersch,Nommern,Femmes,Non-salariés,30
2018.09.28,Mersch,Nommern,Hommes,Salariés,300
2018.09.28,Mersch,Nommern,Hommes,Non-salariés,50
2018.09.28,Non déterminé,Non déterminé,Femmes,Salariés,50
2018.09.28,Non déterminé,Non déterminé,Femmes,Non-salariés,10
2018.09.28,Non déterminé,Non déterminé,Hommes,Salariés,80
2018.09.28,Non déterminé,Non déterminé,Hommes,Non-salariés,10
2018.09.28,Redange,Beckerich,Femmes,Salariés,480
2018.09.28,Redange,Beckerich,Femmes,Non-salariés,50
2018.09.28,Redange,Beckerich,Hommes,Salariés,570
2018.09.28,Redange,Beckerich,Hommes,Non-salariés,50
2018.09.28,Redange,Ell,Femmes,Salariés,250
2018.09.28,Redange,Ell,Femmes,Non-salariés,30
2018.09.28,Redange,Ell,Hommes,Salariés,310
2018.09.28,Redange,Ell,Hommes,Non-salariés,50
2018.09.28,Redange,Groussbus-Wal,Femmes,Salariés,400
2018.09.28,Redange,Groussbus-Wal,Femmes,Non-salariés,40
2018.09.28,Redange,Groussbus-Wal,Hommes,Salariés,460
2018.09.28,Redange,Groussbus-Wal,Hommes,Non-salariés,60
2018.09.28,Redange,Préizerdaul,Femmes,Salariés,340
2018.09.28,Redange,Préizerdaul,Femmes,Non-salariés,20
2018.09.28,Redange,Préizerdaul,Hommes,Salariés,370
2018.09.28,Redange,Préizerdaul,Hommes,Non-salariés,40
2018.09.28,Redange,Rambrouch,Femmes,Salariés,700
2018.09.28,Redange,Rambrouch,Femmes,Non-salariés,80
2018.09.28,Redange,Rambrouch,Hommes,Salariés,880
2018.09.28,Redange,Rambrouch,Hommes,Non-salariés,160
2018.09.28,Redange,Redange/Attert,Femmes,Salariés,500
2018.09.28,Redange,Redange/Attert,Femmes,Non-salariés,40
2018.09.28,Redange,Redange/Attert,Hommes,Salariés,570
2018.09.28,Redange,Redange/Attert,Hommes,Non-salariés,100
2018.09.28,Redange,Saeul,Femmes,Salariés,160
2018.09.28,Redange,Saeul,Femmes,Non-salariés,20
2018.09.28,Redange,Saeul,Hommes,Salariés,190
2018.09.28,Redange,Saeul,Hommes,Non-salariés,30
2018.09.28,Redange,Useldange,Femmes,Salariés,380
2018.09.28,Redange,Useldange,Femmes,Non-salariés,30
2018.09.28,Redange,Useldange,Hommes,Salariés,410
2018.09.28,Redange,Useldange,Hommes,Non-salariés,50
2018.09.28,Redange,Vichten,Femmes,Salariés,240
2018.09.28,Redange,Vichten,Femmes,Non-salariés,20
2018.09.28,Redange,Vichten,Hommes,Salariés,340
2018.09.28,Redange,Vichten,Hommes,Non-salariés,20
2018.09.28,Remich,Bous-Waldbredimus,Femmes,Salariés,520
2018.09.28,Remich,Bous-Waldbredimus,Femmes,Non-salariés,40
2018.09.28,Remich,Bous-Waldbredimus,Hommes,Salariés,630
2018.09.28,Remich,Bous-Waldbredimus,Hommes,Non-salariés,80
2018.09.28,Remich,Dalheim,Femmes,Salariés,420
2018.09.28,Remich,Dalheim,Femmes,Non-salariés,30
2018.09.28,Remich,Dalheim,Hommes,Salariés,470
2018.09.28,Remich,Dalheim,Hommes,Non-salariés,60
2018.09.28,Remich,Lenningen,Femmes,Salariés,350
2018.09.28,Remich,Lenningen,Femmes,Non-salariés,20
2018.09.28,Remich,Lenningen,Hommes,Salariés,400
2018.09.28,Remich,Lenningen,Hommes,Non-salariés,50
2018.09.28,Remich,Mondorf-les-Bains,Femmes,Salariés,860
2018.09.28,Remich,Mondorf-les-Bains,Femmes,Non-salariés,80
2018.09.28,Remich,Mondorf-les-Bains,Hommes,Salariés,1010
2018.09.28,Remich,Mondorf-les-Bains,Hommes,Non-salariés,130
2018.09.28,Remich,Remich,Femmes,Salariés,600
2018.09.28,Remich,Remich,Femmes,Non-salariés,50
2018.09.28,Remich,Remich,Hommes,Salariés,700
2018.09.28,Remich,Remich,Hommes,Non-salariés,110
2018.09.28,Remich,Schengen,Femmes,Salariés,930
2018.09.28,Remich,Schengen,Femmes,Non-salariés,100
2018.09.28,Remich,Schengen,Hommes,Salariés,1000
2018.09.28,Remich,Schengen,Hommes,Non-salariés,160
2018.09.28,Remich,Stadtbredimus,Femmes,Salariés,360
2018.09.28,Remich,Stadtbredimus,Femmes,Non-salariés,40
2018.09.28,Remich,Stadtbredimus,Hommes,Salariés,420
2018.09.28,Remich,Stadtbredimus,Hommes,Non-salariés,60
2018.09.28,Vianden,Putscheid,Femmes,Salariés,210
2018.09.28,Vianden,Putscheid,Femmes,Non-salariés,20
2018.09.28,Vianden,Putscheid,Hommes,Salariés,250
2018.09.28,Vianden,Putscheid,Hommes,Non-salariés,20
2018.09.28,Vianden,Tandel,Femmes,Salariés,440
2018.09.28,Vianden,Tandel,Femmes,Non-salariés,30
2018.09.28,Vianden,Tandel,Hommes,Salariés,480
2018.09.28,Vianden,Tandel,Hommes,Non-salariés,60
2018.09.28,Vianden,Vianden,Femmes,Salariés,380
2018.09.28,Vianden,Vianden,Femmes,Non-salariés,30
2018.09.28,Vianden,Vianden,Hommes,Salariés,430
2018.09.28,Vianden,Vianden,Hommes,Non-salariés,40
2018.09.28,Wiltz,Boulaide,Femmes,Salariés,230
2018.09.28,Wiltz,Boulaide,Femmes,Non-salariés,20
2018.09.28,Wiltz,Boulaide,Hommes,Salariés,250
2018.09.28,Wiltz,Boulaide,Hommes,Non-salariés,40
2018.09.28,Wiltz,Esch-sur-Sûre,Femmes,Salariés,490
2018.09.28,Wiltz,Esch-sur-Sûre,Femmes,Non-salariés,40
2018.09.28,Wiltz,Esch-sur-Sûre,Hommes,Salariés,580
2018.09.28,Wiltz,Esch-sur-Sûre,Hommes,Non-salariés,70
2018.09.28,Wiltz,Goesdorf,Femmes,Salariés,300
2018.09.28,Wiltz,Goesdorf,Femmes,Non-salariés,30
2018.09.28,Wiltz,Goesdorf,Hommes,Salariés,350
2018.09.28,Wiltz,Goesdorf,Hommes,Non-salariés,40
2018.09.28,Wiltz,Kiischpelt,Femmes,Salariés,220
2018.09.28,Wiltz,Kiischpelt,Femmes,Non-salariés,20
2018.09.28,Wiltz,Kiischpelt,Hommes,Salariés,250
2018.09.28,Wiltz,Kiischpelt,Hommes,Non-salariés,30
2018.09.28,Wiltz,Lac de la Haute-Sûre,Femmes,Salariés,310
2018.09.28,Wiltz,Lac de la Haute-Sûre,Femmes,Non-salariés,40
2018.09.28,Wiltz,Lac de la Haute-Sûre,Hommes,Salariés,390
2018.09.28,Wiltz,Lac de la Haute-Sûre,Hommes,Non-salariés,60
2018.09.28,Wiltz,Wiltz,Femmes,Salariés,1100
2018.09.28,Wiltz,Wiltz,Femmes,Non-salariés,60
2018.09.28,Wiltz,Wiltz,Hommes,Salariés,1380
2018.09.28,Wiltz,Wiltz,Hommes,Non-salariés,140
2018.09.28,Wiltz,Winseler,Femmes,Salariés,220
2018.09.28,Wiltz,Winseler,Femmes,Non-salariés,20
2018.09.28,Wiltz,Winseler,Hommes,Salariés,230
2018.09.28,Wiltz,Winseler,Hommes,Non-salariés,80
2019.03.29,Capellen,Dippach,Femmes,Salariés,790
2019.03.29,Capellen,Dippach,Femmes,Non-salariés,50
2019.03.29,Capellen,Dippach,Hommes,Salariés,900
2019.03.29,Capellen,Dippach,Hommes,Non-salariés,120
2019.03.29,Capellen,Garnich,Femmes,Salariés,380
2019.03.29,Capellen,Garnich,Femmes,Non-salariés,50
2019.03.29,Capellen,Garnich,Hommes,Salariés,450
2019.03.29,Capellen,Garnich,Hommes,Non-salariés,60
2019.03.29,Capellen,Habscht,Femmes,Salariés,830
2019.03.29,Capellen,Habscht,Femmes,Non-salariés,70
2019.03.29,Capellen,Habscht,Hommes,Salariés,960
2019.03.29,Capellen,Habscht,Hommes,Non-salariés,140
2019.03.29,Capellen,Käerjeng,Femmes,Salariés,1910
2019.03.29,Capellen,Käerjeng,Femmes,Non-salariés,140
2019.03.29,Capellen,Käerjeng,Hommes,Salariés,2060
2019.03.29,Capellen,Käerjeng,Hommes,Non-salariés,190
2019.03.29,Capellen,Kehlen,Femmes,Salariés,960
2019.03.29,Capellen,Kehlen,Femmes,Non-salariés,120
2019.03.29,Capellen,Kehlen,Hommes,Salariés,1050
2019.03.29,Capellen,Kehlen,Hommes,Non-salariés,180
2019.03.29,Capellen,Koerich,Femmes,Salariés,440
2019.03.29,Capellen,Koerich,Femmes,Non-salariés,40
2019.03.29,Capellen,Koerich,Hommes,Salariés,490
2019.03.29,Capellen,Koerich,Hommes,Non-salariés,70
2019.03.29,Capellen,Kopstal,Femmes,Salariés,610
2019.03.29,Capellen,Kopstal,Femmes,Non-salariés,80
2019.03.29,Capellen,Kopstal,Hommes,Salariés,670
2019.03.29,Capellen,Kopstal,Hommes,Non-salariés,150
2019.03.29,Capellen,Mamer,Femmes,Salariés,1460
2019.03.29,Capellen,Mamer,Femmes,Non-salariés,150
2019.03.29,Capellen,Mamer,Hommes,Salariés,1550
2019.03.29,Capellen,Mamer,Hommes,Non-salariés,260
2019.03.29,Capellen,Steinfort,Femmes,Salariés,920
2019.03.29,Capellen,Steinfort,Femmes,Non-salariés,90
2019.03.29,Capellen,Steinfort,Hommes,Salariés,1070
2019.03.29,Capellen,Steinfort,Hommes,Non-salariés,110
2019.03.29,Clervaux,Clervaux,Femmes,Salariés,920
2019.03.29,Clervaux,Clervaux,Femmes,Non-salariés,90
2019.03.29,Clervaux,Clervaux,Hommes,Salariés,1120
2019.03.29,Clervaux,Clervaux,Hommes,Non-salariés,150
2019.03.29,Clervaux,Parc Hosingen,Femmes,Salariés,670
2019.03.29,Clervaux,Parc Hosingen,Femmes,Non-salariés,50
2019.03.29,Clervaux,Parc Hosingen,Hommes,Salariés,780
2019.03.29,Clervaux,Parc Hosingen,Hommes,Non-salariés,100
2019.03.29,Clervaux,Troisvierges,Femmes,Salariés,560
2019.03.29,Clervaux,Troisvierges,Femmes,Non-salariés,40
2019.03.29,Clervaux,Troisvierges,Hommes,Salariés,740
2019.03.29,Clervaux,Troisvierges,Hommes,Non-salariés,90
2019.03.29,Clervaux,Weiswampach,Femmes,Salariés,340
2019.03.29,Clervaux,Weiswampach,Femmes,Non-salariés,40
2019.03.29,Clervaux,Weiswampach,Hommes,Salariés,440
2019.03.29,Clervaux,Weiswampach,Hommes,Non-salariés,90
2019.03.29,Clervaux,Wincrange,Femmes,Salariés,760
2019.03.29,Clervaux,Wincrange,Femmes,Non-salariés,100
2019.03.29,Clervaux,Wincrange,Hommes,Salariés,910
2019.03.29,Clervaux,Wincrange,Hommes,Non-salariés,210
2019.03.29,Diekirch,Bettendorf,Femmes,Salariés,530
2019.03.29,Diekirch,Bettendorf,Femmes,Non-salariés,30
2019.03.29,Diekirch,Bettendorf,Hommes,Salariés,630
2019.03.29,Diekirch,Bettendorf,Hommes,Non-salariés,60
2019.03.29,Diekirch,Bourscheid,Femmes,Salariés,310
2019.03.29,Diekirch,Bourscheid,Femmes,Non-salariés,30
2019.03.29,Diekirch,Bourscheid,Hommes,Salariés,370
2019.03.29,Diekirch,Bourscheid,Hommes,Non-salariés,40
2019.03.29,Diekirch,Diekirch,Femmes,Salariés,1310
2019.03.29,Diekirch,Diekirch,Femmes,Non-salariés,90
2019.03.29,Diekirch,Diekirch,Hommes,Salariés,1510
2019.03.29,Diekirch,Diekirch,Hommes,Non-salariés,120
2019.03.29,Diekirch,Erpeldange-sur-Sûre,Femmes,Salariés,440
2019.03.29,Diekirch,Erpeldange-sur-Sûre,Femmes,Non-salariés,40
2019.03.29,Diekirch,Erpeldange-sur-Sûre,Hommes,Salariés,510
2019.03.29,Diekirch,Erpeldange-sur-Sûre,Hommes,Non-salariés,50
2019.03.29,Diekirch,Ettelbruck,Femmes,Salariés,1640
2019.03.29,Diekirch,Ettelbruck,Femmes,Non-salariés,90
2019.03.29,Diekirch,Ettelbruck,Hommes,Salariés,1860
2019.03.29,Diekirch,Ettelbruck,Hommes,Non-salariés,140
2019.03.29,Diekirch,Feulen,Femmes,Salariés,440
2019.03.29,Diekirch,Feulen,Femmes,Non-salariés,20
2019.03.29,Diekirch,Feulen,Hommes,Salariés,500
2019.03.29,Diekirch,Feulen,Hommes,Non-salariés,40
2019.03.29,Diekirch,Mertzig,Femmes,Salariés,450
2019.03.29,Diekirch,Mertzig,Femmes,Non-salariés,30
2019.03.29,Diekirch,Mertzig,Hommes,Salariés,520
2019.03.29,Diekirch,Mertzig,Hommes,Non-salariés,30
2019.03.29,Diekirch,Reisdorf,Femmes,Salariés,220
2019.03.29,Diekirch,Reisdorf,Femmes,Non-salariés,20
2019.03.29,Diekirch,Reisdorf,Hommes,Salariés,280
2019.03.29,Diekirch,Reisdorf,Hommes,Non-salariés,30
2019.03.29,Diekirch,Schieren,Femmes,Salariés,400
2019.03.29,Diekirch,Schieren,Femmes,Non-salariés,20
2019.03.29,Diekirch,Schieren,Hommes,Salariés,470
2019.03.29,Diekirch,Schieren,Hommes,Non-salariés,30
2019.03.29,Diekirch,Vallée de l'Ernz,Femmes,Salariés,500
2019.03.29,Diekirch,Vallée de l'Ernz,Femmes,Non-salariés,60
2019.03.29,Diekirch,Vallée de l'Ernz,Hommes,Salariés,610
2019.03.29,Diekirch,Vallée de l'Ernz,Hommes,Non-salariés,70
2019.03.29,Echternach,Beaufort,Femmes,Salariés,490
2019.03.29,Echternach,Beaufort,Femmes,Non-salariés,50
2019.03.29,Echternach,Beaufort,Hommes,Salariés,590
2019.03.29,Echternach,Beaufort,Hommes,Non-salariés,40
2019.03.29,Echternach,Bech,Femmes,Salariés,210
2019.03.29,Echternach,Bech,Femmes,Non-salariés,20
2019.03.29,Echternach,Bech,Hommes,Salariés,250
2019.03.29,Echternach,Bech,Hommes,Non-salariés,40
2019.03.29,Echternach,Berdorf,Femmes,Salariés,310
2019.03.29,Echternach,Berdorf,Femmes,Non-salariés,40
2019.03.29,Echternach,Berdorf,Hommes,Salariés,360
2019.03.29,Echternach,Berdorf,Hommes,Non-salariés,30
2019.03.29,Echternach,Consdorf,Femmes,Salariés,390
2019.03.29,Echternach,Consdorf,Femmes,Non-salariés,30
2019.03.29,Echternach,Consdorf,Hommes,Salariés,420
2019.03.29,Echternach,Consdorf,Hommes,Non-salariés,60
2019.03.29,Echternach,Echternach,Femmes,Salariés,1000
2019.03.29,Echternach,Echternach,Femmes,Non-salariés,70
2019.03.29,Echternach,Echternach,Hommes,Salariés,1100
2019.03.29,Echternach,Echternach,Hommes,Non-salariés,130
2019.03.29,Echternach,Rosport-Mompach,Femmes,Salariés,670
2019.03.29,Echternach,Rosport-Mompach,Femmes,Non-salariés,60
2019.03.29,Echternach,Rosport-Mompach,Hommes,Salariés,720
2019.03.29,Echternach,Rosport-Mompach,Hommes,Non-salariés,120
2019.03.29,Echternach,Waldbillig,Femmes,Salariés,350
2019.03.29,Echternach,Waldbillig,Femmes,Non-salariés,20
2019.03.29,Echternach,Waldbillig,Hommes,Salariés,420
2019.03.29,Echternach,Waldbillig,Hommes,Non-salariés,40
2019.03.29,Esch-Sur-Alzette,Bettembourg,Femmes,Salariés,2050
2019.03.29,Esch-Sur-Alzette,Bettembourg,Femmes,Non-salariés,140
2019.03.29,Esch-Sur-Alzette,Bettembourg,Hommes,Salariés,2330
2019.03.29,Esch-Sur-Alzette,Bettembourg,Hommes,Non-salariés,180
2019.03.29,Esch-Sur-Alzette,Differdange,Femmes,Salariés,5170
2019.03.29,Esch-Sur-Alzette,Differdange,Femmes,Non-salariés,210
2019.03.29,Esch-Sur-Alzette,Differdange,Hommes,Salariés,6370
2019.03.29,Esch-Sur-Alzette,Differdange,Hommes,Non-salariés,250
2019.03.29,Esch-Sur-Alzette,Dudelange,Femmes,Salariés,3910
2019.03.29,Esch-Sur-Alzette,Dudelange,Femmes,Non-salariés,210
2019.03.29,Esch-Sur-Alzette,Dudelange,Hommes,Salariés,4540
2019.03.29,Esch-Sur-Alzette,Dudelange,Hommes,Non-salariés,290
2019.03.29,Esch-Sur-Alzette,Esch-sur-Alzette,Femmes,Salariés,6430
2019.03.29,Esch-Sur-Alzette,Esch-sur-Alzette,Femmes,Non-salariés,310
2019.03.29,Esch-Sur-Alzette,Esch-sur-Alzette,Hommes,Salariés,8000
2019.03.29,Esch-Sur-Alzette,Esch-sur-Alzette,Hommes,Non-salariés,420
2019.03.29,Esch-Sur-Alzette,Frisange,Femmes,Salariés,920
2019.03.29,Esch-Sur-Alzette,Frisange,Femmes,Non-salariés,60
2019.03.29,Esch-Sur-Alzette,Frisange,Hommes,Salariés,1020
2019.03.29,Esch-Sur-Alzette,Frisange,Hommes,Non-salariés,120
2019.03.29,Esch-Sur-Alzette,Kayl,Femmes,Salariés,1810
2019.03.29,Esch-Sur-Alzette,Kayl,Femmes,Non-salariés,90
2019.03.29,Esch-Sur-Alzette,Kayl,Hommes,Salariés,2110
2019.03.29,Esch-Sur-Alzette,Kayl,Hommes,Non-salariés,130
2019.03.29,Esch-Sur-Alzette,Leudelange,Femmes,Salariés,490
2019.03.29,Esch-Sur-Alzette,Leudelange,Femmes,Non-salariés,70
2019.03.29,Esch-Sur-Alzette,Leudelange,Hommes,Salariés,550
2019.03.29,Esch-Sur-Alzette,Leudelange,Hommes,Non-salariés,100
2019.03.29,Esch-Sur-Alzette,Mondercange,Femmes,Salariés,1270
2019.03.29,Esch-Sur-Alzette,Mondercange,Femmes,Non-salariés,100
2019.03.29,Esch-Sur-Alzette,Mondercange,Hommes,Salariés,1410
2019.03.29,Esch-Sur-Alzette,Mondercange,Hommes,Non-salariés,180
2019.03.29,Esch-Sur-Alzette,Pétange,Femmes,Salariés,3600
2019.03.29,Esch-Sur-Alzette,Pétange,Femmes,Non-salariés,180
2019.03.29,Esch-Sur-Alzette,Pétange,Hommes,Salariés,4310
2019.03.29,Esch-Sur-Alzette,Pétange,Hommes,Non-salariés,200
2019.03.29,Esch-Sur-Alzette,Reckange-sur-Mess,Femmes,Salariés,460
2019.03.29,Esch-Sur-Alzette,Reckange-sur-Mess,Femmes,Non-salariés,50
2019.03.29,Esch-Sur-Alzette,Reckange-sur-Mess,Hommes,Salariés,530
2019.03.29,Esch-Sur-Alzette,Reckange-sur-Mess,Hommes,Non-salariés,80
2019.03.29,Esch-Sur-Alzette,Roeser,Femmes,Salariés,1270
2019.03.29,Esch-Sur-Alzette,Roeser,Femmes,Non-salariés,90
2019.03.29,Esch-Sur-Alzette,Roeser,Hommes,Salariés,1430
2019.03.29,Esch-Sur-Alzette,Roeser,Hommes,Non-salariés,170
2019.03.29,Esch-Sur-Alzette,Rumelange,Femmes,Salariés,1020
2019.03.29,Esch-Sur-Alzette,Rumelange,Femmes,Non-salariés,50
2019.03.29,Esch-Sur-Alzette,Rumelange,Hommes,Salariés,1190
2019.03.29,Esch-Sur-Alzette,Rumelange,Hommes,Non-salariés,60
2019.03.29,Esch-Sur-Alzette,Sanem,Femmes,Salariés,3290
2019.03.29,Esch-Sur-Alzette,Sanem,Femmes,Non-salariés,170
2019.03.29,Esch-Sur-Alzette,Sanem,Hommes,Salariés,3790
2019.03.29,Esch-Sur-Alzette,Sanem,Hommes,Non-salariés,240
2019.03.29,Esch-Sur-Alzette,Schifflange,Femmes,Salariés,2240
2019.03.29,Esch-Sur-Alzette,Schifflange,Femmes,Non-salariés,120
2019.03.29,Esch-Sur-Alzette,Schifflange,Hommes,Salariés,2540
2019.03.29,Esch-Sur-Alzette,Schifflange,Hommes,Non-salariés,110
2019.03.29,Grevenmacher,Betzdorf,Femmes,Salariés,670
2019.03.29,Grevenmacher,Betzdorf,Femmes,Non-salariés,50
2019.03.29,Grevenmacher,Betzdorf,Hommes,Salariés,800
2019.03.29,Grevenmacher,Betzdorf,Hommes,Non-salariés,90
2019.03.29,Grevenmacher,Biwer,Femmes,Salariés,330
2019.03.29,Grevenmacher,Biwer,Femmes,Non-salariés,30
2019.03.29,Grevenmacher,Biwer,Hommes,Salariés,400
2019.03.29,Grevenmacher,Biwer,Hommes,Non-salariés,50
2019.03.29,Grevenmacher,Flaxweiler,Femmes,Salariés,370
2019.03.29,Grevenmacher,Flaxweiler,Femmes,Non-salariés,50
2019.03.29,Grevenmacher,Flaxweiler,Hommes,Salariés,460
2019.03.29,Grevenmacher,Flaxweiler,Hommes,Non-salariés,60
2019.03.29,Grevenmacher,Grevenmacher,Femmes,Salariés,910
2019.03.29,Grevenmacher,Grevenmacher,Femmes,Non-salariés,60
2019.03.29,Grevenmacher,Grevenmacher,Hommes,Salariés,1040
2019.03.29,Grevenmacher,Grevenmacher,Hommes,Non-salariés,90
2019.03.29,Grevenmacher,Junglinster,Femmes,Salariés,1320
2019.03.29,Grevenmacher,Junglinster,Femmes,Non-salariés,140
2019.03.29,Grevenmacher,Junglinster,Hommes,Salariés,1500
2019.03.29,Grevenmacher,Junglinster,Hommes,Non-salariés,200
2019.03.29,Grevenmacher,Manternach,Femmes,Salariés,400
2019.03.29,Grevenmacher,Manternach,Femmes,Non-salariés,20
2019.03.29,Grevenmacher,Manternach,Hommes,Salariés,440
2019.03.29,Grevenmacher,Manternach,Hommes,Non-salariés,60
2019.03.29,Grevenmacher,Mertert,Femmes,Salariés,810
2019.03.29,Grevenmacher,Mertert,Femmes,Non-salariés,50
2019.03.29,Grevenmacher,Mertert,Hommes,Salariés,950
2019.03.29,Grevenmacher,Mertert,Hommes,Non-salariés,80
2019.03.29,Grevenmacher,Wormeldange,Femmes,Salariés,520
2019.03.29,Grevenmacher,Wormeldange,Femmes,Non-salariés,50
2019.03.29,Grevenmacher,Wormeldange,Hommes,Salariés,600
2019.03.29,Grevenmacher,Wormeldange,Hommes,Non-salariés,100
2019.03.29,Luxembourg-Campagne,Bertrange,Femmes,Salariés,1320
2019.03.29,Luxembourg-Campagne,Bertrange,Femmes,Non-salariés,140
2019.03.29,Luxembourg-Campagne,Bertrange,Hommes,Salariés,1530
2019.03.29,Luxembourg-Campagne,Bertrange,Hommes,Non-salariés,220
2019.03.29,Luxembourg-Campagne,Contern,Femmes,Salariés,620
2019.03.29,Luxembourg-Campagne,Contern,Femmes,Non-salariés,60
2019.03.29,Luxembourg-Campagne,Contern,Hommes,Salariés,710
2019.03.29,Luxembourg-Campagne,Contern,Hommes,Non-salariés,100
2019.03.29,Luxembourg-Campagne,Hesperange,Femmes,Salariés,2780
2019.03.29,Luxembourg-Campagne,Hesperange,Femmes,Non-salariés,240
2019.03.29,Luxembourg-Campagne,Hesperange,Hommes,Salariés,3140
2019.03.29,Luxembourg-Campagne,Hesperange,Hommes,Non-salariés,370
2019.03.29,Luxembourg-Campagne,Niederanven,Femmes,Salariés,770
2019.03.29,Luxembourg-Campagne,Niederanven,Femmes,Non-salariés,150
2019.03.29,Luxembourg-Campagne,Niederanven,Hommes,Salariés,910
2019.03.29,Luxembourg-Campagne,Niederanven,Hommes,Non-salariés,190
2019.03.29,Luxembourg-Campagne,Sandweiler,Femmes,Salariés,600
2019.03.29,Luxembourg-Campagne,Sandweiler,Femmes,Non-salariés,40
2019.03.29,Luxembourg-Campagne,Sandweiler,Hommes,Salariés,660
2019.03.29,Luxembourg-Campagne,Sandweiler,Hommes,Non-salariés,100
2019.03.29,Luxembourg-Campagne,Schuttrange,Femmes,Salariés,640
2019.03.29,Luxembourg-Campagne,Schuttrange,Femmes,Non-salariés,70
2019.03.29,Luxembourg-Campagne,Schuttrange,Hommes,Salariés,730
2019.03.29,Luxembourg-Campagne,Schuttrange,Hommes,Non-salariés,130
2019.03.29,Luxembourg-Campagne,Steinsel,Femmes,Salariés,850
2019.03.29,Luxembourg-Campagne,Steinsel,Femmes,Non-salariés,70
2019.03.29,Luxembourg-Campagne,Steinsel,Hommes,Salariés,920
2019.03.29,Luxembourg-Campagne,Steinsel,Hommes,Non-salariés,130
2019.03.29,Luxembourg-Campagne,Strassen,Femmes,Salariés,1540
2019.03.29,Luxembourg-Campagne,Strassen,Femmes,Non-salariés,170
2019.03.29,Luxembourg-Campagne,Strassen,Hommes,Salariés,1830
2019.03.29,Luxembourg-Campagne,Strassen,Hommes,Non-salariés,280
2019.03.29,Luxembourg-Campagne,Walferdange,Femmes,Salariés,1320
2019.03.29,Luxembourg-Campagne,Walferdange,Femmes,Non-salariés,130
2019.03.29,Luxembourg-Campagne,Walferdange,Hommes,Salariés,1530
2019.03.29,Luxembourg-Campagne,Walferdange,Hommes,Non-salariés,200
2019.03.29,Luxembourg-Campagne,Weiler-la-Tour,Femmes,Salariés,430
2019.03.29,Luxembourg-Campagne,Weiler-la-Tour,Femmes,Non-salariés,30
2019.03.29,Luxembourg-Campagne,Weiler-la-Tour,Hommes,Salariés,490
2019.03.29,Luxembourg-Campagne,Weiler-la-Tour,Hommes,Non-salariés,50
2019.03.29,Luxembourg-Ville,Luxembourg,Femmes,Salariés,19100
2019.03.29,Luxembourg-Ville,Luxembourg,Femmes,Non-salariés,1830
2019.03.29,Luxembourg-Ville,Luxembourg,Hommes,Salariés,23910
2019.03.29,Luxembourg-Ville,Luxembourg,Hommes,Non-salariés,2660
2019.03.29,Mersch,Bissen,Femmes,Salariés,640
2019.03.29,Mersch,Bissen,Femmes,Non-salariés,40
2019.03.29,Mersch,Bissen,Hommes,Salariés,730
2019.03.29,Mersch,Bissen,Hommes,Non-salariés,50
2019.03.29,Mersch,Colmar-Berg,Femmes,Salariés,450
2019.03.29,Mersch,Colmar-Berg,Femmes,Non-salariés,30
2019.03.29,Mersch,Colmar-Berg,Hommes,Salariés,500
2019.03.29,Mersch,Colmar-Berg,Hommes,Non-salariés,30
2019.03.29,Mersch,Fischbach,Femmes,Salariés,250
2019.03.29,Mersch,Fischbach,Femmes,Non-salariés,20
2019.03.29,Mersch,Fischbach,Hommes,Salariés,310
2019.03.29,Mersch,Fischbach,Hommes,Non-salariés,30
2019.03.29,Mersch,Heffingen,Femmes,Salariés,290
2019.03.29,Mersch,Heffingen,Femmes,Non-salariés,30
2019.03.29,Mersch,Heffingen,Hommes,Salariés,320
2019.03.29,Mersch,Heffingen,Hommes,Non-salariés,50
2019.03.29,Mersch,Helperknapp,Femmes,Salariés,790
2019.03.29,Mersch,Helperknapp,Femmes,Non-salariés,80
2019.03.29,Mersch,Helperknapp,Hommes,Salariés,950
2019.03.29,Mersch,Helperknapp,Hommes,Non-salariés,100
2019.03.29,Mersch,Larochette,Femmes,Salariés,430
2019.03.29,Mersch,Larochette,Femmes,Non-salariés,30
2019.03.29,Mersch,Larochette,Hommes,Salariés,490
2019.03.29,Mersch,Larochette,Hommes,Non-salariés,30
2019.03.29,Mersch,Lintgen,Femmes,Salariés,630
2019.03.29,Mersch,Lintgen,Femmes,Non-salariés,40
2019.03.29,Mersch,Lintgen,Hommes,Salariés,720
2019.03.29,Mersch,Lintgen,Hommes,Non-salariés,60
2019.03.29,Mersch,Lorentzweiler,Femmes,Salariés,700
2019.03.29,Mersch,Lorentzweiler,Femmes,Non-salariés,60
2019.03.29,Mersch,Lorentzweiler,Hommes,Salariés,790
2019.03.29,Mersch,Lorentzweiler,Hommes,Non-salariés,90
2019.03.29,Mersch,Mersch,Femmes,Salariés,1830
2019.03.29,Mersch,Mersch,Femmes,Non-salariés,110
2019.03.29,Mersch,Mersch,Hommes,Salariés,2050
2019.03.29,Mersch,Mersch,Hommes,Non-salariés,190
2019.03.29,Mersch,Nommern,Femmes,Salariés,280
2019.03.29,Mersch,Nommern,Femmes,Non-salariés,30
2019.03.29,Mersch,Nommern,Hommes,Salariés,300
2019.03.29,Mersch,Nommern,Hommes,Non-salariés,50
2019.03.29,Non déterminé,Non déterminé,Femmes,Salariés,50
2019.03.29,Non déterminé,Non déterminé,Femmes,Non-salariés,10
2019.03.29,Non déterminé,Non déterminé,Hommes,Salariés,80
2019.03.29,Non déterminé,Non déterminé,Hommes,Non-salariés,10
2019.03.29,Redange,Beckerich,Femmes,Salariés,470
2019.03.29,Redange,Beckerich,Femmes,Non-salariés,50
2019.03.29,Redange,Beckerich,Hommes,Salariés,580
2019.03.29,Redange,Beckerich,Hommes,Non-salariés,60
2019.03.29,Redange,Ell,Femmes,Salariés,270
2019.03.29,Redange,Ell,Femmes,Non-salariés,30
2019.03.29,Redange,Ell,Hommes,Salariés,320
2019.03.29,Redange,Ell,Hommes,Non-salariés,40
2019.03.29,Redange,Groussbus-Wal,Femmes,Salariés,410
2019.03.29,Redange,Groussbus-Wal,Femmes,Non-salariés,40
2019.03.29,Redange,Groussbus-Wal,Hommes,Salariés,460
2019.03.29,Redange,Groussbus-Wal,Hommes,Non-salariés,60
2019.03.29,Redange,Préizerdaul,Femmes,Salariés,340
2019.03.29,Redange,Préizerdaul,Femmes,Non-salariés,20
2019.03.29,Redange,Préizerdaul,Hommes,Salariés,370
2019.03.29,Redange,Préizerdaul,Hommes,Non-salariés,40
2019.03.29,Redange,Rambrouch,Femmes,Salariés,710
2019.03.29,Redange,Rambrouch,Femmes,Non-salariés,80
2019.03.29,Redange,Rambrouch,Hommes,Salariés,890
2019.03.29,Redange,Rambrouch,Hommes,Non-salariés,160
2019.03.29,Redange,Redange/Attert,Femmes,Salariés,500
2019.03.29,Redange,Redange/Attert,Femmes,Non-salariés,50
2019.03.29,Redange,Redange/Attert,Hommes,Salariés,580
2019.03.29,Redange,Redange/Attert,Hommes,Non-salariés,100
2019.03.29,Redange,Saeul,Femmes,Salariés,170
2019.03.29,Redange,Saeul,Femmes,Non-salariés,20
2019.03.29,Redange,Saeul,Hommes,Salariés,190
2019.03.29,Redange,Saeul,Hommes,Non-salariés,30
2019.03.29,Redange,Useldange,Femmes,Salariés,380
2019.03.29,Redange,Useldange,Femmes,Non-salariés,30
2019.03.29,Redange,Useldange,Hommes,Salariés,410
2019.03.29,Redange,Useldange,Hommes,Non-salariés,50
2019.03.29,Redange,Vichten,Femmes,Salariés,250
2019.03.29,Redange,Vichten,Femmes,Non-salariés,20
2019.03.29,Redange,Vichten,Hommes,Salariés,330
2019.03.29,Redange,Vichten,Hommes,Non-salariés,20
2019.03.29,Remich,Bous-Waldbredimus,Femmes,Salariés,530
2019.03.29,Remich,Bous-Waldbredimus,Femmes,Non-salariés,40
2019.03.29,Remich,Bous-Waldbredimus,Hommes,Salariés,640
2019.03.29,Remich,Bous-Waldbredimus,Hommes,Non-salariés,90
2019.03.29,Remich,Dalheim,Femmes,Salariés,420
2019.03.29,Remich,Dalheim,Femmes,Non-salariés,30
2019.03.29,Remich,Dalheim,Hommes,Salariés,480
2019.03.29,Remich,Dalheim,Hommes,Non-salariés,60
2019.03.29,Remich,Lenningen,Femmes,Salariés,350
2019.03.29,Remich,Lenningen,Femmes,Non-salariés,30
2019.03.29,Remich,Lenningen,Hommes,Salariés,410
2019.03.29,Remich,Lenningen,Hommes,Non-salariés,40
2019.03.29,Remich,Mondorf-les-Bains,Femmes,Salariés,880
2019.03.29,Remich,Mondorf-les-Bains,Femmes,Non-salariés,70
2019.03.29,Remich,Mondorf-les-Bains,Hommes,Salariés,1000
2019.03.29,Remich,Mondorf-les-Bains,Hommes,Non-salariés,140
2019.03.29,Remich,Remich,Femmes,Salariés,590
2019.03.29,Remich,Remich,Femmes,Non-salariés,50
2019.03.29,Remich,Remich,Hommes,Salariés,700
2019.03.29,Remich,Remich,Hommes,Non-salariés,120
2019.03.29,Remich,Schengen,Femmes,Salariés,930
2019.03.29,Remich,Schengen,Femmes,Non-salariés,90
2019.03.29,Remich,Schengen,Hommes,Salariés,1000
2019.03.29,Remich,Schengen,Hommes,Non-salariés,160
2019.03.29,Remich,Stadtbredimus,Femmes,Salariés,360
2019.03.29,Remich,Stadtbredimus,Femmes,Non-salariés,40
2019.03.29,Remich,Stadtbredimus,Hommes,Salariés,430
2019.03.29,Remich,Stadtbredimus,Hommes,Non-salariés,40
2019.03.29,Vianden,Putscheid,Femmes,Salariés,210
2019.03.29,Vianden,Putscheid,Femmes,Non-salariés,20
2019.03.29,Vianden,Putscheid,Hommes,Salariés,250
2019.03.29,Vianden,Putscheid,Hommes,Non-salariés,20
2019.03.29,Vianden,Tandel,Femmes,Salariés,440
2019.03.29,Vianden,Tandel,Femmes,Non-salariés,30
2019.03.29,Vianden,Tandel,Hommes,Salariés,460
2019.03.29,Vianden,Tandel,Hommes,Non-salariés,60
2019.03.29,Vianden,Vianden,Femmes,Salariés,360
2019.03.29,Vianden,Vianden,Femmes,Non-salariés,30
2019.03.29,Vianden,Vianden,Hommes,Salariés,430
2019.03.29,Vianden,Vianden,Hommes,Non-salariés,50
2019.03.29,Wiltz,Boulaide,Femmes,Salariés,230
2019.03.29,Wiltz,Boulaide,Femmes,Non-salariés,20
2019.03.29,Wiltz,Boulaide,Hommes,Salariés,250
2019.03.29,Wiltz,Boulaide,Hommes,Non-salariés,40
2019.03.29,Wiltz,Esch-sur-Sûre,Femmes,Salariés,490
2019.03.29,Wiltz,Esch-sur-Sûre,Femmes,Non-salariés,40
2019.03.29,Wiltz,Esch-sur-Sûre,Hommes,Salariés,600
2019.03.29,Wiltz,Esch-sur-Sûre,Hommes,Non-salariés,80
2019.03.29,Wiltz,Goesdorf,Femmes,Salariés,300
2019.03.29,Wiltz,Goesdorf,Femmes,Non-salariés,30
2019.03.29,Wiltz,Goesdorf,Hommes,Salariés,350
2019.03.29,Wiltz,Goesdorf,Hommes,Non-salariés,40
2019.03.29,Wiltz,Kiischpelt,Femmes,Salariés,220
2019.03.29,Wiltz,Kiischpelt,Femmes,Non-salariés,30
2019.03.29,Wiltz,Kiischpelt,Hommes,Salariés,250
2019.03.29,Wiltz,Kiischpelt,Hommes,Non-salariés,20
2019.03.29,Wiltz,Lac de la Haute-Sûre,Femmes,Salariés,320
2019.03.29,Wiltz,Lac de la Haute-Sûre,Femmes,Non-salariés,40
2019.03.29,Wiltz,Lac de la Haute-Sûre,Hommes,Salariés,380
2019.03.29,Wiltz,Lac de la Haute-Sûre,Hommes,Non-salariés,60
2019.03.29,Wiltz,Wiltz,Femmes,Salariés,1120
2019.03.29,Wiltz,Wiltz,Femmes,Non-salariés,60
2019.03.29,Wiltz,Wiltz,Hommes,Salariés,1430
2019.03.29,Wiltz,Wiltz,Hommes,Non-salariés,150
2019.03.29,Wiltz,Winseler,Femmes,Salariés,220
2019.03.29,Wiltz,Winseler,Femmes,Non-salariés,20
2019.03.29,Wiltz,Winseler,Hommes,Salariés,260
2019.03.29,Wiltz,Winseler,Hommes,Non-salariés,70
2019.09.30,Capellen,Dippach,Femmes,Salariés,800
2019.09.30,Capellen,Dippach,Femmes,Non-salariés,60
2019.09.30,Capellen,Dippach,Hommes,Salariés,920
2019.09.30,Capellen,Dippach,Hommes,Non-salariés,110
2019.09.30,Capellen,Garnich,Femmes,Salariés,390
2019.09.30,Capellen,Garnich,Femmes,Non-salariés,50
2019.09.30,Capellen,Garnich,Hommes,Salariés,430
2019.09.30,Capellen,Garnich,Hommes,Non-salariés,70
2019.09.30,Capellen,Habscht,Femmes,Salariés,860
2019.09.30,Capellen,Habscht,Femmes,Non-salariés,80
2019.09.30,Capellen,Habscht,Hommes,Salariés,980
2019.09.30,Capellen,Habscht,Hommes,Non-salariés,140
2019.09.30,Capellen,Käerjeng,Femmes,Salariés,1920
2019.09.30,Capellen,Käerjeng,Femmes,Non-salariés,140
2019.09.30,Capellen,Käerjeng,Hommes,Salariés,2090
2019.09.30,Capellen,Käerjeng,Hommes,Non-salariés,180
2019.09.30,Capellen,Kehlen,Femmes,Salariés,950
2019.09.30,Capellen,Kehlen,Femmes,Non-salariés,120
2019.09.30,Capellen,Kehlen,Hommes,Salariés,1060
2019.09.30,Capellen,Kehlen,Hommes,Non-salariés,180
2019.09.30,Capellen,Koerich,Femmes,Salariés,450
2019.09.30,Capellen,Koerich,Femmes,Non-salariés,40
2019.09.30,Capellen,Koerich,Hommes,Salariés,490
2019.09.30,Capellen,Koerich,Hommes,Non-salariés,80
2019.09.30,Capellen,Kopstal,Femmes,Salariés,600
2019.09.30,Capellen,Kopstal,Femmes,Non-salariés,80
2019.09.30,Capellen,Kopstal,Hommes,Salariés,660
2019.09.30,Capellen,Kopstal,Hommes,Non-salariés,160
2019.09.30,Capellen,Mamer,Femmes,Salariés,1420
2019.09.30,Capellen,Mamer,Femmes,Non-salariés,140
2019.09.30,Capellen,Mamer,Hommes,Salariés,1550
2019.09.30,Capellen,Mamer,Hommes,Non-salariés,260
2019.09.30,Capellen,Steinfort,Femmes,Salariés,940
2019.09.30,Capellen,Steinfort,Femmes,Non-salariés,90
2019.09.30,Capellen,Steinfort,Hommes,Salariés,1060
2019.09.30,Capellen,Steinfort,Hommes,Non-salariés,120
2019.09.30,Clervaux,Clervaux,Femmes,Salariés,950
2019.09.30,Clervaux,Clervaux,Femmes,Non-salariés,90
2019.09.30,Clervaux,Clervaux,Hommes,Salariés,1140
2019.09.30,Clervaux,Clervaux,Hommes,Non-salariés,140
2019.09.30,Clervaux,Parc Hosingen,Femmes,Salariés,700
2019.09.30,Clervaux,Parc Hosingen,Femmes,Non-salariés,50
2019.09.30,Clervaux,Parc Hosingen,Hommes,Salariés,820
2019.09.30,Clervaux,Parc Hosingen,Hommes,Non-salariés,90
2019.09.30,Clervaux,Troisvierges,Femmes,Salariés,570
2019.09.30,Clervaux,Troisvierges,Femmes,Non-salariés,50
2019.09.30,Clervaux,Troisvierges,Hommes,Salariés,740
2019.09.30,Clervaux,Troisvierges,Hommes,Non-salariés,90
2019.09.30,Clervaux,Weiswampach,Femmes,Salariés,360
2019.09.30,Clervaux,Weiswampach,Femmes,Non-salariés,40
2019.09.30,Clervaux,Weiswampach,Hommes,Salariés,460
2019.09.30,Clervaux,Weiswampach,Hommes,Non-salariés,90
2019.09.30,Clervaux,Wincrange,Femmes,Salariés,770
2019.09.30,Clervaux,Wincrange,Femmes,Non-salariés,100
2019.09.30,Clervaux,Wincrange,Hommes,Salariés,910
2019.09.30,Clervaux,Wincrange,Hommes,Non-salariés,220
2019.09.30,Diekirch,Bettendorf,Femmes,Salariés,550
2019.09.30,Diekirch,Bettendorf,Femmes,Non-salariés,40
2019.09.30,Diekirch,Bettendorf,Hommes,Salariés,630
2019.09.30,Diekirch,Bettendorf,Hommes,Non-salariés,50
2019.09.30,Diekirch,Bourscheid,Femmes,Salariés,300
2019.09.30,Diekirch,Bourscheid,Femmes,Non-salariés,20
2019.09.30,Diekirch,Bourscheid,Hommes,Salariés,370
2019.09.30,Diekirch,Bourscheid,Hommes,Non-salariés,50
2019.09.30,Diekirch,Diekirch,Femmes,Salariés,1300
2019.09.30,Diekirch,Diekirch,Femmes,Non-salariés,90
2019.09.30,Diekirch,Diekirch,Hommes,Salariés,1550
2019.09.30,Diekirch,Diekirch,Hommes,Non-salariés,120
2019.09.30,Diekirch,Erpeldange-sur-Sûre,Femmes,Salariés,480
2019.09.30,Diekirch,Erpeldange-sur-Sûre,Femmes,Non-salariés,30
2019.09.30,Diekirch,Erpeldange-sur-Sûre,Hommes,Salariés,540
2019.09.30,Diekirch,Erpeldange-sur-Sûre,Hommes,Non-salariés,60
2019.09.30,Diekirch,Ettelbruck,Femmes,Salariés,1650
2019.09.30,Diekirch,Ettelbruck,Femmes,Non-salariés,100
2019.09.30,Diekirch,Ettelbruck,Hommes,Salariés,1870
2019.09.30,Diekirch,Ettelbruck,Hommes,Non-salariés,130
2019.09.30,Diekirch,Feulen,Femmes,Salariés,460
2019.09.30,Diekirch,Feulen,Femmes,Non-salariés,20
2019.09.30,Diekirch,Feulen,Hommes,Salariés,510
2019.09.30,Diekirch,Feulen,Hommes,Non-salariés,40
2019.09.30,Diekirch,Mertzig,Femmes,Salariés,460
2019.09.30,Diekirch,Mertzig,Femmes,Non-salariés,30
2019.09.30,Diekirch,Mertzig,Hommes,Salariés,530
2019.09.30,Diekirch,Mertzig,Hommes,Non-salariés,30
2019.09.30,Diekirch,Reisdorf,Femmes,Salariés,230
2019.09.30,Diekirch,Reisdorf,Femmes,Non-salariés,10
2019.09.30,Diekirch,Reisdorf,Hommes,Salariés,290
2019.09.30,Diekirch,Reisdorf,Hommes,Non-salariés,30
2019.09.30,Diekirch,Schieren,Femmes,Salariés,400
2019.09.30,Diekirch,Schieren,Femmes,Non-salariés,20
2019.09.30,Diekirch,Schieren,Hommes,Salariés,460
2019.09.30,Diekirch,Schieren,Hommes,Non-salariés,30
2019.09.30,Diekirch,Vallée de l'Ernz,Femmes,Salariés,500
2019.09.30,Diekirch,Vallée de l'Ernz,Femmes,Non-salariés,60
2019.09.30,Diekirch,Vallée de l'Ernz,Hommes,Salariés,590
2019.09.30,Diekirch,Vallée de l'Ernz,Hommes,Non-salariés,70
2019.09.30,Echternach,Beaufort,Femmes,Salariés,530
2019.09.30,Echternach,Beaufort,Femmes,Non-salariés,40
2019.09.30,Echternach,Beaufort,Hommes,Salariés,600
2019.09.30,Echternach,Beaufort,Hommes,Non-salariés,50
2019.09.30,Echternach,Bech,Femmes,Salariés,220
2019.09.30,Echternach,Bech,Femmes,Non-salariés,20
2019.09.30,Echternach,Bech,Hommes,Salariés,250
2019.09.30,Echternach,Bech,Hommes,Non-salariés,40
2019.09.30,Echternach,Berdorf,Femmes,Salariés,320
2019.09.30,Echternach,Berdorf,Femmes,Non-salariés,40
2019.09.30,Echternach,Berdorf,Hommes,Salariés,370
2019.09.30,Echternach,Berdorf,Hommes,Non-salariés,40
2019.09.30,Echternach,Consdorf,Femmes,Salariés,400
2019.09.30,Echternach,Consdorf,Femmes,Non-salariés,30
2019.09.30,Echternach,Consdorf,Hommes,Salariés,400
2019.09.30,Echternach,Consdorf,Hommes,Non-salariés,60
2019.09.30,Echternach,Echternach,Femmes,Salariés,1000
2019.09.30,Echternach,Echternach,Femmes,Non-salariés,70
2019.09.30,Echternach,Echternach,Hommes,Salariés,1090
2019.09.30,Echternach,Echternach,Hommes,Non-salariés,130
2019.09.30,Echternach,Rosport-Mompach,Femmes,Salariés,670
2019.09.30,Echternach,Rosport-Mompach,Femmes,Non-salariés,60
2019.09.30,Echternach,Rosport-Mompach,Hommes,Salariés,730
2019.09.30,Echternach,Rosport-Mompach,Hommes,Non-salariés,120
2019.09.30,Echternach,Waldbillig,Femmes,Salariés,360
2019.09.30,Echternach,Waldbillig,Femmes,Non-salariés,30
2019.09.30,Echternach,Waldbillig,Hommes,Salariés,400
2019.09.30,Echternach,Waldbillig,Hommes,Non-salariés,40
2019.09.30,Esch-Sur-Alzette,Bettembourg,Femmes,Salariés,2060
2019.09.30,Esch-Sur-Alzette,Bettembourg,Femmes,Non-salariés,140
2019.09.30,Esch-Sur-Alzette,Bettembourg,Hommes,Salariés,2330
2019.09.30,Esch-Sur-Alzette,Bettembourg,Hommes,Non-salariés,190
2019.09.30,Esch-Sur-Alzette,Differdange,Femmes,Salariés,5200
2019.09.30,Esch-Sur-Alzette,Differdange,Femmes,Non-salariés,210
2019.09.30,Esch-Sur-Alzette,Differdange,Hommes,Salariés,6500
2019.09.30,Esch-Sur-Alzette,Differdange,Hommes,Non-salariés,260
2019.09.30,Esch-Sur-Alzette,Dudelange,Femmes,Salariés,3950
2019.09.30,Esch-Sur-Alzette,Dudelange,Femmes,Non-salariés,220
2019.09.30,Esch-Sur-Alzette,Dudelange,Hommes,Salariés,4570
2019.09.30,Esch-Sur-Alzette,Dudelange,Hommes,Non-salariés,290
2019.09.30,Esch-Sur-Alzette,Esch-sur-Alzette,Femmes,Salariés,6440
2019.09.30,Esch-Sur-Alzette,Esch-sur-Alzette,Femmes,Non-salariés,320
2019.09.30,Esch-Sur-Alzette,Esch-sur-Alzette,Hommes,Salariés,8160
2019.09.30,Esch-Sur-Alzette,Esch-sur-Alzette,Hommes,Non-salariés,420
2019.09.30,Esch-Sur-Alzette,Frisange,Femmes,Salariés,950
2019.09.30,Esch-Sur-Alzette,Frisange,Femmes,Non-salariés,60
2019.09.30,Esch-Sur-Alzette,Frisange,Hommes,Salariés,1020
2019.09.30,Esch-Sur-Alzette,Frisange,Hommes,Non-salariés,120
2019.09.30,Esch-Sur-Alzette,Kayl,Femmes,Salariés,1850
2019.09.30,Esch-Sur-Alzette,Kayl,Femmes,Non-salariés,90
2019.09.30,Esch-Sur-Alzette,Kayl,Hommes,Salariés,2140
2019.09.30,Esch-Sur-Alzette,Kayl,Hommes,Non-salariés,130
2019.09.30,Esch-Sur-Alzette,Leudelange,Femmes,Salariés,510
2019.09.30,Esch-Sur-Alzette,Leudelange,Femmes,Non-salariés,60
2019.09.30,Esch-Sur-Alzette,Leudelange,Hommes,Salariés,560
2019.09.30,Esch-Sur-Alzette,Leudelange,Hommes,Non-salariés,100
2019.09.30,Esch-Sur-Alzette,Mondercange,Femmes,Salariés,1270
2019.09.30,Esch-Sur-Alzette,Mondercange,Femmes,Non-salariés,110
2019.09.30,Esch-Sur-Alzette,Mondercange,Hommes,Salariés,1430
2019.09.30,Esch-Sur-Alzette,Mondercange,Hommes,Non-salariés,180
2019.09.30,Esch-Sur-Alzette,Pétange,Femmes,Salariés,3600
2019.09.30,Esch-Sur-Alzette,Pétange,Femmes,Non-salariés,180
2019.09.30,Esch-Sur-Alzette,Pétange,Hommes,Salariés,4370
2019.09.30,Esch-Sur-Alzette,Pétange,Hommes,Non-salariés,200
2019.09.30,Esch-Sur-Alzette,Reckange-sur-Mess,Femmes,Salariés,490
2019.09.30,Esch-Sur-Alzette,Reckange-sur-Mess,Femmes,Non-salariés,50
2019.09.30,Esch-Sur-Alzette,Reckange-sur-Mess,Hommes,Salariés,530
2019.09.30,Esch-Sur-Alzette,Reckange-sur-Mess,Hommes,Non-salariés,90
2019.09.30,Esch-Sur-Alzette,Roeser,Femmes,Salariés,1270
2019.09.30,Esch-Sur-Alzette,Roeser,Femmes,Non-salariés,90
2019.09.30,Esch-Sur-Alzette,Roeser,Hommes,Salariés,1440
2019.09.30,Esch-Sur-Alzette,Roeser,Hommes,Non-salariés,160
2019.09.30,Esch-Sur-Alzette,Rumelange,Femmes,Salariés,1010
2019.09.30,Esch-Sur-Alzette,Rumelange,Femmes,Non-salariés,50
2019.09.30,Esch-Sur-Alzette,Rumelange,Hommes,Salariés,1170
2019.09.30,Esch-Sur-Alzette,Rumelange,Hommes,Non-salariés,60
2019.09.30,Esch-Sur-Alzette,Sanem,Femmes,Salariés,3320
2019.09.30,Esch-Sur-Alzette,Sanem,Femmes,Non-salariés,170
2019.09.30,Esch-Sur-Alzette,Sanem,Hommes,Salariés,3830
2019.09.30,Esch-Sur-Alzette,Sanem,Hommes,Non-salariés,250
2019.09.30,Esch-Sur-Alzette,Schifflange,Femmes,Salariés,2230
2019.09.30,Esch-Sur-Alzette,Schifflange,Femmes,Non-salariés,110
2019.09.30,Esch-Sur-Alzette,Schifflange,Hommes,Salariés,2560
2019.09.30,Esch-Sur-Alzette,Schifflange,Hommes,Non-salariés,110
2019.09.30,Grevenmacher,Betzdorf,Femmes,Salariés,700
2019.09.30,Grevenmacher,Betzdorf,Femmes,Non-salariés,50
2019.09.30,Grevenmacher,Betzdorf,Hommes,Salariés,800
2019.09.30,Grevenmacher,Betzdorf,Hommes,Non-salariés,100
2019.09.30,Grevenmacher,Biwer,Femmes,Salariés,330
2019.09.30,Grevenmacher,Biwer,Femmes,Non-salariés,30
2019.09.30,Grevenmacher,Biwer,Hommes,Salariés,390
2019.09.30,Grevenmacher,Biwer,Hommes,Non-salariés,50
2019.09.30,Grevenmacher,Flaxweiler,Femmes,Salariés,380
2019.09.30,Grevenmacher,Flaxweiler,Femmes,Non-salariés,40
2019.09.30,Grevenmacher,Flaxweiler,Hommes,Salariés,480
2019.09.30,Grevenmacher,Flaxweiler,Hommes,Non-salariés,60
2019.09.30,Grevenmacher,Grevenmacher,Femmes,Salariés,910
2019.09.30,Grevenmacher,Grevenmacher,Femmes,Non-salariés,60
2019.09.30,Grevenmacher,Grevenmacher,Hommes,Salariés,1050
2019.09.30,Grevenmacher,Grevenmacher,Hommes,Non-salariés,90
2019.09.30,Grevenmacher,Junglinster,Femmes,Salariés,1340
2019.09.30,Grevenmacher,Junglinster,Femmes,Non-salariés,150
2019.09.30,Grevenmacher,Junglinster,Hommes,Salariés,1490
2019.09.30,Grevenmacher,Junglinster,Hommes,Non-salariés,200
2019.09.30,Grevenmacher,Manternach,Femmes,Salariés,390
2019.09.30,Grevenmacher,Manternach,Femmes,Non-salariés,20
2019.09.30,Grevenmacher,Manternach,Hommes,Salariés,440
2019.09.30,Grevenmacher,Manternach,Hommes,Non-salariés,60
2019.09.30,Grevenmacher,Mertert,Femmes,Salariés,810
2019.09.30,Grevenmacher,Mertert,Femmes,Non-salariés,60
2019.09.30,Grevenmacher,Mertert,Hommes,Salariés,950
2019.09.30,Grevenmacher,Mertert,Hommes,Non-salariés,80
2019.09.30,Grevenmacher,Wormeldange,Femmes,Salariés,510
2019.09.30,Grevenmacher,Wormeldange,Femmes,Non-salariés,50
2019.09.30,Grevenmacher,Wormeldange,Hommes,Salariés,590
2019.09.30,Grevenmacher,Wormeldange,Hommes,Non-salariés,100
2019.09.30,Luxembourg-Campagne,Bertrange,Femmes,Salariés,1330
2019.09.30,Luxembourg-Campagne,Bertrange,Femmes,Non-salariés,140
2019.09.30,Luxembourg-Campagne,Bertrange,Hommes,Salariés,1550
2019.09.30,Luxembourg-Campagne,Bertrange,Hommes,Non-salariés,230
2019.09.30,Luxembourg-Campagne,Contern,Femmes,Salariés,630
2019.09.30,Luxembourg-Campagne,Contern,Femmes,Non-salariés,60
2019.09.30,Luxembourg-Campagne,Contern,Hommes,Salariés,730
2019.09.30,Luxembourg-Campagne,Contern,Hommes,Non-salariés,100
2019.09.30,Luxembourg-Campagne,Hesperange,Femmes,Salariés,2790
2019.09.30,Luxembourg-Campagne,Hesperange,Femmes,Non-salariés,250
2019.09.30,Luxembourg-Campagne,Hesperange,Hommes,Salariés,3140
2019.09.30,Luxembourg-Campagne,Hesperange,Hommes,Non-salariés,350
2019.09.30,Luxembourg-Campagne,Niederanven,Femmes,Salariés,790
2019.09.30,Luxembourg-Campagne,Niederanven,Femmes,Non-salariés,150
2019.09.30,Luxembourg-Campagne,Niederanven,Hommes,Salariés,910
2019.09.30,Luxembourg-Campagne,Niederanven,Hommes,Non-salariés,200
2019.09.30,Luxembourg-Campagne,Sandweiler,Femmes,Salariés,610
2019.09.30,Luxembourg-Campagne,Sandweiler,Femmes,Non-salariés,40
2019.09.30,Luxembourg-Campagne,Sandweiler,Hommes,Salariés,660
2019.09.30,Luxembourg-Campagne,Sandweiler,Hommes,Non-salariés,100
2019.09.30,Luxembourg-Campagne,Schuttrange,Femmes,Salariés,640
2019.09.30,Luxembourg-Campagne,Schuttrange,Femmes,Non-salariés,70
2019.09.30,Luxembourg-Campagne,Schuttrange,Hommes,Salariés,750
2019.09.30,Luxembourg-Campagne,Schuttrange,Hommes,Non-salariés,130
2019.09.30,Luxembourg-Campagne,Steinsel,Femmes,Salariés,870
2019.09.30,Luxembourg-Campagne,Steinsel,Femmes,Non-salariés,80
2019.09.30,Luxembourg-Campagne,Steinsel,Hommes,Salariés,930
2019.09.30,Luxembourg-Campagne,Steinsel,Hommes,Non-salariés,130
2019.09.30,Luxembourg-Campagne,Strassen,Femmes,Salariés,1550
2019.09.30,Luxembourg-Campagne,Strassen,Femmes,Non-salariés,180
2019.09.30,Luxembourg-Campagne,Strassen,Hommes,Salariés,1840
2019.09.30,Luxembourg-Campagne,Strassen,Hommes,Non-salariés,260
2019.09.30,Luxembourg-Campagne,Walferdange,Femmes,Salariés,1360
2019.09.30,Luxembourg-Campagne,Walferdange,Femmes,Non-salariés,130
2019.09.30,Luxembourg-Campagne,Walferdange,Hommes,Salariés,1560
2019.09.30,Luxembourg-Campagne,Walferdange,Hommes,Non-salariés,210
2019.09.30,Luxembourg-Campagne,Weiler-la-Tour,Femmes,Salariés,430
2019.09.30,Luxembourg-Campagne,Weiler-la-Tour,Femmes,Non-salariés,30
2019.09.30,Luxembourg-Campagne,Weiler-la-Tour,Hommes,Salariés,490
2019.09.30,Luxembourg-Campagne,Weiler-la-Tour,Hommes,Non-salariés,60
2019.09.30,Luxembourg-Ville,Luxembourg,Femmes,Salariés,19330
2019.09.30,Luxembourg-Ville,Luxembourg,Femmes,Non-salariés,1850
2019.09.30,Luxembourg-Ville,Luxembourg,Hommes,Salariés,24400
2019.09.30,Luxembourg-Ville,Luxembourg,Hommes,Non-salariés,2730
2019.09.30,Mersch,Bissen,Femmes,Salariés,630
2019.09.30,Mersch,Bissen,Femmes,Non-salariés,30
2019.09.30,Mersch,Bissen,Hommes,Salariés,740
2019.09.30,Mersch,Bissen,Hommes,Non-salariés,50
2019.09.30,Mersch,Colmar-Berg,Femmes,Salariés,450
2019.09.30,Mersch,Colmar-Berg,Femmes,Non-salariés,20
2019.09.30,Mersch,Colmar-Berg,Hommes,Salariés,480
2019.09.30,Mersch,Colmar-Berg,Hommes,Non-salariés,40
2019.09.30,Mersch,Fischbach,Femmes,Salariés,260
2019.09.30,Mersch,Fischbach,Femmes,Non-salariés,20
2019.09.30,Mersch,Fischbach,Hommes,Salariés,290
2019.09.30,Mersch,Fischbach,Hommes,Non-salariés,30
2019.09.30,Mersch,Heffingen,Femmes,Salariés,300
2019.09.30,Mersch,Heffingen,Femmes,Non-salariés,30
2019.09.30,Mersch,Heffingen,Hommes,Salariés,320
2019.09.30,Mersch,Heffingen,Hommes,Non-salariés,50
2019.09.30,Mersch,Helperknapp,Femmes,Salariés,810
2019.09.30,Mersch,Helperknapp,Femmes,Non-salariés,70
2019.09.30,Mersch,Helperknapp,Hommes,Salariés,940
2019.09.30,Mersch,Helperknapp,Hommes,Non-salariés,110
2019.09.30,Mersch,Larochette,Femmes,Salariés,430
2019.09.30,Mersch,Larochette,Femmes,Non-salariés,30
2019.09.30,Mersch,Larochette,Hommes,Salariés,500
2019.09.30,Mersch,Larochette,Hommes,Non-salariés,40
2019.09.30,Mersch,Lintgen,Femmes,Salariés,610
2019.09.30,Mersch,Lintgen,Femmes,Non-salariés,50
2019.09.30,Mersch,Lintgen,Hommes,Salariés,740
2019.09.30,Mersch,Lintgen,Hommes,Non-salariés,50
2019.09.30,Mersch,Lorentzweiler,Femmes,Salariés,730
2019.09.30,Mersch,Lorentzweiler,Femmes,Non-salariés,60
2019.09.30,Mersch,Lorentzweiler,Hommes,Salariés,800
2019.09.30,Mersch,Lorentzweiler,Hommes,Non-salariés,90
2019.09.30,Mersch,Mersch,Femmes,Salariés,1840
2019.09.30,Mersch,Mersch,Femmes,Non-salariés,120
2019.09.30,Mersch,Mersch,Hommes,Salariés,2060
2019.09.30,Mersch,Mersch,Hommes,Non-salariés,190
2019.09.30,Mersch,Nommern,Femmes,Salariés,280
2019.09.30,Mersch,Nommern,Femmes,Non-salariés,30
2019.09.30,Mersch,Nommern,Hommes,Salariés,290
2019.09.30,Mersch,Nommern,Hommes,Non-salariés,50
2019.09.30,Non déterminé,Non déterminé,Femmes,Salariés,60
2019.09.30,Non déterminé,Non déterminé,Femmes,Non-salariés,0
2019.09.30,Non déterminé,Non déterminé,Hommes,Salariés,70
2019.09.30,Non déterminé,Non déterminé,Hommes,Non-salariés,10
2019.09.30,Redange,Beckerich,Femmes,Salariés,480
2019.09.30,Redange,Beckerich,Femmes,Non-salariés,50
2019.09.30,Redange,Beckerich,Hommes,Salariés,590
2019.09.30,Redange,Beckerich,Hommes,Non-salariés,60
2019.09.30,Redange,Ell,Femmes,Salariés,270
2019.09.30,Redange,Ell,Femmes,Non-salariés,30
2019.09.30,Redange,Ell,Hommes,Salariés,320
2019.09.30,Redange,Ell,Hommes,Non-salariés,50
2019.09.30,Redange,Groussbus-Wal,Femmes,Salariés,410
2019.09.30,Redange,Groussbus-Wal,Femmes,Non-salariés,40
2019.09.30,Redange,Groussbus-Wal,Hommes,Salariés,470
2019.09.30,Redange,Groussbus-Wal,Hommes,Non-salariés,60
2019.09.30,Redange,Préizerdaul,Femmes,Salariés,350
2019.09.30,Redange,Préizerdaul,Femmes,Non-salariés,10
2019.09.30,Redange,Préizerdaul,Hommes,Salariés,380
2019.09.30,Redange,Préizerdaul,Hommes,Non-salariés,40
2019.09.30,Redange,Rambrouch,Femmes,Salariés,730
2019.09.30,Redange,Rambrouch,Femmes,Non-salariés,80
2019.09.30,Redange,Rambrouch,Hommes,Salariés,900
2019.09.30,Redange,Rambrouch,Hommes,Non-salariés,160
2019.09.30,Redange,Redange/Attert,Femmes,Salariés,510
2019.09.30,Redange,Redange/Attert,Femmes,Non-salariés,50
2019.09.30,Redange,Redange/Attert,Hommes,Salariés,580
2019.09.30,Redange,Redange/Attert,Hommes,Non-salariés,90
2019.09.30,Redange,Saeul,Femmes,Salariés,170
2019.09.30,Redange,Saeul,Femmes,Non-salariés,20
2019.09.30,Redange,Saeul,Hommes,Salariés,190
2019.09.30,Redange,Saeul,Hommes,Non-salariés,30
2019.09.30,Redange,Useldange,Femmes,Salariés,380
2019.09.30,Redange,Useldange,Femmes,Non-salariés,40
2019.09.30,Redange,Useldange,Hommes,Salariés,410
2019.09.30,Redange,Useldange,Hommes,Non-salariés,50
2019.09.30,Redange,Vichten,Femmes,Salariés,240
2019.09.30,Redange,Vichten,Femmes,Non-salariés,20
2019.09.30,Redange,Vichten,Hommes,Salariés,330
2019.09.30,Redange,Vichten,Hommes,Non-salariés,20
2019.09.30,Remich,Bous-Waldbredimus,Femmes,Salariés,540
2019.09.30,Remich,Bous-Waldbredimus,Femmes,Non-salariés,40
2019.09.30,Remich,Bous-Waldbredimus,Hommes,Salariés,650
2019.09.30,Remich,Bous-Waldbredimus,Hommes,Non-salariés,80
2019.09.30,Remich,Dalheim,Femmes,Salariés,430
2019.09.30,Remich,Dalheim,Femmes,Non-salariés,40
2019.09.30,Remich,Dalheim,Hommes,Salariés,490
2019.09.30,Remich,Dalheim,Hommes,Non-salariés,60
2019.09.30,Remich,Lenningen,Femmes,Salariés,350
2019.09.30,Remich,Lenningen,Femmes,Non-salariés,30
2019.09.30,Remich,Lenningen,Hommes,Salariés,420
2019.09.30,Remich,Lenningen,Hommes,Non-salariés,50
2019.09.30,Remich,Mondorf-les-Bains,Femmes,Salariés,900
2019.09.30,Remich,Mondorf-les-Bains,Femmes,Non-salariés,70
2019.09.30,Remich,Mondorf-les-Bains,Hommes,Salariés,1000
2019.09.30,Remich,Mondorf-les-Bains,Hommes,Non-salariés,140
2019.09.30,Remich,Remich,Femmes,Salariés,600
2019.09.30,Remich,Remich,Femmes,Non-salariés,50
2019.09.30,Remich,Remich,Hommes,Salariés,690
2019.09.30,Remich,Remich,Hommes,Non-salariés,110
2019.09.30,Remich,Schengen,Femmes,Salariés,950
2019.09.30,Remich,Schengen,Femmes,Non-salariés,90
2019.09.30,Remich,Schengen,Hommes,Salariés,990
2019.09.30,Remich,Schengen,Hommes,Non-salariés,160
2019.09.30,Remich,Stadtbredimus,Femmes,Salariés,380
2019.09.30,Remich,Stadtbredimus,Femmes,Non-salariés,40
2019.09.30,Remich,Stadtbredimus,Hommes,Salariés,430
2019.09.30,Remich,Stadtbredimus,Hommes,Non-salariés,50
2019.09.30,Vianden,Putscheid,Femmes,Salariés,210
2019.09.30,Vianden,Putscheid,Femmes,Non-salariés,20
2019.09.30,Vianden,Putscheid,Hommes,Salariés,240
2019.09.30,Vianden,Putscheid,Hommes,Non-salariés,20
2019.09.30,Vianden,Tandel,Femmes,Salariés,450
2019.09.30,Vianden,Tandel,Femmes,Non-salariés,30
2019.09.30,Vianden,Tandel,Hommes,Salariés,490
2019.09.30,Vianden,Tandel,Hommes,Non-salariés,60
2019.09.30,Vianden,Vianden,Femmes,Salariés,370
2019.09.30,Vianden,Vianden,Femmes,Non-salariés,30
2019.09.30,Vianden,Vianden,Hommes,Salariés,450
2019.09.30,Vianden,Vianden,Hommes,Non-salariés,50
2019.09.30,Wiltz,Boulaide,Femmes,Salariés,250
2019.09.30,Wiltz,Boulaide,Femmes,Non-salariés,20
2019.09.30,Wiltz,Boulaide,Hommes,Salariés,240
2019.09.30,Wiltz,Boulaide,Hommes,Non-salariés,40
2019.09.30,Wiltz,Esch-sur-Sûre,Femmes,Salariés,520
2019.09.30,Wiltz,Esch-sur-Sûre,Femmes,Non-salariés,40
2019.09.30,Wiltz,Esch-sur-Sûre,Hommes,Salariés,630
2019.09.30,Wiltz,Esch-sur-Sûre,Hommes,Non-salariés,70
2019.09.30,Wiltz,Goesdorf,Femmes,Salariés,300
2019.09.30,Wiltz,Goesdorf,Femmes,Non-salariés,30
2019.09.30,Wiltz,Goesdorf,Hommes,Salariés,360
2019.09.30,Wiltz,Goesdorf,Hommes,Non-salariés,40
2019.09.30,Wiltz,Kiischpelt,Femmes,Salariés,220
2019.09.30,Wiltz,Kiischpelt,Femmes,Non-salariés,30
2019.09.30,Wiltz,Kiischpelt,Hommes,Salariés,260
2019.09.30,Wiltz,Kiischpelt,Hommes,Non-salariés,20
2019.09.30,Wiltz,Lac de la Haute-Sûre,Femmes,Salariés,320
2019.09.30,Wiltz,Lac de la Haute-Sûre,Femmes,Non-salariés,40
2019.09.30,Wiltz,Lac de la Haute-Sûre,Hommes,Salariés,390
2019.09.30,Wiltz,Lac de la Haute-Sûre,Hommes,Non-salariés,70
2019.09.30,Wiltz,Wiltz,Femmes,Salariés,1140
2019.09.30,Wiltz,Wiltz,Femmes,Non-salariés,60
2019.09.30,Wiltz,Wiltz,Hommes,Salariés,1460
2019.09.30,Wiltz,Wiltz,Hommes,Non-salariés,150
2019.09.30,Wiltz,Winseler,Femmes,Salariés,230
2019.09.30,Wiltz,Winseler,Femmes,Non-salariés,20
2019.09.30,Wiltz,Winseler,Hommes,Salariés,250
2019.09.30,Wiltz,Winseler,Hommes,Non-salariés,70
2020.03.31,Capellen,Dippach,Femmes,Salariés,810
2020.03.31,Capellen,Dippach,Femmes,Non-salariés,60
2020.03.31,Capellen,Dippach,Hommes,Salariés,930
2020.03.31,Capellen,Dippach,Hommes,Non-salariés,110
2020.03.31,Capellen,Garnich,Femmes,Salariés,390
2020.03.31,Capellen,Garnich,Femmes,Non-salariés,50
2020.03.31,Capellen,Garnich,Hommes,Salariés,430
2020.03.31,Capellen,Garnich,Hommes,Non-salariés,70
2020.03.31,Capellen,Habscht,Femmes,Salariés,880
2020.03.31,Capellen,Habscht,Femmes,Non-salariés,90
2020.03.31,Capellen,Habscht,Hommes,Salariés,1020
2020.03.31,Capellen,Habscht,Hommes,Non-salariés,140
2020.03.31,Capellen,Käerjeng,Femmes,Salariés,1960
2020.03.31,Capellen,Käerjeng,Femmes,Non-salariés,140
2020.03.31,Capellen,Käerjeng,Hommes,Salariés,2090
2020.03.31,Capellen,Käerjeng,Hommes,Non-salariés,200
2020.03.31,Capellen,Kehlen,Femmes,Salariés,980
2020.03.31,Capellen,Kehlen,Femmes,Non-salariés,120
2020.03.31,Capellen,Kehlen,Hommes,Salariés,1080
2020.03.31,Capellen,Kehlen,Hommes,Non-salariés,190
2020.03.31,Capellen,Koerich,Femmes,Salariés,450
2020.03.31,Capellen,Koerich,Femmes,Non-salariés,40
2020.03.31,Capellen,Koerich,Hommes,Salariés,490
2020.03.31,Capellen,Koerich,Hommes,Non-salariés,80
2020.03.31,Capellen,Kopstal,Femmes,Salariés,600
2020.03.31,Capellen,Kopstal,Femmes,Non-salariés,90
2020.03.31,Capellen,Kopstal,Hommes,Salariés,670
2020.03.31,Capellen,Kopstal,Hommes,Non-salariés,150
2020.03.31,Capellen,Mamer,Femmes,Salariés,1420
2020.03.31,Capellen,Mamer,Femmes,Non-salariés,150
2020.03.31,Capellen,Mamer,Hommes,Salariés,1560
2020.03.31,Capellen,Mamer,Hommes,Non-salariés,270
2020.03.31,Capellen,Steinfort,Femmes,Salariés,950
2020.03.31,Capellen,Steinfort,Femmes,Non-salariés,100
2020.03.31,Capellen,Steinfort,Hommes,Salariés,1080
2020.03.31,Capellen,Steinfort,Hommes,Non-salariés,130
2020.03.31,Clervaux,Clervaux,Femmes,Salariés,940
2020.03.31,Clervaux,Clervaux,Femmes,Non-salariés,100
2020.03.31,Clervaux,Clervaux,Hommes,Salariés,1140
2020.03.31,Clervaux,Clervaux,Hommes,Non-salariés,140
2020.03.31,Clervaux,Parc Hosingen,Femmes,Salariés,730
2020.03.31,Clervaux,Parc Hosingen,Femmes,Non-salariés,50
2020.03.31,Clervaux,Parc Hosingen,Hommes,Salariés,810
2020.03.31,Clervaux,Parc Hosingen,Hommes,Non-salariés,90
2020.03.31,Clervaux,Troisvierges,Femmes,Salariés,570
2020.03.31,Clervaux,Troisvierges,Femmes,Non-salariés,50
2020.03.31,Clervaux,Troisvierges,Hommes,Salariés,720
2020.03.31,Clervaux,Troisvierges,Hommes,Non-salariés,90
2020.03.31,Clervaux,Weiswampach,Femmes,Salariés,360
2020.03.31,Clervaux,Weiswampach,Femmes,Non-salariés,40
2020.03.31,Clervaux,Weiswampach,Hommes,Salariés,460
2020.03.31,Clervaux,Weiswampach,Hommes,Non-salariés,90
2020.03.31,Clervaux,Wincrange,Femmes,Salariés,770
2020.03.31,Clervaux,Wincrange,Femmes,Non-salariés,100
2020.03.31,Clervaux,Wincrange,Hommes,Salariés,900
2020.03.31,Clervaux,Wincrange,Hommes,Non-salariés,230
2020.03.31,Diekirch,Bettendorf,Femmes,Salariés,560
2020.03.31,Diekirch,Bettendorf,Femmes,Non-salariés,30
2020.03.31,Diekirch,Bettendorf,Hommes,Salariés,640
2020.03.31,Diekirch,Bettendorf,Hommes,Non-salariés,60
2020.03.31,Diekirch,Bourscheid,Femmes,Salariés,320
2020.03.31,Diekirch,Bourscheid,Femmes,Non-salariés,20
2020.03.31,Diekirch,Bourscheid,Hommes,Salariés,360
2020.03.31,Diekirch,Bourscheid,Hommes,Non-salariés,50
2020.03.31,Diekirch,Diekirch,Femmes,Salariés,1300
2020.03.31,Diekirch,Diekirch,Femmes,Non-salariés,90
2020.03.31,Diekirch,Diekirch,Hommes,Salariés,1520
2020.03.31,Diekirch,Diekirch,Hommes,Non-salariés,110
2020.03.31,Diekirch,Erpeldange-sur-Sûre,Femmes,Salariés,480
2020.03.31,Diekirch,Erpeldange-sur-Sûre,Femmes,Non-salariés,40
2020.03.31,Diekirch,Erpeldange-sur-Sûre,Hommes,Salariés,520
2020.03.31,Diekirch,Erpeldange-sur-Sûre,Hommes,Non-salariés,50
2020.03.31,Diekirch,Ettelbruck,Femmes,Salariés,1660
2020.03.31,Diekirch,Ettelbruck,Femmes,Non-salariés,100
2020.03.31,Diekirch,Ettelbruck,Hommes,Salariés,1860
2020.03.31,Diekirch,Ettelbruck,Hommes,Non-salariés,140
2020.03.31,Diekirch,Feulen,Femmes,Salariés,450
2020.03.31,Diekirch,Feulen,Femmes,Non-salariés,20
2020.03.31,Diekirch,Feulen,Hommes,Salariés,520
2020.03.31,Diekirch,Feulen,Hommes,Non-salariés,40
2020.03.31,Diekirch,Mertzig,Femmes,Salariés,450
2020.03.31,Diekirch,Mertzig,Femmes,Non-salariés,30
2020.03.31,Diekirch,Mertzig,Hommes,Salariés,520
2020.03.31,Diekirch,Mertzig,Hommes,Non-salariés,30
2020.03.31,Diekirch,Reisdorf,Femmes,Salariés,210
2020.03.31,Diekirch,Reisdorf,Femmes,Non-salariés,20
2020.03.31,Diekirch,Reisdorf,Hommes,Salariés,290
2020.03.31,Diekirch,Reisdorf,Hommes,Non-salariés,20
2020.03.31,Diekirch,Schieren,Femmes,Salariés,410
2020.03.31,Diekirch,Schieren,Femmes,Non-salariés,20
2020.03.31,Diekirch,Schieren,Hommes,Salariés,460
2020.03.31,Diekirch,Schieren,Hommes,Non-salariés,30
2020.03.31,Diekirch,Vallée de l'Ernz,Femmes,Salariés,520
2020.03.31,Diekirch,Vallée de l'Ernz,Femmes,Non-salariés,60
2020.03.31,Diekirch,Vallée de l'Ernz,Hommes,Salariés,580
2020.03.31,Diekirch,Vallée de l'Ernz,Hommes,Non-salariés,80
2020.03.31,Echternach,Beaufort,Femmes,Salariés,510
2020.03.31,Echternach,Beaufort,Femmes,Non-salariés,40
2020.03.31,Echternach,Beaufort,Hommes,Salariés,610
2020.03.31,Echternach,Beaufort,Hommes,Non-salariés,40
2020.03.31,Echternach,Bech,Femmes,Salariés,220
2020.03.31,Echternach,Bech,Femmes,Non-salariés,20
2020.03.31,Echternach,Bech,Hommes,Salariés,250
2020.03.31,Echternach,Bech,Hommes,Non-salariés,40
2020.03.31,Echternach,Berdorf,Femmes,Salariés,330
2020.03.31,Echternach,Berdorf,Femmes,Non-salariés,40
2020.03.31,Echternach,Berdorf,Hommes,Salariés,370
2020.03.31,Echternach,Berdorf,Hommes,Non-salariés,50
2020.03.31,Echternach,Consdorf,Femmes,Salariés,400
2020.03.31,Echternach,Consdorf,Femmes,Non-salariés,40
2020.03.31,Echternach,Consdorf,Hommes,Salariés,430
2020.03.31,Echternach,Consdorf,Hommes,Non-salariés,60
2020.03.31,Echternach,Echternach,Femmes,Salariés,990
2020.03.31,Echternach,Echternach,Femmes,Non-salariés,70
2020.03.31,Echternach,Echternach,Hommes,Salariés,1090
2020.03.31,Echternach,Echternach,Hommes,Non-salariés,130
2020.03.31,Echternach,Rosport-Mompach,Femmes,Salariés,670
2020.03.31,Echternach,Rosport-Mompach,Femmes,Non-salariés,60
2020.03.31,Echternach,Rosport-Mompach,Hommes,Salariés,730
2020.03.31,Echternach,Rosport-Mompach,Hommes,Non-salariés,120
2020.03.31,Echternach,Waldbillig,Femmes,Salariés,360
2020.03.31,Echternach,Waldbillig,Femmes,Non-salariés,30
2020.03.31,Echternach,Waldbillig,Hommes,Salariés,420
2020.03.31,Echternach,Waldbillig,Hommes,Non-salariés,50
2020.03.31,Esch-Sur-Alzette,Bettembourg,Femmes,Salariés,2060
2020.03.31,Esch-Sur-Alzette,Bettembourg,Femmes,Non-salariés,150
2020.03.31,Esch-Sur-Alzette,Bettembourg,Hommes,Salariés,2340
2020.03.31,Esch-Sur-Alzette,Bettembourg,Hommes,Non-salariés,200
2020.03.31,Esch-Sur-Alzette,Differdange,Femmes,Salariés,5280
2020.03.31,Esch-Sur-Alzette,Differdange,Femmes,Non-salariés,220
2020.03.31,Esch-Sur-Alzette,Differdange,Hommes,Salariés,6420
2020.03.31,Esch-Sur-Alzette,Differdange,Hommes,Non-salariés,270
2020.03.31,Esch-Sur-Alzette,Dudelange,Femmes,Salariés,4010
2020.03.31,Esch-Sur-Alzette,Dudelange,Femmes,Non-salariés,210
2020.03.31,Esch-Sur-Alzette,Dudelange,Hommes,Salariés,4590
2020.03.31,Esch-Sur-Alzette,Dudelange,Hommes,Non-salariés,310
2020.03.31,Esch-Sur-Alzette,Esch-sur-Alzette,Femmes,Salariés,6550
2020.03.31,Esch-Sur-Alzette,Esch-sur-Alzette,Femmes,Non-salariés,320
2020.03.31,Esch-Sur-Alzette,Esch-sur-Alzette,Hommes,Salariés,8050
2020.03.31,Esch-Sur-Alzette,Esch-sur-Alzette,Hommes,Non-salariés,420
2020.03.31,Esch-Sur-Alzette,Frisange,Femmes,Salariés,930
2020.03.31,Esch-Sur-Alzette,Frisange,Femmes,Non-salariés,70
2020.03.31,Esch-Sur-Alzette,Frisange,Hommes,Salariés,1020
2020.03.31,Esch-Sur-Alzette,Frisange,Hommes,Non-salariés,120
2020.03.31,Esch-Sur-Alzette,Kayl,Femmes,Salariés,1830
2020.03.31,Esch-Sur-Alzette,Kayl,Femmes,Non-salariés,90
2020.03.31,Esch-Sur-Alzette,Kayl,Hommes,Salariés,2100
2020.03.31,Esch-Sur-Alzette,Kayl,Hommes,Non-salariés,130
2020.03.31,Esch-Sur-Alzette,Leudelange,Femmes,Salariés,500
2020.03.31,Esch-Sur-Alzette,Leudelange,Femmes,Non-salariés,60
2020.03.31,Esch-Sur-Alzette,Leudelange,Hommes,Salariés,540
2020.03.31,Esch-Sur-Alzette,Leudelange,Hommes,Non-salariés,100
2020.03.31,Esch-Sur-Alzette,Mondercange,Femmes,Salariés,1250
2020.03.31,Esch-Sur-Alzette,Mondercange,Femmes,Non-salariés,110
2020.03.31,Esch-Sur-Alzette,Mondercange,Hommes,Salariés,1410
2020.03.31,Esch-Sur-Alzette,Mondercange,Hommes,Non-salariés,180
2020.03.31,Esch-Sur-Alzette,Pétange,Femmes,Salariés,3770
2020.03.31,Esch-Sur-Alzette,Pétange,Femmes,Non-salariés,200
2020.03.31,Esch-Sur-Alzette,Pétange,Hommes,Salariés,4430
2020.03.31,Esch-Sur-Alzette,Pétange,Hommes,Non-salariés,210
2020.03.31,Esch-Sur-Alzette,Reckange-sur-Mess,Femmes,Salariés,480
2020.03.31,Esch-Sur-Alzette,Reckange-sur-Mess,Femmes,Non-salariés,50
2020.03.31,Esch-Sur-Alzette,Reckange-sur-Mess,Hommes,Salariés,550
2020.03.31,Esch-Sur-Alzette,Reckange-sur-Mess,Hommes,Non-salariés,80
2020.03.31,Esch-Sur-Alzette,Roeser,Femmes,Salariés,1290
2020.03.31,Esch-Sur-Alzette,Roeser,Femmes,Non-salariés,90
2020.03.31,Esch-Sur-Alzette,Roeser,Hommes,Salariés,1410
2020.03.31,Esch-Sur-Alzette,Roeser,Hommes,Non-salariés,170
2020.03.31,Esch-Sur-Alzette,Rumelange,Femmes,Salariés,1010
2020.03.31,Esch-Sur-Alzette,Rumelange,Femmes,Non-salariés,50
2020.03.31,Esch-Sur-Alzette,Rumelange,Hommes,Salariés,1160
2020.03.31,Esch-Sur-Alzette,Rumelange,Hommes,Non-salariés,60
2020.03.31,Esch-Sur-Alzette,Sanem,Femmes,Salariés,3330
2020.03.31,Esch-Sur-Alzette,Sanem,Femmes,Non-salariés,180
2020.03.31,Esch-Sur-Alzette,Sanem,Hommes,Salariés,3830
2020.03.31,Esch-Sur-Alzette,Sanem,Hommes,Non-salariés,250
2020.03.31,Esch-Sur-Alzette,Schifflange,Femmes,Salariés,2230
2020.03.31,Esch-Sur-Alzette,Schifflange,Femmes,Non-salariés,120
2020.03.31,Esch-Sur-Alzette,Schifflange,Hommes,Salariés,2530
2020.03.31,Esch-Sur-Alzette,Schifflange,Hommes,Non-salariés,110
2020.03.31,Grevenmacher,Betzdorf,Femmes,Salariés,700
2020.03.31,Grevenmacher,Betzdorf,Femmes,Non-salariés,50
2020.03.31,Grevenmacher,Betzdorf,Hommes,Salariés,800
2020.03.31,Grevenmacher,Betzdorf,Hommes,Non-salariés,100
2020.03.31,Grevenmacher,Biwer,Femmes,Salariés,330
2020.03.31,Grevenmacher,Biwer,Femmes,Non-salariés,30
2020.03.31,Grevenmacher,Biwer,Hommes,Salariés,390
2020.03.31,Grevenmacher,Biwer,Hommes,Non-salariés,50
2020.03.31,Grevenmacher,Flaxweiler,Femmes,Salariés,370
2020.03.31,Grevenmacher,Flaxweiler,Femmes,Non-salariés,50
2020.03.31,Grevenmacher,Flaxweiler,Hommes,Salariés,470
2020.03.31,Grevenmacher,Flaxweiler,Hommes,Non-salariés,60
2020.03.31,Grevenmacher,Grevenmacher,Femmes,Salariés,910
2020.03.31,Grevenmacher,Grevenmacher,Femmes,Non-salariés,50
2020.03.31,Grevenmacher,Grevenmacher,Hommes,Salariés,1020
2020.03.31,Grevenmacher,Grevenmacher,Hommes,Non-salariés,100
2020.03.31,Grevenmacher,Junglinster,Femmes,Salariés,1360
2020.03.31,Grevenmacher,Junglinster,Femmes,Non-salariés,150
2020.03.31,Grevenmacher,Junglinster,Hommes,Salariés,1520
2020.03.31,Grevenmacher,Junglinster,Hommes,Non-salariés,210
2020.03.31,Grevenmacher,Manternach,Femmes,Salariés,400
2020.03.31,Grevenmacher,Manternach,Femmes,Non-salariés,20
2020.03.31,Grevenmacher,Manternach,Hommes,Salariés,450
2020.03.31,Grevenmacher,Manternach,Hommes,Non-salariés,60
2020.03.31,Grevenmacher,Mertert,Femmes,Salariés,830
2020.03.31,Grevenmacher,Mertert,Femmes,Non-salariés,60
2020.03.31,Grevenmacher,Mertert,Hommes,Salariés,930
2020.03.31,Grevenmacher,Mertert,Hommes,Non-salariés,90
2020.03.31,Grevenmacher,Wormeldange,Femmes,Salariés,530
2020.03.31,Grevenmacher,Wormeldange,Femmes,Non-salariés,50
2020.03.31,Grevenmacher,Wormeldange,Hommes,Salariés,610
2020.03.31,Grevenmacher,Wormeldange,Hommes,Non-salariés,100
2020.03.31,Luxembourg-Campagne,Bertrange,Femmes,Salariés,1310
2020.03.31,Luxembourg-Campagne,Bertrange,Femmes,Non-salariés,140
2020.03.31,Luxembourg-Campagne,Bertrange,Hommes,Salariés,1530
2020.03.31,Luxembourg-Campagne,Bertrange,Hommes,Non-salariés,230
2020.03.31,Luxembourg-Campagne,Contern,Femmes,Salariés,620
2020.03.31,Luxembourg-Campagne,Contern,Femmes,Non-salariés,60
2020.03.31,Luxembourg-Campagne,Contern,Hommes,Salariés,730
2020.03.31,Luxembourg-Campagne,Contern,Hommes,Non-salariés,100
2020.03.31,Luxembourg-Campagne,Hesperange,Femmes,Salariés,2790
2020.03.31,Luxembourg-Campagne,Hesperange,Femmes,Non-salariés,250
2020.03.31,Luxembourg-Campagne,Hesperange,Hommes,Salariés,3140
2020.03.31,Luxembourg-Campagne,Hesperange,Hommes,Non-salariés,350
2020.03.31,Luxembourg-Campagne,Niederanven,Femmes,Salariés,770
2020.03.31,Luxembourg-Campagne,Niederanven,Femmes,Non-salariés,160
2020.03.31,Luxembourg-Campagne,Niederanven,Hommes,Salariés,900
2020.03.31,Luxembourg-Campagne,Niederanven,Hommes,Non-salariés,200
2020.03.31,Luxembourg-Campagne,Sandweiler,Femmes,Salariés,620
2020.03.31,Luxembourg-Campagne,Sandweiler,Femmes,Non-salariés,50
2020.03.31,Luxembourg-Campagne,Sandweiler,Hommes,Salariés,680
2020.03.31,Luxembourg-Campagne,Sandweiler,Hommes,Non-salariés,90
2020.03.31,Luxembourg-Campagne,Schuttrange,Femmes,Salariés,640
2020.03.31,Luxembourg-Campagne,Schuttrange,Femmes,Non-salariés,70
2020.03.31,Luxembourg-Campagne,Schuttrange,Hommes,Salariés,740
2020.03.31,Luxembourg-Campagne,Schuttrange,Hommes,Non-salariés,130
2020.03.31,Luxembourg-Campagne,Steinsel,Femmes,Salariés,850
2020.03.31,Luxembourg-Campagne,Steinsel,Femmes,Non-salariés,80
2020.03.31,Luxembourg-Campagne,Steinsel,Hommes,Salariés,940
2020.03.31,Luxembourg-Campagne,Steinsel,Hommes,Non-salariés,130
2020.03.31,Luxembourg-Campagne,Strassen,Femmes,Salariés,1600
2020.03.31,Luxembourg-Campagne,Strassen,Femmes,Non-salariés,180
2020.03.31,Luxembourg-Campagne,Strassen,Hommes,Salariés,1870
2020.03.31,Luxembourg-Campagne,Strassen,Hommes,Non-salariés,260
2020.03.31,Luxembourg-Campagne,Walferdange,Femmes,Salariés,1370
2020.03.31,Luxembourg-Campagne,Walferdange,Femmes,Non-salariés,140
2020.03.31,Luxembourg-Campagne,Walferdange,Hommes,Salariés,1560
2020.03.31,Luxembourg-Campagne,Walferdange,Hommes,Non-salariés,210
2020.03.31,Luxembourg-Campagne,Weiler-la-Tour,Femmes,Salariés,420
2020.03.31,Luxembourg-Campagne,Weiler-la-Tour,Femmes,Non-salariés,30
2020.03.31,Luxembourg-Campagne,Weiler-la-Tour,Hommes,Salariés,480
2020.03.31,Luxembourg-Campagne,Weiler-la-Tour,Hommes,Non-salariés,60
2020.03.31,Luxembourg-Ville,Luxembourg,Femmes,Salariés,19740
2020.03.31,Luxembourg-Ville,Luxembourg,Femmes,Non-salariés,1890
2020.03.31,Luxembourg-Ville,Luxembourg,Hommes,Salariés,24480
2020.03.31,Luxembourg-Ville,Luxembourg,Hommes,Non-salariés,2790
2020.03.31,Mersch,Bissen,Femmes,Salariés,640
2020.03.31,Mersch,Bissen,Femmes,Non-salariés,30
2020.03.31,Mersch,Bissen,Hommes,Salariés,740
2020.03.31,Mersch,Bissen,Hommes,Non-salariés,50
2020.03.31,Mersch,Colmar-Berg,Femmes,Salariés,450
2020.03.31,Mersch,Colmar-Berg,Femmes,Non-salariés,20
2020.03.31,Mersch,Colmar-Berg,Hommes,Salariés,470
2020.03.31,Mersch,Colmar-Berg,Hommes,Non-salariés,40
2020.03.31,Mersch,Fischbach,Femmes,Salariés,260
2020.03.31,Mersch,Fischbach,Femmes,Non-salariés,20
2020.03.31,Mersch,Fischbach,Hommes,Salariés,300
2020.03.31,Mersch,Fischbach,Hommes,Non-salariés,30
2020.03.31,Mersch,Heffingen,Femmes,Salariés,300
2020.03.31,Mersch,Heffingen,Femmes,Non-salariés,30
2020.03.31,Mersch,Heffingen,Hommes,Salariés,330
2020.03.31,Mersch,Heffingen,Hommes,Non-salariés,50
2020.03.31,Mersch,Helperknapp,Femmes,Salariés,860
2020.03.31,Mersch,Helperknapp,Femmes,Non-salariés,70
2020.03.31,Mersch,Helperknapp,Hommes,Salariés,960
2020.03.31,Mersch,Helperknapp,Hommes,Non-salariés,110
2020.03.31,Mersch,Larochette,Femmes,Salariés,440
2020.03.31,Mersch,Larochette,Femmes,Non-salariés,30
2020.03.31,Mersch,Larochette,Hommes,Salariés,500
2020.03.31,Mersch,Larochette,Hommes,Non-salariés,30
2020.03.31,Mersch,Lintgen,Femmes,Salariés,640
2020.03.31,Mersch,Lintgen,Femmes,Non-salariés,50
2020.03.31,Mersch,Lintgen,Hommes,Salariés,730
2020.03.31,Mersch,Lintgen,Hommes,Non-salariés,60
2020.03.31,Mersch,Lorentzweiler,Femmes,Salariés,720
2020.03.31,Mersch,Lorentzweiler,Femmes,Non-salariés,70
2020.03.31,Mersch,Lorentzweiler,Hommes,Salariés,800
2020.03.31,Mersch,Lorentzweiler,Hommes,Non-salariés,90
2020.03.31,Mersch,Mersch,Femmes,Salariés,1820
2020.03.31,Mersch,Mersch,Femmes,Non-salariés,120
2020.03.31,Mersch,Mersch,Hommes,Salariés,2060
2020.03.31,Mersch,Mersch,Hommes,Non-salariés,190
2020.03.31,Mersch,Nommern,Femmes,Salariés,280
2020.03.31,Mersch,Nommern,Femmes,Non-salariés,30
2020.03.31,Mersch,Nommern,Hommes,Salariés,290
2020.03.31,Mersch,Nommern,Hommes,Non-salariés,50
2020.03.31,Non déterminé,Non déterminé,Femmes,Salariés,60
2020.03.31,Non déterminé,Non déterminé,Femmes,Non-salariés,0
2020.03.31,Non déterminé,Non déterminé,Hommes,Salariés,80
2020.03.31,Non déterminé,Non déterminé,Hommes,Non-salariés,10
2020.03.31,Redange,Beckerich,Femmes,Salariés,490
2020.03.31,Redange,Beckerich,Femmes,Non-salariés,50
2020.03.31,Redange,Beckerich,Hommes,Salariés,590
2020.03.31,Redange,Beckerich,Hommes,Non-salariés,70
2020.03.31,Redange,Ell,Femmes,Salariés,280
2020.03.31,Redange,Ell,Femmes,Non-salariés,30
2020.03.31,Redange,Ell,Hommes,Salariés,350
2020.03.31,Redange,Ell,Hommes,Non-salariés,50
2020.03.31,Redange,Groussbus-Wal,Femmes,Salariés,410
2020.03.31,Redange,Groussbus-Wal,Femmes,Non-salariés,40
2020.03.31,Redange,Groussbus-Wal,Hommes,Salariés,470
2020.03.31,Redange,Groussbus-Wal,Hommes,Non-salariés,60
2020.03.31,Redange,Préizerdaul,Femmes,Salariés,340
2020.03.31,Redange,Préizerdaul,Femmes,Non-salariés,20
2020.03.31,Redange,Préizerdaul,Hommes,Salariés,370
2020.03.31,Redange,Préizerdaul,Hommes,Non-salariés,30
2020.03.31,Redange,Rambrouch,Femmes,Salariés,750
2020.03.31,Redange,Rambrouch,Femmes,Non-salariés,80
2020.03.31,Redange,Rambrouch,Hommes,Salariés,920
2020.03.31,Redange,Rambrouch,Hommes,Non-salariés,150
2020.03.31,Redange,Redange/Attert,Femmes,Salariés,550
2020.03.31,Redange,Redange/Attert,Femmes,Non-salariés,50
2020.03.31,Redange,Redange/Attert,Hommes,Salariés,590
2020.03.31,Redange,Redange/Attert,Hommes,Non-salariés,90
2020.03.31,Redange,Saeul,Femmes,Salariés,170
2020.03.31,Redange,Saeul,Femmes,Non-salariés,20
2020.03.31,Redange,Saeul,Hommes,Salariés,180
2020.03.31,Redange,Saeul,Hommes,Non-salariés,30
2020.03.31,Redange,Useldange,Femmes,Salariés,380
2020.03.31,Redange,Useldange,Femmes,Non-salariés,40
2020.03.31,Redange,Useldange,Hommes,Salariés,430
2020.03.31,Redange,Useldange,Hommes,Non-salariés,50
2020.03.31,Redange,Vichten,Femmes,Salariés,260
2020.03.31,Redange,Vichten,Femmes,Non-salariés,20
2020.03.31,Redange,Vichten,Hommes,Salariés,310
2020.03.31,Redange,Vichten,Hommes,Non-salariés,30
2020.03.31,Remich,Bous-Waldbredimus,Femmes,Salariés,550
2020.03.31,Remich,Bous-Waldbredimus,Femmes,Non-salariés,40
2020.03.31,Remich,Bous-Waldbredimus,Hommes,Salariés,660
2020.03.31,Remich,Bous-Waldbredimus,Hommes,Non-salariés,80
2020.03.31,Remich,Dalheim,Femmes,Salariés,440
2020.03.31,Remich,Dalheim,Femmes,Non-salariés,40
2020.03.31,Remich,Dalheim,Hommes,Salariés,460
2020.03.31,Remich,Dalheim,Hommes,Non-salariés,60
2020.03.31,Remich,Lenningen,Femmes,Salariés,360
2020.03.31,Remich,Lenningen,Femmes,Non-salariés,40
2020.03.31,Remich,Lenningen,Hommes,Salariés,420
2020.03.31,Remich,Lenningen,Hommes,Non-salariés,50
2020.03.31,Remich,Mondorf-les-Bains,Femmes,Salariés,880
2020.03.31,Remich,Mondorf-les-Bains,Femmes,Non-salariés,80
2020.03.31,Remich,Mondorf-les-Bains,Hommes,Salariés,990
2020.03.31,Remich,Mondorf-les-Bains,Hommes,Non-salariés,140
2020.03.31,Remich,Remich,Femmes,Salariés,600
2020.03.31,Remich,Remich,Femmes,Non-salariés,50
2020.03.31,Remich,Remich,Hommes,Salariés,720
2020.03.31,Remich,Remich,Hommes,Non-salariés,100
2020.03.31,Remich,Schengen,Femmes,Salariés,960
2020.03.31,Remich,Schengen,Femmes,Non-salariés,90
2020.03.31,Remich,Schengen,Hommes,Salariés,1000
2020.03.31,Remich,Schengen,Hommes,Non-salariés,160
2020.03.31,Remich,Stadtbredimus,Femmes,Salariés,380
2020.03.31,Remich,Stadtbredimus,Femmes,Non-salariés,30
2020.03.31,Remich,Stadtbredimus,Hommes,Salariés,420
2020.03.31,Remich,Stadtbredimus,Hommes,Non-salariés,50
2020.03.31,Vianden,Putscheid,Femmes,Salariés,210
2020.03.31,Vianden,Putscheid,Femmes,Non-salariés,20
2020.03.31,Vianden,Putscheid,Hommes,Salariés,240
2020.03.31,Vianden,Putscheid,Hommes,Non-salariés,20
2020.03.31,Vianden,Tandel,Femmes,Salariés,450
2020.03.31,Vianden,Tandel,Femmes,Non-salariés,30
2020.03.31,Vianden,Tandel,Hommes,Salariés,470
2020.03.31,Vianden,Tandel,Hommes,Non-salariés,60
2020.03.31,Vianden,Vianden,Femmes,Salariés,350
2020.03.31,Vianden,Vianden,Femmes,Non-salariés,30
2020.03.31,Vianden,Vianden,Hommes,Salariés,450
2020.03.31,Vianden,Vianden,Hommes,Non-salariés,50
2020.03.31,Wiltz,Boulaide,Femmes,Salariés,250
2020.03.31,Wiltz,Boulaide,Femmes,Non-salariés,20
2020.03.31,Wiltz,Boulaide,Hommes,Salariés,250
2020.03.31,Wiltz,Boulaide,Hommes,Non-salariés,40
2020.03.31,Wiltz,Esch-sur-Sûre,Femmes,Salariés,520
2020.03.31,Wiltz,Esch-sur-Sûre,Femmes,Non-salariés,40
2020.03.31,Wiltz,Esch-sur-Sûre,Hommes,Salariés,640
2020.03.31,Wiltz,Esch-sur-Sûre,Hommes,Non-salariés,80
2020.03.31,Wiltz,Goesdorf,Femmes,Salariés,300
2020.03.31,Wiltz,Goesdorf,Femmes,Non-salariés,30
2020.03.31,Wiltz,Goesdorf,Hommes,Salariés,370
2020.03.31,Wiltz,Goesdorf,Hommes,Non-salariés,40
2020.03.31,Wiltz,Kiischpelt,Femmes,Salariés,220
2020.03.31,Wiltz,Kiischpelt,Femmes,Non-salariés,30
2020.03.31,Wiltz,Kiischpelt,Hommes,Salariés,250
2020.03.31,Wiltz,Kiischpelt,Hommes,Non-salariés,30
2020.03.31,Wiltz,Lac de la Haute-Sûre,Femmes,Salariés,320
2020.03.31,Wiltz,Lac de la Haute-Sûre,Femmes,Non-salariés,40
2020.03.31,Wiltz,Lac de la Haute-Sûre,Hommes,Salariés,390
2020.03.31,Wiltz,Lac de la Haute-Sûre,Hommes,Non-salariés,70
2020.03.31,Wiltz,Wiltz,Femmes,Salariés,1170
2020.03.31,Wiltz,Wiltz,Femmes,Non-salariés,60
2020.03.31,Wiltz,Wiltz,Hommes,Salariés,1470
2020.03.31,Wiltz,Wiltz,Hommes,Non-salariés,140
2020.03.31,Wiltz,Winseler,Femmes,Salariés,210
2020.03.31,Wiltz,Winseler,Femmes,Non-salariés,30
2020.03.31,Wiltz,Winseler,Hommes,Salariés,260
2020.03.31,Wiltz,Winseler,Hommes,Non-salariés,70
2020.09.30,Capellen,Dippach,Femmes,Salariés,800
2020.09.30,Capellen,Dippach,Femmes,Non-salariés,60
2020.09.30,Capellen,Dippach,Hommes,Salariés,910
2020.09.30,Capellen,Dippach,Hommes,Non-salariés,110
2020.09.30,Capellen,Garnich,Femmes,Salariés,390
2020.09.30,Capellen,Garnich,Femmes,Non-salariés,50
2020.09.30,Capellen,Garnich,Hommes,Salariés,430
2020.09.30,Capellen,Garnich,Hommes,Non-salariés,70
2020.09.30,Capellen,Habscht,Femmes,Salariés,890
2020.09.30,Capellen,Habscht,Femmes,Non-salariés,80
2020.09.30,Capellen,Habscht,Hommes,Salariés,1000
2020.09.30,Capellen,Habscht,Hommes,Non-salariés,150
2020.09.30,Capellen,Käerjeng,Femmes,Salariés,1940
2020.09.30,Capellen,Käerjeng,Femmes,Non-salariés,140
2020.09.30,Capellen,Käerjeng,Hommes,Salariés,2120
2020.09.30,Capellen,Käerjeng,Hommes,Non-salariés,200
2020.09.30,Capellen,Kehlen,Femmes,Salariés,980
2020.09.30,Capellen,Kehlen,Femmes,Non-salariés,130
2020.09.30,Capellen,Kehlen,Hommes,Salariés,1090
2020.09.30,Capellen,Kehlen,Hommes,Non-salariés,180
2020.09.30,Capellen,Koerich,Femmes,Salariés,450
2020.09.30,Capellen,Koerich,Femmes,Non-salariés,40
2020.09.30,Capellen,Koerich,Hommes,Salariés,480
2020.09.30,Capellen,Koerich,Hommes,Non-salariés,80
2020.09.30,Capellen,Kopstal,Femmes,Salariés,590
2020.09.30,Capellen,Kopstal,Femmes,Non-salariés,90
2020.09.30,Capellen,Kopstal,Hommes,Salariés,650
2020.09.30,Capellen,Kopstal,Hommes,Non-salariés,150
2020.09.30,Capellen,Mamer,Femmes,Salariés,1460
2020.09.30,Capellen,Mamer,Femmes,Non-salariés,150
2020.09.30,Capellen,Mamer,Hommes,Salariés,1600
2020.09.30,Capellen,Mamer,Hommes,Non-salariés,270
2020.09.30,Capellen,Steinfort,Femmes,Salariés,980
2020.09.30,Capellen,Steinfort,Femmes,Non-salariés,100
2020.09.30,Capellen,Steinfort,Hommes,Salariés,1080
2020.09.30,Capellen,Steinfort,Hommes,Non-salariés,130
2020.09.30,Clervaux,Clervaux,Femmes,Salariés,1000
2020.09.30,Clervaux,Clervaux,Femmes,Non-salariés,90
2020.09.30,Clervaux,Clervaux,Hommes,Salariés,1160
2020.09.30,Clervaux,Clervaux,Hommes,Non-salariés,140
2020.09.30,Clervaux,Parc Hosingen,Femmes,Salariés,750
2020.09.30,Clervaux,Parc Hosingen,Femmes,Non-salariés,50
2020.09.30,Clervaux,Parc Hosingen,Hommes,Salariés,820
2020.09.30,Clervaux,Parc Hosingen,Hommes,Non-salariés,90
2020.09.30,Clervaux,Troisvierges,Femmes,Salariés,560
2020.09.30,Clervaux,Troisvierges,Femmes,Non-salariés,50
2020.09.30,Clervaux,Troisvierges,Hommes,Salariés,740
2020.09.30,Clervaux,Troisvierges,Hommes,Non-salariés,90
2020.09.30,Clervaux,Weiswampach,Femmes,Salariés,360
2020.09.30,Clervaux,Weiswampach,Femmes,Non-salariés,40
2020.09.30,Clervaux,Weiswampach,Hommes,Salariés,470
2020.09.30,Clervaux,Weiswampach,Hommes,Non-salariés,80
2020.09.30,Clervaux,Wincrange,Femmes,Salariés,770
2020.09.30,Clervaux,Wincrange,Femmes,Non-salariés,100
2020.09.30,Clervaux,Wincrange,Hommes,Salariés,910
2020.09.30,Clervaux,Wincrange,Hommes,Non-salariés,220
2020.09.30,Diekirch,Bettendorf,Femmes,Salariés,560
2020.09.30,Diekirch,Bettendorf,Femmes,Non-salariés,40
2020.09.30,Diekirch,Bettendorf,Hommes,Salariés,650
2020.09.30,Diekirch,Bettendorf,Hommes,Non-salariés,50
2020.09.30,Diekirch,Bourscheid,Femmes,Salariés,330
2020.09.30,Diekirch,Bourscheid,Femmes,Non-salariés,20
2020.09.30,Diekirch,Bourscheid,Hommes,Salariés,360
2020.09.30,Diekirch,Bourscheid,Hommes,Non-salariés,50
2020.09.30,Diekirch,Diekirch,Femmes,Salariés,1270
2020.09.30,Diekirch,Diekirch,Femmes,Non-salariés,90
2020.09.30,Diekirch,Diekirch,Hommes,Salariés,1530
2020.09.30,Diekirch,Diekirch,Hommes,Non-salariés,110
2020.09.30,Diekirch,Erpeldange-sur-Sûre,Femmes,Salariés,480
2020.09.30,Diekirch,Erpeldange-sur-Sûre,Femmes,Non-salariés,40
2020.09.30,Diekirch,Erpeldange-sur-Sûre,Hommes,Salariés,520
2020.09.30,Diekirch,Erpeldange-sur-Sûre,Hommes,Non-salariés,50
2020.09.30,Diekirch,Ettelbruck,Femmes,Salariés,1650
2020.09.30,Diekirch,Ettelbruck,Femmes,Non-salariés,100
2020.09.30,Diekirch,Ettelbruck,Hommes,Salariés,1880
2020.09.30,Diekirch,Ettelbruck,Hommes,Non-salariés,150
2020.09.30,Diekirch,Feulen,Femmes,Salariés,450
2020.09.30,Diekirch,Feulen,Femmes,Non-salariés,20
2020.09.30,Diekirch,Feulen,Hommes,Salariés,520
2020.09.30,Diekirch,Feulen,Hommes,Non-salariés,40
2020.09.30,Diekirch,Mertzig,Femmes,Salariés,460
2020.09.30,Diekirch,Mertzig,Femmes,Non-salariés,30
2020.09.30,Diekirch,Mertzig,Hommes,Salariés,520
2020.09.30,Diekirch,Mertzig,Hommes,Non-salariés,30
2020.09.30,Diekirch,Reisdorf,Femmes,Salariés,230
2020.09.30,Diekirch,Reisdorf,Femmes,Non-salariés,10
2020.09.30,Diekirch,Reisdorf,Hommes,Salariés,280
2020.09.30,Diekirch,Reisdorf,Hommes,Non-salariés,30
2020.09.30,Diekirch,Schieren,Femmes,Salariés,390
2020.09.30,Diekirch,Schieren,Femmes,Non-salariés,20
2020.09.30,Diekirch,Schieren,Hommes,Salariés,470
2020.09.30,Diekirch,Schieren,Hommes,Non-salariés,20
2020.09.30,Diekirch,Vallée de l'Ernz,Femmes,Salariés,520
2020.09.30,Diekirch,Vallée de l'Ernz,Femmes,Non-salariés,50
2020.09.30,Diekirch,Vallée de l'Ernz,Hommes,Salariés,600
2020.09.30,Diekirch,Vallée de l'Ernz,Hommes,Non-salariés,80
2020.09.30,Echternach,Beaufort,Femmes,Salariés,510
2020.09.30,Echternach,Beaufort,Femmes,Non-salariés,40
2020.09.30,Echternach,Beaufort,Hommes,Salariés,620
2020.09.30,Echternach,Beaufort,Hommes,Non-salariés,50
2020.09.30,Echternach,Bech,Femmes,Salariés,220
2020.09.30,Echternach,Bech,Femmes,Non-salariés,20
2020.09.30,Echternach,Bech,Hommes,Salariés,250
2020.09.30,Echternach,Bech,Hommes,Non-salariés,40
2020.09.30,Echternach,Berdorf,Femmes,Salariés,340
2020.09.30,Echternach,Berdorf,Femmes,Non-salariés,30
2020.09.30,Echternach,Berdorf,Hommes,Salariés,400
2020.09.30,Echternach,Berdorf,Hommes,Non-salariés,50
2020.09.30,Echternach,Consdorf,Femmes,Salariés,390
2020.09.30,Echternach,Consdorf,Femmes,Non-salariés,40
2020.09.30,Echternach,Consdorf,Hommes,Salariés,440
2020.09.30,Echternach,Consdorf,Hommes,Non-salariés,50
2020.09.30,Echternach,Echternach,Femmes,Salariés,990
2020.09.30,Echternach,Echternach,Femmes,Non-salariés,70
2020.09.30,Echternach,Echternach,Hommes,Salariés,1100
2020.09.30,Echternach,Echternach,Hommes,Non-salariés,120
2020.09.30,Echternach,Rosport-Mompach,Femmes,Salariés,670
2020.09.30,Echternach,Rosport-Mompach,Femmes,Non-salariés,60
2020.09.30,Echternach,Rosport-Mompach,Hommes,Salariés,750
2020.09.30,Echternach,Rosport-Mompach,Hommes,Non-salariés,120
2020.09.30,Echternach,Waldbillig,Femmes,Salariés,380
2020.09.30,Echternach,Waldbillig,Femmes,Non-salariés,30
2020.09.30,Echternach,Waldbillig,Hommes,Salariés,430
2020.09.30,Echternach,Waldbillig,Hommes,Non-salariés,50
2020.09.30,Esch-Sur-Alzette,Bettembourg,Femmes,Salariés,2020
2020.09.30,Esch-Sur-Alzette,Bettembourg,Femmes,Non-salariés,150
2020.09.30,Esch-Sur-Alzette,Bettembourg,Hommes,Salariés,2360
2020.09.30,Esch-Sur-Alzette,Bettembourg,Hommes,Non-salariés,200
2020.09.30,Esch-Sur-Alzette,Differdange,Femmes,Salariés,5300
2020.09.30,Esch-Sur-Alzette,Differdange,Femmes,Non-salariés,210
2020.09.30,Esch-Sur-Alzette,Differdange,Hommes,Salariés,6510
2020.09.30,Esch-Sur-Alzette,Differdange,Hommes,Non-salariés,260
2020.09.30,Esch-Sur-Alzette,Dudelange,Femmes,Salariés,4020
2020.09.30,Esch-Sur-Alzette,Dudelange,Femmes,Non-salariés,220
2020.09.30,Esch-Sur-Alzette,Dudelange,Hommes,Salariés,4580
2020.09.30,Esch-Sur-Alzette,Dudelange,Hommes,Non-salariés,310
2020.09.30,Esch-Sur-Alzette,Esch-sur-Alzette,Femmes,Salariés,6480
2020.09.30,Esch-Sur-Alzette,Esch-sur-Alzette,Femmes,Non-salariés,310
2020.09.30,Esch-Sur-Alzette,Esch-sur-Alzette,Hommes,Salariés,8040
2020.09.30,Esch-Sur-Alzette,Esch-sur-Alzette,Hommes,Non-salariés,430
2020.09.30,Esch-Sur-Alzette,Frisange,Femmes,Salariés,930
2020.09.30,Esch-Sur-Alzette,Frisange,Femmes,Non-salariés,70
2020.09.30,Esch-Sur-Alzette,Frisange,Hommes,Salariés,1010
2020.09.30,Esch-Sur-Alzette,Frisange,Hommes,Non-salariés,110
2020.09.30,Esch-Sur-Alzette,Kayl,Femmes,Salariés,1870
2020.09.30,Esch-Sur-Alzette,Kayl,Femmes,Non-salariés,90
2020.09.30,Esch-Sur-Alzette,Kayl,Hommes,Salariés,2160
2020.09.30,Esch-Sur-Alzette,Kayl,Hommes,Non-salariés,130
2020.09.30,Esch-Sur-Alzette,Leudelange,Femmes,Salariés,500
2020.09.30,Esch-Sur-Alzette,Leudelange,Femmes,Non-salariés,50
2020.09.30,Esch-Sur-Alzette,Leudelange,Hommes,Salariés,530
2020.09.30,Esch-Sur-Alzette,Leudelange,Hommes,Non-salariés,110
2020.09.30,Esch-Sur-Alzette,Mondercange,Femmes,Salariés,1260
2020.09.30,Esch-Sur-Alzette,Mondercange,Femmes,Non-salariés,110
2020.09.30,Esch-Sur-Alzette,Mondercange,Hommes,Salariés,1410
2020.09.30,Esch-Sur-Alzette,Mondercange,Hommes,Non-salariés,180
2020.09.30,Esch-Sur-Alzette,Pétange,Femmes,Salariés,3770
2020.09.30,Esch-Sur-Alzette,Pétange,Femmes,Non-salariés,190
2020.09.30,Esch-Sur-Alzette,Pétange,Hommes,Salariés,4450
2020.09.30,Esch-Sur-Alzette,Pétange,Hommes,Non-salariés,210
2020.09.30,Esch-Sur-Alzette,Reckange-sur-Mess,Femmes,Salariés,500
2020.09.30,Esch-Sur-Alzette,Reckange-sur-Mess,Femmes,Non-salariés,50
2020.09.30,Esch-Sur-Alzette,Reckange-sur-Mess,Hommes,Salariés,560
2020.09.30,Esch-Sur-Alzette,Reckange-sur-Mess,Hommes,Non-salariés,80
2020.09.30,Esch-Sur-Alzette,Roeser,Femmes,Salariés,1280
2020.09.30,Esch-Sur-Alzette,Roeser,Femmes,Non-salariés,90
2020.09.30,Esch-Sur-Alzette,Roeser,Hommes,Salariés,1400
2020.09.30,Esch-Sur-Alzette,Roeser,Hommes,Non-salariés,170
2020.09.30,Esch-Sur-Alzette,Rumelange,Femmes,Salariés,980
2020.09.30,Esch-Sur-Alzette,Rumelange,Femmes,Non-salariés,60
2020.09.30,Esch-Sur-Alzette,Rumelange,Hommes,Salariés,1190
2020.09.30,Esch-Sur-Alzette,Rumelange,Hommes,Non-salariés,60
2020.09.30,Esch-Sur-Alzette,Sanem,Femmes,Salariés,3350
2020.09.30,Esch-Sur-Alzette,Sanem,Femmes,Non-salariés,180
2020.09.30,Esch-Sur-Alzette,Sanem,Hommes,Salariés,3850
2020.09.30,Esch-Sur-Alzette,Sanem,Hommes,Non-salariés,240
2020.09.30,Esch-Sur-Alzette,Schifflange,Femmes,Salariés,2200
2020.09.30,Esch-Sur-Alzette,Schifflange,Femmes,Non-salariés,110
2020.09.30,Esch-Sur-Alzette,Schifflange,Hommes,Salariés,2520
2020.09.30,Esch-Sur-Alzette,Schifflange,Hommes,Non-salariés,110
2020.09.30,Grevenmacher,Betzdorf,Femmes,Salariés,680
2020.09.30,Grevenmacher,Betzdorf,Femmes,Non-salariés,50
2020.09.30,Grevenmacher,Betzdorf,Hommes,Salariés,800
2020.09.30,Grevenmacher,Betzdorf,Hommes,Non-salariés,100
2020.09.30,Grevenmacher,Biwer,Femmes,Salariés,340
2020.09.30,Grevenmacher,Biwer,Femmes,Non-salariés,20
2020.09.30,Grevenmacher,Biwer,Hommes,Salariés,390
2020.09.30,Grevenmacher,Biwer,Hommes,Non-salariés,60
2020.09.30,Grevenmacher,Flaxweiler,Femmes,Salariés,390
2020.09.30,Grevenmacher,Flaxweiler,Femmes,Non-salariés,50
2020.09.30,Grevenmacher,Flaxweiler,Hommes,Salariés,460
2020.09.30,Grevenmacher,Flaxweiler,Hommes,Non-salariés,60
2020.09.30,Grevenmacher,Grevenmacher,Femmes,Salariés,910
2020.09.30,Grevenmacher,Grevenmacher,Femmes,Non-salariés,60
2020.09.30,Grevenmacher,Grevenmacher,Hommes,Salariés,1020
2020.09.30,Grevenmacher,Grevenmacher,Hommes,Non-salariés,100
2020.09.30,Grevenmacher,Junglinster,Femmes,Salariés,1340
2020.09.30,Grevenmacher,Junglinster,Femmes,Non-salariés,150
2020.09.30,Grevenmacher,Junglinster,Hommes,Salariés,1500
2020.09.30,Grevenmacher,Junglinster,Hommes,Non-salariés,210
2020.09.30,Grevenmacher,Manternach,Femmes,Salariés,410
2020.09.30,Grevenmacher,Manternach,Femmes,Non-salariés,20
2020.09.30,Grevenmacher,Manternach,Hommes,Salariés,450
2020.09.30,Grevenmacher,Manternach,Hommes,Non-salariés,60
2020.09.30,Grevenmacher,Mertert,Femmes,Salariés,820
2020.09.30,Grevenmacher,Mertert,Femmes,Non-salariés,60
2020.09.30,Grevenmacher,Mertert,Hommes,Salariés,950
2020.09.30,Grevenmacher,Mertert,Hommes,Non-salariés,80
2020.09.30,Grevenmacher,Wormeldange,Femmes,Salariés,530
2020.09.30,Grevenmacher,Wormeldange,Femmes,Non-salariés,50
2020.09.30,Grevenmacher,Wormeldange,Hommes,Salariés,640
2020.09.30,Grevenmacher,Wormeldange,Hommes,Non-salariés,100
2020.09.30,Luxembourg-Campagne,Bertrange,Femmes,Salariés,1300
2020.09.30,Luxembourg-Campagne,Bertrange,Femmes,Non-salariés,140
2020.09.30,Luxembourg-Campagne,Bertrange,Hommes,Salariés,1580
2020.09.30,Luxembourg-Campagne,Bertrange,Hommes,Non-salariés,230
2020.09.30,Luxembourg-Campagne,Contern,Femmes,Salariés,650
2020.09.30,Luxembourg-Campagne,Contern,Femmes,Non-salariés,60
2020.09.30,Luxembourg-Campagne,Contern,Hommes,Salariés,750
2020.09.30,Luxembourg-Campagne,Contern,Hommes,Non-salariés,100
2020.09.30,Luxembourg-Campagne,Hesperange,Femmes,Salariés,2750
2020.09.30,Luxembourg-Campagne,Hesperange,Femmes,Non-salariés,250
2020.09.30,Luxembourg-Campagne,Hesperange,Hommes,Salariés,3120
2020.09.30,Luxembourg-Campagne,Hesperange,Hommes,Non-salariés,350
2020.09.30,Luxembourg-Campagne,Niederanven,Femmes,Salariés,790
2020.09.30,Luxembourg-Campagne,Niederanven,Femmes,Non-salariés,150
2020.09.30,Luxembourg-Campagne,Niederanven,Hommes,Salariés,890
2020.09.30,Luxembourg-Campagne,Niederanven,Hommes,Non-salariés,210
2020.09.30,Luxembourg-Campagne,Sandweiler,Femmes,Salariés,600
2020.09.30,Luxembourg-Campagne,Sandweiler,Femmes,Non-salariés,50
2020.09.30,Luxembourg-Campagne,Sandweiler,Hommes,Salariés,660
2020.09.30,Luxembourg-Campagne,Sandweiler,Hommes,Non-salariés,80
2020.09.30,Luxembourg-Campagne,Schuttrange,Femmes,Salariés,630
2020.09.30,Luxembourg-Campagne,Schuttrange,Femmes,Non-salariés,70
2020.09.30,Luxembourg-Campagne,Schuttrange,Hommes,Salariés,740
2020.09.30,Luxembourg-Campagne,Schuttrange,Hommes,Non-salariés,130
2020.09.30,Luxembourg-Campagne,Steinsel,Femmes,Salariés,860
2020.09.30,Luxembourg-Campagne,Steinsel,Femmes,Non-salariés,80
2020.09.30,Luxembourg-Campagne,Steinsel,Hommes,Salariés,930
2020.09.30,Luxembourg-Campagne,Steinsel,Hommes,Non-salariés,140
2020.09.30,Luxembourg-Campagne,Strassen,Femmes,Salariés,1660
2020.09.30,Luxembourg-Campagne,Strassen,Femmes,Non-salariés,180
2020.09.30,Luxembourg-Campagne,Strassen,Hommes,Salariés,1870
2020.09.30,Luxembourg-Campagne,Strassen,Hommes,Non-salariés,260
2020.09.30,Luxembourg-Campagne,Walferdange,Femmes,Salariés,1360
2020.09.30,Luxembourg-Campagne,Walferdange,Femmes,Non-salariés,140
2020.09.30,Luxembourg-Campagne,Walferdange,Hommes,Salariés,1540
2020.09.30,Luxembourg-Campagne,Walferdange,Hommes,Non-salariés,210
2020.09.30,Luxembourg-Campagne,Weiler-la-Tour,Femmes,Salariés,420
2020.09.30,Luxembourg-Campagne,Weiler-la-Tour,Femmes,Non-salariés,30
2020.09.30,Luxembourg-Campagne,Weiler-la-Tour,Hommes,Salariés,490
2020.09.30,Luxembourg-Campagne,Weiler-la-Tour,Hommes,Non-salariés,60
2020.09.30,Luxembourg-Ville,Luxembourg,Femmes,Salariés,19670
2020.09.30,Luxembourg-Ville,Luxembourg,Femmes,Non-salariés,1910
2020.09.30,Luxembourg-Ville,Luxembourg,Hommes,Salariés,25020
2020.09.30,Luxembourg-Ville,Luxembourg,Hommes,Non-salariés,2810
2020.09.30,Mersch,Bissen,Femmes,Salariés,640
2020.09.30,Mersch,Bissen,Femmes,Non-salariés,30
2020.09.30,Mersch,Bissen,Hommes,Salariés,740
2020.09.30,Mersch,Bissen,Hommes,Non-salariés,50
2020.09.30,Mersch,Colmar-Berg,Femmes,Salariés,460
2020.09.30,Mersch,Colmar-Berg,Femmes,Non-salariés,20
2020.09.30,Mersch,Colmar-Berg,Hommes,Salariés,470
2020.09.30,Mersch,Colmar-Berg,Hommes,Non-salariés,40
2020.09.30,Mersch,Fischbach,Femmes,Salariés,250
2020.09.30,Mersch,Fischbach,Femmes,Non-salariés,20
2020.09.30,Mersch,Fischbach,Hommes,Salariés,300
2020.09.30,Mersch,Fischbach,Hommes,Non-salariés,30
2020.09.30,Mersch,Heffingen,Femmes,Salariés,290
2020.09.30,Mersch,Heffingen,Femmes,Non-salariés,40
2020.09.30,Mersch,Heffingen,Hommes,Salariés,340
2020.09.30,Mersch,Heffingen,Hommes,Non-salariés,50
2020.09.30,Mersch,Helperknapp,Femmes,Salariés,860
2020.09.30,Mersch,Helperknapp,Femmes,Non-salariés,70
2020.09.30,Mersch,Helperknapp,Hommes,Salariés,980
2020.09.30,Mersch,Helperknapp,Hommes,Non-salariés,110
2020.09.30,Mersch,Larochette,Femmes,Salariés,440
2020.09.30,Mersch,Larochette,Femmes,Non-salariés,30
2020.09.30,Mersch,Larochette,Hommes,Salariés,500
2020.09.30,Mersch,Larochette,Hommes,Non-salariés,30
2020.09.30,Mersch,Lintgen,Femmes,Salariés,660
2020.09.30,Mersch,Lintgen,Femmes,Non-salariés,40
2020.09.30,Mersch,Lintgen,Hommes,Salariés,740
2020.09.30,Mersch,Lintgen,Hommes,Non-salariés,60
2020.09.30,Mersch,Lorentzweiler,Femmes,Salariés,720
2020.09.30,Mersch,Lorentzweiler,Femmes,Non-salariés,60
2020.09.30,Mersch,Lorentzweiler,Hommes,Salariés,800
2020.09.30,Mersch,Lorentzweiler,Hommes,Non-salariés,100
2020.09.30,Mersch,Mersch,Femmes,Salariés,1840
2020.09.30,Mersch,Mersch,Femmes,Non-salariés,130
2020.09.30,Mersch,Mersch,Hommes,Salariés,2110
2020.09.30,Mersch,Mersch,Hommes,Non-salariés,190
2020.09.30,Mersch,Nommern,Femmes,Salariés,280
2020.09.30,Mersch,Nommern,Femmes,Non-salariés,30
2020.09.30,Mersch,Nommern,Hommes,Salariés,290
2020.09.30,Mersch,Nommern,Hommes,Non-salariés,50
2020.09.30,Non déterminé,Non déterminé,Femmes,Salariés,60
2020.09.30,Non déterminé,Non déterminé,Femmes,Non-salariés,0
2020.09.30,Non déterminé,Non déterminé,Hommes,Salariés,80
2020.09.30,Non déterminé,Non déterminé,Hommes,Non-salariés,10
2020.09.30,Redange,Beckerich,Femmes,Salariés,490
2020.09.30,Redange,Beckerich,Femmes,Non-salariés,40
2020.09.30,Redange,Beckerich,Hommes,Salariés,600
2020.09.30,Redange,Beckerich,Hommes,Non-salariés,70
2020.09.30,Redange,Ell,Femmes,Salariés,300
2020.09.30,Redange,Ell,Femmes,Non-salariés,30
2020.09.30,Redange,Ell,Hommes,Salariés,350
2020.09.30,Redange,Ell,Hommes,Non-salariés,50
2020.09.30,Redange,Groussbus-Wal,Femmes,Salariés,430
2020.09.30,Redange,Groussbus-Wal,Femmes,Non-salariés,40
2020.09.30,Redange,Groussbus-Wal,Hommes,Salariés,460
2020.09.30,Redange,Groussbus-Wal,Hommes,Non-salariés,60
2020.09.30,Redange,Préizerdaul,Femmes,Salariés,340
2020.09.30,Redange,Préizerdaul,Femmes,Non-salariés,20
2020.09.30,Redange,Préizerdaul,Hommes,Salariés,360
2020.09.30,Redange,Préizerdaul,Hommes,Non-salariés,30
2020.09.30,Redange,Rambrouch,Femmes,Salariés,760
2020.09.30,Redange,Rambrouch,Femmes,Non-salariés,80
2020.09.30,Redange,Rambrouch,Hommes,Salariés,920
2020.09.30,Redange,Rambrouch,Hommes,Non-salariés,150
2020.09.30,Redange,Redange/Attert,Femmes,Salariés,530
2020.09.30,Redange,Redange/Attert,Femmes,Non-salariés,50
2020.09.30,Redange,Redange/Attert,Hommes,Salariés,610
2020.09.30,Redange,Redange/Attert,Hommes,Non-salariés,90
2020.09.30,Redange,Saeul,Femmes,Salariés,180
2020.09.30,Redange,Saeul,Femmes,Non-salariés,20
2020.09.30,Redange,Saeul,Hommes,Salariés,200
2020.09.30,Redange,Saeul,Hommes,Non-salariés,30
2020.09.30,Redange,Useldange,Femmes,Salariés,370
2020.09.30,Redange,Useldange,Femmes,Non-salariés,40
2020.09.30,Redange,Useldange,Hommes,Salariés,420
2020.09.30,Redange,Useldange,Hommes,Non-salariés,50
2020.09.30,Redange,Vichten,Femmes,Salariés,260
2020.09.30,Redange,Vichten,Femmes,Non-salariés,20
2020.09.30,Redange,Vichten,Hommes,Salariés,310
2020.09.30,Redange,Vichten,Hommes,Non-salariés,30
2020.09.30,Remich,Bous-Waldbredimus,Femmes,Salariés,560
2020.09.30,Remich,Bous-Waldbredimus,Femmes,Non-salariés,40
2020.09.30,Remich,Bous-Waldbredimus,Hommes,Salariés,640
2020.09.30,Remich,Bous-Waldbredimus,Hommes,Non-salariés,80
2020.09.30,Remich,Dalheim,Femmes,Salariés,430
2020.09.30,Remich,Dalheim,Femmes,Non-salariés,30
2020.09.30,Remich,Dalheim,Hommes,Salariés,470
2020.09.30,Remich,Dalheim,Hommes,Non-salariés,60
2020.09.30,Remich,Lenningen,Femmes,Salariés,360
2020.09.30,Remich,Lenningen,Femmes,Non-salariés,30
2020.09.30,Remich,Lenningen,Hommes,Salariés,410
2020.09.30,Remich,Lenningen,Hommes,Non-salariés,60
2020.09.30,Remich,Mondorf-les-Bains,Femmes,Salariés,890
2020.09.30,Remich,Mondorf-les-Bains,Femmes,Non-salariés,80
2020.09.30,Remich,Mondorf-les-Bains,Hommes,Salariés,1000
2020.09.30,Remich,Mondorf-les-Bains,Hommes,Non-salariés,140
2020.09.30,Remich,Remich,Femmes,Salariés,600
2020.09.30,Remich,Remich,Femmes,Non-salariés,50
2020.09.30,Remich,Remich,Hommes,Salariés,710
2020.09.30,Remich,Remich,Hommes,Non-salariés,100
2020.09.30,Remich,Schengen,Femmes,Salariés,940
2020.09.30,Remich,Schengen,Femmes,Non-salariés,90
2020.09.30,Remich,Schengen,Hommes,Salariés,980
2020.09.30,Remich,Schengen,Hommes,Non-salariés,150
2020.09.30,Remich,Stadtbredimus,Femmes,Salariés,380
2020.09.30,Remich,Stadtbredimus,Femmes,Non-salariés,40
2020.09.30,Remich,Stadtbredimus,Hommes,Salariés,440
2020.09.30,Remich,Stadtbredimus,Hommes,Non-salariés,50
2020.09.30,Vianden,Putscheid,Femmes,Salariés,210
2020.09.30,Vianden,Putscheid,Femmes,Non-salariés,20
2020.09.30,Vianden,Putscheid,Hommes,Salariés,230
2020.09.30,Vianden,Putscheid,Hommes,Non-salariés,30
2020.09.30,Vianden,Tandel,Femmes,Salariés,450
2020.09.30,Vianden,Tandel,Femmes,Non-salariés,30
2020.09.30,Vianden,Tandel,Hommes,Salariés,480
2020.09.30,Vianden,Tandel,Hommes,Non-salariés,60
2020.09.30,Vianden,Vianden,Femmes,Salariés,380
2020.09.30,Vianden,Vianden,Femmes,Non-salariés,30
2020.09.30,Vianden,Vianden,Hommes,Salariés,460
2020.09.30,Vianden,Vianden,Hommes,Non-salariés,40
2020.09.30,Wiltz,Boulaide,Femmes,Salariés,260
2020.09.30,Wiltz,Boulaide,Femmes,Non-salariés,20
2020.09.30,Wiltz,Boulaide,Hommes,Salariés,250
2020.09.30,Wiltz,Boulaide,Hommes,Non-salariés,40
2020.09.30,Wiltz,Esch-sur-Sûre,Femmes,Salariés,540
2020.09.30,Wiltz,Esch-sur-Sûre,Femmes,Non-salariés,40
2020.09.30,Wiltz,Esch-sur-Sûre,Hommes,Salariés,660
2020.09.30,Wiltz,Esch-sur-Sûre,Hommes,Non-salariés,80
2020.09.30,Wiltz,Goesdorf,Femmes,Salariés,290
2020.09.30,Wiltz,Goesdorf,Femmes,Non-salariés,30
2020.09.30,Wiltz,Goesdorf,Hommes,Salariés,360
2020.09.30,Wiltz,Goesdorf,Hommes,Non-salariés,40
2020.09.30,Wiltz,Kiischpelt,Femmes,Salariés,220
2020.09.30,Wiltz,Kiischpelt,Femmes,Non-salariés,30
2020.09.30,Wiltz,Kiischpelt,Hommes,Salariés,250
2020.09.30,Wiltz,Kiischpelt,Hommes,Non-salariés,30
2020.09.30,Wiltz,Lac de la Haute-Sûre,Femmes,Salariés,340
2020.09.30,Wiltz,Lac de la Haute-Sûre,Femmes,Non-salariés,50
2020.09.30,Wiltz,Lac de la Haute-Sûre,Hommes,Salariés,400
2020.09.30,Wiltz,Lac de la Haute-Sûre,Hommes,Non-salariés,60
2020.09.30,Wiltz,Wiltz,Femmes,Salariés,1190
2020.09.30,Wiltz,Wiltz,Femmes,Non-salariés,70
2020.09.30,Wiltz,Wiltz,Hommes,Salariés,1510
2020.09.30,Wiltz,Wiltz,Hommes,Non-salariés,140
2020.09.30,Wiltz,Winseler,Femmes,Salariés,220
2020.09.30,Wiltz,Winseler,Femmes,Non-salariés,20
2020.09.30,Wiltz,Winseler,Hommes,Salariés,260
2020.09.30,Wiltz,Winseler,Hommes,Non-salariés,80
2021.03.31,Capellen,Dippach,Femmes,Salariés,820
2021.03.31,Capellen,Dippach,Femmes,Non-salariés,60
2021.03.31,Capellen,Dippach,Hommes,Salariés,910
2021.03.31,Capellen,Dippach,Hommes,Non-salariés,100
2021.03.31,Capellen,Garnich,Femmes,Salariés,390
2021.03.31,Capellen,Garnich,Femmes,Non-salariés,50
2021.03.31,Capellen,Garnich,Hommes,Salariés,440
2021.03.31,Capellen,Garnich,Hommes,Non-salariés,70
2021.03.31,Capellen,Habscht,Femmes,Salariés,920
2021.03.31,Capellen,Habscht,Femmes,Non-salariés,80
2021.03.31,Capellen,Habscht,Hommes,Salariés,1000
2021.03.31,Capellen,Habscht,Hommes,Non-salariés,160
2021.03.31,Capellen,Käerjeng,Femmes,Salariés,1990
2021.03.31,Capellen,Käerjeng,Femmes,Non-salariés,130
2021.03.31,Capellen,Käerjeng,Hommes,Salariés,2130
2021.03.31,Capellen,Käerjeng,Hommes,Non-salariés,200
2021.03.31,Capellen,Kehlen,Femmes,Salariés,990
2021.03.31,Capellen,Kehlen,Femmes,Non-salariés,120
2021.03.31,Capellen,Kehlen,Hommes,Salariés,1080
2021.03.31,Capellen,Kehlen,Hommes,Non-salariés,180
2021.03.31,Capellen,Koerich,Femmes,Salariés,450
2021.03.31,Capellen,Koerich,Femmes,Non-salariés,50
2021.03.31,Capellen,Koerich,Hommes,Salariés,510
2021.03.31,Capellen,Koerich,Hommes,Non-salariés,70
2021.03.31,Capellen,Kopstal,Femmes,Salariés,620
2021.03.31,Capellen,Kopstal,Femmes,Non-salariés,100
2021.03.31,Capellen,Kopstal,Hommes,Salariés,680
2021.03.31,Capellen,Kopstal,Hommes,Non-salariés,150
2021.03.31,Capellen,Mamer,Femmes,Salariés,1510
2021.03.31,Capellen,Mamer,Femmes,Non-salariés,150
2021.03.31,Capellen,Mamer,Hommes,Salariés,1650
2021.03.31,Capellen,Mamer,Hommes,Non-salariés,280
2021.03.31,Capellen,Steinfort,Femmes,Salariés,970
2021.03.31,Capellen,Steinfort,Femmes,Non-salariés,110
2021.03.31,Capellen,Steinfort,Hommes,Salariés,1080
2021.03.31,Capellen,Steinfort,Hommes,Non-salariés,130
2021.03.31,Clervaux,Clervaux,Femmes,Salariés,990
2021.03.31,Clervaux,Clervaux,Femmes,Non-salariés,90
2021.03.31,Clervaux,Clervaux,Hommes,Salariés,1150
2021.03.31,Clervaux,Clervaux,Hommes,Non-salariés,140
2021.03.31,Clervaux,Parc Hosingen,Femmes,Salariés,760
2021.03.31,Clervaux,Parc Hosingen,Femmes,Non-salariés,50
2021.03.31,Clervaux,Parc Hosingen,Hommes,Salariés,840
2021.03.31,Clervaux,Parc Hosingen,Hommes,Non-salariés,90
2021.03.31,Clervaux,Troisvierges,Femmes,Salariés,580
2021.03.31,Clervaux,Troisvierges,Femmes,Non-salariés,50
2021.03.31,Clervaux,Troisvierges,Hommes,Salariés,780
2021.03.31,Clervaux,Troisvierges,Hommes,Non-salariés,90
2021.03.31,Clervaux,Weiswampach,Femmes,Salariés,370
2021.03.31,Clervaux,Weiswampach,Femmes,Non-salariés,40
2021.03.31,Clervaux,Weiswampach,Hommes,Salariés,500
2021.03.31,Clervaux,Weiswampach,Hommes,Non-salariés,80
2021.03.31,Clervaux,Wincrange,Femmes,Salariés,770
2021.03.31,Clervaux,Wincrange,Femmes,Non-salariés,100
2021.03.31,Clervaux,Wincrange,Hommes,Salariés,910
2021.03.31,Clervaux,Wincrange,Hommes,Non-salariés,220
2021.03.31,Diekirch,Bettendorf,Femmes,Salariés,540
2021.03.31,Diekirch,Bettendorf,Femmes,Non-salariés,40
2021.03.31,Diekirch,Bettendorf,Hommes,Salariés,660
2021.03.31,Diekirch,Bettendorf,Hommes,Non-salariés,50
2021.03.31,Diekirch,Bourscheid,Femmes,Salariés,320
2021.03.31,Diekirch,Bourscheid,Femmes,Non-salariés,20
2021.03.31,Diekirch,Bourscheid,Hommes,Salariés,360
2021.03.31,Diekirch,Bourscheid,Hommes,Non-salariés,50
2021.03.31,Diekirch,Diekirch,Femmes,Salariés,1240
2021.03.31,Diekirch,Diekirch,Femmes,Non-salariés,90
2021.03.31,Diekirch,Diekirch,Hommes,Salariés,1530
2021.03.31,Diekirch,Diekirch,Hommes,Non-salariés,120
2021.03.31,Diekirch,Erpeldange-sur-Sûre,Femmes,Salariés,480
2021.03.31,Diekirch,Erpeldange-sur-Sûre,Femmes,Non-salariés,40
2021.03.31,Diekirch,Erpeldange-sur-Sûre,Hommes,Salariés,510
2021.03.31,Diekirch,Erpeldange-sur-Sûre,Hommes,Non-salariés,50
2021.03.31,Diekirch,Ettelbruck,Femmes,Salariés,1700
2021.03.31,Diekirch,Ettelbruck,Femmes,Non-salariés,100
2021.03.31,Diekirch,Ettelbruck,Hommes,Salariés,1900
2021.03.31,Diekirch,Ettelbruck,Hommes,Non-salariés,160
2021.03.31,Diekirch,Feulen,Femmes,Salariés,460
2021.03.31,Diekirch,Feulen,Femmes,Non-salariés,20
2021.03.31,Diekirch,Feulen,Hommes,Salariés,530
2021.03.31,Diekirch,Feulen,Hommes,Non-salariés,40
2021.03.31,Diekirch,Mertzig,Femmes,Salariés,460
2021.03.31,Diekirch,Mertzig,Femmes,Non-salariés,30
2021.03.31,Diekirch,Mertzig,Hommes,Salariés,520
2021.03.31,Diekirch,Mertzig,Hommes,Non-salariés,30
2021.03.31,Diekirch,Reisdorf,Femmes,Salariés,240
2021.03.31,Diekirch,Reisdorf,Femmes,Non-salariés,10
2021.03.31,Diekirch,Reisdorf,Hommes,Salariés,280
2021.03.31,Diekirch,Reisdorf,Hommes,Non-salariés,30
2021.03.31,Diekirch,Schieren,Femmes,Salariés,420
2021.03.31,Diekirch,Schieren,Femmes,Non-salariés,20
2021.03.31,Diekirch,Schieren,Hommes,Salariés,480
2021.03.31,Diekirch,Schieren,Hommes,Non-salariés,20
2021.03.31,Diekirch,Vallée de l'Ernz,Femmes,Salariés,520
2021.03.31,Diekirch,Vallée de l'Ernz,Femmes,Non-salariés,60
2021.03.31,Diekirch,Vallée de l'Ernz,Hommes,Salariés,620
2021.03.31,Diekirch,Vallée de l'Ernz,Hommes,Non-salariés,70
2021.03.31,Echternach,Beaufort,Femmes,Salariés,500
2021.03.31,Echternach,Beaufort,Femmes,Non-salariés,40
2021.03.31,Echternach,Beaufort,Hommes,Salariés,630
2021.03.31,Echternach,Beaufort,Hommes,Non-salariés,40
2021.03.31,Echternach,Bech,Femmes,Salariés,220
2021.03.31,Echternach,Bech,Femmes,Non-salariés,20
2021.03.31,Echternach,Bech,Hommes,Salariés,260
2021.03.31,Echternach,Bech,Hommes,Non-salariés,40
2021.03.31,Echternach,Berdorf,Femmes,Salariés,340
2021.03.31,Echternach,Berdorf,Femmes,Non-salariés,40
2021.03.31,Echternach,Berdorf,Hommes,Salariés,390
2021.03.31,Echternach,Berdorf,Hommes,Non-salariés,40
2021.03.31,Echternach,Consdorf,Femmes,Salariés,400
2021.03.31,Echternach,Consdorf,Femmes,Non-salariés,30
2021.03.31,Echternach,Consdorf,Hommes,Salariés,430
2021.03.31,Echternach,Consdorf,Hommes,Non-salariés,60
2021.03.31,Echternach,Echternach,Femmes,Salariés,990
2021.03.31,Echternach,Echternach,Femmes,Non-salariés,80
2021.03.31,Echternach,Echternach,Hommes,Salariés,1120
2021.03.31,Echternach,Echternach,Hommes,Non-salariés,120
2021.03.31,Echternach,Rosport-Mompach,Femmes,Salariés,670
2021.03.31,Echternach,Rosport-Mompach,Femmes,Non-salariés,50
2021.03.31,Echternach,Rosport-Mompach,Hommes,Salariés,730
2021.03.31,Echternach,Rosport-Mompach,Hommes,Non-salariés,120
2021.03.31,Echternach,Waldbillig,Femmes,Salariés,370
2021.03.31,Echternach,Waldbillig,Femmes,Non-salariés,30
2021.03.31,Echternach,Waldbillig,Hommes,Salariés,440
2021.03.31,Echternach,Waldbillig,Hommes,Non-salariés,50
2021.03.31,Esch-Sur-Alzette,Bettembourg,Femmes,Salariés,2080
2021.03.31,Esch-Sur-Alzette,Bettembourg,Femmes,Non-salariés,140
2021.03.31,Esch-Sur-Alzette,Bettembourg,Hommes,Salariés,2370
2021.03.31,Esch-Sur-Alzette,Bettembourg,Hommes,Non-salariés,210
2021.03.31,Esch-Sur-Alzette,Differdange,Femmes,Salariés,5440
2021.03.31,Esch-Sur-Alzette,Differdange,Femmes,Non-salariés,220
2021.03.31,Esch-Sur-Alzette,Differdange,Hommes,Salariés,6610
2021.03.31,Esch-Sur-Alzette,Differdange,Hommes,Non-salariés,260
2021.03.31,Esch-Sur-Alzette,Dudelange,Femmes,Salariés,4060
2021.03.31,Esch-Sur-Alzette,Dudelange,Femmes,Non-salariés,220
2021.03.31,Esch-Sur-Alzette,Dudelange,Hommes,Salariés,4670
2021.03.31,Esch-Sur-Alzette,Dudelange,Hommes,Non-salariés,300
2021.03.31,Esch-Sur-Alzette,Esch-sur-Alzette,Femmes,Salariés,6530
2021.03.31,Esch-Sur-Alzette,Esch-sur-Alzette,Femmes,Non-salariés,300
2021.03.31,Esch-Sur-Alzette,Esch-sur-Alzette,Hommes,Salariés,8130
2021.03.31,Esch-Sur-Alzette,Esch-sur-Alzette,Hommes,Non-salariés,430
2021.03.31,Esch-Sur-Alzette,Frisange,Femmes,Salariés,940
2021.03.31,Esch-Sur-Alzette,Frisange,Femmes,Non-salariés,60
2021.03.31,Esch-Sur-Alzette,Frisange,Hommes,Salariés,1020
2021.03.31,Esch-Sur-Alzette,Frisange,Hommes,Non-salariés,120
2021.03.31,Esch-Sur-Alzette,Kayl,Femmes,Salariés,1880
2021.03.31,Esch-Sur-Alzette,Kayl,Femmes,Non-salariés,80
2021.03.31,Esch-Sur-Alzette,Kayl,Hommes,Salariés,2170
2021.03.31,Esch-Sur-Alzette,Kayl,Hommes,Non-salariés,130
2021.03.31,Esch-Sur-Alzette,Leudelange,Femmes,Salariés,480
2021.03.31,Esch-Sur-Alzette,Leudelange,Femmes,Non-salariés,60
2021.03.31,Esch-Sur-Alzette,Leudelange,Hommes,Salariés,520
2021.03.31,Esch-Sur-Alzette,Leudelange,Hommes,Non-salariés,100
2021.03.31,Esch-Sur-Alzette,Mondercange,Femmes,Salariés,1260
2021.03.31,Esch-Sur-Alzette,Mondercange,Femmes,Non-salariés,110
2021.03.31,Esch-Sur-Alzette,Mondercange,Hommes,Salariés,1420
2021.03.31,Esch-Sur-Alzette,Mondercange,Hommes,Non-salariés,170
2021.03.31,Esch-Sur-Alzette,Pétange,Femmes,Salariés,3830
2021.03.31,Esch-Sur-Alzette,Pétange,Femmes,Non-salariés,190
2021.03.31,Esch-Sur-Alzette,Pétange,Hommes,Salariés,4530
2021.03.31,Esch-Sur-Alzette,Pétange,Hommes,Non-salariés,200
2021.03.31,Esch-Sur-Alzette,Reckange-sur-Mess,Femmes,Salariés,500
2021.03.31,Esch-Sur-Alzette,Reckange-sur-Mess,Femmes,Non-salariés,50
2021.03.31,Esch-Sur-Alzette,Reckange-sur-Mess,Hommes,Salariés,550
2021.03.31,Esch-Sur-Alzette,Reckange-sur-Mess,Hommes,Non-salariés,90
2021.03.31,Esch-Sur-Alzette,Roeser,Femmes,Salariés,1290
2021.03.31,Esch-Sur-Alzette,Roeser,Femmes,Non-salariés,90
2021.03.31,Esch-Sur-Alzette,Roeser,Hommes,Salariés,1410
2021.03.31,Esch-Sur-Alzette,Roeser,Hommes,Non-salariés,170
2021.03.31,Esch-Sur-Alzette,Rumelange,Femmes,Salariés,970
2021.03.31,Esch-Sur-Alzette,Rumelange,Femmes,Non-salariés,60
2021.03.31,Esch-Sur-Alzette,Rumelange,Hommes,Salariés,1220
2021.03.31,Esch-Sur-Alzette,Rumelange,Hommes,Non-salariés,60
2021.03.31,Esch-Sur-Alzette,Sanem,Femmes,Salariés,3430
2021.03.31,Esch-Sur-Alzette,Sanem,Femmes,Non-salariés,190
2021.03.31,Esch-Sur-Alzette,Sanem,Hommes,Salariés,3920
2021.03.31,Esch-Sur-Alzette,Sanem,Hommes,Non-salariés,240
2021.03.31,Esch-Sur-Alzette,Schifflange,Femmes,Salariés,2220
2021.03.31,Esch-Sur-Alzette,Schifflange,Femmes,Non-salariés,110
2021.03.31,Esch-Sur-Alzette,Schifflange,Hommes,Salariés,2510
2021.03.31,Esch-Sur-Alzette,Schifflange,Hommes,Non-salariés,110
2021.03.31,Grevenmacher,Betzdorf,Femmes,Salariés,710
2021.03.31,Grevenmacher,Betzdorf,Femmes,Non-salariés,60
2021.03.31,Grevenmacher,Betzdorf,Hommes,Salariés,800
2021.03.31,Grevenmacher,Betzdorf,Hommes,Non-salariés,100
2021.03.31,Grevenmacher,Biwer,Femmes,Salariés,330
2021.03.31,Grevenmacher,Biwer,Femmes,Non-salariés,20
2021.03.31,Grevenmacher,Biwer,Hommes,Salariés,390
2021.03.31,Grevenmacher,Biwer,Hommes,Non-salariés,50
2021.03.31,Grevenmacher,Flaxweiler,Femmes,Salariés,380
2021.03.31,Grevenmacher,Flaxweiler,Femmes,Non-salariés,50
2021.03.31,Grevenmacher,Flaxweiler,Hommes,Salariés,470
2021.03.31,Grevenmacher,Flaxweiler,Hommes,Non-salariés,60
2021.03.31,Grevenmacher,Grevenmacher,Femmes,Salariés,930
2021.03.31,Grevenmacher,Grevenmacher,Femmes,Non-salariés,50
2021.03.31,Grevenmacher,Grevenmacher,Hommes,Salariés,1020
2021.03.31,Grevenmacher,Grevenmacher,Hommes,Non-salariés,100
2021.03.31,Grevenmacher,Junglinster,Femmes,Salariés,1360
2021.03.31,Grevenmacher,Junglinster,Femmes,Non-salariés,160
2021.03.31,Grevenmacher,Junglinster,Hommes,Salariés,1520
2021.03.31,Grevenmacher,Junglinster,Hommes,Non-salariés,210
2021.03.31,Grevenmacher,Manternach,Femmes,Salariés,410
2021.03.31,Grevenmacher,Manternach,Femmes,Non-salariés,20
2021.03.31,Grevenmacher,Manternach,Hommes,Salariés,430
2021.03.31,Grevenmacher,Manternach,Hommes,Non-salariés,70
2021.03.31,Grevenmacher,Mertert,Femmes,Salariés,830
2021.03.31,Grevenmacher,Mertert,Femmes,Non-salariés,60
2021.03.31,Grevenmacher,Mertert,Hommes,Salariés,950
2021.03.31,Grevenmacher,Mertert,Hommes,Non-salariés,90
2021.03.31,Grevenmacher,Wormeldange,Femmes,Salariés,530
2021.03.31,Grevenmacher,Wormeldange,Femmes,Non-salariés,50
2021.03.31,Grevenmacher,Wormeldange,Hommes,Salariés,640
2021.03.31,Grevenmacher,Wormeldange,Hommes,Non-salariés,90
2021.03.31,Luxembourg-Campagne,Bertrange,Femmes,Salariés,1330
2021.03.31,Luxembourg-Campagne,Bertrange,Femmes,Non-salariés,140
2021.03.31,Luxembourg-Campagne,Bertrange,Hommes,Salariés,1610
2021.03.31,Luxembourg-Campagne,Bertrange,Hommes,Non-salariés,220
2021.03.31,Luxembourg-Campagne,Contern,Femmes,Salariés,670
2021.03.31,Luxembourg-Campagne,Contern,Femmes,Non-salariés,60
2021.03.31,Luxembourg-Campagne,Contern,Hommes,Salariés,770
2021.03.31,Luxembourg-Campagne,Contern,Hommes,Non-salariés,100
2021.03.31,Luxembourg-Campagne,Hesperange,Femmes,Salariés,2780
2021.03.31,Luxembourg-Campagne,Hesperange,Femmes,Non-salariés,250
2021.03.31,Luxembourg-Campagne,Hesperange,Hommes,Salariés,3130
2021.03.31,Luxembourg-Campagne,Hesperange,Hommes,Non-salariés,340
2021.03.31,Luxembourg-Campagne,Niederanven,Femmes,Salariés,800
2021.03.31,Luxembourg-Campagne,Niederanven,Femmes,Non-salariés,160
2021.03.31,Luxembourg-Campagne,Niederanven,Hommes,Salariés,900
2021.03.31,Luxembourg-Campagne,Niederanven,Hommes,Non-salariés,210
2021.03.31,Luxembourg-Campagne,Sandweiler,Femmes,Salariés,620
2021.03.31,Luxembourg-Campagne,Sandweiler,Femmes,Non-salariés,50
2021.03.31,Luxembourg-Campagne,Sandweiler,Hommes,Salariés,670
2021.03.31,Luxembourg-Campagne,Sandweiler,Hommes,Non-salariés,90
2021.03.31,Luxembourg-Campagne,Schuttrange,Femmes,Salariés,630
2021.03.31,Luxembourg-Campagne,Schuttrange,Femmes,Non-salariés,70
2021.03.31,Luxembourg-Campagne,Schuttrange,Hommes,Salariés,730
2021.03.31,Luxembourg-Campagne,Schuttrange,Hommes,Non-salariés,130
2021.03.31,Luxembourg-Campagne,Steinsel,Femmes,Salariés,870
2021.03.31,Luxembourg-Campagne,Steinsel,Femmes,Non-salariés,70
2021.03.31,Luxembourg-Campagne,Steinsel,Hommes,Salariés,950
2021.03.31,Luxembourg-Campagne,Steinsel,Hommes,Non-salariés,140
2021.03.31,Luxembourg-Campagne,Strassen,Femmes,Salariés,1700
2021.03.31,Luxembourg-Campagne,Strassen,Femmes,Non-salariés,180
2021.03.31,Luxembourg-Campagne,Strassen,Hommes,Salariés,1940
2021.03.31,Luxembourg-Campagne,Strassen,Hommes,Non-salariés,270
2021.03.31,Luxembourg-Campagne,Walferdange,Femmes,Salariés,1360
2021.03.31,Luxembourg-Campagne,Walferdange,Femmes,Non-salariés,140
2021.03.31,Luxembourg-Campagne,Walferdange,Hommes,Salariés,1530
2021.03.31,Luxembourg-Campagne,Walferdange,Hommes,Non-salariés,210
2021.03.31,Luxembourg-Campagne,Weiler-la-Tour,Femmes,Salariés,440
2021.03.31,Luxembourg-Campagne,Weiler-la-Tour,Femmes,Non-salariés,30
2021.03.31,Luxembourg-Campagne,Weiler-la-Tour,Hommes,Salariés,520
2021.03.31,Luxembourg-Campagne,Weiler-la-Tour,Hommes,Non-salariés,60
2021.03.31,Luxembourg-Ville,Luxembourg,Femmes,Salariés,20090
2021.03.31,Luxembourg-Ville,Luxembourg,Femmes,Non-salariés,1890
2021.03.31,Luxembourg-Ville,Luxembourg,Hommes,Salariés,25510
2021.03.31,Luxembourg-Ville,Luxembourg,Hommes,Non-salariés,2800
2021.03.31,Mersch,Bissen,Femmes,Salariés,640
2021.03.31,Mersch,Bissen,Femmes,Non-salariés,20
2021.03.31,Mersch,Bissen,Hommes,Salariés,750
2021.03.31,Mersch,Bissen,Hommes,Non-salariés,60
2021.03.31,Mersch,Colmar-Berg,Femmes,Salariés,470
2021.03.31,Mersch,Colmar-Berg,Femmes,Non-salariés,20
2021.03.31,Mersch,Colmar-Berg,Hommes,Salariés,510
2021.03.31,Mersch,Colmar-Berg,Hommes,Non-salariés,40
2021.03.31,Mersch,Fischbach,Femmes,Salariés,260
2021.03.31,Mersch,Fischbach,Femmes,Non-salariés,20
2021.03.31,Mersch,Fischbach,Hommes,Salariés,290
2021.03.31,Mersch,Fischbach,Hommes,Non-salariés,40
2021.03.31,Mersch,Heffingen,Femmes,Salariés,290
2021.03.31,Mersch,Heffingen,Femmes,Non-salariés,40
2021.03.31,Mersch,Heffingen,Hommes,Salariés,330
2021.03.31,Mersch,Heffingen,Hommes,Non-salariés,50
2021.03.31,Mersch,Helperknapp,Femmes,Salariés,910
2021.03.31,Mersch,Helperknapp,Femmes,Non-salariés,80
2021.03.31,Mersch,Helperknapp,Hommes,Salariés,1030
2021.03.31,Mersch,Helperknapp,Hommes,Non-salariés,110
2021.03.31,Mersch,Larochette,Femmes,Salariés,430
2021.03.31,Mersch,Larochette,Femmes,Non-salariés,30
2021.03.31,Mersch,Larochette,Hommes,Salariés,510
2021.03.31,Mersch,Larochette,Hommes,Non-salariés,30
2021.03.31,Mersch,Lintgen,Femmes,Salariés,660
2021.03.31,Mersch,Lintgen,Femmes,Non-salariés,40
2021.03.31,Mersch,Lintgen,Hommes,Salariés,750
2021.03.31,Mersch,Lintgen,Hommes,Non-salariés,60
2021.03.31,Mersch,Lorentzweiler,Femmes,Salariés,760
2021.03.31,Mersch,Lorentzweiler,Femmes,Non-salariés,60
2021.03.31,Mersch,Lorentzweiler,Hommes,Salariés,820
2021.03.31,Mersch,Lorentzweiler,Hommes,Non-salariés,100
2021.03.31,Mersch,Mersch,Femmes,Salariés,1870
2021.03.31,Mersch,Mersch,Femmes,Non-salariés,130
2021.03.31,Mersch,Mersch,Hommes,Salariés,2150
2021.03.31,Mersch,Mersch,Hommes,Non-salariés,190
2021.03.31,Mersch,Nommern,Femmes,Salariés,280
2021.03.31,Mersch,Nommern,Femmes,Non-salariés,30
2021.03.31,Mersch,Nommern,Hommes,Salariés,300
2021.03.31,Mersch,Nommern,Hommes,Non-salariés,50
2021.03.31,Non déterminé,Non déterminé,Femmes,Salariés,70
2021.03.31,Non déterminé,Non déterminé,Femmes,Non-salariés,0
2021.03.31,Non déterminé,Non déterminé,Hommes,Salariés,80
2021.03.31,Non déterminé,Non déterminé,Hommes,Non-salariés,10
2021.03.31,Redange,Beckerich,Femmes,Salariés,490
2021.03.31,Redange,Beckerich,Femmes,Non-salariés,40
2021.03.31,Redange,Beckerich,Hommes,Salariés,590
2021.03.31,Redange,Beckerich,Hommes,Non-salariés,70
2021.03.31,Redange,Ell,Femmes,Salariés,320
2021.03.31,Redange,Ell,Femmes,Non-salariés,30
2021.03.31,Redange,Ell,Hommes,Salariés,350
2021.03.31,Redange,Ell,Hommes,Non-salariés,50
2021.03.31,Redange,Groussbus-Wal,Femmes,Salariés,430
2021.03.31,Redange,Groussbus-Wal,Femmes,Non-salariés,40
2021.03.31,Redange,Groussbus-Wal,Hommes,Salariés,470
2021.03.31,Redange,Groussbus-Wal,Hommes,Non-salariés,60
2021.03.31,Redange,Préizerdaul,Femmes,Salariés,350
2021.03.31,Redange,Préizerdaul,Femmes,Non-salariés,20
2021.03.31,Redange,Préizerdaul,Hommes,Salariés,380
2021.03.31,Redange,Préizerdaul,Hommes,Non-salariés,30
2021.03.31,Redange,Rambrouch,Femmes,Salariés,750
2021.03.31,Redange,Rambrouch,Femmes,Non-salariés,90
2021.03.31,Redange,Rambrouch,Hommes,Salariés,940
2021.03.31,Redange,Rambrouch,Hommes,Non-salariés,150
2021.03.31,Redange,Redange/Attert,Femmes,Salariés,550
2021.03.31,Redange,Redange/Attert,Femmes,Non-salariés,40
2021.03.31,Redange,Redange/Attert,Hommes,Salariés,600
2021.03.31,Redange,Redange/Attert,Hommes,Non-salariés,100
2021.03.31,Redange,Saeul,Femmes,Salariés,180
2021.03.31,Redange,Saeul,Femmes,Non-salariés,20
2021.03.31,Redange,Saeul,Hommes,Salariés,210
2021.03.31,Redange,Saeul,Hommes,Non-salariés,30
2021.03.31,Redange,Useldange,Femmes,Salariés,380
2021.03.31,Redange,Useldange,Femmes,Non-salariés,40
2021.03.31,Redange,Useldange,Hommes,Salariés,410
2021.03.31,Redange,Useldange,Hommes,Non-salariés,50
2021.03.31,Redange,Vichten,Femmes,Salariés,260
2021.03.31,Redange,Vichten,Femmes,Non-salariés,20
2021.03.31,Redange,Vichten,Hommes,Salariés,340
2021.03.31,Redange,Vichten,Hommes,Non-salariés,20
2021.03.31,Remich,Bous-Waldbredimus,Femmes,Salariés,590
2021.03.31,Remich,Bous-Waldbredimus,Femmes,Non-salariés,40
2021.03.31,Remich,Bous-Waldbredimus,Hommes,Salariés,660
2021.03.31,Remich,Bous-Waldbredimus,Hommes,Non-salariés,80
2021.03.31,Remich,Dalheim,Femmes,Salariés,440
2021.03.31,Remich,Dalheim,Femmes,Non-salariés,40
2021.03.31,Remich,Dalheim,Hommes,Salariés,490
2021.03.31,Remich,Dalheim,Hommes,Non-salariés,50
2021.03.31,Remich,Lenningen,Femmes,Salariés,370
2021.03.31,Remich,Lenningen,Femmes,Non-salariés,40
2021.03.31,Remich,Lenningen,Hommes,Salariés,410
2021.03.31,Remich,Lenningen,Hommes,Non-salariés,50
2021.03.31,Remich,Mondorf-les-Bains,Femmes,Salariés,920
2021.03.31,Remich,Mondorf-les-Bains,Femmes,Non-salariés,70
2021.03.31,Remich,Mondorf-les-Bains,Hommes,Salariés,990
2021.03.31,Remich,Mondorf-les-Bains,Hommes,Non-salariés,140
2021.03.31,Remich,Remich,Femmes,Salariés,610
2021.03.31,Remich,Remich,Femmes,Non-salariés,50
2021.03.31,Remich,Remich,Hommes,Salariés,710
2021.03.31,Remich,Remich,Hommes,Non-salariés,100
2021.03.31,Remich,Schengen,Femmes,Salariés,940
2021.03.31,Remich,Schengen,Femmes,Non-salariés,90
2021.03.31,Remich,Schengen,Hommes,Salariés,990
2021.03.31,Remich,Schengen,Hommes,Non-salariés,160
2021.03.31,Remich,Stadtbredimus,Femmes,Salariés,370
2021.03.31,Remich,Stadtbredimus,Femmes,Non-salariés,40
2021.03.31,Remich,Stadtbredimus,Hommes,Salariés,430
2021.03.31,Remich,Stadtbredimus,Hommes,Non-salariés,50
2021.03.31,Vianden,Putscheid,Femmes,Salariés,210
2021.03.31,Vianden,Putscheid,Femmes,Non-salariés,20
2021.03.31,Vianden,Putscheid,Hommes,Salariés,230
2021.03.31,Vianden,Putscheid,Hommes,Non-salariés,30
2021.03.31,Vianden,Tandel,Femmes,Salariés,440
2021.03.31,Vianden,Tandel,Femmes,Non-salariés,30
2021.03.31,Vianden,Tandel,Hommes,Salariés,470
2021.03.31,Vianden,Tandel,Hommes,Non-salariés,60
2021.03.31,Vianden,Vianden,Femmes,Salariés,370
2021.03.31,Vianden,Vianden,Femmes,Non-salariés,30
2021.03.31,Vianden,Vianden,Hommes,Salariés,470
2021.03.31,Vianden,Vianden,Hommes,Non-salariés,40
2021.03.31,Wiltz,Boulaide,Femmes,Salariés,260
2021.03.31,Wiltz,Boulaide,Femmes,Non-salariés,20
2021.03.31,Wiltz,Boulaide,Hommes,Salariés,270
2021.03.31,Wiltz,Boulaide,Hommes,Non-salariés,40
2021.03.31,Wiltz,Esch-sur-Sûre,Femmes,Salariés,560
2021.03.31,Wiltz,Esch-sur-Sûre,Femmes,Non-salariés,40
2021.03.31,Wiltz,Esch-sur-Sûre,Hommes,Salariés,670
2021.03.31,Wiltz,Esch-sur-Sûre,Hommes,Non-salariés,80
2021.03.31,Wiltz,Goesdorf,Femmes,Salariés,290
2021.03.31,Wiltz,Goesdorf,Femmes,Non-salariés,40
2021.03.31,Wiltz,Goesdorf,Hommes,Salariés,360
2021.03.31,Wiltz,Goesdorf,Hommes,Non-salariés,40
2021.03.31,Wiltz,Kiischpelt,Femmes,Salariés,220
2021.03.31,Wiltz,Kiischpelt,Femmes,Non-salariés,30
2021.03.31,Wiltz,Kiischpelt,Hommes,Salariés,250
2021.03.31,Wiltz,Kiischpelt,Hommes,Non-salariés,30
2021.03.31,Wiltz,Lac de la Haute-Sûre,Femmes,Salariés,350
2021.03.31,Wiltz,Lac de la Haute-Sûre,Femmes,Non-salariés,40
2021.03.31,Wiltz,Lac de la Haute-Sûre,Hommes,Salariés,410
2021.03.31,Wiltz,Lac de la Haute-Sûre,Hommes,Non-salariés,70
2021.03.31,Wiltz,Wiltz,Femmes,Salariés,1230
2021.03.31,Wiltz,Wiltz,Femmes,Non-salariés,70
2021.03.31,Wiltz,Wiltz,Hommes,Salariés,1570
2021.03.31,Wiltz,Wiltz,Hommes,Non-salariés,140
2021.03.31,Wiltz,Winseler,Femmes,Salariés,230
2021.03.31,Wiltz,Winseler,Femmes,Non-salariés,20
2021.03.31,Wiltz,Winseler,Hommes,Salariés,270
2021.03.31,Wiltz,Winseler,Hommes,Non-salariés,70
2021.09.30,Capellen,Dippach,Femmes,Salariés,830
2021.09.30,Capellen,Dippach,Femmes,Non-salariés,60
2021.09.30,Capellen,Dippach,Hommes,Salariés,940
2021.09.30,Capellen,Dippach,Hommes,Non-salariés,100
2021.09.30,Capellen,Garnich,Femmes,Salariés,390
2021.09.30,Capellen,Garnich,Femmes,Non-salariés,60
2021.09.30,Capellen,Garnich,Hommes,Salariés,460
2021.09.30,Capellen,Garnich,Hommes,Non-salariés,70
2021.09.30,Capellen,Habscht,Femmes,Salariés,930
2021.09.30,Capellen,Habscht,Femmes,Non-salariés,80
2021.09.30,Capellen,Habscht,Hommes,Salariés,1020
2021.09.30,Capellen,Habscht,Hommes,Non-salariés,160
2021.09.30,Capellen,Käerjeng,Femmes,Salariés,2000
2021.09.30,Capellen,Käerjeng,Femmes,Non-salariés,130
2021.09.30,Capellen,Käerjeng,Hommes,Salariés,2160
2021.09.30,Capellen,Käerjeng,Hommes,Non-salariés,200
2021.09.30,Capellen,Kehlen,Femmes,Salariés,1000
2021.09.30,Capellen,Kehlen,Femmes,Non-salariés,130
2021.09.30,Capellen,Kehlen,Hommes,Salariés,1050
2021.09.30,Capellen,Kehlen,Hommes,Non-salariés,190
2021.09.30,Capellen,Koerich,Femmes,Salariés,450
2021.09.30,Capellen,Koerich,Femmes,Non-salariés,40
2021.09.30,Capellen,Koerich,Hommes,Salariés,500
2021.09.30,Capellen,Koerich,Hommes,Non-salariés,80
2021.09.30,Capellen,Kopstal,Femmes,Salariés,630
2021.09.30,Capellen,Kopstal,Femmes,Non-salariés,100
2021.09.30,Capellen,Kopstal,Hommes,Salariés,700
2021.09.30,Capellen,Kopstal,Hommes,Non-salariés,150
2021.09.30,Capellen,Mamer,Femmes,Salariés,1540
2021.09.30,Capellen,Mamer,Femmes,Non-salariés,160
2021.09.30,Capellen,Mamer,Hommes,Salariés,1670
2021.09.30,Capellen,Mamer,Hommes,Non-salariés,280
2021.09.30,Capellen,Steinfort,Femmes,Salariés,1000
2021.09.30,Capellen,Steinfort,Femmes,Non-salariés,110
2021.09.30,Capellen,Steinfort,Hommes,Salariés,1070
2021.09.30,Capellen,Steinfort,Hommes,Non-salariés,130
2021.09.30,Clervaux,Clervaux,Femmes,Salariés,1040
2021.09.30,Clervaux,Clervaux,Femmes,Non-salariés,90
2021.09.30,Clervaux,Clervaux,Hommes,Salariés,1220
2021.09.30,Clervaux,Clervaux,Hommes,Non-salariés,150
2021.09.30,Clervaux,Parc Hosingen,Femmes,Salariés,770
2021.09.30,Clervaux,Parc Hosingen,Femmes,Non-salariés,50
2021.09.30,Clervaux,Parc Hosingen,Hommes,Salariés,850
2021.09.30,Clervaux,Parc Hosingen,Hommes,Non-salariés,100
2021.09.30,Clervaux,Troisvierges,Femmes,Salariés,600
2021.09.30,Clervaux,Troisvierges,Femmes,Non-salariés,50
2021.09.30,Clervaux,Troisvierges,Hommes,Salariés,780
2021.09.30,Clervaux,Troisvierges,Hommes,Non-salariés,100
2021.09.30,Clervaux,Weiswampach,Femmes,Salariés,400
2021.09.30,Clervaux,Weiswampach,Femmes,Non-salariés,40
2021.09.30,Clervaux,Weiswampach,Hommes,Salariés,510
2021.09.30,Clervaux,Weiswampach,Hommes,Non-salariés,80
2021.09.30,Clervaux,Wincrange,Femmes,Salariés,800
2021.09.30,Clervaux,Wincrange,Femmes,Non-salariés,100
2021.09.30,Clervaux,Wincrange,Hommes,Salariés,930
2021.09.30,Clervaux,Wincrange,Hommes,Non-salariés,220
2021.09.30,Diekirch,Bettendorf,Femmes,Salariés,550
2021.09.30,Diekirch,Bettendorf,Femmes,Non-salariés,40
2021.09.30,Diekirch,Bettendorf,Hommes,Salariés,660
2021.09.30,Diekirch,Bettendorf,Hommes,Non-salariés,50
2021.09.30,Diekirch,Bourscheid,Femmes,Salariés,330
2021.09.30,Diekirch,Bourscheid,Femmes,Non-salariés,20
2021.09.30,Diekirch,Bourscheid,Hommes,Salariés,380
2021.09.30,Diekirch,Bourscheid,Hommes,Non-salariés,50
2021.09.30,Diekirch,Diekirch,Femmes,Salariés,1300
2021.09.30,Diekirch,Diekirch,Femmes,Non-salariés,90
2021.09.30,Diekirch,Diekirch,Hommes,Salariés,1560
2021.09.30,Diekirch,Diekirch,Hommes,Non-salariés,120
2021.09.30,Diekirch,Erpeldange-sur-Sûre,Femmes,Salariés,460
2021.09.30,Diekirch,Erpeldange-sur-Sûre,Femmes,Non-salariés,40
2021.09.30,Diekirch,Erpeldange-sur-Sûre,Hommes,Salariés,510
2021.09.30,Diekirch,Erpeldange-sur-Sûre,Hommes,Non-salariés,50
2021.09.30,Diekirch,Ettelbruck,Femmes,Salariés,1690
2021.09.30,Diekirch,Ettelbruck,Femmes,Non-salariés,110
2021.09.30,Diekirch,Ettelbruck,Hommes,Salariés,1930
2021.09.30,Diekirch,Ettelbruck,Hommes,Non-salariés,150
2021.09.30,Diekirch,Feulen,Femmes,Salariés,460
2021.09.30,Diekirch,Feulen,Femmes,Non-salariés,20
2021.09.30,Diekirch,Feulen,Hommes,Salariés,530
2021.09.30,Diekirch,Feulen,Hommes,Non-salariés,40
2021.09.30,Diekirch,Mertzig,Femmes,Salariés,470
2021.09.30,Diekirch,Mertzig,Femmes,Non-salariés,30
2021.09.30,Diekirch,Mertzig,Hommes,Salariés,510
2021.09.30,Diekirch,Mertzig,Hommes,Non-salariés,30
2021.09.30,Diekirch,Reisdorf,Femmes,Salariés,250
2021.09.30,Diekirch,Reisdorf,Femmes,Non-salariés,20
2021.09.30,Diekirch,Reisdorf,Hommes,Salariés,300
2021.09.30,Diekirch,Reisdorf,Hommes,Non-salariés,20
2021.09.30,Diekirch,Schieren,Femmes,Salariés,420
2021.09.30,Diekirch,Schieren,Femmes,Non-salariés,20
2021.09.30,Diekirch,Schieren,Hommes,Salariés,490
2021.09.30,Diekirch,Schieren,Hommes,Non-salariés,20
2021.09.30,Diekirch,Vallée de l'Ernz,Femmes,Salariés,520
2021.09.30,Diekirch,Vallée de l'Ernz,Femmes,Non-salariés,50
2021.09.30,Diekirch,Vallée de l'Ernz,Hommes,Salariés,610
2021.09.30,Diekirch,Vallée de l'Ernz,Hommes,Non-salariés,80
2021.09.30,Echternach,Beaufort,Femmes,Salariés,530
2021.09.30,Echternach,Beaufort,Femmes,Non-salariés,40
2021.09.30,Echternach,Beaufort,Hommes,Salariés,650
2021.09.30,Echternach,Beaufort,Hommes,Non-salariés,40
2021.09.30,Echternach,Bech,Femmes,Salariés,230
2021.09.30,Echternach,Bech,Femmes,Non-salariés,20
2021.09.30,Echternach,Bech,Hommes,Salariés,270
2021.09.30,Echternach,Bech,Hommes,Non-salariés,40
2021.09.30,Echternach,Berdorf,Femmes,Salariés,360
2021.09.30,Echternach,Berdorf,Femmes,Non-salariés,30
2021.09.30,Echternach,Berdorf,Hommes,Salariés,400
2021.09.30,Echternach,Berdorf,Hommes,Non-salariés,50
2021.09.30,Echternach,Consdorf,Femmes,Salariés,380
2021.09.30,Echternach,Consdorf,Femmes,Non-salariés,30
2021.09.30,Echternach,Consdorf,Hommes,Salariés,430
2021.09.30,Echternach,Consdorf,Hommes,Non-salariés,60
2021.09.30,Echternach,Echternach,Femmes,Salariés,1020
2021.09.30,Echternach,Echternach,Femmes,Non-salariés,70
2021.09.30,Echternach,Echternach,Hommes,Salariés,1150
2021.09.30,Echternach,Echternach,Hommes,Non-salariés,120
2021.09.30,Echternach,Rosport-Mompach,Femmes,Salariés,660
2021.09.30,Echternach,Rosport-Mompach,Femmes,Non-salariés,60
2021.09.30,Echternach,Rosport-Mompach,Hommes,Salariés,750
2021.09.30,Echternach,Rosport-Mompach,Hommes,Non-salariés,120
2021.09.30,Echternach,Waldbillig,Femmes,Salariés,390
2021.09.30,Echternach,Waldbillig,Femmes,Non-salariés,30
2021.09.30,Echternach,Waldbillig,Hommes,Salariés,430
2021.09.30,Echternach,Waldbillig,Hommes,Non-salariés,50
2021.09.30,Esch-Sur-Alzette,Bettembourg,Femmes,Salariés,2080
2021.09.30,Esch-Sur-Alzette,Bettembourg,Femmes,Non-salariés,150
2021.09.30,Esch-Sur-Alzette,Bettembourg,Hommes,Salariés,2400
2021.09.30,Esch-Sur-Alzette,Bettembourg,Hommes,Non-salariés,200
2021.09.30,Esch-Sur-Alzette,Differdange,Femmes,Salariés,5540
2021.09.30,Esch-Sur-Alzette,Differdange,Femmes,Non-salariés,220
2021.09.30,Esch-Sur-Alzette,Differdange,Hommes,Salariés,6720
2021.09.30,Esch-Sur-Alzette,Differdange,Hommes,Non-salariés,260
2021.09.30,Esch-Sur-Alzette,Dudelange,Femmes,Salariés,4050
2021.09.30,Esch-Sur-Alzette,Dudelange,Femmes,Non-salariés,230
2021.09.30,Esch-Sur-Alzette,Dudelange,Hommes,Salariés,4650
2021.09.30,Esch-Sur-Alzette,Dudelange,Hommes,Non-salariés,330
2021.09.30,Esch-Sur-Alzette,Esch-sur-Alzette,Femmes,Salariés,6520
2021.09.30,Esch-Sur-Alzette,Esch-sur-Alzette,Femmes,Non-salariés,310
2021.09.30,Esch-Sur-Alzette,Esch-sur-Alzette,Hommes,Salariés,8110
2021.09.30,Esch-Sur-Alzette,Esch-sur-Alzette,Hommes,Non-salariés,440
2021.09.30,Esch-Sur-Alzette,Frisange,Femmes,Salariés,930
2021.09.30,Esch-Sur-Alzette,Frisange,Femmes,Non-salariés,60
2021.09.30,Esch-Sur-Alzette,Frisange,Hommes,Salariés,1010
2021.09.30,Esch-Sur-Alzette,Frisange,Hommes,Non-salariés,120
2021.09.30,Esch-Sur-Alzette,Kayl,Femmes,Salariés,1900
2021.09.30,Esch-Sur-Alzette,Kayl,Femmes,Non-salariés,90
2021.09.30,Esch-Sur-Alzette,Kayl,Hommes,Salariés,2190
2021.09.30,Esch-Sur-Alzette,Kayl,Hommes,Non-salariés,130
2021.09.30,Esch-Sur-Alzette,Leudelange,Femmes,Salariés,490
2021.09.30,Esch-Sur-Alzette,Leudelange,Femmes,Non-salariés,60
2021.09.30,Esch-Sur-Alzette,Leudelange,Hommes,Salariés,530
2021.09.30,Esch-Sur-Alzette,Leudelange,Hommes,Non-salariés,100
2021.09.30,Esch-Sur-Alzette,Mondercange,Femmes,Salariés,1250
2021.09.30,Esch-Sur-Alzette,Mondercange,Femmes,Non-salariés,100
2021.09.30,Esch-Sur-Alzette,Mondercange,Hommes,Salariés,1390
2021.09.30,Esch-Sur-Alzette,Mondercange,Hommes,Non-salariés,190
2021.09.30,Esch-Sur-Alzette,Pétange,Femmes,Salariés,3870
2021.09.30,Esch-Sur-Alzette,Pétange,Femmes,Non-salariés,200
2021.09.30,Esch-Sur-Alzette,Pétange,Hommes,Salariés,4600
2021.09.30,Esch-Sur-Alzette,Pétange,Hommes,Non-salariés,200
2021.09.30,Esch-Sur-Alzette,Reckange-sur-Mess,Femmes,Salariés,490
2021.09.30,Esch-Sur-Alzette,Reckange-sur-Mess,Femmes,Non-salariés,60
2021.09.30,Esch-Sur-Alzette,Reckange-sur-Mess,Hommes,Salariés,570
2021.09.30,Esch-Sur-Alzette,Reckange-sur-Mess,Hommes,Non-salariés,80
2021.09.30,Esch-Sur-Alzette,Roeser,Femmes,Salariés,1290
2021.09.30,Esch-Sur-Alzette,Roeser,Femmes,Non-salariés,90
2021.09.30,Esch-Sur-Alzette,Roeser,Hommes,Salariés,1410
2021.09.30,Esch-Sur-Alzette,Roeser,Hommes,Non-salariés,170
2021.09.30,Esch-Sur-Alzette,Rumelange,Femmes,Salariés,1000
2021.09.30,Esch-Sur-Alzette,Rumelange,Femmes,Non-salariés,60
2021.09.30,Esch-Sur-Alzette,Rumelange,Hommes,Salariés,1220
2021.09.30,Esch-Sur-Alzette,Rumelange,Hommes,Non-salariés,60
2021.09.30,Esch-Sur-Alzette,Sanem,Femmes,Salariés,3430
2021.09.30,Esch-Sur-Alzette,Sanem,Femmes,Non-salariés,180
2021.09.30,Esch-Sur-Alzette,Sanem,Hommes,Salariés,3910
2021.09.30,Esch-Sur-Alzette,Sanem,Hommes,Non-salariés,250
2021.09.30,Esch-Sur-Alzette,Schifflange,Femmes,Salariés,2210
2021.09.30,Esch-Sur-Alzette,Schifflange,Femmes,Non-salariés,110
2021.09.30,Esch-Sur-Alzette,Schifflange,Hommes,Salariés,2470
2021.09.30,Esch-Sur-Alzette,Schifflange,Hommes,Non-salariés,120
2021.09.30,Grevenmacher,Betzdorf,Femmes,Salariés,700
2021.09.30,Grevenmacher,Betzdorf,Femmes,Non-salariés,60
2021.09.30,Grevenmacher,Betzdorf,Hommes,Salariés,800
2021.09.30,Grevenmacher,Betzdorf,Hommes,Non-salariés,100
2021.09.30,Grevenmacher,Biwer,Femmes,Salariés,340
2021.09.30,Grevenmacher,Biwer,Femmes,Non-salariés,20
2021.09.30,Grevenmacher,Biwer,Hommes,Salariés,380
2021.09.30,Grevenmacher,Biwer,Hommes,Non-salariés,50
2021.09.30,Grevenmacher,Flaxweiler,Femmes,Salariés,380
2021.09.30,Grevenmacher,Flaxweiler,Femmes,Non-salariés,50
2021.09.30,Grevenmacher,Flaxweiler,Hommes,Salariés,460
2021.09.30,Grevenmacher,Flaxweiler,Hommes,Non-salariés,60
2021.09.30,Grevenmacher,Grevenmacher,Femmes,Salariés,940
2021.09.30,Grevenmacher,Grevenmacher,Femmes,Non-salariés,60
2021.09.30,Grevenmacher,Grevenmacher,Hommes,Salariés,1030
2021.09.30,Grevenmacher,Grevenmacher,Hommes,Non-salariés,100
2021.09.30,Grevenmacher,Junglinster,Femmes,Salariés,1380
2021.09.30,Grevenmacher,Junglinster,Femmes,Non-salariés,150
2021.09.30,Grevenmacher,Junglinster,Hommes,Salariés,1530
2021.09.30,Grevenmacher,Junglinster,Hommes,Non-salariés,210
2021.09.30,Grevenmacher,Manternach,Femmes,Salariés,410
2021.09.30,Grevenmacher,Manternach,Femmes,Non-salariés,30
2021.09.30,Grevenmacher,Manternach,Hommes,Salariés,440
2021.09.30,Grevenmacher,Manternach,Hommes,Non-salariés,60
2021.09.30,Grevenmacher,Mertert,Femmes,Salariés,880
2021.09.30,Grevenmacher,Mertert,Femmes,Non-salariés,50
2021.09.30,Grevenmacher,Mertert,Hommes,Salariés,980
2021.09.30,Grevenmacher,Mertert,Hommes,Non-salariés,90
2021.09.30,Grevenmacher,Wormeldange,Femmes,Salariés,540
2021.09.30,Grevenmacher,Wormeldange,Femmes,Non-salariés,50
2021.09.30,Grevenmacher,Wormeldange,Hommes,Salariés,640
2021.09.30,Grevenmacher,Wormeldange,Hommes,Non-salariés,100
2021.09.30,Luxembourg-Campagne,Bertrange,Femmes,Salariés,1340
2021.09.30,Luxembourg-Campagne,Bertrange,Femmes,Non-salariés,140
2021.09.30,Luxembourg-Campagne,Bertrange,Hommes,Salariés,1550
2021.09.30,Luxembourg-Campagne,Bertrange,Hommes,Non-salariés,230
2021.09.30,Luxembourg-Campagne,Contern,Femmes,Salariés,710
2021.09.30,Luxembourg-Campagne,Contern,Femmes,Non-salariés,70
2021.09.30,Luxembourg-Campagne,Contern,Hommes,Salariés,800
2021.09.30,Luxembourg-Campagne,Contern,Hommes,Non-salariés,100
2021.09.30,Luxembourg-Campagne,Hesperange,Femmes,Salariés,2830
2021.09.30,Luxembourg-Campagne,Hesperange,Femmes,Non-salariés,260
2021.09.30,Luxembourg-Campagne,Hesperange,Hommes,Salariés,3140
2021.09.30,Luxembourg-Campagne,Hesperange,Hommes,Non-salariés,350
2021.09.30,Luxembourg-Campagne,Niederanven,Femmes,Salariés,810
2021.09.30,Luxembourg-Campagne,Niederanven,Femmes,Non-salariés,160
2021.09.30,Luxembourg-Campagne,Niederanven,Hommes,Salariés,930
2021.09.30,Luxembourg-Campagne,Niederanven,Hommes,Non-salariés,210
2021.09.30,Luxembourg-Campagne,Sandweiler,Femmes,Salariés,630
2021.09.30,Luxembourg-Campagne,Sandweiler,Femmes,Non-salariés,50
2021.09.30,Luxembourg-Campagne,Sandweiler,Hommes,Salariés,660
2021.09.30,Luxembourg-Campagne,Sandweiler,Hommes,Non-salariés,100
2021.09.30,Luxembourg-Campagne,Schuttrange,Femmes,Salariés,660
2021.09.30,Luxembourg-Campagne,Schuttrange,Femmes,Non-salariés,70
2021.09.30,Luxembourg-Campagne,Schuttrange,Hommes,Salariés,740
2021.09.30,Luxembourg-Campagne,Schuttrange,Hommes,Non-salariés,120
2021.09.30,Luxembourg-Campagne,Steinsel,Femmes,Salariés,880
2021.09.30,Luxembourg-Campagne,Steinsel,Femmes,Non-salariés,70
2021.09.30,Luxembourg-Campagne,Steinsel,Hommes,Salariés,950
2021.09.30,Luxembourg-Campagne,Steinsel,Hommes,Non-salariés,140
2021.09.30,Luxembourg-Campagne,Strassen,Femmes,Salariés,1720
2021.09.30,Luxembourg-Campagne,Strassen,Femmes,Non-salariés,190
2021.09.30,Luxembourg-Campagne,Strassen,Hommes,Salariés,1970
2021.09.30,Luxembourg-Campagne,Strassen,Hommes,Non-salariés,280
2021.09.30,Luxembourg-Campagne,Walferdange,Femmes,Salariés,1410
2021.09.30,Luxembourg-Campagne,Walferdange,Femmes,Non-salariés,140
2021.09.30,Luxembourg-Campagne,Walferdange,Hommes,Salariés,1550
2021.09.30,Luxembourg-Campagne,Walferdange,Hommes,Non-salariés,210
2021.09.30,Luxembourg-Campagne,Weiler-la-Tour,Femmes,Salariés,460
2021.09.30,Luxembourg-Campagne,Weiler-la-Tour,Femmes,Non-salariés,40
2021.09.30,Luxembourg-Campagne,Weiler-la-Tour,Hommes,Salariés,510
2021.09.30,Luxembourg-Campagne,Weiler-la-Tour,Hommes,Non-salariés,60
2021.09.30,Luxembourg-Ville,Luxembourg,Femmes,Salariés,20530
2021.09.30,Luxembourg-Ville,Luxembourg,Femmes,Non-salariés,1930
2021.09.30,Luxembourg-Ville,Luxembourg,Hommes,Salariés,26080
2021.09.30,Luxembourg-Ville,Luxembourg,Hommes,Non-salariés,2820
2021.09.30,Mersch,Bissen,Femmes,Salariés,660
2021.09.30,Mersch,Bissen,Femmes,Non-salariés,30
2021.09.30,Mersch,Bissen,Hommes,Salariés,770
2021.09.30,Mersch,Bissen,Hommes,Non-salariés,50
2021.09.30,Mersch,Colmar-Berg,Femmes,Salariés,470
2021.09.30,Mersch,Colmar-Berg,Femmes,Non-salariés,20
2021.09.30,Mersch,Colmar-Berg,Hommes,Salariés,490
2021.09.30,Mersch,Colmar-Berg,Hommes,Non-salariés,50
2021.09.30,Mersch,Fischbach,Femmes,Salariés,250
2021.09.30,Mersch,Fischbach,Femmes,Non-salariés,30
2021.09.30,Mersch,Fischbach,Hommes,Salariés,300
2021.09.30,Mersch,Fischbach,Hommes,Non-salariés,30
2021.09.30,Mersch,Heffingen,Femmes,Salariés,300
2021.09.30,Mersch,Heffingen,Femmes,Non-salariés,30
2021.09.30,Mersch,Heffingen,Hommes,Salariés,330
2021.09.30,Mersch,Heffingen,Hommes,Non-salariés,50
2021.09.30,Mersch,Helperknapp,Femmes,Salariés,910
2021.09.30,Mersch,Helperknapp,Femmes,Non-salariés,70
2021.09.30,Mersch,Helperknapp,Hommes,Salariés,1030
2021.09.30,Mersch,Helperknapp,Hommes,Non-salariés,120
2021.09.30,Mersch,Larochette,Femmes,Salariés,430
2021.09.30,Mersch,Larochette,Femmes,Non-salariés,30
2021.09.30,Mersch,Larochette,Hommes,Salariés,520
2021.09.30,Mersch,Larochette,Hommes,Non-salariés,30
2021.09.30,Mersch,Lintgen,Femmes,Salariés,680
2021.09.30,Mersch,Lintgen,Femmes,Non-salariés,40
2021.09.30,Mersch,Lintgen,Hommes,Salariés,800
2021.09.30,Mersch,Lintgen,Hommes,Non-salariés,60
2021.09.30,Mersch,Lorentzweiler,Femmes,Salariés,760
2021.09.30,Mersch,Lorentzweiler,Femmes,Non-salariés,60
2021.09.30,Mersch,Lorentzweiler,Hommes,Salariés,830
2021.09.30,Mersch,Lorentzweiler,Hommes,Non-salariés,110
2021.09.30,Mersch,Mersch,Femmes,Salariés,1850
2021.09.30,Mersch,Mersch,Femmes,Non-salariés,120
2021.09.30,Mersch,Mersch,Hommes,Salariés,2170
2021.09.30,Mersch,Mersch,Hommes,Non-salariés,180
2021.09.30,Mersch,Nommern,Femmes,Salariés,290
2021.09.30,Mersch,Nommern,Femmes,Non-salariés,30
2021.09.30,Mersch,Nommern,Hommes,Salariés,290
2021.09.30,Mersch,Nommern,Hommes,Non-salariés,50
2021.09.30,Non déterminé,Non déterminé,Femmes,Salariés,70
2021.09.30,Non déterminé,Non déterminé,Femmes,Non-salariés,0
2021.09.30,Non déterminé,Non déterminé,Hommes,Salariés,70
2021.09.30,Non déterminé,Non déterminé,Hommes,Non-salariés,10
2021.09.30,Redange,Beckerich,Femmes,Salariés,500
2021.09.30,Redange,Beckerich,Femmes,Non-salariés,50
2021.09.30,Redange,Beckerich,Hommes,Salariés,610
2021.09.30,Redange,Beckerich,Hommes,Non-salariés,60
2021.09.30,Redange,Ell,Femmes,Salariés,330
2021.09.30,Redange,Ell,Femmes,Non-salariés,20
2021.09.30,Redange,Ell,Hommes,Salariés,350
2021.09.30,Redange,Ell,Hommes,Non-salariés,50
2021.09.30,Redange,Groussbus-Wal,Femmes,Salariés,430
2021.09.30,Redange,Groussbus-Wal,Femmes,Non-salariés,40
2021.09.30,Redange,Groussbus-Wal,Hommes,Salariés,470
2021.09.30,Redange,Groussbus-Wal,Hommes,Non-salariés,60
2021.09.30,Redange,Préizerdaul,Femmes,Salariés,350
2021.09.30,Redange,Préizerdaul,Femmes,Non-salariés,20
2021.09.30,Redange,Préizerdaul,Hommes,Salariés,370
2021.09.30,Redange,Préizerdaul,Hommes,Non-salariés,40
2021.09.30,Redange,Rambrouch,Femmes,Salariés,790
2021.09.30,Redange,Rambrouch,Femmes,Non-salariés,80
2021.09.30,Redange,Rambrouch,Hommes,Salariés,980
2021.09.30,Redange,Rambrouch,Hommes,Non-salariés,160
2021.09.30,Redange,Redange/Attert,Femmes,Salariés,570
2021.09.30,Redange,Redange/Attert,Femmes,Non-salariés,40
2021.09.30,Redange,Redange/Attert,Hommes,Salariés,600
2021.09.30,Redange,Redange/Attert,Hommes,Non-salariés,100
2021.09.30,Redange,Saeul,Femmes,Salariés,180
2021.09.30,Redange,Saeul,Femmes,Non-salariés,20
2021.09.30,Redange,Saeul,Hommes,Salariés,220
2021.09.30,Redange,Saeul,Hommes,Non-salariés,30
2021.09.30,Redange,Useldange,Femmes,Salariés,390
2021.09.30,Redange,Useldange,Femmes,Non-salariés,40
2021.09.30,Redange,Useldange,Hommes,Salariés,420
2021.09.30,Redange,Useldange,Hommes,Non-salariés,50
2021.09.30,Redange,Vichten,Femmes,Salariés,270
2021.09.30,Redange,Vichten,Femmes,Non-salariés,20
2021.09.30,Redange,Vichten,Hommes,Salariés,340
2021.09.30,Redange,Vichten,Hommes,Non-salariés,20
2021.09.30,Remich,Bous-Waldbredimus,Femmes,Salariés,580
2021.09.30,Remich,Bous-Waldbredimus,Femmes,Non-salariés,40
2021.09.30,Remich,Bous-Waldbredimus,Hommes,Salariés,650
2021.09.30,Remich,Bous-Waldbredimus,Hommes,Non-salariés,80
2021.09.30,Remich,Dalheim,Femmes,Salariés,440
2021.09.30,Remich,Dalheim,Femmes,Non-salariés,40
2021.09.30,Remich,Dalheim,Hommes,Salariés,490
2021.09.30,Remich,Dalheim,Hommes,Non-salariés,60
2021.09.30,Remich,Lenningen,Femmes,Salariés,370
2021.09.30,Remich,Lenningen,Femmes,Non-salariés,40
2021.09.30,Remich,Lenningen,Hommes,Salariés,400
2021.09.30,Remich,Lenningen,Hommes,Non-salariés,50
2021.09.30,Remich,Mondorf-les-Bains,Femmes,Salariés,930
2021.09.30,Remich,Mondorf-les-Bains,Femmes,Non-salariés,70
2021.09.30,Remich,Mondorf-les-Bains,Hommes,Salariés,990
2021.09.30,Remich,Mondorf-les-Bains,Hommes,Non-salariés,140
2021.09.30,Remich,Remich,Femmes,Salariés,620
2021.09.30,Remich,Remich,Femmes,Non-salariés,50
2021.09.30,Remich,Remich,Hommes,Salariés,730
2021.09.30,Remich,Remich,Hommes,Non-salariés,90
2021.09.30,Remich,Schengen,Femmes,Salariés,970
2021.09.30,Remich,Schengen,Femmes,Non-salariés,90
2021.09.30,Remich,Schengen,Hommes,Salariés,1020
2021.09.30,Remich,Schengen,Hommes,Non-salariés,150
2021.09.30,Remich,Stadtbredimus,Femmes,Salariés,380
2021.09.30,Remich,Stadtbredimus,Femmes,Non-salariés,40
2021.09.30,Remich,Stadtbredimus,Hommes,Salariés,440
2021.09.30,Remich,Stadtbredimus,Hommes,Non-salariés,50
2021.09.30,Vianden,Putscheid,Femmes,Salariés,200
2021.09.30,Vianden,Putscheid,Femmes,Non-salariés,20
2021.09.30,Vianden,Putscheid,Hommes,Salariés,230
2021.09.30,Vianden,Putscheid,Hommes,Non-salariés,30
2021.09.30,Vianden,Tandel,Femmes,Salariés,440
2021.09.30,Vianden,Tandel,Femmes,Non-salariés,30
2021.09.30,Vianden,Tandel,Hommes,Salariés,480
2021.09.30,Vianden,Tandel,Hommes,Non-salariés,60
2021.09.30,Vianden,Vianden,Femmes,Salariés,390
2021.09.30,Vianden,Vianden,Femmes,Non-salariés,30
2021.09.30,Vianden,Vianden,Hommes,Salariés,470
2021.09.30,Vianden,Vianden,Hommes,Non-salariés,40
2021.09.30,Wiltz,Boulaide,Femmes,Salariés,260
2021.09.30,Wiltz,Boulaide,Femmes,Non-salariés,20
2021.09.30,Wiltz,Boulaide,Hommes,Salariés,280
2021.09.30,Wiltz,Boulaide,Hommes,Non-salariés,40
2021.09.30,Wiltz,Esch-sur-Sûre,Femmes,Salariés,580
2021.09.30,Wiltz,Esch-sur-Sûre,Femmes,Non-salariés,50
2021.09.30,Wiltz,Esch-sur-Sûre,Hommes,Salariés,680
2021.09.30,Wiltz,Esch-sur-Sûre,Hommes,Non-salariés,80
2021.09.30,Wiltz,Goesdorf,Femmes,Salariés,310
2021.09.30,Wiltz,Goesdorf,Femmes,Non-salariés,30
2021.09.30,Wiltz,Goesdorf,Hommes,Salariés,380
2021.09.30,Wiltz,Goesdorf,Hommes,Non-salariés,40
2021.09.30,Wiltz,Kiischpelt,Femmes,Salariés,220
2021.09.30,Wiltz,Kiischpelt,Femmes,Non-salariés,30
2021.09.30,Wiltz,Kiischpelt,Hommes,Salariés,260
2021.09.30,Wiltz,Kiischpelt,Hommes,Non-salariés,30
2021.09.30,Wiltz,Lac de la Haute-Sûre,Femmes,Salariés,370
2021.09.30,Wiltz,Lac de la Haute-Sûre,Femmes,Non-salariés,40
2021.09.30,Wiltz,Lac de la Haute-Sûre,Hommes,Salariés,430
2021.09.30,Wiltz,Lac de la Haute-Sûre,Hommes,Non-salariés,70
2021.09.30,Wiltz,Wiltz,Femmes,Salariés,1270
2021.09.30,Wiltz,Wiltz,Femmes,Non-salariés,80
2021.09.30,Wiltz,Wiltz,Hommes,Salariés,1590
2021.09.30,Wiltz,Wiltz,Hommes,Non-salariés,130
2021.09.30,Wiltz,Winseler,Femmes,Salariés,230
2021.09.30,Wiltz,Winseler,Femmes,Non-salariés,20
2021.09.30,Wiltz,Winseler,Hommes,Salariés,270
2021.09.30,Wiltz,Winseler,Hommes,Non-salariés,70
2022.03.31,Capellen,Dippach,Femmes,Salariés,830
2022.03.31,Capellen,Dippach,Femmes,Non-salariés,60
2022.03.31,Capellen,Dippach,Hommes,Salariés,940
2022.03.31,Capellen,Dippach,Hommes,Non-salariés,100
2022.03.31,Capellen,Garnich,Femmes,Salariés,400
2022.03.31,Capellen,Garnich,Femmes,Non-salariés,50
2022.03.31,Capellen,Garnich,Hommes,Salariés,450
2022.03.31,Capellen,Garnich,Hommes,Non-salariés,70
2022.03.31,Capellen,Habscht,Femmes,Salariés,920
2022.03.31,Capellen,Habscht,Femmes,Non-salariés,90
2022.03.31,Capellen,Habscht,Hommes,Salariés,1030
2022.03.31,Capellen,Habscht,Hommes,Non-salariés,160
2022.03.31,Capellen,Käerjeng,Femmes,Salariés,2020
2022.03.31,Capellen,Käerjeng,Femmes,Non-salariés,130
2022.03.31,Capellen,Käerjeng,Hommes,Salariés,2180
2022.03.31,Capellen,Käerjeng,Hommes,Non-salariés,200
2022.03.31,Capellen,Kehlen,Femmes,Salariés,990
2022.03.31,Capellen,Kehlen,Femmes,Non-salariés,130
2022.03.31,Capellen,Kehlen,Hommes,Salariés,1060
2022.03.31,Capellen,Kehlen,Hommes,Non-salariés,190
2022.03.31,Capellen,Koerich,Femmes,Salariés,440
2022.03.31,Capellen,Koerich,Femmes,Non-salariés,40
2022.03.31,Capellen,Koerich,Hommes,Salariés,510
2022.03.31,Capellen,Koerich,Hommes,Non-salariés,70
2022.03.31,Capellen,Kopstal,Femmes,Salariés,660
2022.03.31,Capellen,Kopstal,Femmes,Non-salariés,110
2022.03.31,Capellen,Kopstal,Hommes,Salariés,700
2022.03.31,Capellen,Kopstal,Hommes,Non-salariés,150
2022.03.31,Capellen,Mamer,Femmes,Salariés,1550
2022.03.31,Capellen,Mamer,Femmes,Non-salariés,170
2022.03.31,Capellen,Mamer,Hommes,Salariés,1700
2022.03.31,Capellen,Mamer,Hommes,Non-salariés,280
2022.03.31,Capellen,Steinfort,Femmes,Salariés,1040
2022.03.31,Capellen,Steinfort,Femmes,Non-salariés,100
2022.03.31,Capellen,Steinfort,Hommes,Salariés,1110
2022.03.31,Capellen,Steinfort,Hommes,Non-salariés,130
2022.03.31,Clervaux,Clervaux,Femmes,Salariés,1040
2022.03.31,Clervaux,Clervaux,Femmes,Non-salariés,100
2022.03.31,Clervaux,Clervaux,Hommes,Salariés,1210
2022.03.31,Clervaux,Clervaux,Hommes,Non-salariés,160
2022.03.31,Clervaux,Parc Hosingen,Femmes,Salariés,770
2022.03.31,Clervaux,Parc Hosingen,Femmes,Non-salariés,50
2022.03.31,Clervaux,Parc Hosingen,Hommes,Salariés,850
2022.03.31,Clervaux,Parc Hosingen,Hommes,Non-salariés,100
2022.03.31,Clervaux,Troisvierges,Femmes,Salariés,610
2022.03.31,Clervaux,Troisvierges,Femmes,Non-salariés,50
2022.03.31,Clervaux,Troisvierges,Hommes,Salariés,770
2022.03.31,Clervaux,Troisvierges,Hommes,Non-salariés,100
2022.03.31,Clervaux,Weiswampach,Femmes,Salariés,400
2022.03.31,Clervaux,Weiswampach,Femmes,Non-salariés,40
2022.03.31,Clervaux,Weiswampach,Hommes,Salariés,520
2022.03.31,Clervaux,Weiswampach,Hommes,Non-salariés,90
2022.03.31,Clervaux,Wincrange,Femmes,Salariés,820
2022.03.31,Clervaux,Wincrange,Femmes,Non-salariés,100
2022.03.31,Clervaux,Wincrange,Hommes,Salariés,960
2022.03.31,Clervaux,Wincrange,Hommes,Non-salariés,200
2022.03.31,Diekirch,Bettendorf,Femmes,Salariés,580
2022.03.31,Diekirch,Bettendorf,Femmes,Non-salariés,40
2022.03.31,Diekirch,Bettendorf,Hommes,Salariés,670
2022.03.31,Diekirch,Bettendorf,Hommes,Non-salariés,50
2022.03.31,Diekirch,Bourscheid,Femmes,Salariés,320
2022.03.31,Diekirch,Bourscheid,Femmes,Non-salariés,20
2022.03.31,Diekirch,Bourscheid,Hommes,Salariés,370
2022.03.31,Diekirch,Bourscheid,Hommes,Non-salariés,50
2022.03.31,Diekirch,Diekirch,Femmes,Salariés,1330
2022.03.31,Diekirch,Diekirch,Femmes,Non-salariés,80
2022.03.31,Diekirch,Diekirch,Hommes,Salariés,1570
2022.03.31,Diekirch,Diekirch,Hommes,Non-salariés,130
2022.03.31,Diekirch,Erpeldange-sur-Sûre,Femmes,Salariés,450
2022.03.31,Diekirch,Erpeldange-sur-Sûre,Femmes,Non-salariés,40
2022.03.31,Diekirch,Erpeldange-sur-Sûre,Hommes,Salariés,510
2022.03.31,Diekirch,Erpeldange-sur-Sûre,Hommes,Non-salariés,50
2022.03.31,Diekirch,Ettelbruck,Femmes,Salariés,1750
2022.03.31,Diekirch,Ettelbruck,Femmes,Non-salariés,110
2022.03.31,Diekirch,Ettelbruck,Hommes,Salariés,1990
2022.03.31,Diekirch,Ettelbruck,Hommes,Non-salariés,140
2022.03.31,Diekirch,Feulen,Femmes,Salariés,470
2022.03.31,Diekirch,Feulen,Femmes,Non-salariés,20
2022.03.31,Diekirch,Feulen,Hommes,Salariés,530
2022.03.31,Diekirch,Feulen,Hommes,Non-salariés,40
2022.03.31,Diekirch,Mertzig,Femmes,Salariés,470
2022.03.31,Diekirch,Mertzig,Femmes,Non-salariés,30
2022.03.31,Diekirch,Mertzig,Hommes,Salariés,510
2022.03.31,Diekirch,Mertzig,Hommes,Non-salariés,30
2022.03.31,Diekirch,Reisdorf,Femmes,Salariés,260
2022.03.31,Diekirch,Reisdorf,Femmes,Non-salariés,20
2022.03.31,Diekirch,Reisdorf,Hommes,Salariés,300
2022.03.31,Diekirch,Reisdorf,Hommes,Non-salariés,20
2022.03.31,Diekirch,Schieren,Femmes,Salariés,440
2022.03.31,Diekirch,Schieren,Femmes,Non-salariés,20
2022.03.31,Diekirch,Schieren,Hommes,Salariés,490
2022.03.31,Diekirch,Schieren,Hommes,Non-salariés,30
2022.03.31,Diekirch,Vallée de l'Ernz,Femmes,Salariés,530
2022.03.31,Diekirch,Vallée de l'Ernz,Femmes,Non-salariés,60
2022.03.31,Diekirch,Vallée de l'Ernz,Hommes,Salariés,620
2022.03.31,Diekirch,Vallée de l'Ernz,Hommes,Non-salariés,70
2022.03.31,Echternach,Beaufort,Femmes,Salariés,550
2022.03.31,Echternach,Beaufort,Femmes,Non-salariés,30
2022.03.31,Echternach,Beaufort,Hommes,Salariés,640
2022.03.31,Echternach,Beaufort,Hommes,Non-salariés,50
2022.03.31,Echternach,Bech,Femmes,Salariés,230
2022.03.31,Echternach,Bech,Femmes,Non-salariés,20
2022.03.31,Echternach,Bech,Hommes,Salariés,270
2022.03.31,Echternach,Bech,Hommes,Non-salariés,40
2022.03.31,Echternach,Berdorf,Femmes,Salariés,360
2022.03.31,Echternach,Berdorf,Femmes,Non-salariés,40
2022.03.31,Echternach,Berdorf,Hommes,Salariés,400
2022.03.31,Echternach,Berdorf,Hommes,Non-salariés,40
2022.03.31,Echternach,Consdorf,Femmes,Salariés,380
2022.03.31,Echternach,Consdorf,Femmes,Non-salariés,30
2022.03.31,Echternach,Consdorf,Hommes,Salariés,420
2022.03.31,Echternach,Consdorf,Hommes,Non-salariés,70
2022.03.31,Echternach,Echternach,Femmes,Salariés,1030
2022.03.31,Echternach,Echternach,Femmes,Non-salariés,70
2022.03.31,Echternach,Echternach,Hommes,Salariés,1150
2022.03.31,Echternach,Echternach,Hommes,Non-salariés,120
2022.03.31,Echternach,Rosport-Mompach,Femmes,Salariés,660
2022.03.31,Echternach,Rosport-Mompach,Femmes,Non-salariés,60
2022.03.31,Echternach,Rosport-Mompach,Hommes,Salariés,750
2022.03.31,Echternach,Rosport-Mompach,Hommes,Non-salariés,120
2022.03.31,Echternach,Waldbillig,Femmes,Salariés,380
2022.03.31,Echternach,Waldbillig,Femmes,Non-salariés,30
2022.03.31,Echternach,Waldbillig,Hommes,Salariés,430
2022.03.31,Echternach,Waldbillig,Hommes,Non-salariés,50
2022.03.31,Esch-Sur-Alzette,Bettembourg,Femmes,Salariés,2100
2022.03.31,Esch-Sur-Alzette,Bettembourg,Femmes,Non-salariés,160
2022.03.31,Esch-Sur-Alzette,Bettembourg,Hommes,Salariés,2390
2022.03.31,Esch-Sur-Alzette,Bettembourg,Hommes,Non-salariés,200
2022.03.31,Esch-Sur-Alzette,Differdange,Femmes,Salariés,5730
2022.03.31,Esch-Sur-Alzette,Differdange,Femmes,Non-salariés,220
2022.03.31,Esch-Sur-Alzette,Differdange,Hommes,Salariés,6860
2022.03.31,Esch-Sur-Alzette,Differdange,Hommes,Non-salariés,260
2022.03.31,Esch-Sur-Alzette,Dudelange,Femmes,Salariés,4110
2022.03.31,Esch-Sur-Alzette,Dudelange,Femmes,Non-salariés,230
2022.03.31,Esch-Sur-Alzette,Dudelange,Hommes,Salariés,4730
2022.03.31,Esch-Sur-Alzette,Dudelange,Hommes,Non-salariés,330
2022.03.31,Esch-Sur-Alzette,Esch-sur-Alzette,Femmes,Salariés,6700
2022.03.31,Esch-Sur-Alzette,Esch-sur-Alzette,Femmes,Non-salariés,300
2022.03.31,Esch-Sur-Alzette,Esch-sur-Alzette,Hommes,Salariés,8220
2022.03.31,Esch-Sur-Alzette,Esch-sur-Alzette,Hommes,Non-salariés,430
2022.03.31,Esch-Sur-Alzette,Frisange,Femmes,Salariés,930
2022.03.31,Esch-Sur-Alzette,Frisange,Femmes,Non-salariés,60
2022.03.31,Esch-Sur-Alzette,Frisange,Hommes,Salariés,1030
2022.03.31,Esch-Sur-Alzette,Frisange,Hommes,Non-salariés,120
2022.03.31,Esch-Sur-Alzette,Kayl,Femmes,Salariés,1910
2022.03.31,Esch-Sur-Alzette,Kayl,Femmes,Non-salariés,90
2022.03.31,Esch-Sur-Alzette,Kayl,Hommes,Salariés,2180
2022.03.31,Esch-Sur-Alzette,Kayl,Hommes,Non-salariés,120
2022.03.31,Esch-Sur-Alzette,Leudelange,Femmes,Salariés,500
2022.03.31,Esch-Sur-Alzette,Leudelange,Femmes,Non-salariés,60
2022.03.31,Esch-Sur-Alzette,Leudelange,Hommes,Salariés,530
2022.03.31,Esch-Sur-Alzette,Leudelange,Hommes,Non-salariés,100
2022.03.31,Esch-Sur-Alzette,Mondercange,Femmes,Salariés,1260
2022.03.31,Esch-Sur-Alzette,Mondercange,Femmes,Non-salariés,100
2022.03.31,Esch-Sur-Alzette,Mondercange,Hommes,Salariés,1400
2022.03.31,Esch-Sur-Alzette,Mondercange,Hommes,Non-salariés,180
2022.03.31,Esch-Sur-Alzette,Pétange,Femmes,Salariés,3920
2022.03.31,Esch-Sur-Alzette,Pétange,Femmes,Non-salariés,190
2022.03.31,Esch-Sur-Alzette,Pétange,Hommes,Salariés,4660
2022.03.31,Esch-Sur-Alzette,Pétange,Hommes,Non-salariés,210
2022.03.31,Esch-Sur-Alzette,Reckange-sur-Mess,Femmes,Salariés,500
2022.03.31,Esch-Sur-Alzette,Reckange-sur-Mess,Femmes,Non-salariés,60
2022.03.31,Esch-Sur-Alzette,Reckange-sur-Mess,Hommes,Salariés,560
2022.03.31,Esch-Sur-Alzette,Reckange-sur-Mess,Hommes,Non-salariés,90
2022.03.31,Esch-Sur-Alzette,Roeser,Femmes,Salariés,1310
2022.03.31,Esch-Sur-Alzette,Roeser,Femmes,Non-salariés,100
2022.03.31,Esch-Sur-Alzette,Roeser,Hommes,Salariés,1420
2022.03.31,Esch-Sur-Alzette,Roeser,Hommes,Non-salariés,170
2022.03.31,Esch-Sur-Alzette,Rumelange,Femmes,Salariés,1030
2022.03.31,Esch-Sur-Alzette,Rumelange,Femmes,Non-salariés,60
2022.03.31,Esch-Sur-Alzette,Rumelange,Hommes,Salariés,1210
2022.03.31,Esch-Sur-Alzette,Rumelange,Hommes,Non-salariés,70
2022.03.31,Esch-Sur-Alzette,Sanem,Femmes,Salariés,3480
2022.03.31,Esch-Sur-Alzette,Sanem,Femmes,Non-salariés,190
2022.03.31,Esch-Sur-Alzette,Sanem,Hommes,Salariés,3880
2022.03.31,Esch-Sur-Alzette,Sanem,Hommes,Non-salariés,260
2022.03.31,Esch-Sur-Alzette,Schifflange,Femmes,Salariés,2260
2022.03.31,Esch-Sur-Alzette,Schifflange,Femmes,Non-salariés,110
2022.03.31,Esch-Sur-Alzette,Schifflange,Hommes,Salariés,2520
2022.03.31,Esch-Sur-Alzette,Schifflange,Hommes,Non-salariés,130
2022.03.31,Grevenmacher,Betzdorf,Femmes,Salariés,680
2022.03.31,Grevenmacher,Betzdorf,Femmes,Non-salariés,60
2022.03.31,Grevenmacher,Betzdorf,Hommes,Salariés,800
2022.03.31,Grevenmacher,Betzdorf,Hommes,Non-salariés,100
2022.03.31,Grevenmacher,Biwer,Femmes,Salariés,310
2022.03.31,Grevenmacher,Biwer,Femmes,Non-salariés,30
2022.03.31,Grevenmacher,Biwer,Hommes,Salariés,400
2022.03.31,Grevenmacher,Biwer,Hommes,Non-salariés,40
2022.03.31,Grevenmacher,Flaxweiler,Femmes,Salariés,390
2022.03.31,Grevenmacher,Flaxweiler,Femmes,Non-salariés,40
2022.03.31,Grevenmacher,Flaxweiler,Hommes,Salariés,460
2022.03.31,Grevenmacher,Flaxweiler,Hommes,Non-salariés,70
2022.03.31,Grevenmacher,Grevenmacher,Femmes,Salariés,940
2022.03.31,Grevenmacher,Grevenmacher,Femmes,Non-salariés,60
2022.03.31,Grevenmacher,Grevenmacher,Hommes,Salariés,1010
2022.03.31,Grevenmacher,Grevenmacher,Hommes,Non-salariés,100
2022.03.31,Grevenmacher,Junglinster,Femmes,Salariés,1370
2022.03.31,Grevenmacher,Junglinster,Femmes,Non-salariés,150
2022.03.31,Grevenmacher,Junglinster,Hommes,Salariés,1520
2022.03.31,Grevenmacher,Junglinster,Hommes,Non-salariés,220
2022.03.31,Grevenmacher,Manternach,Femmes,Salariés,420
2022.03.31,Grevenmacher,Manternach,Femmes,Non-salariés,20
2022.03.31,Grevenmacher,Manternach,Hommes,Salariés,430
2022.03.31,Grevenmacher,Manternach,Hommes,Non-salariés,60
2022.03.31,Grevenmacher,Mertert,Femmes,Salariés,910
2022.03.31,Grevenmacher,Mertert,Femmes,Non-salariés,60
2022.03.31,Grevenmacher,Mertert,Hommes,Salariés,990
2022.03.31,Grevenmacher,Mertert,Hommes,Non-salariés,90
2022.03.31,Grevenmacher,Wormeldange,Femmes,Salariés,550
2022.03.31,Grevenmacher,Wormeldange,Femmes,Non-salariés,50
2022.03.31,Grevenmacher,Wormeldange,Hommes,Salariés,650
2022.03.31,Grevenmacher,Wormeldange,Hommes,Non-salariés,110
2022.03.31,Luxembourg-Campagne,Bertrange,Femmes,Salariés,1370
2022.03.31,Luxembourg-Campagne,Bertrange,Femmes,Non-salariés,140
2022.03.31,Luxembourg-Campagne,Bertrange,Hommes,Salariés,1560
2022.03.31,Luxembourg-Campagne,Bertrange,Hommes,Non-salariés,240
2022.03.31,Luxembourg-Campagne,Contern,Femmes,Salariés,720
2022.03.31,Luxembourg-Campagne,Contern,Femmes,Non-salariés,60
2022.03.31,Luxembourg-Campagne,Contern,Hommes,Salariés,800
2022.03.31,Luxembourg-Campagne,Contern,Hommes,Non-salariés,110
2022.03.31,Luxembourg-Campagne,Hesperange,Femmes,Salariés,2890
2022.03.31,Luxembourg-Campagne,Hesperange,Femmes,Non-salariés,270
2022.03.31,Luxembourg-Campagne,Hesperange,Hommes,Salariés,3260
2022.03.31,Luxembourg-Campagne,Hesperange,Hommes,Non-salariés,360
2022.03.31,Luxembourg-Campagne,Niederanven,Femmes,Salariés,820
2022.03.31,Luxembourg-Campagne,Niederanven,Femmes,Non-salariés,160
2022.03.31,Luxembourg-Campagne,Niederanven,Hommes,Salariés,960
2022.03.31,Luxembourg-Campagne,Niederanven,Hommes,Non-salariés,210
2022.03.31,Luxembourg-Campagne,Sandweiler,Femmes,Salariés,630
2022.03.31,Luxembourg-Campagne,Sandweiler,Femmes,Non-salariés,40
2022.03.31,Luxembourg-Campagne,Sandweiler,Hommes,Salariés,670
2022.03.31,Luxembourg-Campagne,Sandweiler,Hommes,Non-salariés,100
2022.03.31,Luxembourg-Campagne,Schuttrange,Femmes,Salariés,660
2022.03.31,Luxembourg-Campagne,Schuttrange,Femmes,Non-salariés,70
2022.03.31,Luxembourg-Campagne,Schuttrange,Hommes,Salariés,730
2022.03.31,Luxembourg-Campagne,Schuttrange,Hommes,Non-salariés,130
2022.03.31,Luxembourg-Campagne,Steinsel,Femmes,Salariés,900
2022.03.31,Luxembourg-Campagne,Steinsel,Femmes,Non-salariés,70
2022.03.31,Luxembourg-Campagne,Steinsel,Hommes,Salariés,960
2022.03.31,Luxembourg-Campagne,Steinsel,Hommes,Non-salariés,140
2022.03.31,Luxembourg-Campagne,Strassen,Femmes,Salariés,1770
2022.03.31,Luxembourg-Campagne,Strassen,Femmes,Non-salariés,190
2022.03.31,Luxembourg-Campagne,Strassen,Hommes,Salariés,2010
2022.03.31,Luxembourg-Campagne,Strassen,Hommes,Non-salariés,290
2022.03.31,Luxembourg-Campagne,Walferdange,Femmes,Salariés,1430
2022.03.31,Luxembourg-Campagne,Walferdange,Femmes,Non-salariés,140
2022.03.31,Luxembourg-Campagne,Walferdange,Hommes,Salariés,1580
2022.03.31,Luxembourg-Campagne,Walferdange,Hommes,Non-salariés,210
2022.03.31,Luxembourg-Campagne,Weiler-la-Tour,Femmes,Salariés,460
2022.03.31,Luxembourg-Campagne,Weiler-la-Tour,Femmes,Non-salariés,40
2022.03.31,Luxembourg-Campagne,Weiler-la-Tour,Hommes,Salariés,500
2022.03.31,Luxembourg-Campagne,Weiler-la-Tour,Hommes,Non-salariés,60
2022.03.31,Luxembourg-Ville,Luxembourg,Femmes,Salariés,21130
2022.03.31,Luxembourg-Ville,Luxembourg,Femmes,Non-salariés,1940
2022.03.31,Luxembourg-Ville,Luxembourg,Hommes,Salariés,26770
2022.03.31,Luxembourg-Ville,Luxembourg,Hommes,Non-salariés,2870
2022.03.31,Mersch,Bissen,Femmes,Salariés,680
2022.03.31,Mersch,Bissen,Femmes,Non-salariés,30
2022.03.31,Mersch,Bissen,Hommes,Salariés,760
2022.03.31,Mersch,Bissen,Hommes,Non-salariés,60
2022.03.31,Mersch,Colmar-Berg,Femmes,Salariés,490
2022.03.31,Mersch,Colmar-Berg,Femmes,Non-salariés,20
2022.03.31,Mersch,Colmar-Berg,Hommes,Salariés,530
2022.03.31,Mersch,Colmar-Berg,Hommes,Non-salariés,40
2022.03.31,Mersch,Fischbach,Femmes,Salariés,250
2022.03.31,Mersch,Fischbach,Femmes,Non-salariés,20
2022.03.31,Mersch,Fischbach,Hommes,Salariés,300
2022.03.31,Mersch,Fischbach,Hommes,Non-salariés,40
2022.03.31,Mersch,Heffingen,Femmes,Salariés,300
2022.03.31,Mersch,Heffingen,Femmes,Non-salariés,40
2022.03.31,Mersch,Heffingen,Hommes,Salariés,320
2022.03.31,Mersch,Heffingen,Hommes,Non-salariés,40
2022.03.31,Mersch,Helperknapp,Femmes,Salariés,940
2022.03.31,Mersch,Helperknapp,Femmes,Non-salariés,70
2022.03.31,Mersch,Helperknapp,Hommes,Salariés,1030
2022.03.31,Mersch,Helperknapp,Hommes,Non-salariés,120
2022.03.31,Mersch,Larochette,Femmes,Salariés,430
2022.03.31,Mersch,Larochette,Femmes,Non-salariés,30
2022.03.31,Mersch,Larochette,Hommes,Salariés,520
2022.03.31,Mersch,Larochette,Hommes,Non-salariés,30
2022.03.31,Mersch,Lintgen,Femmes,Salariés,690
2022.03.31,Mersch,Lintgen,Femmes,Non-salariés,50
2022.03.31,Mersch,Lintgen,Hommes,Salariés,800
2022.03.31,Mersch,Lintgen,Hommes,Non-salariés,60
2022.03.31,Mersch,Lorentzweiler,Femmes,Salariés,770
2022.03.31,Mersch,Lorentzweiler,Femmes,Non-salariés,60
2022.03.31,Mersch,Lorentzweiler,Hommes,Salariés,840
2022.03.31,Mersch,Lorentzweiler,Hommes,Non-salariés,110
2022.03.31,Mersch,Mersch,Femmes,Salariés,1870
2022.03.31,Mersch,Mersch,Femmes,Non-salariés,120
2022.03.31,Mersch,Mersch,Hommes,Salariés,2180
2022.03.31,Mersch,Mersch,Hommes,Non-salariés,190
2022.03.31,Mersch,Nommern,Femmes,Salariés,280
2022.03.31,Mersch,Nommern,Femmes,Non-salariés,30
2022.03.31,Mersch,Nommern,Hommes,Salariés,300
2022.03.31,Mersch,Nommern,Hommes,Non-salariés,50
2022.03.31,Non déterminé,Non déterminé,Femmes,Salariés,60
2022.03.31,Non déterminé,Non déterminé,Femmes,Non-salariés,10
2022.03.31,Non déterminé,Non déterminé,Hommes,Salariés,80
2022.03.31,Non déterminé,Non déterminé,Hommes,Non-salariés,10
2022.03.31,Redange,Beckerich,Femmes,Salariés,510
2022.03.31,Redange,Beckerich,Femmes,Non-salariés,40
2022.03.31,Redange,Beckerich,Hommes,Salariés,610
2022.03.31,Redange,Beckerich,Hommes,Non-salariés,70
2022.03.31,Redange,Ell,Femmes,Salariés,320
2022.03.31,Redange,Ell,Femmes,Non-salariés,30
2022.03.31,Redange,Ell,Hommes,Salariés,350
2022.03.31,Redange,Ell,Hommes,Non-salariés,50
2022.03.31,Redange,Groussbus-Wal,Femmes,Salariés,440
2022.03.31,Redange,Groussbus-Wal,Femmes,Non-salariés,40
2022.03.31,Redange,Groussbus-Wal,Hommes,Salariés,470
2022.03.31,Redange,Groussbus-Wal,Hommes,Non-salariés,50
2022.03.31,Redange,Préizerdaul,Femmes,Salariés,360
2022.03.31,Redange,Préizerdaul,Femmes,Non-salariés,20
2022.03.31,Redange,Préizerdaul,Hommes,Salariés,370
2022.03.31,Redange,Préizerdaul,Hommes,Non-salariés,40
2022.03.31,Redange,Rambrouch,Femmes,Salariés,800
2022.03.31,Redange,Rambrouch,Femmes,Non-salariés,90
2022.03.31,Redange,Rambrouch,Hommes,Salariés,1000
2022.03.31,Redange,Rambrouch,Hommes,Non-salariés,160
2022.03.31,Redange,Redange/Attert,Femmes,Salariés,560
2022.03.31,Redange,Redange/Attert,Femmes,Non-salariés,50
2022.03.31,Redange,Redange/Attert,Hommes,Salariés,600
2022.03.31,Redange,Redange/Attert,Hommes,Non-salariés,100
2022.03.31,Redange,Saeul,Femmes,Salariés,200
2022.03.31,Redange,Saeul,Femmes,Non-salariés,10
2022.03.31,Redange,Saeul,Hommes,Salariés,220
2022.03.31,Redange,Saeul,Hommes,Non-salariés,40
2022.03.31,Redange,Useldange,Femmes,Salariés,390
2022.03.31,Redange,Useldange,Femmes,Non-salariés,30
2022.03.31,Redange,Useldange,Hommes,Salariés,440
2022.03.31,Redange,Useldange,Hommes,Non-salariés,50
2022.03.31,Redange,Vichten,Femmes,Salariés,290
2022.03.31,Redange,Vichten,Femmes,Non-salariés,20
2022.03.31,Redange,Vichten,Hommes,Salariés,350
2022.03.31,Redange,Vichten,Hommes,Non-salariés,30
2022.03.31,Remich,Bous-Waldbredimus,Femmes,Salariés,580
2022.03.31,Remich,Bous-Waldbredimus,Femmes,Non-salariés,40
2022.03.31,Remich,Bous-Waldbredimus,Hommes,Salariés,640
2022.03.31,Remich,Bous-Waldbredimus,Hommes,Non-salariés,80
2022.03.31,Remich,Dalheim,Femmes,Salariés,450
2022.03.31,Remich,Dalheim,Femmes,Non-salariés,40
2022.03.31,Remich,Dalheim,Hommes,Salariés,490
2022.03.31,Remich,Dalheim,Hommes,Non-salariés,60
2022.03.31,Remich,Lenningen,Femmes,Salariés,370
2022.03.31,Remich,Lenningen,Femmes,Non-salariés,40
2022.03.31,Remich,Lenningen,Hommes,Salariés,410
2022.03.31,Remich,Lenningen,Hommes,Non-salariés,50
2022.03.31,Remich,Mondorf-les-Bains,Femmes,Salariés,920
2022.03.31,Remich,Mondorf-les-Bains,Femmes,Non-salariés,80
2022.03.31,Remich,Mondorf-les-Bains,Hommes,Salariés,1020
2022.03.31,Remich,Mondorf-les-Bains,Hommes,Non-salariés,130
2022.03.31,Remich,Remich,Femmes,Salariés,630
2022.03.31,Remich,Remich,Femmes,Non-salariés,60
2022.03.31,Remich,Remich,Hommes,Salariés,730
2022.03.31,Remich,Remich,Hommes,Non-salariés,100
2022.03.31,Remich,Schengen,Femmes,Salariés,980
2022.03.31,Remich,Schengen,Femmes,Non-salariés,90
2022.03.31,Remich,Schengen,Hommes,Salariés,1030
2022.03.31,Remich,Schengen,Hommes,Non-salariés,160
2022.03.31,Remich,Stadtbredimus,Femmes,Salariés,390
2022.03.31,Remich,Stadtbredimus,Femmes,Non-salariés,40
2022.03.31,Remich,Stadtbredimus,Hommes,Salariés,440
2022.03.31,Remich,Stadtbredimus,Hommes,Non-salariés,50
2022.03.31,Vianden,Putscheid,Femmes,Salariés,220
2022.03.31,Vianden,Putscheid,Femmes,Non-salariés,20
2022.03.31,Vianden,Putscheid,Hommes,Salariés,230
2022.03.31,Vianden,Putscheid,Hommes,Non-salariés,30
2022.03.31,Vianden,Tandel,Femmes,Salariés,440
2022.03.31,Vianden,Tandel,Femmes,Non-salariés,30
2022.03.31,Vianden,Tandel,Hommes,Salariés,490
2022.03.31,Vianden,Tandel,Hommes,Non-salariés,60
2022.03.31,Vianden,Vianden,Femmes,Salariés,380
2022.03.31,Vianden,Vianden,Femmes,Non-salariés,30
2022.03.31,Vianden,Vianden,Hommes,Salariés,460
2022.03.31,Vianden,Vianden,Hommes,Non-salariés,40
2022.03.31,Wiltz,Boulaide,Femmes,Salariés,270
2022.03.31,Wiltz,Boulaide,Femmes,Non-salariés,20
2022.03.31,Wiltz,Boulaide,Hommes,Salariés,280
2022.03.31,Wiltz,Boulaide,Hommes,Non-salariés,40
2022.03.31,Wiltz,Esch-sur-Sûre,Femmes,Salariés,590
2022.03.31,Wiltz,Esch-sur-Sûre,Femmes,Non-salariés,40
2022.03.31,Wiltz,Esch-sur-Sûre,Hommes,Salariés,670
2022.03.31,Wiltz,Esch-sur-Sûre,Hommes,Non-salariés,90
2022.03.31,Wiltz,Goesdorf,Femmes,Salariés,300
2022.03.31,Wiltz,Goesdorf,Femmes,Non-salariés,40
2022.03.31,Wiltz,Goesdorf,Hommes,Salariés,380
2022.03.31,Wiltz,Goesdorf,Hommes,Non-salariés,40
2022.03.31,Wiltz,Kiischpelt,Femmes,Salariés,220
2022.03.31,Wiltz,Kiischpelt,Femmes,Non-salariés,30
2022.03.31,Wiltz,Kiischpelt,Hommes,Salariés,270
2022.03.31,Wiltz,Kiischpelt,Hommes,Non-salariés,30
2022.03.31,Wiltz,Lac de la Haute-Sûre,Femmes,Salariés,390
2022.03.31,Wiltz,Lac de la Haute-Sûre,Femmes,Non-salariés,40
2022.03.31,Wiltz,Lac de la Haute-Sûre,Hommes,Salariés,450
2022.03.31,Wiltz,Lac de la Haute-Sûre,Hommes,Non-salariés,60
2022.03.31,Wiltz,Wiltz,Femmes,Salariés,1300
2022.03.31,Wiltz,Wiltz,Femmes,Non-salariés,70
2022.03.31,Wiltz,Wiltz,Hommes,Salariés,1600
2022.03.31,Wiltz,Wiltz,Hommes,Non-salariés,140
2022.03.31,Wiltz,Winseler,Femmes,Salariés,250
2022.03.31,Wiltz,Winseler,Femmes,Non-salariés,20
2022.03.31,Wiltz,Winseler,Hommes,Salariés,270
2022.03.31,Wiltz,Winseler,Hommes,Non-salariés,70
2022.09.30,Capellen,Dippach,Femmes,Salariés,840
2022.09.30,Capellen,Dippach,Femmes,Non-salariés,70
2022.09.30,Capellen,Dippach,Hommes,Salariés,930
2022.09.30,Capellen,Dippach,Hommes,Non-salariés,110
2022.09.30,Capellen,Garnich,Femmes,Salariés,390
2022.09.30,Capellen,Garnich,Femmes,Non-salariés,50
2022.09.30,Capellen,Garnich,Hommes,Salariés,460
2022.09.30,Capellen,Garnich,Hommes,Non-salariés,70
2022.09.30,Capellen,Habscht,Femmes,Salariés,930
2022.09.30,Capellen,Habscht,Femmes,Non-salariés,90
2022.09.30,Capellen,Habscht,Hommes,Salariés,1040
2022.09.30,Capellen,Habscht,Hommes,Non-salariés,150
2022.09.30,Capellen,Käerjeng,Femmes,Salariés,2000
2022.09.30,Capellen,Käerjeng,Femmes,Non-salariés,130
2022.09.30,Capellen,Käerjeng,Hommes,Salariés,2170
2022.09.30,Capellen,Käerjeng,Hommes,Non-salariés,200
2022.09.30,Capellen,Kehlen,Femmes,Salariés,1020
2022.09.30,Capellen,Kehlen,Femmes,Non-salariés,130
2022.09.30,Capellen,Kehlen,Hommes,Salariés,1040
2022.09.30,Capellen,Kehlen,Hommes,Non-salariés,200
2022.09.30,Capellen,Koerich,Femmes,Salariés,450
2022.09.30,Capellen,Koerich,Femmes,Non-salariés,40
2022.09.30,Capellen,Koerich,Hommes,Salariés,520
2022.09.30,Capellen,Koerich,Hommes,Non-salariés,70
2022.09.30,Capellen,Kopstal,Femmes,Salariés,650
2022.09.30,Capellen,Kopstal,Femmes,Non-salariés,110
2022.09.30,Capellen,Kopstal,Hommes,Salariés,700
2022.09.30,Capellen,Kopstal,Hommes,Non-salariés,150
2022.09.30,Capellen,Mamer,Femmes,Salariés,1550
2022.09.30,Capellen,Mamer,Femmes,Non-salariés,170
2022.09.30,Capellen,Mamer,Hommes,Salariés,1710
2022.09.30,Capellen,Mamer,Hommes,Non-salariés,280
2022.09.30,Capellen,Steinfort,Femmes,Salariés,1060
2022.09.30,Capellen,Steinfort,Femmes,Non-salariés,100
2022.09.30,Capellen,Steinfort,Hommes,Salariés,1140
2022.09.30,Capellen,Steinfort,Hommes,Non-salariés,130
2022.09.30,Clervaux,Clervaux,Femmes,Salariés,1070
2022.09.30,Clervaux,Clervaux,Femmes,Non-salariés,100
2022.09.30,Clervaux,Clervaux,Hommes,Salariés,1230
2022.09.30,Clervaux,Clervaux,Hommes,Non-salariés,150
2022.09.30,Clervaux,Parc Hosingen,Femmes,Salariés,810
2022.09.30,Clervaux,Parc Hosingen,Femmes,Non-salariés,50
2022.09.30,Clervaux,Parc Hosingen,Hommes,Salariés,880
2022.09.30,Clervaux,Parc Hosingen,Hommes,Non-salariés,100
2022.09.30,Clervaux,Troisvierges,Femmes,Salariés,620
2022.09.30,Clervaux,Troisvierges,Femmes,Non-salariés,50
2022.09.30,Clervaux,Troisvierges,Hommes,Salariés,780
2022.09.30,Clervaux,Troisvierges,Hommes,Non-salariés,100
2022.09.30,Clervaux,Weiswampach,Femmes,Salariés,400
2022.09.30,Clervaux,Weiswampach,Femmes,Non-salariés,40
2022.09.30,Clervaux,Weiswampach,Hommes,Salariés,520
2022.09.30,Clervaux,Weiswampach,Hommes,Non-salariés,90
2022.09.30,Clervaux,Wincrange,Femmes,Salariés,840
2022.09.30,Clervaux,Wincrange,Femmes,Non-salariés,100
2022.09.30,Clervaux,Wincrange,Hommes,Salariés,960
2022.09.30,Clervaux,Wincrange,Hommes,Non-salariés,210
2022.09.30,Diekirch,Bettendorf,Femmes,Salariés,600
2022.09.30,Diekirch,Bettendorf,Femmes,Non-salariés,30
2022.09.30,Diekirch,Bettendorf,Hommes,Salariés,660
2022.09.30,Diekirch,Bettendorf,Hommes,Non-salariés,50
2022.09.30,Diekirch,Bourscheid,Femmes,Salariés,330
2022.09.30,Diekirch,Bourscheid,Femmes,Non-salariés,20
2022.09.30,Diekirch,Bourscheid,Hommes,Salariés,370
2022.09.30,Diekirch,Bourscheid,Hommes,Non-salariés,50
2022.09.30,Diekirch,Diekirch,Femmes,Salariés,1340
2022.09.30,Diekirch,Diekirch,Femmes,Non-salariés,80
2022.09.30,Diekirch,Diekirch,Hommes,Salariés,1560
2022.09.30,Diekirch,Diekirch,Hommes,Non-salariés,120
2022.09.30,Diekirch,Erpeldange-sur-Sûre,Femmes,Salariés,460
2022.09.30,Diekirch,Erpeldange-sur-Sûre,Femmes,Non-salariés,40
2022.09.30,Diekirch,Erpeldange-sur-Sûre,Hommes,Salariés,510
2022.09.30,Diekirch,Erpeldange-sur-Sûre,Hommes,Non-salariés,60
2022.09.30,Diekirch,Ettelbruck,Femmes,Salariés,1780
2022.09.30,Diekirch,Ettelbruck,Femmes,Non-salariés,110
2022.09.30,Diekirch,Ettelbruck,Hommes,Salariés,2030
2022.09.30,Diekirch,Ettelbruck,Hommes,Non-salariés,140
2022.09.30,Diekirch,Feulen,Femmes,Salariés,480
2022.09.30,Diekirch,Feulen,Femmes,Non-salariés,30
2022.09.30,Diekirch,Feulen,Hommes,Salariés,540
2022.09.30,Diekirch,Feulen,Hommes,Non-salariés,40
2022.09.30,Diekirch,Mertzig,Femmes,Salariés,490
2022.09.30,Diekirch,Mertzig,Femmes,Non-salariés,30
2022.09.30,Diekirch,Mertzig,Hommes,Salariés,500
2022.09.30,Diekirch,Mertzig,Hommes,Non-salariés,30
2022.09.30,Diekirch,Reisdorf,Femmes,Salariés,250
2022.09.30,Diekirch,Reisdorf,Femmes,Non-salariés,20
2022.09.30,Diekirch,Reisdorf,Hommes,Salariés,310
2022.09.30,Diekirch,Reisdorf,Hommes,Non-salariés,20
2022.09.30,Diekirch,Schieren,Femmes,Salariés,460
2022.09.30,Diekirch,Schieren,Femmes,Non-salariés,20
2022.09.30,Diekirch,Schieren,Hommes,Salariés,490
2022.09.30,Diekirch,Schieren,Hommes,Non-salariés,30
2022.09.30,Diekirch,Vallée de l'Ernz,Femmes,Salariés,540
2022.09.30,Diekirch,Vallée de l'Ernz,Femmes,Non-salariés,60
2022.09.30,Diekirch,Vallée de l'Ernz,Hommes,Salariés,630
2022.09.30,Diekirch,Vallée de l'Ernz,Hommes,Non-salariés,70
2022.09.30,Echternach,Beaufort,Femmes,Salariés,570
2022.09.30,Echternach,Beaufort,Femmes,Non-salariés,40
2022.09.30,Echternach,Beaufort,Hommes,Salariés,650
2022.09.30,Echternach,Beaufort,Hommes,Non-salariés,50
2022.09.30,Echternach,Bech,Femmes,Salariés,220
2022.09.30,Echternach,Bech,Femmes,Non-salariés,30
2022.09.30,Echternach,Bech,Hommes,Salariés,280
2022.09.30,Echternach,Bech,Hommes,Non-salariés,30
2022.09.30,Echternach,Berdorf,Femmes,Salariés,370
2022.09.30,Echternach,Berdorf,Femmes,Non-salariés,30
2022.09.30,Echternach,Berdorf,Hommes,Salariés,410
2022.09.30,Echternach,Berdorf,Hommes,Non-salariés,50
2022.09.30,Echternach,Consdorf,Femmes,Salariés,380
2022.09.30,Echternach,Consdorf,Femmes,Non-salariés,30
2022.09.30,Echternach,Consdorf,Hommes,Salariés,420
2022.09.30,Echternach,Consdorf,Hommes,Non-salariés,70
2022.09.30,Echternach,Echternach,Femmes,Salariés,1070
2022.09.30,Echternach,Echternach,Femmes,Non-salariés,70
2022.09.30,Echternach,Echternach,Hommes,Salariés,1140
2022.09.30,Echternach,Echternach,Hommes,Non-salariés,120
2022.09.30,Echternach,Rosport-Mompach,Femmes,Salariés,690
2022.09.30,Echternach,Rosport-Mompach,Femmes,Non-salariés,60
2022.09.30,Echternach,Rosport-Mompach,Hommes,Salariés,740
2022.09.30,Echternach,Rosport-Mompach,Hommes,Non-salariés,120
2022.09.30,Echternach,Waldbillig,Femmes,Salariés,390
2022.09.30,Echternach,Waldbillig,Femmes,Non-salariés,30
2022.09.30,Echternach,Waldbillig,Hommes,Salariés,440
2022.09.30,Echternach,Waldbillig,Hommes,Non-salariés,50
2022.09.30,Esch-Sur-Alzette,Bettembourg,Femmes,Salariés,2090
2022.09.30,Esch-Sur-Alzette,Bettembourg,Femmes,Non-salariés,170
2022.09.30,Esch-Sur-Alzette,Bettembourg,Hommes,Salariés,2390
2022.09.30,Esch-Sur-Alzette,Bettembourg,Hommes,Non-salariés,190
2022.09.30,Esch-Sur-Alzette,Differdange,Femmes,Salariés,5770
2022.09.30,Esch-Sur-Alzette,Differdange,Femmes,Non-salariés,220
2022.09.30,Esch-Sur-Alzette,Differdange,Hommes,Salariés,6930
2022.09.30,Esch-Sur-Alzette,Differdange,Hommes,Non-salariés,260
2022.09.30,Esch-Sur-Alzette,Dudelange,Femmes,Salariés,4120
2022.09.30,Esch-Sur-Alzette,Dudelange,Femmes,Non-salariés,240
2022.09.30,Esch-Sur-Alzette,Dudelange,Hommes,Salariés,4760
2022.09.30,Esch-Sur-Alzette,Dudelange,Hommes,Non-salariés,340
2022.09.30,Esch-Sur-Alzette,Esch-sur-Alzette,Femmes,Salariés,6790
2022.09.30,Esch-Sur-Alzette,Esch-sur-Alzette,Femmes,Non-salariés,300
2022.09.30,Esch-Sur-Alzette,Esch-sur-Alzette,Hommes,Salariés,8300
2022.09.30,Esch-Sur-Alzette,Esch-sur-Alzette,Hommes,Non-salariés,440
2022.09.30,Esch-Sur-Alzette,Frisange,Femmes,Salariés,950
2022.09.30,Esch-Sur-Alzette,Frisange,Femmes,Non-salariés,60
2022.09.30,Esch-Sur-Alzette,Frisange,Hommes,Salariés,1010
2022.09.30,Esch-Sur-Alzette,Frisange,Hommes,Non-salariés,120
2022.09.30,Esch-Sur-Alzette,Kayl,Femmes,Salariés,1920
2022.09.30,Esch-Sur-Alzette,Kayl,Femmes,Non-salariés,90
2022.09.30,Esch-Sur-Alzette,Kayl,Hommes,Salariés,2200
2022.09.30,Esch-Sur-Alzette,Kayl,Hommes,Non-salariés,130
2022.09.30,Esch-Sur-Alzette,Leudelange,Femmes,Salariés,530
2022.09.30,Esch-Sur-Alzette,Leudelange,Femmes,Non-salariés,50
2022.09.30,Esch-Sur-Alzette,Leudelange,Hommes,Salariés,520
2022.09.30,Esch-Sur-Alzette,Leudelange,Hommes,Non-salariés,110
2022.09.30,Esch-Sur-Alzette,Mondercange,Femmes,Salariés,1280
2022.09.30,Esch-Sur-Alzette,Mondercange,Femmes,Non-salariés,100
2022.09.30,Esch-Sur-Alzette,Mondercange,Hommes,Salariés,1400
2022.09.30,Esch-Sur-Alzette,Mondercange,Hommes,Non-salariés,190
2022.09.30,Esch-Sur-Alzette,Pétange,Femmes,Salariés,3930
2022.09.30,Esch-Sur-Alzette,Pétange,Femmes,Non-salariés,200
2022.09.30,Esch-Sur-Alzette,Pétange,Hommes,Salariés,4630
2022.09.30,Esch-Sur-Alzette,Pétange,Hommes,Non-salariés,210
2022.09.30,Esch-Sur-Alzette,Reckange-sur-Mess,Femmes,Salariés,500
2022.09.30,Esch-Sur-Alzette,Reckange-sur-Mess,Femmes,Non-salariés,60
2022.09.30,Esch-Sur-Alzette,Reckange-sur-Mess,Hommes,Salariés,570
2022.09.30,Esch-Sur-Alzette,Reckange-sur-Mess,Hommes,Non-salariés,90
2022.09.30,Esch-Sur-Alzette,Roeser,Femmes,Salariés,1310
2022.09.30,Esch-Sur-Alzette,Roeser,Femmes,Non-salariés,90
2022.09.30,Esch-Sur-Alzette,Roeser,Hommes,Salariés,1430
2022.09.30,Esch-Sur-Alzette,Roeser,Hommes,Non-salariés,170
2022.09.30,Esch-Sur-Alzette,Rumelange,Femmes,Salariés,1040
2022.09.30,Esch-Sur-Alzette,Rumelange,Femmes,Non-salariés,60
2022.09.30,Esch-Sur-Alzette,Rumelange,Hommes,Salariés,1230
2022.09.30,Esch-Sur-Alzette,Rumelange,Hommes,Non-salariés,70
2022.09.30,Esch-Sur-Alzette,Sanem,Femmes,Salariés,3550
2022.09.30,Esch-Sur-Alzette,Sanem,Femmes,Non-salariés,180
2022.09.30,Esch-Sur-Alzette,Sanem,Hommes,Salariés,3920
2022.09.30,Esch-Sur-Alzette,Sanem,Hommes,Non-salariés,270
2022.09.30,Esch-Sur-Alzette,Schifflange,Femmes,Salariés,2240
2022.09.30,Esch-Sur-Alzette,Schifflange,Femmes,Non-salariés,110
2022.09.30,Esch-Sur-Alzette,Schifflange,Hommes,Salariés,2550
2022.09.30,Esch-Sur-Alzette,Schifflange,Hommes,Non-salariés,130
2022.09.30,Grevenmacher,Betzdorf,Femmes,Salariés,670
2022.09.30,Grevenmacher,Betzdorf,Femmes,Non-salariés,60
2022.09.30,Grevenmacher,Betzdorf,Hommes,Salariés,790
2022.09.30,Grevenmacher,Betzdorf,Hommes,Non-salariés,100
2022.09.30,Grevenmacher,Biwer,Femmes,Salariés,320
2022.09.30,Grevenmacher,Biwer,Femmes,Non-salariés,30
2022.09.30,Grevenmacher,Biwer,Hommes,Salariés,380
2022.09.30,Grevenmacher,Biwer,Hommes,Non-salariés,50
2022.09.30,Grevenmacher,Flaxweiler,Femmes,Salariés,380
2022.09.30,Grevenmacher,Flaxweiler,Femmes,Non-salariés,40
2022.09.30,Grevenmacher,Flaxweiler,Hommes,Salariés,460
2022.09.30,Grevenmacher,Flaxweiler,Hommes,Non-salariés,70
2022.09.30,Grevenmacher,Grevenmacher,Femmes,Salariés,930
2022.09.30,Grevenmacher,Grevenmacher,Femmes,Non-salariés,50
2022.09.30,Grevenmacher,Grevenmacher,Hommes,Salariés,1020
2022.09.30,Grevenmacher,Grevenmacher,Hommes,Non-salariés,100
2022.09.30,Grevenmacher,Junglinster,Femmes,Salariés,1370
2022.09.30,Grevenmacher,Junglinster,Femmes,Non-salariés,160
2022.09.30,Grevenmacher,Junglinster,Hommes,Salariés,1550
2022.09.30,Grevenmacher,Junglinster,Hommes,Non-salariés,220
2022.09.30,Grevenmacher,Manternach,Femmes,Salariés,440
2022.09.30,Grevenmacher,Manternach,Femmes,Non-salariés,20
2022.09.30,Grevenmacher,Manternach,Hommes,Salariés,440
2022.09.30,Grevenmacher,Manternach,Hommes,Non-salariés,60
2022.09.30,Grevenmacher,Mertert,Femmes,Salariés,930
2022.09.30,Grevenmacher,Mertert,Femmes,Non-salariés,60
2022.09.30,Grevenmacher,Mertert,Hommes,Salariés,1040
2022.09.30,Grevenmacher,Mertert,Hommes,Non-salariés,90
2022.09.30,Grevenmacher,Wormeldange,Femmes,Salariés,570
2022.09.30,Grevenmacher,Wormeldange,Femmes,Non-salariés,50
2022.09.30,Grevenmacher,Wormeldange,Hommes,Salariés,640
2022.09.30,Grevenmacher,Wormeldange,Hommes,Non-salariés,100
2022.09.30,Luxembourg-Campagne,Bertrange,Femmes,Salariés,1360
2022.09.30,Luxembourg-Campagne,Bertrange,Femmes,Non-salariés,150
2022.09.30,Luxembourg-Campagne,Bertrange,Hommes,Salariés,1570
2022.09.30,Luxembourg-Campagne,Bertrange,Hommes,Non-salariés,240
2022.09.30,Luxembourg-Campagne,Contern,Femmes,Salariés,740
2022.09.30,Luxembourg-Campagne,Contern,Femmes,Non-salariés,70
2022.09.30,Luxembourg-Campagne,Contern,Hommes,Salariés,830
2022.09.30,Luxembourg-Campagne,Contern,Hommes,Non-salariés,110
2022.09.30,Luxembourg-Campagne,Hesperange,Femmes,Salariés,2960
2022.09.30,Luxembourg-Campagne,Hesperange,Femmes,Non-salariés,260
2022.09.30,Luxembourg-Campagne,Hesperange,Hommes,Salariés,3290
2022.09.30,Luxembourg-Campagne,Hesperange,Hommes,Non-salariés,380
2022.09.30,Luxembourg-Campagne,Niederanven,Femmes,Salariés,870
2022.09.30,Luxembourg-Campagne,Niederanven,Femmes,Non-salariés,160
2022.09.30,Luxembourg-Campagne,Niederanven,Hommes,Salariés,960
2022.09.30,Luxembourg-Campagne,Niederanven,Hommes,Non-salariés,220
2022.09.30,Luxembourg-Campagne,Sandweiler,Femmes,Salariés,630
2022.09.30,Luxembourg-Campagne,Sandweiler,Femmes,Non-salariés,50
2022.09.30,Luxembourg-Campagne,Sandweiler,Hommes,Salariés,660
2022.09.30,Luxembourg-Campagne,Sandweiler,Hommes,Non-salariés,90
2022.09.30,Luxembourg-Campagne,Schuttrange,Femmes,Salariés,660
2022.09.30,Luxembourg-Campagne,Schuttrange,Femmes,Non-salariés,70
2022.09.30,Luxembourg-Campagne,Schuttrange,Hommes,Salariés,760
2022.09.30,Luxembourg-Campagne,Schuttrange,Hommes,Non-salariés,120
2022.09.30,Luxembourg-Campagne,Steinsel,Femmes,Salariés,900
2022.09.30,Luxembourg-Campagne,Steinsel,Femmes,Non-salariés,70
2022.09.30,Luxembourg-Campagne,Steinsel,Hommes,Salariés,970
2022.09.30,Luxembourg-Campagne,Steinsel,Hommes,Non-salariés,140
2022.09.30,Luxembourg-Campagne,Strassen,Femmes,Salariés,1800
2022.09.30,Luxembourg-Campagne,Strassen,Femmes,Non-salariés,190
2022.09.30,Luxembourg-Campagne,Strassen,Hommes,Salariés,2040
2022.09.30,Luxembourg-Campagne,Strassen,Hommes,Non-salariés,280
2022.09.30,Luxembourg-Campagne,Walferdange,Femmes,Salariés,1450
2022.09.30,Luxembourg-Campagne,Walferdange,Femmes,Non-salariés,140
2022.09.30,Luxembourg-Campagne,Walferdange,Hommes,Salariés,1570
2022.09.30,Luxembourg-Campagne,Walferdange,Hommes,Non-salariés,210
2022.09.30,Luxembourg-Campagne,Weiler-la-Tour,Femmes,Salariés,440
2022.09.30,Luxembourg-Campagne,Weiler-la-Tour,Femmes,Non-salariés,40
2022.09.30,Luxembourg-Campagne,Weiler-la-Tour,Hommes,Salariés,490
2022.09.30,Luxembourg-Campagne,Weiler-la-Tour,Hommes,Non-salariés,60
2022.09.30,Luxembourg-Ville,Luxembourg,Femmes,Salariés,21560
2022.09.30,Luxembourg-Ville,Luxembourg,Femmes,Non-salariés,1960
2022.09.30,Luxembourg-Ville,Luxembourg,Hommes,Salariés,26990
2022.09.30,Luxembourg-Ville,Luxembourg,Hommes,Non-salariés,2890
2022.09.30,Mersch,Bissen,Femmes,Salariés,690
2022.09.30,Mersch,Bissen,Femmes,Non-salariés,30
2022.09.30,Mersch,Bissen,Hommes,Salariés,760
2022.09.30,Mersch,Bissen,Hommes,Non-salariés,60
2022.09.30,Mersch,Colmar-Berg,Femmes,Salariés,510
2022.09.30,Mersch,Colmar-Berg,Femmes,Non-salariés,20
2022.09.30,Mersch,Colmar-Berg,Hommes,Salariés,530
2022.09.30,Mersch,Colmar-Berg,Hommes,Non-salariés,40
2022.09.30,Mersch,Fischbach,Femmes,Salariés,260
2022.09.30,Mersch,Fischbach,Femmes,Non-salariés,20
2022.09.30,Mersch,Fischbach,Hommes,Salariés,300
2022.09.30,Mersch,Fischbach,Hommes,Non-salariés,40
2022.09.30,Mersch,Heffingen,Femmes,Salariés,300
2022.09.30,Mersch,Heffingen,Femmes,Non-salariés,40
2022.09.30,Mersch,Heffingen,Hommes,Salariés,320
2022.09.30,Mersch,Heffingen,Hommes,Non-salariés,50
2022.09.30,Mersch,Helperknapp,Femmes,Salariés,940
2022.09.30,Mersch,Helperknapp,Femmes,Non-salariés,80
2022.09.30,Mersch,Helperknapp,Hommes,Salariés,1050
2022.09.30,Mersch,Helperknapp,Hommes,Non-salariés,110
2022.09.30,Mersch,Larochette,Femmes,Salariés,420
2022.09.30,Mersch,Larochette,Femmes,Non-salariés,30
2022.09.30,Mersch,Larochette,Hommes,Salariés,510
2022.09.30,Mersch,Larochette,Hommes,Non-salariés,30
2022.09.30,Mersch,Lintgen,Femmes,Salariés,710
2022.09.30,Mersch,Lintgen,Femmes,Non-salariés,50
2022.09.30,Mersch,Lintgen,Hommes,Salariés,790
2022.09.30,Mersch,Lintgen,Hommes,Non-salariés,60
2022.09.30,Mersch,Lorentzweiler,Femmes,Salariés,770
2022.09.30,Mersch,Lorentzweiler,Femmes,Non-salariés,70
2022.09.30,Mersch,Lorentzweiler,Hommes,Salariés,840
2022.09.30,Mersch,Lorentzweiler,Hommes,Non-salariés,110
2022.09.30,Mersch,Mersch,Femmes,Salariés,1890
2022.09.30,Mersch,Mersch,Femmes,Non-salariés,120
2022.09.30,Mersch,Mersch,Hommes,Salariés,2170
2022.09.30,Mersch,Mersch,Hommes,Non-salariés,200
2022.09.30,Mersch,Nommern,Femmes,Salariés,290
2022.09.30,Mersch,Nommern,Femmes,Non-salariés,30
2022.09.30,Mersch,Nommern,Hommes,Salariés,300
2022.09.30,Mersch,Nommern,Hommes,Non-salariés,50
2022.09.30,Non déterminé,Non déterminé,Femmes,Salariés,60
2022.09.30,Non déterminé,Non déterminé,Femmes,Non-salariés,0
2022.09.30,Non déterminé,Non déterminé,Hommes,Salariés,80
2022.09.30,Non déterminé,Non déterminé,Hommes,Non-salariés,10
2022.09.30,Redange,Beckerich,Femmes,Salariés,520
2022.09.30,Redange,Beckerich,Femmes,Non-salariés,50
2022.09.30,Redange,Beckerich,Hommes,Salariés,610
2022.09.30,Redange,Beckerich,Hommes,Non-salariés,70
2022.09.30,Redange,Ell,Femmes,Salariés,340
2022.09.30,Redange,Ell,Femmes,Non-salariés,30
2022.09.30,Redange,Ell,Hommes,Salariés,350
2022.09.30,Redange,Ell,Hommes,Non-salariés,50
2022.09.30,Redange,Groussbus-Wal,Femmes,Salariés,430
2022.09.30,Redange,Groussbus-Wal,Femmes,Non-salariés,40
2022.09.30,Redange,Groussbus-Wal,Hommes,Salariés,480
2022.09.30,Redange,Groussbus-Wal,Hommes,Non-salariés,50
2022.09.30,Redange,Préizerdaul,Femmes,Salariés,350
2022.09.30,Redange,Préizerdaul,Femmes,Non-salariés,20
2022.09.30,Redange,Préizerdaul,Hommes,Salariés,380
2022.09.30,Redange,Préizerdaul,Hommes,Non-salariés,40
2022.09.30,Redange,Rambrouch,Femmes,Salariés,810
2022.09.30,Redange,Rambrouch,Femmes,Non-salariés,90
2022.09.30,Redange,Rambrouch,Hommes,Salariés,1000
2022.09.30,Redange,Rambrouch,Hommes,Non-salariés,160
2022.09.30,Redange,Redange/Attert,Femmes,Salariés,580
2022.09.30,Redange,Redange/Attert,Femmes,Non-salariés,40
2022.09.30,Redange,Redange/Attert,Hommes,Salariés,620
2022.09.30,Redange,Redange/Attert,Hommes,Non-salariés,110
2022.09.30,Redange,Saeul,Femmes,Salariés,200
2022.09.30,Redange,Saeul,Femmes,Non-salariés,10
2022.09.30,Redange,Saeul,Hommes,Salariés,220
2022.09.30,Redange,Saeul,Hommes,Non-salariés,40
2022.09.30,Redange,Useldange,Femmes,Salariés,390
2022.09.30,Redange,Useldange,Femmes,Non-salariés,30
2022.09.30,Redange,Useldange,Hommes,Salariés,440
2022.09.30,Redange,Useldange,Hommes,Non-salariés,50
2022.09.30,Redange,Vichten,Femmes,Salariés,280
2022.09.30,Redange,Vichten,Femmes,Non-salariés,20
2022.09.30,Redange,Vichten,Hommes,Salariés,350
2022.09.30,Redange,Vichten,Hommes,Non-salariés,30
2022.09.30,Remich,Bous-Waldbredimus,Femmes,Salariés,600
2022.09.30,Remich,Bous-Waldbredimus,Femmes,Non-salariés,40
2022.09.30,Remich,Bous-Waldbredimus,Hommes,Salariés,660
2022.09.30,Remich,Bous-Waldbredimus,Hommes,Non-salariés,80
2022.09.30,Remich,Dalheim,Femmes,Salariés,460
2022.09.30,Remich,Dalheim,Femmes,Non-salariés,40
2022.09.30,Remich,Dalheim,Hommes,Salariés,500
2022.09.30,Remich,Dalheim,Hommes,Non-salariés,60
2022.09.30,Remich,Lenningen,Femmes,Salariés,380
2022.09.30,Remich,Lenningen,Femmes,Non-salariés,40
2022.09.30,Remich,Lenningen,Hommes,Salariés,410
2022.09.30,Remich,Lenningen,Hommes,Non-salariés,50
2022.09.30,Remich,Mondorf-les-Bains,Femmes,Salariés,920
2022.09.30,Remich,Mondorf-les-Bains,Femmes,Non-salariés,80
2022.09.30,Remich,Mondorf-les-Bains,Hommes,Salariés,1020
2022.09.30,Remich,Mondorf-les-Bains,Hommes,Non-salariés,130
2022.09.30,Remich,Remich,Femmes,Salariés,660
2022.09.30,Remich,Remich,Femmes,Non-salariés,60
2022.09.30,Remich,Remich,Hommes,Salariés,770
2022.09.30,Remich,Remich,Hommes,Non-salariés,100
2022.09.30,Remich,Schengen,Femmes,Salariés,1000
2022.09.30,Remich,Schengen,Femmes,Non-salariés,90
2022.09.30,Remich,Schengen,Hommes,Salariés,1020
2022.09.30,Remich,Schengen,Hommes,Non-salariés,170
2022.09.30,Remich,Stadtbredimus,Femmes,Salariés,400
2022.09.30,Remich,Stadtbredimus,Femmes,Non-salariés,40
2022.09.30,Remich,Stadtbredimus,Hommes,Salariés,430
2022.09.30,Remich,Stadtbredimus,Hommes,Non-salariés,50
2022.09.30,Vianden,Putscheid,Femmes,Salariés,200
2022.09.30,Vianden,Putscheid,Femmes,Non-salariés,20
2022.09.30,Vianden,Putscheid,Hommes,Salariés,240
2022.09.30,Vianden,Putscheid,Hommes,Non-salariés,30
2022.09.30,Vianden,Tandel,Femmes,Salariés,460
2022.09.30,Vianden,Tandel,Femmes,Non-salariés,30
2022.09.30,Vianden,Tandel,Hommes,Salariés,490
2022.09.30,Vianden,Tandel,Hommes,Non-salariés,60
2022.09.30,Vianden,Vianden,Femmes,Salariés,390
2022.09.30,Vianden,Vianden,Femmes,Non-salariés,30
2022.09.30,Vianden,Vianden,Hommes,Salariés,480
2022.09.30,Vianden,Vianden,Hommes,Non-salariés,40
2022.09.30,Wiltz,Boulaide,Femmes,Salariés,270
2022.09.30,Wiltz,Boulaide,Femmes,Non-salariés,20
2022.09.30,Wiltz,Boulaide,Hommes,Salariés,290
2022.09.30,Wiltz,Boulaide,Hommes,Non-salariés,40
2022.09.30,Wiltz,Esch-sur-Sûre,Femmes,Salariés,590
2022.09.30,Wiltz,Esch-sur-Sûre,Femmes,Non-salariés,50
2022.09.30,Wiltz,Esch-sur-Sûre,Hommes,Salariés,660
2022.09.30,Wiltz,Esch-sur-Sûre,Hommes,Non-salariés,90
2022.09.30,Wiltz,Goesdorf,Femmes,Salariés,310
2022.09.30,Wiltz,Goesdorf,Femmes,Non-salariés,40
2022.09.30,Wiltz,Goesdorf,Hommes,Salariés,380
2022.09.30,Wiltz,Goesdorf,Hommes,Non-salariés,50
2022.09.30,Wiltz,Kiischpelt,Femmes,Salariés,240
2022.09.30,Wiltz,Kiischpelt,Femmes,Non-salariés,30
2022.09.30,Wiltz,Kiischpelt,Hommes,Salariés,270
2022.09.30,Wiltz,Kiischpelt,Hommes,Non-salariés,30
2022.09.30,Wiltz,Lac de la Haute-Sûre,Femmes,Salariés,400
2022.09.30,Wiltz,Lac de la Haute-Sûre,Femmes,Non-salariés,40
2022.09.30,Wiltz,Lac de la Haute-Sûre,Hommes,Salariés,450
2022.09.30,Wiltz,Lac de la Haute-Sûre,Hommes,Non-salariés,60
2022.09.30,Wiltz,Wiltz,Femmes,Salariés,1310
2022.09.30,Wiltz,Wiltz,Femmes,Non-salariés,70
2022.09.30,Wiltz,Wiltz,Hommes,Salariés,1630
2022.09.30,Wiltz,Wiltz,Hommes,Non-salariés,140
2022.09.30,Wiltz,Winseler,Femmes,Salariés,240
2022.09.30,Wiltz,Winseler,Femmes,Non-salariés,20
2022.09.30,Wiltz,Winseler,Hommes,Salariés,280
2022.09.30,Wiltz,Winseler,Hommes,Non-salariés,70
2023.03.31,Capellen,Dippach,Femmes,Salariés,840
2023.03.31,Capellen,Dippach,Femmes,Non-salariés,70
2023.03.31,Capellen,Dippach,Hommes,Salariés,940
2023.03.31,Capellen,Dippach,Hommes,Non-salariés,100
2023.03.31,Capellen,Garnich,Femmes,Salariés,400
2023.03.31,Capellen,Garnich,Femmes,Non-salariés,40
2023.03.31,Capellen,Garnich,Hommes,Salariés,450
2023.03.31,Capellen,Garnich,Hommes,Non-salariés,70
2023.03.31,Capellen,Habscht,Femmes,Salariés,950
2023.03.31,Capellen,Habscht,Femmes,Non-salariés,90
2023.03.31,Capellen,Habscht,Hommes,Salariés,1050
2023.03.31,Capellen,Habscht,Hommes,Non-salariés,150
2023.03.31,Capellen,Käerjeng,Femmes,Salariés,2040
2023.03.31,Capellen,Käerjeng,Femmes,Non-salariés,130
2023.03.31,Capellen,Käerjeng,Hommes,Salariés,2190
2023.03.31,Capellen,Käerjeng,Hommes,Non-salariés,200
2023.03.31,Capellen,Kehlen,Femmes,Salariés,1050
2023.03.31,Capellen,Kehlen,Femmes,Non-salariés,140
2023.03.31,Capellen,Kehlen,Hommes,Salariés,1090
2023.03.31,Capellen,Kehlen,Hommes,Non-salariés,210
2023.03.31,Capellen,Koerich,Femmes,Salariés,460
2023.03.31,Capellen,Koerich,Femmes,Non-salariés,40
2023.03.31,Capellen,Koerich,Hommes,Salariés,520
2023.03.31,Capellen,Koerich,Hommes,Non-salariés,80
2023.03.31,Capellen,Kopstal,Femmes,Salariés,700
2023.03.31,Capellen,Kopstal,Femmes,Non-salariés,110
2023.03.31,Capellen,Kopstal,Hommes,Salariés,720
2023.03.31,Capellen,Kopstal,Hommes,Non-salariés,150
2023.03.31,Capellen,Mamer,Femmes,Salariés,1570
2023.03.31,Capellen,Mamer,Femmes,Non-salariés,180
2023.03.31,Capellen,Mamer,Hommes,Salariés,1750
2023.03.31,Capellen,Mamer,Hommes,Non-salariés,280
2023.03.31,Capellen,Steinfort,Femmes,Salariés,1060
2023.03.31,Capellen,Steinfort,Femmes,Non-salariés,100
2023.03.31,Capellen,Steinfort,Hommes,Salariés,1160
2023.03.31,Capellen,Steinfort,Hommes,Non-salariés,120
2023.03.31,Clervaux,Clervaux,Femmes,Salariés,1070
2023.03.31,Clervaux,Clervaux,Femmes,Non-salariés,100
2023.03.31,Clervaux,Clervaux,Hommes,Salariés,1250
2023.03.31,Clervaux,Clervaux,Hommes,Non-salariés,160
2023.03.31,Clervaux,Parc Hosingen,Femmes,Salariés,820
2023.03.31,Clervaux,Parc Hosingen,Femmes,Non-salariés,50
2023.03.31,Clervaux,Parc Hosingen,Hommes,Salariés,910
2023.03.31,Clervaux,Parc Hosingen,Hommes,Non-salariés,90
2023.03.31,Clervaux,Troisvierges,Femmes,Salariés,600
2023.03.31,Clervaux,Troisvierges,Femmes,Non-salariés,50
2023.03.31,Clervaux,Troisvierges,Hommes,Salariés,770
2023.03.31,Clervaux,Troisvierges,Hommes,Non-salariés,100
2023.03.31,Clervaux,Weiswampach,Femmes,Salariés,410
2023.03.31,Clervaux,Weiswampach,Femmes,Non-salariés,40
2023.03.31,Clervaux,Weiswampach,Hommes,Salariés,520
2023.03.31,Clervaux,Weiswampach,Hommes,Non-salariés,90
2023.03.31,Clervaux,Wincrange,Femmes,Salariés,850
2023.03.31,Clervaux,Wincrange,Femmes,Non-salariés,100
2023.03.31,Clervaux,Wincrange,Hommes,Salariés,960
2023.03.31,Clervaux,Wincrange,Hommes,Non-salariés,210
2023.03.31,Diekirch,Bettendorf,Femmes,Salariés,610
2023.03.31,Diekirch,Bettendorf,Femmes,Non-salariés,30
2023.03.31,Diekirch,Bettendorf,Hommes,Salariés,690
2023.03.31,Diekirch,Bettendorf,Hommes,Non-salariés,50
2023.03.31,Diekirch,Bourscheid,Femmes,Salariés,340
2023.03.31,Diekirch,Bourscheid,Femmes,Non-salariés,20
2023.03.31,Diekirch,Bourscheid,Hommes,Salariés,380
2023.03.31,Diekirch,Bourscheid,Hommes,Non-salariés,50
2023.03.31,Diekirch,Diekirch,Femmes,Salariés,1360
2023.03.31,Diekirch,Diekirch,Femmes,Non-salariés,90
2023.03.31,Diekirch,Diekirch,Hommes,Salariés,1540
2023.03.31,Diekirch,Diekirch,Hommes,Non-salariés,120
2023.03.31,Diekirch,Erpeldange-sur-Sûre,Femmes,Salariés,460
2023.03.31,Diekirch,Erpeldange-sur-Sûre,Femmes,Non-salariés,40
2023.03.31,Diekirch,Erpeldange-sur-Sûre,Hommes,Salariés,500
2023.03.31,Diekirch,Erpeldange-sur-Sûre,Hommes,Non-salariés,60
2023.03.31,Diekirch,Ettelbruck,Femmes,Salariés,1820
2023.03.31,Diekirch,Ettelbruck,Femmes,Non-salariés,100
2023.03.31,Diekirch,Ettelbruck,Hommes,Salariés,2030
2023.03.31,Diekirch,Ettelbruck,Hommes,Non-salariés,150
2023.03.31,Diekirch,Feulen,Femmes,Salariés,490
2023.03.31,Diekirch,Feulen,Femmes,Non-salariés,30
2023.03.31,Diekirch,Feulen,Hommes,Salariés,540
2023.03.31,Diekirch,Feulen,Hommes,Non-salariés,40
2023.03.31,Diekirch,Mertzig,Femmes,Salariés,490
2023.03.31,Diekirch,Mertzig,Femmes,Non-salariés,30
2023.03.31,Diekirch,Mertzig,Hommes,Salariés,510
2023.03.31,Diekirch,Mertzig,Hommes,Non-salariés,30
2023.03.31,Diekirch,Reisdorf,Femmes,Salariés,260
2023.03.31,Diekirch,Reisdorf,Femmes,Non-salariés,20
2023.03.31,Diekirch,Reisdorf,Hommes,Salariés,320
2023.03.31,Diekirch,Reisdorf,Hommes,Non-salariés,20
2023.03.31,Diekirch,Schieren,Femmes,Salariés,450
2023.03.31,Diekirch,Schieren,Femmes,Non-salariés,20
2023.03.31,Diekirch,Schieren,Hommes,Salariés,510
2023.03.31,Diekirch,Schieren,Hommes,Non-salariés,30
2023.03.31,Diekirch,Vallée de l'Ernz,Femmes,Salariés,560
2023.03.31,Diekirch,Vallée de l'Ernz,Femmes,Non-salariés,60
2023.03.31,Diekirch,Vallée de l'Ernz,Hommes,Salariés,630
2023.03.31,Diekirch,Vallée de l'Ernz,Hommes,Non-salariés,80
2023.03.31,Echternach,Beaufort,Femmes,Salariés,590
2023.03.31,Echternach,Beaufort,Femmes,Non-salariés,30
2023.03.31,Echternach,Beaufort,Hommes,Salariés,650
2023.03.31,Echternach,Beaufort,Hommes,Non-salariés,50
2023.03.31,Echternach,Bech,Femmes,Salariés,230
2023.03.31,Echternach,Bech,Femmes,Non-salariés,20
2023.03.31,Echternach,Bech,Hommes,Salariés,270
2023.03.31,Echternach,Bech,Hommes,Non-salariés,40
2023.03.31,Echternach,Berdorf,Femmes,Salariés,360
2023.03.31,Echternach,Berdorf,Femmes,Non-salariés,40
2023.03.31,Echternach,Berdorf,Hommes,Salariés,410
2023.03.31,Echternach,Berdorf,Hommes,Non-salariés,40
2023.03.31,Echternach,Consdorf,Femmes,Salariés,390
2023.03.31,Echternach,Consdorf,Femmes,Non-salariés,30
2023.03.31,Echternach,Consdorf,Hommes,Salariés,420
2023.03.31,Echternach,Consdorf,Hommes,Non-salariés,70
2023.03.31,Echternach,Echternach,Femmes,Salariés,1070
2023.03.31,Echternach,Echternach,Femmes,Non-salariés,80
2023.03.31,Echternach,Echternach,Hommes,Salariés,1150
2023.03.31,Echternach,Echternach,Hommes,Non-salariés,110
2023.03.31,Echternach,Rosport-Mompach,Femmes,Salariés,680
2023.03.31,Echternach,Rosport-Mompach,Femmes,Non-salariés,60
2023.03.31,Echternach,Rosport-Mompach,Hommes,Salariés,760
2023.03.31,Echternach,Rosport-Mompach,Hommes,Non-salariés,120
2023.03.31,Echternach,Waldbillig,Femmes,Salariés,380
2023.03.31,Echternach,Waldbillig,Femmes,Non-salariés,40
2023.03.31,Echternach,Waldbillig,Hommes,Salariés,450
2023.03.31,Echternach,Waldbillig,Hommes,Non-salariés,50
2023.03.31,Esch-Sur-Alzette,Bettembourg,Femmes,Salariés,2120
2023.03.31,Esch-Sur-Alzette,Bettembourg,Femmes,Non-salariés,160
2023.03.31,Esch-Sur-Alzette,Bettembourg,Hommes,Salariés,2380
2023.03.31,Esch-Sur-Alzette,Bettembourg,Hommes,Non-salariés,190
2023.03.31,Esch-Sur-Alzette,Differdange,Femmes,Salariés,5900
2023.03.31,Esch-Sur-Alzette,Differdange,Femmes,Non-salariés,230
2023.03.31,Esch-Sur-Alzette,Differdange,Hommes,Salariés,7020
2023.03.31,Esch-Sur-Alzette,Differdange,Hommes,Non-salariés,270
2023.03.31,Esch-Sur-Alzette,Dudelange,Femmes,Salariés,4160
2023.03.31,Esch-Sur-Alzette,Dudelange,Femmes,Non-salariés,240
2023.03.31,Esch-Sur-Alzette,Dudelange,Hommes,Salariés,4780
2023.03.31,Esch-Sur-Alzette,Dudelange,Hommes,Non-salariés,330
2023.03.31,Esch-Sur-Alzette,Esch-sur-Alzette,Femmes,Salariés,6890
2023.03.31,Esch-Sur-Alzette,Esch-sur-Alzette,Femmes,Non-salariés,310
2023.03.31,Esch-Sur-Alzette,Esch-sur-Alzette,Hommes,Salariés,8370
2023.03.31,Esch-Sur-Alzette,Esch-sur-Alzette,Hommes,Non-salariés,460
2023.03.31,Esch-Sur-Alzette,Frisange,Femmes,Salariés,930
2023.03.31,Esch-Sur-Alzette,Frisange,Femmes,Non-salariés,60
2023.03.31,Esch-Sur-Alzette,Frisange,Hommes,Salariés,1030
2023.03.31,Esch-Sur-Alzette,Frisange,Hommes,Non-salariés,120
2023.03.31,Esch-Sur-Alzette,Kayl,Femmes,Salariés,1930
2023.03.31,Esch-Sur-Alzette,Kayl,Femmes,Non-salariés,90
2023.03.31,Esch-Sur-Alzette,Kayl,Hommes,Salariés,2180
2023.03.31,Esch-Sur-Alzette,Kayl,Hommes,Non-salariés,130
2023.03.31,Esch-Sur-Alzette,Leudelange,Femmes,Salariés,520
2023.03.31,Esch-Sur-Alzette,Leudelange,Femmes,Non-salariés,50
2023.03.31,Esch-Sur-Alzette,Leudelange,Hommes,Salariés,530
2023.03.31,Esch-Sur-Alzette,Leudelange,Hommes,Non-salariés,100
2023.03.31,Esch-Sur-Alzette,Mondercange,Femmes,Salariés,1270
2023.03.31,Esch-Sur-Alzette,Mondercange,Femmes,Non-salariés,100
2023.03.31,Esch-Sur-Alzette,Mondercange,Hommes,Salariés,1400
2023.03.31,Esch-Sur-Alzette,Mondercange,Hommes,Non-salariés,180
2023.03.31,Esch-Sur-Alzette,Pétange,Femmes,Salariés,4010
2023.03.31,Esch-Sur-Alzette,Pétange,Femmes,Non-salariés,200
2023.03.31,Esch-Sur-Alzette,Pétange,Hommes,Salariés,4710
2023.03.31,Esch-Sur-Alzette,Pétange,Hommes,Non-salariés,220
2023.03.31,Esch-Sur-Alzette,Reckange-sur-Mess,Femmes,Salariés,520
2023.03.31,Esch-Sur-Alzette,Reckange-sur-Mess,Femmes,Non-salariés,70
2023.03.31,Esch-Sur-Alzette,Reckange-sur-Mess,Hommes,Salariés,580
2023.03.31,Esch-Sur-Alzette,Reckange-sur-Mess,Hommes,Non-salariés,80
2023.03.31,Esch-Sur-Alzette,Roeser,Femmes,Salariés,1340
2023.03.31,Esch-Sur-Alzette,Roeser,Femmes,Non-salariés,90
2023.03.31,Esch-Sur-Alzette,Roeser,Hommes,Salariés,1460
2023.03.31,Esch-Sur-Alzette,Roeser,Hommes,Non-salariés,170
2023.03.31,Esch-Sur-Alzette,Rumelange,Femmes,Salariés,1060
2023.03.31,Esch-Sur-Alzette,Rumelange,Femmes,Non-salariés,60
2023.03.31,Esch-Sur-Alzette,Rumelange,Hommes,Salariés,1240
2023.03.31,Esch-Sur-Alzette,Rumelange,Hommes,Non-salariés,70
2023.03.31,Esch-Sur-Alzette,Sanem,Femmes,Salariés,3560
2023.03.31,Esch-Sur-Alzette,Sanem,Femmes,Non-salariés,180
2023.03.31,Esch-Sur-Alzette,Sanem,Hommes,Salariés,4010
2023.03.31,Esch-Sur-Alzette,Sanem,Hommes,Non-salariés,290
2023.03.31,Esch-Sur-Alzette,Schifflange,Femmes,Salariés,2280
2023.03.31,Esch-Sur-Alzette,Schifflange,Femmes,Non-salariés,100
2023.03.31,Esch-Sur-Alzette,Schifflange,Hommes,Salariés,2530
2023.03.31,Esch-Sur-Alzette,Schifflange,Hommes,Non-salariés,140
2023.03.31,Grevenmacher,Betzdorf,Femmes,Salariés,680
2023.03.31,Grevenmacher,Betzdorf,Femmes,Non-salariés,60
2023.03.31,Grevenmacher,Betzdorf,Hommes,Salariés,780
2023.03.31,Grevenmacher,Betzdorf,Hommes,Non-salariés,100
2023.03.31,Grevenmacher,Biwer,Femmes,Salariés,330
2023.03.31,Grevenmacher,Biwer,Femmes,Non-salariés,20
2023.03.31,Grevenmacher,Biwer,Hommes,Salariés,390
2023.03.31,Grevenmacher,Biwer,Hommes,Non-salariés,50
2023.03.31,Grevenmacher,Flaxweiler,Femmes,Salariés,380
2023.03.31,Grevenmacher,Flaxweiler,Femmes,Non-salariés,40
2023.03.31,Grevenmacher,Flaxweiler,Hommes,Salariés,460
2023.03.31,Grevenmacher,Flaxweiler,Hommes,Non-salariés,70
2023.03.31,Grevenmacher,Grevenmacher,Femmes,Salariés,930
2023.03.31,Grevenmacher,Grevenmacher,Femmes,Non-salariés,50
2023.03.31,Grevenmacher,Grevenmacher,Hommes,Salariés,1050
2023.03.31,Grevenmacher,Grevenmacher,Hommes,Non-salariés,100
2023.03.31,Grevenmacher,Junglinster,Femmes,Salariés,1400
2023.03.31,Grevenmacher,Junglinster,Femmes,Non-salariés,150
2023.03.31,Grevenmacher,Junglinster,Hommes,Salariés,1540
2023.03.31,Grevenmacher,Junglinster,Hommes,Non-salariés,220
2023.03.31,Grevenmacher,Manternach,Femmes,Salariés,430
2023.03.31,Grevenmacher,Manternach,Femmes,Non-salariés,30
2023.03.31,Grevenmacher,Manternach,Hommes,Salariés,450
2023.03.31,Grevenmacher,Manternach,Hommes,Non-salariés,60
2023.03.31,Grevenmacher,Mertert,Femmes,Salariés,960
2023.03.31,Grevenmacher,Mertert,Femmes,Non-salariés,60
2023.03.31,Grevenmacher,Mertert,Hommes,Salariés,1090
2023.03.31,Grevenmacher,Mertert,Hommes,Non-salariés,80
2023.03.31,Grevenmacher,Wormeldange,Femmes,Salariés,600
2023.03.31,Grevenmacher,Wormeldange,Femmes,Non-salariés,50
2023.03.31,Grevenmacher,Wormeldange,Hommes,Salariés,620
2023.03.31,Grevenmacher,Wormeldange,Hommes,Non-salariés,110
2023.03.31,Luxembourg-Campagne,Bertrange,Femmes,Salariés,1380
2023.03.31,Luxembourg-Campagne,Bertrange,Femmes,Non-salariés,150
2023.03.31,Luxembourg-Campagne,Bertrange,Hommes,Salariés,1560
2023.03.31,Luxembourg-Campagne,Bertrange,Hommes,Non-salariés,240
2023.03.31,Luxembourg-Campagne,Contern,Femmes,Salariés,740
2023.03.31,Luxembourg-Campagne,Contern,Femmes,Non-salariés,70
2023.03.31,Luxembourg-Campagne,Contern,Hommes,Salariés,820
2023.03.31,Luxembourg-Campagne,Contern,Hommes,Non-salariés,110
2023.03.31,Luxembourg-Campagne,Hesperange,Femmes,Salariés,2960
2023.03.31,Luxembourg-Campagne,Hesperange,Femmes,Non-salariés,290
2023.03.31,Luxembourg-Campagne,Hesperange,Hommes,Salariés,3380
2023.03.31,Luxembourg-Campagne,Hesperange,Hommes,Non-salariés,380
2023.03.31,Luxembourg-Campagne,Niederanven,Femmes,Salariés,880
2023.03.31,Luxembourg-Campagne,Niederanven,Femmes,Non-salariés,150
2023.03.31,Luxembourg-Campagne,Niederanven,Hommes,Salariés,980
2023.03.31,Luxembourg-Campagne,Niederanven,Hommes,Non-salariés,220
2023.03.31,Luxembourg-Campagne,Sandweiler,Femmes,Salariés,640
2023.03.31,Luxembourg-Campagne,Sandweiler,Femmes,Non-salariés,40
2023.03.31,Luxembourg-Campagne,Sandweiler,Hommes,Salariés,650
2023.03.31,Luxembourg-Campagne,Sandweiler,Hommes,Non-salariés,90
2023.03.31,Luxembourg-Campagne,Schuttrange,Femmes,Salariés,660
2023.03.31,Luxembourg-Campagne,Schuttrange,Femmes,Non-salariés,80
2023.03.31,Luxembourg-Campagne,Schuttrange,Hommes,Salariés,760
2023.03.31,Luxembourg-Campagne,Schuttrange,Hommes,Non-salariés,120
2023.03.31,Luxembourg-Campagne,Steinsel,Femmes,Salariés,900
2023.03.31,Luxembourg-Campagne,Steinsel,Femmes,Non-salariés,80
2023.03.31,Luxembourg-Campagne,Steinsel,Hommes,Salariés,990
2023.03.31,Luxembourg-Campagne,Steinsel,Hommes,Non-salariés,140
2023.03.31,Luxembourg-Campagne,Strassen,Femmes,Salariés,1820
2023.03.31,Luxembourg-Campagne,Strassen,Femmes,Non-salariés,200
2023.03.31,Luxembourg-Campagne,Strassen,Hommes,Salariés,2080
2023.03.31,Luxembourg-Campagne,Strassen,Hommes,Non-salariés,280
2023.03.31,Luxembourg-Campagne,Walferdange,Femmes,Salariés,1470
2023.03.31,Luxembourg-Campagne,Walferdange,Femmes,Non-salariés,150
2023.03.31,Luxembourg-Campagne,Walferdange,Hommes,Salariés,1600
2023.03.31,Luxembourg-Campagne,Walferdange,Hommes,Non-salariés,210
2023.03.31,Luxembourg-Campagne,Weiler-la-Tour,Femmes,Salariés,450
2023.03.31,Luxembourg-Campagne,Weiler-la-Tour,Femmes,Non-salariés,40
2023.03.31,Luxembourg-Campagne,Weiler-la-Tour,Hommes,Salariés,490
2023.03.31,Luxembourg-Campagne,Weiler-la-Tour,Hommes,Non-salariés,60
2023.03.31,Luxembourg-Ville,Luxembourg,Femmes,Salariés,22110
2023.03.31,Luxembourg-Ville,Luxembourg,Femmes,Non-salariés,1990
2023.03.31,Luxembourg-Ville,Luxembourg,Hommes,Salariés,27160
2023.03.31,Luxembourg-Ville,Luxembourg,Hommes,Non-salariés,2950
2023.03.31,Mersch,Bissen,Femmes,Salariés,690
2023.03.31,Mersch,Bissen,Femmes,Non-salariés,30
2023.03.31,Mersch,Bissen,Hommes,Salariés,770
2023.03.31,Mersch,Bissen,Hommes,Non-salariés,60
2023.03.31,Mersch,Colmar-Berg,Femmes,Salariés,520
2023.03.31,Mersch,Colmar-Berg,Femmes,Non-salariés,20
2023.03.31,Mersch,Colmar-Berg,Hommes,Salariés,530
2023.03.31,Mersch,Colmar-Berg,Hommes,Non-salariés,40
2023.03.31,Mersch,Fischbach,Femmes,Salariés,260
2023.03.31,Mersch,Fischbach,Femmes,Non-salariés,20
2023.03.31,Mersch,Fischbach,Hommes,Salariés,300
2023.03.31,Mersch,Fischbach,Hommes,Non-salariés,30
2023.03.31,Mersch,Heffingen,Femmes,Salariés,310
2023.03.31,Mersch,Heffingen,Femmes,Non-salariés,40
2023.03.31,Mersch,Heffingen,Hommes,Salariés,320
2023.03.31,Mersch,Heffingen,Hommes,Non-salariés,50
2023.03.31,Mersch,Helperknapp,Femmes,Salariés,970
2023.03.31,Mersch,Helperknapp,Femmes,Non-salariés,80
2023.03.31,Mersch,Helperknapp,Hommes,Salariés,1070
2023.03.31,Mersch,Helperknapp,Hommes,Non-salariés,110
2023.03.31,Mersch,Larochette,Femmes,Salariés,440
2023.03.31,Mersch,Larochette,Femmes,Non-salariés,30
2023.03.31,Mersch,Larochette,Hommes,Salariés,530
2023.03.31,Mersch,Larochette,Hommes,Non-salariés,30
2023.03.31,Mersch,Lintgen,Femmes,Salariés,710
2023.03.31,Mersch,Lintgen,Femmes,Non-salariés,50
2023.03.31,Mersch,Lintgen,Hommes,Salariés,790
2023.03.31,Mersch,Lintgen,Hommes,Non-salariés,60
2023.03.31,Mersch,Lorentzweiler,Femmes,Salariés,790
2023.03.31,Mersch,Lorentzweiler,Femmes,Non-salariés,70
2023.03.31,Mersch,Lorentzweiler,Hommes,Salariés,870
2023.03.31,Mersch,Lorentzweiler,Hommes,Non-salariés,110
2023.03.31,Mersch,Mersch,Femmes,Salariés,1920
2023.03.31,Mersch,Mersch,Femmes,Non-salariés,140
2023.03.31,Mersch,Mersch,Hommes,Salariés,2200
2023.03.31,Mersch,Mersch,Hommes,Non-salariés,200
2023.03.31,Mersch,Nommern,Femmes,Salariés,290
2023.03.31,Mersch,Nommern,Femmes,Non-salariés,30
2023.03.31,Mersch,Nommern,Hommes,Salariés,290
2023.03.31,Mersch,Nommern,Hommes,Non-salariés,50
2023.03.31,Non déterminé,Non déterminé,Femmes,Salariés,60
2023.03.31,Non déterminé,Non déterminé,Femmes,Non-salariés,0
2023.03.31,Non déterminé,Non déterminé,Hommes,Salariés,90
2023.03.31,Non déterminé,Non déterminé,Hommes,Non-salariés,10
2023.03.31,Redange,Beckerich,Femmes,Salariés,510
2023.03.31,Redange,Beckerich,Femmes,Non-salariés,50
2023.03.31,Redange,Beckerich,Hommes,Salariés,620
2023.03.31,Redange,Beckerich,Hommes,Non-salariés,70
2023.03.31,Redange,Ell,Femmes,Salariés,340
2023.03.31,Redange,Ell,Femmes,Non-salariés,30
2023.03.31,Redange,Ell,Hommes,Salariés,360
2023.03.31,Redange,Ell,Hommes,Non-salariés,50
2023.03.31,Redange,Groussbus-Wal,Femmes,Salariés,430
2023.03.31,Redange,Groussbus-Wal,Femmes,Non-salariés,40
2023.03.31,Redange,Groussbus-Wal,Hommes,Salariés,490
2023.03.31,Redange,Groussbus-Wal,Hommes,Non-salariés,60
2023.03.31,Redange,Préizerdaul,Femmes,Salariés,360
2023.03.31,Redange,Préizerdaul,Femmes,Non-salariés,20
2023.03.31,Redange,Préizerdaul,Hommes,Salariés,400
2023.03.31,Redange,Préizerdaul,Hommes,Non-salariés,40
2023.03.31,Redange,Rambrouch,Femmes,Salariés,860
2023.03.31,Redange,Rambrouch,Femmes,Non-salariés,70
2023.03.31,Redange,Rambrouch,Hommes,Salariés,1000
2023.03.31,Redange,Rambrouch,Hommes,Non-salariés,160
2023.03.31,Redange,Redange/Attert,Femmes,Salariés,590
2023.03.31,Redange,Redange/Attert,Femmes,Non-salariés,50
2023.03.31,Redange,Redange/Attert,Hommes,Salariés,620
2023.03.31,Redange,Redange/Attert,Hommes,Non-salariés,100
2023.03.31,Redange,Saeul,Femmes,Salariés,200
2023.03.31,Redange,Saeul,Femmes,Non-salariés,20
2023.03.31,Redange,Saeul,Hommes,Salariés,220
2023.03.31,Redange,Saeul,Hommes,Non-salariés,30
2023.03.31,Redange,Useldange,Femmes,Salariés,400
2023.03.31,Redange,Useldange,Femmes,Non-salariés,20
2023.03.31,Redange,Useldange,Hommes,Salariés,440
2023.03.31,Redange,Useldange,Hommes,Non-salariés,60
2023.03.31,Redange,Vichten,Femmes,Salariés,280
2023.03.31,Redange,Vichten,Femmes,Non-salariés,20
2023.03.31,Redange,Vichten,Hommes,Salariés,340
2023.03.31,Redange,Vichten,Hommes,Non-salariés,30
2023.03.31,Remich,Bous-Waldbredimus,Femmes,Salariés,600
2023.03.31,Remich,Bous-Waldbredimus,Femmes,Non-salariés,50
2023.03.31,Remich,Bous-Waldbredimus,Hommes,Salariés,680
2023.03.31,Remich,Bous-Waldbredimus,Hommes,Non-salariés,80
2023.03.31,Remich,Dalheim,Femmes,Salariés,440
2023.03.31,Remich,Dalheim,Femmes,Non-salariés,40
2023.03.31,Remich,Dalheim,Hommes,Salariés,490
2023.03.31,Remich,Dalheim,Hommes,Non-salariés,60
2023.03.31,Remich,Lenningen,Femmes,Salariés,380
2023.03.31,Remich,Lenningen,Femmes,Non-salariés,40
2023.03.31,Remich,Lenningen,Hommes,Salariés,410
2023.03.31,Remich,Lenningen,Hommes,Non-salariés,50
2023.03.31,Remich,Mondorf-les-Bains,Femmes,Salariés,930
2023.03.31,Remich,Mondorf-les-Bains,Femmes,Non-salariés,70
2023.03.31,Remich,Mondorf-les-Bains,Hommes,Salariés,1020
2023.03.31,Remich,Mondorf-les-Bains,Hommes,Non-salariés,140
2023.03.31,Remich,Remich,Femmes,Salariés,680
2023.03.31,Remich,Remich,Femmes,Non-salariés,60
2023.03.31,Remich,Remich,Hommes,Salariés,770
2023.03.31,Remich,Remich,Hommes,Non-salariés,110
2023.03.31,Remich,Schengen,Femmes,Salariés,1000
2023.03.31,Remich,Schengen,Femmes,Non-salariés,90
2023.03.31,Remich,Schengen,Hommes,Salariés,1040
2023.03.31,Remich,Schengen,Hommes,Non-salariés,160
2023.03.31,Remich,Stadtbredimus,Femmes,Salariés,400
2023.03.31,Remich,Stadtbredimus,Femmes,Non-salariés,40
2023.03.31,Remich,Stadtbredimus,Hommes,Salariés,440
2023.03.31,Remich,Stadtbredimus,Hommes,Non-salariés,50
2023.03.31,Vianden,Putscheid,Femmes,Salariés,200
2023.03.31,Vianden,Putscheid,Femmes,Non-salariés,20
2023.03.31,Vianden,Putscheid,Hommes,Salariés,240
2023.03.31,Vianden,Putscheid,Hommes,Non-salariés,30
2023.03.31,Vianden,Tandel,Femmes,Salariés,440
2023.03.31,Vianden,Tandel,Femmes,Non-salariés,30
2023.03.31,Vianden,Tandel,Hommes,Salariés,490
2023.03.31,Vianden,Tandel,Hommes,Non-salariés,60
2023.03.31,Vianden,Vianden,Femmes,Salariés,400
2023.03.31,Vianden,Vianden,Femmes,Non-salariés,30
2023.03.31,Vianden,Vianden,Hommes,Salariés,480
2023.03.31,Vianden,Vianden,Hommes,Non-salariés,30
2023.03.31,Wiltz,Boulaide,Femmes,Salariés,270
2023.03.31,Wiltz,Boulaide,Femmes,Non-salariés,20
2023.03.31,Wiltz,Boulaide,Hommes,Salariés,300
2023.03.31,Wiltz,Boulaide,Hommes,Non-salariés,40
2023.03.31,Wiltz,Esch-sur-Sûre,Femmes,Salariés,610
2023.03.31,Wiltz,Esch-sur-Sûre,Femmes,Non-salariés,50
2023.03.31,Wiltz,Esch-sur-Sûre,Hommes,Salariés,670
2023.03.31,Wiltz,Esch-sur-Sûre,Hommes,Non-salariés,90
2023.03.31,Wiltz,Goesdorf,Femmes,Salariés,320
2023.03.31,Wiltz,Goesdorf,Femmes,Non-salariés,30
2023.03.31,Wiltz,Goesdorf,Hommes,Salariés,390
2023.03.31,Wiltz,Goesdorf,Hommes,Non-salariés,50
2023.03.31,Wiltz,Kiischpelt,Femmes,Salariés,240
2023.03.31,Wiltz,Kiischpelt,Femmes,Non-salariés,30
2023.03.31,Wiltz,Kiischpelt,Hommes,Salariés,250
2023.03.31,Wiltz,Kiischpelt,Hommes,Non-salariés,30
2023.03.31,Wiltz,Lac de la Haute-Sûre,Femmes,Salariés,410
2023.03.31,Wiltz,Lac de la Haute-Sûre,Femmes,Non-salariés,40
2023.03.31,Wiltz,Lac de la Haute-Sûre,Hommes,Salariés,450
2023.03.31,Wiltz,Lac de la Haute-Sûre,Hommes,Non-salariés,70
2023.03.31,Wiltz,Wiltz,Femmes,Salariés,1360
2023.03.31,Wiltz,Wiltz,Femmes,Non-salariés,80
2023.03.31,Wiltz,Wiltz,Hommes,Salariés,1650
2023.03.31,Wiltz,Wiltz,Hommes,Non-salariés,140
2023.03.31,Wiltz,Winseler,Femmes,Salariés,240
2023.03.31,Wiltz,Winseler,Femmes,Non-salariés,20
2023.03.31,Wiltz,Winseler,Hommes,Salariés,270
2023.03.31,Wiltz,Winseler,Hommes,Non-salariés,70
2023.09.29,Capellen,Dippach,Femmes,Salariés,830
2023.09.29,Capellen,Dippach,Femmes,Non-salariés,70
2023.09.29,Capellen,Dippach,Hommes,Salariés,930
2023.09.29,Capellen,Dippach,Hommes,Non-salariés,100
2023.09.29,Capellen,Garnich,Femmes,Salariés,380
2023.09.29,Capellen,Garnich,Femmes,Non-salariés,50
2023.09.29,Capellen,Garnich,Hommes,Salariés,450
2023.09.29,Capellen,Garnich,Hommes,Non-salariés,70
2023.09.29,Capellen,Habscht,Femmes,Salariés,940
2023.09.29,Capellen,Habscht,Femmes,Non-salariés,90
2023.09.29,Capellen,Habscht,Hommes,Salariés,1060
2023.09.29,Capellen,Habscht,Hommes,Non-salariés,150
2023.09.29,Capellen,Käerjeng,Femmes,Salariés,2030
2023.09.29,Capellen,Käerjeng,Femmes,Non-salariés,130
2023.09.29,Capellen,Käerjeng,Hommes,Salariés,2190
2023.09.29,Capellen,Käerjeng,Hommes,Non-salariés,210
2023.09.29,Capellen,Kehlen,Femmes,Salariés,1090
2023.09.29,Capellen,Kehlen,Femmes,Non-salariés,140
2023.09.29,Capellen,Kehlen,Hommes,Salariés,1130
2023.09.29,Capellen,Kehlen,Hommes,Non-salariés,200
2023.09.29,Capellen,Koerich,Femmes,Salariés,480
2023.09.29,Capellen,Koerich,Femmes,Non-salariés,40
2023.09.29,Capellen,Koerich,Hommes,Salariés,520
2023.09.29,Capellen,Koerich,Hommes,Non-salariés,80
2023.09.29,Capellen,Kopstal,Femmes,Salariés,710
2023.09.29,Capellen,Kopstal,Femmes,Non-salariés,110
2023.09.29,Capellen,Kopstal,Hommes,Salariés,740
2023.09.29,Capellen,Kopstal,Hommes,Non-salariés,160
2023.09.29,Capellen,Mamer,Femmes,Salariés,1570
2023.09.29,Capellen,Mamer,Femmes,Non-salariés,190
2023.09.29,Capellen,Mamer,Hommes,Salariés,1780
2023.09.29,Capellen,Mamer,Hommes,Non-salariés,280
2023.09.29,Capellen,Steinfort,Femmes,Salariés,1040
2023.09.29,Capellen,Steinfort,Femmes,Non-salariés,100
2023.09.29,Capellen,Steinfort,Hommes,Salariés,1150
2023.09.29,Capellen,Steinfort,Hommes,Non-salariés,130
2023.09.29,Clervaux,Clervaux,Femmes,Salariés,1080
2023.09.29,Clervaux,Clervaux,Femmes,Non-salariés,90
2023.09.29,Clervaux,Clervaux,Hommes,Salariés,1250
2023.09.29,Clervaux,Clervaux,Hommes,Non-salariés,160
2023.09.29,Clervaux,Parc Hosingen,Femmes,Salariés,830
2023.09.29,Clervaux,Parc Hosingen,Femmes,Non-salariés,50
2023.09.29,Clervaux,Parc Hosingen,Hommes,Salariés,910
2023.09.29,Clervaux,Parc Hosingen,Hommes,Non-salariés,90
2023.09.29,Clervaux,Troisvierges,Femmes,Salariés,590
2023.09.29,Clervaux,Troisvierges,Femmes,Non-salariés,50
2023.09.29,Clervaux,Troisvierges,Hommes,Salariés,780
2023.09.29,Clervaux,Troisvierges,Hommes,Non-salariés,100
2023.09.29,Clervaux,Weiswampach,Femmes,Salariés,420
2023.09.29,Clervaux,Weiswampach,Femmes,Non-salariés,40
2023.09.29,Clervaux,Weiswampach,Hommes,Salariés,540
2023.09.29,Clervaux,Weiswampach,Hommes,Non-salariés,90
2023.09.29,Clervaux,Wincrange,Femmes,Salariés,870
2023.09.29,Clervaux,Wincrange,Femmes,Non-salariés,90
2023.09.29,Clervaux,Wincrange,Hommes,Salariés,960
2023.09.29,Clervaux,Wincrange,Hommes,Non-salariés,220
2023.09.29,Diekirch,Bettendorf,Femmes,Salariés,620
2023.09.29,Diekirch,Bettendorf,Femmes,Non-salariés,30
2023.09.29,Diekirch,Bettendorf,Hommes,Salariés,700
2023.09.29,Diekirch,Bettendorf,Hommes,Non-salariés,50
2023.09.29,Diekirch,Bourscheid,Femmes,Salariés,330
2023.09.29,Diekirch,Bourscheid,Femmes,Non-salariés,20
2023.09.29,Diekirch,Bourscheid,Hommes,Salariés,400
2023.09.29,Diekirch,Bourscheid,Hommes,Non-salariés,40
2023.09.29,Diekirch,Diekirch,Femmes,Salariés,1350
2023.09.29,Diekirch,Diekirch,Femmes,Non-salariés,80
2023.09.29,Diekirch,Diekirch,Hommes,Salariés,1530
2023.09.29,Diekirch,Diekirch,Hommes,Non-salariés,130
2023.09.29,Diekirch,Erpeldange-sur-Sûre,Femmes,Salariés,470
2023.09.29,Diekirch,Erpeldange-sur-Sûre,Femmes,Non-salariés,40
2023.09.29,Diekirch,Erpeldange-sur-Sûre,Hommes,Salariés,510
2023.09.29,Diekirch,Erpeldange-sur-Sûre,Hommes,Non-salariés,60
2023.09.29,Diekirch,Ettelbruck,Femmes,Salariés,1780
2023.09.29,Diekirch,Ettelbruck,Femmes,Non-salariés,110
2023.09.29,Diekirch,Ettelbruck,Hommes,Salariés,2050
2023.09.29,Diekirch,Ettelbruck,Hommes,Non-salariés,140
2023.09.29,Diekirch,Feulen,Femmes,Salariés,490
2023.09.29,Diekirch,Feulen,Femmes,Non-salariés,30
2023.09.29,Diekirch,Feulen,Hommes,Salariés,560
2023.09.29,Diekirch,Feulen,Hommes,Non-salariés,40
2023.09.29,Diekirch,Mertzig,Femmes,Salariés,490
2023.09.29,Diekirch,Mertzig,Femmes,Non-salariés,30
2023.09.29,Diekirch,Mertzig,Hommes,Salariés,520
2023.09.29,Diekirch,Mertzig,Hommes,Non-salariés,40
2023.09.29,Diekirch,Reisdorf,Femmes,Salariés,280
2023.09.29,Diekirch,Reisdorf,Femmes,Non-salariés,20
2023.09.29,Diekirch,Reisdorf,Hommes,Salariés,330
2023.09.29,Diekirch,Reisdorf,Hommes,Non-salariés,20
2023.09.29,Diekirch,Schieren,Femmes,Salariés,450
2023.09.29,Diekirch,Schieren,Femmes,Non-salariés,20
2023.09.29,Diekirch,Schieren,Hommes,Salariés,510
2023.09.29,Diekirch,Schieren,Hommes,Non-salariés,30
2023.09.29,Diekirch,Vallée de l'Ernz,Femmes,Salariés,570
2023.09.29,Diekirch,Vallée de l'Ernz,Femmes,Non-salariés,60
2023.09.29,Diekirch,Vallée de l'Ernz,Hommes,Salariés,620
2023.09.29,Diekirch,Vallée de l'Ernz,Hommes,Non-salariés,70
2023.09.29,Echternach,Beaufort,Femmes,Salariés,590
2023.09.29,Echternach,Beaufort,Femmes,Non-salariés,30
2023.09.29,Echternach,Beaufort,Hommes,Salariés,670
2023.09.29,Echternach,Beaufort,Hommes,Non-salariés,50
2023.09.29,Echternach,Bech,Femmes,Salariés,230
2023.09.29,Echternach,Bech,Femmes,Non-salariés,30
2023.09.29,Echternach,Bech,Hommes,Salariés,250
2023.09.29,Echternach,Bech,Hommes,Non-salariés,40
2023.09.29,Echternach,Berdorf,Femmes,Salariés,380
2023.09.29,Echternach,Berdorf,Femmes,Non-salariés,40
2023.09.29,Echternach,Berdorf,Hommes,Salariés,430
2023.09.29,Echternach,Berdorf,Hommes,Non-salariés,50
2023.09.29,Echternach,Consdorf,Femmes,Salariés,380
2023.09.29,Echternach,Consdorf,Femmes,Non-salariés,30
2023.09.29,Echternach,Consdorf,Hommes,Salariés,420
2023.09.29,Echternach,Consdorf,Hommes,Non-salariés,60
2023.09.29,Echternach,Echternach,Femmes,Salariés,1070
2023.09.29,Echternach,Echternach,Femmes,Non-salariés,80
2023.09.29,Echternach,Echternach,Hommes,Salariés,1150
2023.09.29,Echternach,Echternach,Hommes,Non-salariés,110
2023.09.29,Echternach,Rosport-Mompach,Femmes,Salariés,700
2023.09.29,Echternach,Rosport-Mompach,Femmes,Non-salariés,60
2023.09.29,Echternach,Rosport-Mompach,Hommes,Salariés,770
2023.09.29,Echternach,Rosport-Mompach,Hommes,Non-salariés,110
2023.09.29,Echternach,Waldbillig,Femmes,Salariés,400
2023.09.29,Echternach,Waldbillig,Femmes,Non-salariés,40
2023.09.29,Echternach,Waldbillig,Hommes,Salariés,440
2023.09.29,Echternach,Waldbillig,Hommes,Non-salariés,50
2023.09.29,Esch-Sur-Alzette,Bettembourg,Femmes,Salariés,2140
2023.09.29,Esch-Sur-Alzette,Bettembourg,Femmes,Non-salariés,160
2023.09.29,Esch-Sur-Alzette,Bettembourg,Hommes,Salariés,2360
2023.09.29,Esch-Sur-Alzette,Bettembourg,Hommes,Non-salariés,190
2023.09.29,Esch-Sur-Alzette,Differdange,Femmes,Salariés,5880
2023.09.29,Esch-Sur-Alzette,Differdange,Femmes,Non-salariés,230
2023.09.29,Esch-Sur-Alzette,Differdange,Hommes,Salariés,6980
2023.09.29,Esch-Sur-Alzette,Differdange,Hommes,Non-salariés,270
2023.09.29,Esch-Sur-Alzette,Dudelange,Femmes,Salariés,4190
2023.09.29,Esch-Sur-Alzette,Dudelange,Femmes,Non-salariés,240
2023.09.29,Esch-Sur-Alzette,Dudelange,Hommes,Salariés,4720
2023.09.29,Esch-Sur-Alzette,Dudelange,Hommes,Non-salariés,330
2023.09.29,Esch-Sur-Alzette,Esch-sur-Alzette,Femmes,Salariés,6860
2023.09.29,Esch-Sur-Alzette,Esch-sur-Alzette,Femmes,Non-salariés,320
2023.09.29,Esch-Sur-Alzette,Esch-sur-Alzette,Hommes,Salariés,8250
2023.09.29,Esch-Sur-Alzette,Esch-sur-Alzette,Hommes,Non-salariés,470
2023.09.29,Esch-Sur-Alzette,Frisange,Femmes,Salariés,920
2023.09.29,Esch-Sur-Alzette,Frisange,Femmes,Non-salariés,60
2023.09.29,Esch-Sur-Alzette,Frisange,Hommes,Salariés,1010
2023.09.29,Esch-Sur-Alzette,Frisange,Hommes,Non-salariés,110
2023.09.29,Esch-Sur-Alzette,Kayl,Femmes,Salariés,1930
2023.09.29,Esch-Sur-Alzette,Kayl,Femmes,Non-salariés,90
2023.09.29,Esch-Sur-Alzette,Kayl,Hommes,Salariés,2190
2023.09.29,Esch-Sur-Alzette,Kayl,Hommes,Non-salariés,120
2023.09.29,Esch-Sur-Alzette,Leudelange,Femmes,Salariés,500
2023.09.29,Esch-Sur-Alzette,Leudelange,Femmes,Non-salariés,50
2023.09.29,Esch-Sur-Alzette,Leudelange,Hommes,Salariés,530
2023.09.29,Esch-Sur-Alzette,Leudelange,Hommes,Non-salariés,100
2023.09.29,Esch-Sur-Alzette,Mondercange,Femmes,Salariés,1260
2023.09.29,Esch-Sur-Alzette,Mondercange,Femmes,Non-salariés,100
2023.09.29,Esch-Sur-Alzette,Mondercange,Hommes,Salariés,1390
2023.09.29,Esch-Sur-Alzette,Mondercange,Hommes,Non-salariés,180
2023.09.29,Esch-Sur-Alzette,Pétange,Femmes,Salariés,4000
2023.09.29,Esch-Sur-Alzette,Pétange,Femmes,Non-salariés,200
2023.09.29,Esch-Sur-Alzette,Pétange,Hommes,Salariés,4670
2023.09.29,Esch-Sur-Alzette,Pétange,Hommes,Non-salariés,230
2023.09.29,Esch-Sur-Alzette,Reckange-sur-Mess,Femmes,Salariés,520
2023.09.29,Esch-Sur-Alzette,Reckange-sur-Mess,Femmes,Non-salariés,70
2023.09.29,Esch-Sur-Alzette,Reckange-sur-Mess,Hommes,Salariés,560
2023.09.29,Esch-Sur-Alzette,Reckange-sur-Mess,Hommes,Non-salariés,90
2023.09.29,Esch-Sur-Alzette,Roeser,Femmes,Salariés,1350
2023.09.29,Esch-Sur-Alzette,Roeser,Femmes,Non-salariés,90
2023.09.29,Esch-Sur-Alzette,Roeser,Hommes,Salariés,1470
2023.09.29,Esch-Sur-Alzette,Roeser,Hommes,Non-salariés,170
2023.09.29,Esch-Sur-Alzette,Rumelange,Femmes,Salariés,1050
2023.09.29,Esch-Sur-Alzette,Rumelange,Femmes,Non-salariés,50
2023.09.29,Esch-Sur-Alzette,Rumelange,Hommes,Salariés,1210
2023.09.29,Esch-Sur-Alzette,Rumelange,Hommes,Non-salariés,80
2023.09.29,Esch-Sur-Alzette,Sanem,Femmes,Salariés,3590
2023.09.29,Esch-Sur-Alzette,Sanem,Femmes,Non-salariés,190
2023.09.29,Esch-Sur-Alzette,Sanem,Hommes,Salariés,3990
2023.09.29,Esch-Sur-Alzette,Sanem,Hommes,Non-salariés,290
2023.09.29,Esch-Sur-Alzette,Schifflange,Femmes,Salariés,2310
2023.09.29,Esch-Sur-Alzette,Schifflange,Femmes,Non-salariés,100
2023.09.29,Esch-Sur-Alzette,Schifflange,Hommes,Salariés,2520
2023.09.29,Esch-Sur-Alzette,Schifflange,Hommes,Non-salariés,140
2023.09.29,Grevenmacher,Betzdorf,Femmes,Salariés,670
2023.09.29,Grevenmacher,Betzdorf,Femmes,Non-salariés,50
2023.09.29,Grevenmacher,Betzdorf,Hommes,Salariés,750
2023.09.29,Grevenmacher,Betzdorf,Hommes,Non-salariés,110
2023.09.29,Grevenmacher,Biwer,Femmes,Salariés,330
2023.09.29,Grevenmacher,Biwer,Femmes,Non-salariés,20
2023.09.29,Grevenmacher,Biwer,Hommes,Salariés,390
2023.09.29,Grevenmacher,Biwer,Hommes,Non-salariés,40
2023.09.29,Grevenmacher,Flaxweiler,Femmes,Salariés,370
2023.09.29,Grevenmacher,Flaxweiler,Femmes,Non-salariés,40
2023.09.29,Grevenmacher,Flaxweiler,Hommes,Salariés,470
2023.09.29,Grevenmacher,Flaxweiler,Hommes,Non-salariés,60
2023.09.29,Grevenmacher,Grevenmacher,Femmes,Salariés,940
2023.09.29,Grevenmacher,Grevenmacher,Femmes,Non-salariés,50
2023.09.29,Grevenmacher,Grevenmacher,Hommes,Salariés,1060
2023.09.29,Grevenmacher,Grevenmacher,Hommes,Non-salariés,100
2023.09.29,Grevenmacher,Junglinster,Femmes,Salariés,1390
2023.09.29,Grevenmacher,Junglinster,Femmes,Non-salariés,160
2023.09.29,Grevenmacher,Junglinster,Hommes,Salariés,1560
2023.09.29,Grevenmacher,Junglinster,Hommes,Non-salariés,210
2023.09.29,Grevenmacher,Manternach,Femmes,Salariés,440
2023.09.29,Grevenmacher,Manternach,Femmes,Non-salariés,30
2023.09.29,Grevenmacher,Manternach,Hommes,Salariés,430
2023.09.29,Grevenmacher,Manternach,Hommes,Non-salariés,60
2023.09.29,Grevenmacher,Mertert,Femmes,Salariés,1020
2023.09.29,Grevenmacher,Mertert,Femmes,Non-salariés,60
2023.09.29,Grevenmacher,Mertert,Hommes,Salariés,1120
2023.09.29,Grevenmacher,Mertert,Hommes,Non-salariés,90
2023.09.29,Grevenmacher,Wormeldange,Femmes,Salariés,590
2023.09.29,Grevenmacher,Wormeldange,Femmes,Non-salariés,50
2023.09.29,Grevenmacher,Wormeldange,Hommes,Salariés,640
2023.09.29,Grevenmacher,Wormeldange,Hommes,Non-salariés,110
2023.09.29,Luxembourg-Campagne,Bertrange,Femmes,Salariés,1400
2023.09.29,Luxembourg-Campagne,Bertrange,Femmes,Non-salariés,150
2023.09.29,Luxembourg-Campagne,Bertrange,Hommes,Salariés,1560
2023.09.29,Luxembourg-Campagne,Bertrange,Hommes,Non-salariés,240
2023.09.29,Luxembourg-Campagne,Contern,Femmes,Salariés,770
2023.09.29,Luxembourg-Campagne,Contern,Femmes,Non-salariés,80
2023.09.29,Luxembourg-Campagne,Contern,Hommes,Salariés,840
2023.09.29,Luxembourg-Campagne,Contern,Hommes,Non-salariés,110
2023.09.29,Luxembourg-Campagne,Hesperange,Femmes,Salariés,2950
2023.09.29,Luxembourg-Campagne,Hesperange,Femmes,Non-salariés,290
2023.09.29,Luxembourg-Campagne,Hesperange,Hommes,Salariés,3420
2023.09.29,Luxembourg-Campagne,Hesperange,Hommes,Non-salariés,380
2023.09.29,Luxembourg-Campagne,Niederanven,Femmes,Salariés,860
2023.09.29,Luxembourg-Campagne,Niederanven,Femmes,Non-salariés,150
2023.09.29,Luxembourg-Campagne,Niederanven,Hommes,Salariés,980
2023.09.29,Luxembourg-Campagne,Niederanven,Hommes,Non-salariés,230
2023.09.29,Luxembourg-Campagne,Sandweiler,Femmes,Salariés,610
2023.09.29,Luxembourg-Campagne,Sandweiler,Femmes,Non-salariés,50
2023.09.29,Luxembourg-Campagne,Sandweiler,Hommes,Salariés,670
2023.09.29,Luxembourg-Campagne,Sandweiler,Hommes,Non-salariés,90
2023.09.29,Luxembourg-Campagne,Schuttrange,Femmes,Salariés,640
2023.09.29,Luxembourg-Campagne,Schuttrange,Femmes,Non-salariés,80
2023.09.29,Luxembourg-Campagne,Schuttrange,Hommes,Salariés,740
2023.09.29,Luxembourg-Campagne,Schuttrange,Hommes,Non-salariés,120
2023.09.29,Luxembourg-Campagne,Steinsel,Femmes,Salariés,900
2023.09.29,Luxembourg-Campagne,Steinsel,Femmes,Non-salariés,80
2023.09.29,Luxembourg-Campagne,Steinsel,Hommes,Salariés,990
2023.09.29,Luxembourg-Campagne,Steinsel,Hommes,Non-salariés,140
2023.09.29,Luxembourg-Campagne,Strassen,Femmes,Salariés,1800
2023.09.29,Luxembourg-Campagne,Strassen,Femmes,Non-salariés,210
2023.09.29,Luxembourg-Campagne,Strassen,Hommes,Salariés,2050
2023.09.29,Luxembourg-Campagne,Strassen,Hommes,Non-salariés,290
2023.09.29,Luxembourg-Campagne,Walferdange,Femmes,Salariés,1490
2023.09.29,Luxembourg-Campagne,Walferdange,Femmes,Non-salariés,150
2023.09.29,Luxembourg-Campagne,Walferdange,Hommes,Salariés,1590
2023.09.29,Luxembourg-Campagne,Walferdange,Hommes,Non-salariés,210
2023.09.29,Luxembourg-Campagne,Weiler-la-Tour,Femmes,Salariés,460
2023.09.29,Luxembourg-Campagne,Weiler-la-Tour,Femmes,Non-salariés,30
2023.09.29,Luxembourg-Campagne,Weiler-la-Tour,Hommes,Salariés,510
2023.09.29,Luxembourg-Campagne,Weiler-la-Tour,Hommes,Non-salariés,60
2023.09.29,Luxembourg-Ville,Luxembourg,Femmes,Salariés,22190
2023.09.29,Luxembourg-Ville,Luxembourg,Femmes,Non-salariés,2000
2023.09.29,Luxembourg-Ville,Luxembourg,Hommes,Salariés,27180
2023.09.29,Luxembourg-Ville,Luxembourg,Hommes,Non-salariés,2940
2023.09.29,Mersch,Bissen,Femmes,Salariés,710
2023.09.29,Mersch,Bissen,Femmes,Non-salariés,30
2023.09.29,Mersch,Bissen,Hommes,Salariés,770
2023.09.29,Mersch,Bissen,Hommes,Non-salariés,60
2023.09.29,Mersch,Colmar-Berg,Femmes,Salariés,530
2023.09.29,Mersch,Colmar-Berg,Femmes,Non-salariés,20
2023.09.29,Mersch,Colmar-Berg,Hommes,Salariés,540
2023.09.29,Mersch,Colmar-Berg,Hommes,Non-salariés,40
2023.09.29,Mersch,Fischbach,Femmes,Salariés,250
2023.09.29,Mersch,Fischbach,Femmes,Non-salariés,20
2023.09.29,Mersch,Fischbach,Hommes,Salariés,300
2023.09.29,Mersch,Fischbach,Hommes,Non-salariés,30
2023.09.29,Mersch,Heffingen,Femmes,Salariés,310
2023.09.29,Mersch,Heffingen,Femmes,Non-salariés,40
2023.09.29,Mersch,Heffingen,Hommes,Salariés,330
2023.09.29,Mersch,Heffingen,Hommes,Non-salariés,50
2023.09.29,Mersch,Helperknapp,Femmes,Salariés,990
2023.09.29,Mersch,Helperknapp,Femmes,Non-salariés,70
2023.09.29,Mersch,Helperknapp,Hommes,Salariés,1070
2023.09.29,Mersch,Helperknapp,Hommes,Non-salariés,120
2023.09.29,Mersch,Larochette,Femmes,Salariés,440
2023.09.29,Mersch,Larochette,Femmes,Non-salariés,30
2023.09.29,Mersch,Larochette,Hommes,Salariés,520
2023.09.29,Mersch,Larochette,Hommes,Non-salariés,20
2023.09.29,Mersch,Lintgen,Femmes,Salariés,700
2023.09.29,Mersch,Lintgen,Femmes,Non-salariés,40
2023.09.29,Mersch,Lintgen,Hommes,Salariés,790
2023.09.29,Mersch,Lintgen,Hommes,Non-salariés,70
2023.09.29,Mersch,Lorentzweiler,Femmes,Salariés,780
2023.09.29,Mersch,Lorentzweiler,Femmes,Non-salariés,70
2023.09.29,Mersch,Lorentzweiler,Hommes,Salariés,840
2023.09.29,Mersch,Lorentzweiler,Hommes,Non-salariés,120
2023.09.29,Mersch,Mersch,Femmes,Salariés,1960
2023.09.29,Mersch,Mersch,Femmes,Non-salariés,130
2023.09.29,Mersch,Mersch,Hommes,Salariés,2210
2023.09.29,Mersch,Mersch,Hommes,Non-salariés,200
2023.09.29,Mersch,Nommern,Femmes,Salariés,300
2023.09.29,Mersch,Nommern,Femmes,Non-salariés,30
2023.09.29,Mersch,Nommern,Hommes,Salariés,310
2023.09.29,Mersch,Nommern,Hommes,Non-salariés,50
2023.09.29,Non déterminé,Non déterminé,Femmes,Salariés,60
2023.09.29,Non déterminé,Non déterminé,Femmes,Non-salariés,0
2023.09.29,Non déterminé,Non déterminé,Hommes,Salariés,80
2023.09.29,Non déterminé,Non déterminé,Hommes,Non-salariés,10
2023.09.29,Redange,Beckerich,Femmes,Salariés,520
2023.09.29,Redange,Beckerich,Femmes,Non-salariés,40
2023.09.29,Redange,Beckerich,Hommes,Salariés,600
2023.09.29,Redange,Beckerich,Hommes,Non-salariés,70
2023.09.29,Redange,Ell,Femmes,Salariés,340
2023.09.29,Redange,Ell,Femmes,Non-salariés,30
2023.09.29,Redange,Ell,Hommes,Salariés,370
2023.09.29,Redange,Ell,Hommes,Non-salariés,50
2023.09.29,Redange,Groussbus-Wal,Femmes,Salariés,450
2023.09.29,Redange,Groussbus-Wal,Femmes,Non-salariés,40
2023.09.29,Redange,Groussbus-Wal,Hommes,Salariés,500
2023.09.29,Redange,Groussbus-Wal,Hommes,Non-salariés,60
2023.09.29,Redange,Préizerdaul,Femmes,Salariés,350
2023.09.29,Redange,Préizerdaul,Femmes,Non-salariés,20
2023.09.29,Redange,Préizerdaul,Hommes,Salariés,390
2023.09.29,Redange,Préizerdaul,Hommes,Non-salariés,40
2023.09.29,Redange,Rambrouch,Femmes,Salariés,840
2023.09.29,Redange,Rambrouch,Femmes,Non-salariés,80
2023.09.29,Redange,Rambrouch,Hommes,Salariés,1020
2023.09.29,Redange,Rambrouch,Hommes,Non-salariés,160
2023.09.29,Redange,Redange/Attert,Femmes,Salariés,590
2023.09.29,Redange,Redange/Attert,Femmes,Non-salariés,50
2023.09.29,Redange,Redange/Attert,Hommes,Salariés,610
2023.09.29,Redange,Redange/Attert,Hommes,Non-salariés,100
2023.09.29,Redange,Saeul,Femmes,Salariés,190
2023.09.29,Redange,Saeul,Femmes,Non-salariés,10
2023.09.29,Redange,Saeul,Hommes,Salariés,210
2023.09.29,Redange,Saeul,Hommes,Non-salariés,40
2023.09.29,Redange,Useldange,Femmes,Salariés,400
2023.09.29,Redange,Useldange,Femmes,Non-salariés,30
2023.09.29,Redange,Useldange,Hommes,Salariés,460
2023.09.29,Redange,Useldange,Hommes,Non-salariés,60
2023.09.29,Redange,Vichten,Femmes,Salariés,280
2023.09.29,Redange,Vichten,Femmes,Non-salariés,30
2023.09.29,Redange,Vichten,Hommes,Salariés,340
2023.09.29,Redange,Vichten,Hommes,Non-salariés,20
2023.09.29,Remich,Bous-Waldbredimus,Femmes,Salariés,600
2023.09.29,Remich,Bous-Waldbredimus,Femmes,Non-salariés,40
2023.09.29,Remich,Bous-Waldbredimus,Hommes,Salariés,660
2023.09.29,Remich,Bous-Waldbredimus,Hommes,Non-salariés,80
2023.09.29,Remich,Dalheim,Femmes,Salariés,440
2023.09.29,Remich,Dalheim,Femmes,Non-salariés,40
2023.09.29,Remich,Dalheim,Hommes,Salariés,480
2023.09.29,Remich,Dalheim,Hommes,Non-salariés,70
2023.09.29,Remich,Lenningen,Femmes,Salariés,380
2023.09.29,Remich,Lenningen,Femmes,Non-salariés,40
2023.09.29,Remich,Lenningen,Hommes,Salariés,400
2023.09.29,Remich,Lenningen,Hommes,Non-salariés,50
2023.09.29,Remich,Mondorf-les-Bains,Femmes,Salariés,920
2023.09.29,Remich,Mondorf-les-Bains,Femmes,Non-salariés,80
2023.09.29,Remich,Mondorf-les-Bains,Hommes,Salariés,990
2023.09.29,Remich,Mondorf-les-Bains,Hommes,Non-salariés,130
2023.09.29,Remich,Remich,Femmes,Salariés,690
2023.09.29,Remich,Remich,Femmes,Non-salariés,60
2023.09.29,Remich,Remich,Hommes,Salariés,770
2023.09.29,Remich,Remich,Hommes,Non-salariés,100
2023.09.29,Remich,Schengen,Femmes,Salariés,960
2023.09.29,Remich,Schengen,Femmes,Non-salariés,90
2023.09.29,Remich,Schengen,Hommes,Salariés,1030
2023.09.29,Remich,Schengen,Hommes,Non-salariés,170
2023.09.29,Remich,Stadtbredimus,Femmes,Salariés,370
2023.09.29,Remich,Stadtbredimus,Femmes,Non-salariés,40
2023.09.29,Remich,Stadtbredimus,Hommes,Salariés,440
2023.09.29,Remich,Stadtbredimus,Hommes,Non-salariés,50
2023.09.29,Vianden,Putscheid,Femmes,Salariés,210
2023.09.29,Vianden,Putscheid,Femmes,Non-salariés,20
2023.09.29,Vianden,Putscheid,Hommes,Salariés,250
2023.09.29,Vianden,Putscheid,Hommes,Non-salariés,30
2023.09.29,Vianden,Tandel,Femmes,Salariés,430
2023.09.29,Vianden,Tandel,Femmes,Non-salariés,30
2023.09.29,Vianden,Tandel,Hommes,Salariés,490
2023.09.29,Vianden,Tandel,Hommes,Non-salariés,60
2023.09.29,Vianden,Vianden,Femmes,Salariés,410
2023.09.29,Vianden,Vianden,Femmes,Non-salariés,20
2023.09.29,Vianden,Vianden,Hommes,Salariés,460
2023.09.29,Vianden,Vianden,Hommes,Non-salariés,40
2023.09.29,Wiltz,Boulaide,Femmes,Salariés,270
2023.09.29,Wiltz,Boulaide,Femmes,Non-salariés,20
2023.09.29,Wiltz,Boulaide,Hommes,Salariés,300
2023.09.29,Wiltz,Boulaide,Hommes,Non-salariés,40
2023.09.29,Wiltz,Esch-sur-Sûre,Femmes,Salariés,620
2023.09.29,Wiltz,Esch-sur-Sûre,Femmes,Non-salariés,50
2023.09.29,Wiltz,Esch-sur-Sûre,Hommes,Salariés,690
2023.09.29,Wiltz,Esch-sur-Sûre,Hommes,Non-salariés,80
2023.09.29,Wiltz,Goesdorf,Femmes,Salariés,330
2023.09.29,Wiltz,Goesdorf,Femmes,Non-salariés,30
2023.09.29,Wiltz,Goesdorf,Hommes,Salariés,390
2023.09.29,Wiltz,Goesdorf,Hommes,Non-salariés,50
2023.09.29,Wiltz,Kiischpelt,Femmes,Salariés,240
2023.09.29,Wiltz,Kiischpelt,Femmes,Non-salariés,30
2023.09.29,Wiltz,Kiischpelt,Hommes,Salariés,260
2023.09.29,Wiltz,Kiischpelt,Hommes,Non-salariés,30
2023.09.29,Wiltz,Lac de la Haute-Sûre,Femmes,Salariés,400
2023.09.29,Wiltz,Lac de la Haute-Sûre,Femmes,Non-salariés,40
2023.09.29,Wiltz,Lac de la Haute-Sûre,Hommes,Salariés,440
2023.09.29,Wiltz,Lac de la Haute-Sûre,Hommes,Non-salariés,70
2023.09.29,Wiltz,Wiltz,Femmes,Salariés,1390
2023.09.29,Wiltz,Wiltz,Femmes,Non-salariés,80
2023.09.29,Wiltz,Wiltz,Hommes,Salariés,1610
2023.09.29,Wiltz,Wiltz,Hommes,Non-salariés,150
2023.09.29,Wiltz,Winseler,Femmes,Salariés,240
2023.09.29,Wiltz,Winseler,Femmes,Non-salariés,20
2023.09.29,Wiltz,Winseler,Hommes,Salariés,290
2023.09.29,Wiltz,Winseler,Hommes,Non-salariés,70
2024.03.29,Capellen,Dippach,Femmes,Salariés,850
2024.03.29,Capellen,Dippach,Femmes,Non-salariés,70
2024.03.29,Capellen,Dippach,Hommes,Salariés,940
2024.03.29,Capellen,Dippach,Hommes,Non-salariés,100
2024.03.29,Capellen,Garnich,Femmes,Salariés,380
2024.03.29,Capellen,Garnich,Femmes,Non-salariés,50
2024.03.29,Capellen,Garnich,Hommes,Salariés,440
2024.03.29,Capellen,Garnich,Hommes,Non-salariés,80
2024.03.29,Capellen,Habscht,Femmes,Salariés,960
2024.03.29,Capellen,Habscht,Femmes,Non-salariés,90
2024.03.29,Capellen,Habscht,Hommes,Salariés,1090
2024.03.29,Capellen,Habscht,Hommes,Non-salariés,150
2024.03.29,Capellen,Käerjeng,Femmes,Salariés,2050
2024.03.29,Capellen,Käerjeng,Femmes,Non-salariés,140
2024.03.29,Capellen,Käerjeng,Hommes,Salariés,2190
2024.03.29,Capellen,Käerjeng,Hommes,Non-salariés,210
2024.03.29,Capellen,Kehlen,Femmes,Salariés,1120
2024.03.29,Capellen,Kehlen,Femmes,Non-salariés,140
2024.03.29,Capellen,Kehlen,Hommes,Salariés,1190
2024.03.29,Capellen,Kehlen,Hommes,Non-salariés,200
2024.03.29,Capellen,Koerich,Femmes,Salariés,480
2024.03.29,Capellen,Koerich,Femmes,Non-salariés,40
2024.03.29,Capellen,Koerich,Hommes,Salariés,520
2024.03.29,Capellen,Koerich,Hommes,Non-salariés,80
2024.03.29,Capellen,Kopstal,Femmes,Salariés,720
2024.03.29,Capellen,Kopstal,Femmes,Non-salariés,110
2024.03.29,Capellen,Kopstal,Hommes,Salariés,760
2024.03.29,Capellen,Kopstal,Hommes,Non-salariés,170
2024.03.29,Capellen,Mamer,Femmes,Salariés,1560
2024.03.29,Capellen,Mamer,Femmes,Non-salariés,190
2024.03.29,Capellen,Mamer,Hommes,Salariés,1770
2024.03.29,Capellen,Mamer,Hommes,Non-salariés,280
2024.03.29,Capellen,Steinfort,Femmes,Salariés,1060
2024.03.29,Capellen,Steinfort,Femmes,Non-salariés,110
2024.03.29,Capellen,Steinfort,Hommes,Salariés,1150
2024.03.29,Capellen,Steinfort,Hommes,Non-salariés,120
2024.03.29,Clervaux,Clervaux,Femmes,Salariés,1090
2024.03.29,Clervaux,Clervaux,Femmes,Non-salariés,100
2024.03.29,Clervaux,Clervaux,Hommes,Salariés,1250
2024.03.29,Clervaux,Clervaux,Hommes,Non-salariés,160
2024.03.29,Clervaux,Parc Hosingen,Femmes,Salariés,850
2024.03.29,Clervaux,Parc Hosingen,Femmes,Non-salariés,40
2024.03.29,Clervaux,Parc Hosingen,Hommes,Salariés,940
2024.03.29,Clervaux,Parc Hosingen,Hommes,Non-salariés,90
2024.03.29,Clervaux,Troisvierges,Femmes,Salariés,610
2024.03.29,Clervaux,Troisvierges,Femmes,Non-salariés,40
2024.03.29,Clervaux,Troisvierges,Hommes,Salariés,790
2024.03.29,Clervaux,Troisvierges,Hommes,Non-salariés,100
2024.03.29,Clervaux,Weiswampach,Femmes,Salariés,460
2024.03.29,Clervaux,Weiswampach,Femmes,Non-salariés,40
2024.03.29,Clervaux,Weiswampach,Hommes,Salariés,550
2024.03.29,Clervaux,Weiswampach,Hommes,Non-salariés,90
2024.03.29,Clervaux,Wincrange,Femmes,Salariés,870
2024.03.29,Clervaux,Wincrange,Femmes,Non-salariés,90
2024.03.29,Clervaux,Wincrange,Hommes,Salariés,960
2024.03.29,Clervaux,Wincrange,Hommes,Non-salariés,210
2024.03.29,Diekirch,Bettendorf,Femmes,Salariés,610
2024.03.29,Diekirch,Bettendorf,Femmes,Non-salariés,30
2024.03.29,Diekirch,Bettendorf,Hommes,Salariés,680
2024.03.29,Diekirch,Bettendorf,Hommes,Non-salariés,50
2024.03.29,Diekirch,Bourscheid,Femmes,Salariés,330
2024.03.29,Diekirch,Bourscheid,Femmes,Non-salariés,30
2024.03.29,Diekirch,Bourscheid,Hommes,Salariés,400
2024.03.29,Diekirch,Bourscheid,Hommes,Non-salariés,40
2024.03.29,Diekirch,Diekirch,Femmes,Salariés,1340
2024.03.29,Diekirch,Diekirch,Femmes,Non-salariés,80
2024.03.29,Diekirch,Diekirch,Hommes,Salariés,1520
2024.03.29,Diekirch,Diekirch,Hommes,Non-salariés,130
2024.03.29,Diekirch,Erpeldange-sur-Sûre,Femmes,Salariés,480
2024.03.29,Diekirch,Erpeldange-sur-Sûre,Femmes,Non-salariés,40
2024.03.29,Diekirch,Erpeldange-sur-Sûre,Hommes,Salariés,520
2024.03.29,Diekirch,Erpeldange-sur-Sûre,Hommes,Non-salariés,60
2024.03.29,Diekirch,Ettelbruck,Femmes,Salariés,1800
2024.03.29,Diekirch,Ettelbruck,Femmes,Non-salariés,100
2024.03.29,Diekirch,Ettelbruck,Hommes,Salariés,2040
2024.03.29,Diekirch,Ettelbruck,Hommes,Non-salariés,150
2024.03.29,Diekirch,Feulen,Femmes,Salariés,490
2024.03.29,Diekirch,Feulen,Femmes,Non-salariés,30
2024.03.29,Diekirch,Feulen,Hommes,Salariés,540
2024.03.29,Diekirch,Feulen,Hommes,Non-salariés,40
2024.03.29,Diekirch,Mertzig,Femmes,Salariés,510
2024.03.29,Diekirch,Mertzig,Femmes,Non-salariés,20
2024.03.29,Diekirch,Mertzig,Hommes,Salariés,500
2024.03.29,Diekirch,Mertzig,Hommes,Non-salariés,40
2024.03.29,Diekirch,Reisdorf,Femmes,Salariés,270
2024.03.29,Diekirch,Reisdorf,Femmes,Non-salariés,20
2024.03.29,Diekirch,Reisdorf,Hommes,Salariés,320
2024.03.29,Diekirch,Reisdorf,Hommes,Non-salariés,20
2024.03.29,Diekirch,Schieren,Femmes,Salariés,460
2024.03.29,Diekirch,Schieren,Femmes,Non-salariés,20
2024.03.29,Diekirch,Schieren,Hommes,Salariés,510
2024.03.29,Diekirch,Schieren,Hommes,Non-salariés,40
2024.03.29,Diekirch,Vallée de l'Ernz,Femmes,Salariés,560
2024.03.29,Diekirch,Vallée de l'Ernz,Femmes,Non-salariés,60
2024.03.29,Diekirch,Vallée de l'Ernz,Hommes,Salariés,630
2024.03.29,Diekirch,Vallée de l'Ernz,Hommes,Non-salariés,80
2024.03.29,Echternach,Beaufort,Femmes,Salariés,590
2024.03.29,Echternach,Beaufort,Femmes,Non-salariés,30
2024.03.29,Echternach,Beaufort,Hommes,Salariés,670
2024.03.29,Echternach,Beaufort,Hommes,Non-salariés,40
2024.03.29,Echternach,Bech,Femmes,Salariés,240
2024.03.29,Echternach,Bech,Femmes,Non-salariés,20
2024.03.29,Echternach,Bech,Hommes,Salariés,250
2024.03.29,Echternach,Bech,Hommes,Non-salariés,40
2024.03.29,Echternach,Berdorf,Femmes,Salariés,370
2024.03.29,Echternach,Berdorf,Femmes,Non-salariés,40
2024.03.29,Echternach,Berdorf,Hommes,Salariés,430
2024.03.29,Echternach,Berdorf,Hommes,Non-salariés,40
2024.03.29,Echternach,Consdorf,Femmes,Salariés,390
2024.03.29,Echternach,Consdorf,Femmes,Non-salariés,30
2024.03.29,Echternach,Consdorf,Hommes,Salariés,420
2024.03.29,Echternach,Consdorf,Hommes,Non-salariés,60
2024.03.29,Echternach,Echternach,Femmes,Salariés,1050
2024.03.29,Echternach,Echternach,Femmes,Non-salariés,70
2024.03.29,Echternach,Echternach,Hommes,Salariés,1150
2024.03.29,Echternach,Echternach,Hommes,Non-salariés,120
2024.03.29,Echternach,Rosport-Mompach,Femmes,Salariés,690
2024.03.29,Echternach,Rosport-Mompach,Femmes,Non-salariés,60
2024.03.29,Echternach,Rosport-Mompach,Hommes,Salariés,760
2024.03.29,Echternach,Rosport-Mompach,Hommes,Non-salariés,110
2024.03.29,Echternach,Waldbillig,Femmes,Salariés,390
2024.03.29,Echternach,Waldbillig,Femmes,Non-salariés,40
2024.03.29,Echternach,Waldbillig,Hommes,Salariés,440
2024.03.29,Echternach,Waldbillig,Hommes,Non-salariés,50
2024.03.29,Esch-Sur-Alzette,Bettembourg,Femmes,Salariés,2150
2024.03.29,Esch-Sur-Alzette,Bettembourg,Femmes,Non-salariés,170
2024.03.29,Esch-Sur-Alzette,Bettembourg,Hommes,Salariés,2320
2024.03.29,Esch-Sur-Alzette,Bettembourg,Hommes,Non-salariés,190
2024.03.29,Esch-Sur-Alzette,Differdange,Femmes,Salariés,6030
2024.03.29,Esch-Sur-Alzette,Differdange,Femmes,Non-salariés,240
2024.03.29,Esch-Sur-Alzette,Differdange,Hommes,Salariés,7030
2024.03.29,Esch-Sur-Alzette,Differdange,Hommes,Non-salariés,280
2024.03.29,Esch-Sur-Alzette,Dudelange,Femmes,Salariés,4230
2024.03.29,Esch-Sur-Alzette,Dudelange,Femmes,Non-salariés,240
2024.03.29,Esch-Sur-Alzette,Dudelange,Hommes,Salariés,4700
2024.03.29,Esch-Sur-Alzette,Dudelange,Hommes,Non-salariés,330
2024.03.29,Esch-Sur-Alzette,Esch-sur-Alzette,Femmes,Salariés,7010
2024.03.29,Esch-Sur-Alzette,Esch-sur-Alzette,Femmes,Non-salariés,330
2024.03.29,Esch-Sur-Alzette,Esch-sur-Alzette,Hommes,Salariés,8120
2024.03.29,Esch-Sur-Alzette,Esch-sur-Alzette,Hommes,Non-salariés,480
2024.03.29,Esch-Sur-Alzette,Frisange,Femmes,Salariés,950
2024.03.29,Esch-Sur-Alzette,Frisange,Femmes,Non-salariés,60
2024.03.29,Esch-Sur-Alzette,Frisange,Hommes,Salariés,1010
2024.03.29,Esch-Sur-Alzette,Frisange,Hommes,Non-salariés,120
2024.03.29,Esch-Sur-Alzette,Kayl,Femmes,Salariés,1970
2024.03.29,Esch-Sur-Alzette,Kayl,Femmes,Non-salariés,100
2024.03.29,Esch-Sur-Alzette,Kayl,Hommes,Salariés,2180
2024.03.29,Esch-Sur-Alzette,Kayl,Hommes,Non-salariés,120
2024.03.29,Esch-Sur-Alzette,Leudelange,Femmes,Salariés,500
2024.03.29,Esch-Sur-Alzette,Leudelange,Femmes,Non-salariés,50
2024.03.29,Esch-Sur-Alzette,Leudelange,Hommes,Salariés,520
2024.03.29,Esch-Sur-Alzette,Leudelange,Hommes,Non-salariés,90
2024.03.29,Esch-Sur-Alzette,Mondercange,Femmes,Salariés,1270
2024.03.29,Esch-Sur-Alzette,Mondercange,Femmes,Non-salariés,100
2024.03.29,Esch-Sur-Alzette,Mondercange,Hommes,Salariés,1390
2024.03.29,Esch-Sur-Alzette,Mondercange,Hommes,Non-salariés,180
2024.03.29,Esch-Sur-Alzette,Pétange,Femmes,Salariés,4060
2024.03.29,Esch-Sur-Alzette,Pétange,Femmes,Non-salariés,190
2024.03.29,Esch-Sur-Alzette,Pétange,Hommes,Salariés,4670
2024.03.29,Esch-Sur-Alzette,Pétange,Hommes,Non-salariés,220
2024.03.29,Esch-Sur-Alzette,Reckange-sur-Mess,Femmes,Salariés,550
2024.03.29,Esch-Sur-Alzette,Reckange-sur-Mess,Femmes,Non-salariés,60
2024.03.29,Esch-Sur-Alzette,Reckange-sur-Mess,Hommes,Salariés,570
2024.03.29,Esch-Sur-Alzette,Reckange-sur-Mess,Hommes,Non-salariés,90
2024.03.29,Esch-Sur-Alzette,Roeser,Femmes,Salariés,1370
2024.03.29,Esch-Sur-Alzette,Roeser,Femmes,Non-salariés,90
2024.03.29,Esch-Sur-Alzette,Roeser,Hommes,Salariés,1500
2024.03.29,Esch-Sur-Alzette,Roeser,Hommes,Non-salariés,170
2024.03.29,Esch-Sur-Alzette,Rumelange,Femmes,Salariés,1050
2024.03.29,Esch-Sur-Alzette,Rumelange,Femmes,Non-salariés,60
2024.03.29,Esch-Sur-Alzette,Rumelange,Hommes,Salariés,1220
2024.03.29,Esch-Sur-Alzette,Rumelange,Hommes,Non-salariés,70
2024.03.29,Esch-Sur-Alzette,Sanem,Femmes,Salariés,3610
2024.03.29,Esch-Sur-Alzette,Sanem,Femmes,Non-salariés,190
2024.03.29,Esch-Sur-Alzette,Sanem,Hommes,Salariés,3980
2024.03.29,Esch-Sur-Alzette,Sanem,Hommes,Non-salariés,290
2024.03.29,Esch-Sur-Alzette,Schifflange,Femmes,Salariés,2360
2024.03.29,Esch-Sur-Alzette,Schifflange,Femmes,Non-salariés,100
2024.03.29,Esch-Sur-Alzette,Schifflange,Hommes,Salariés,2530
2024.03.29,Esch-Sur-Alzette,Schifflange,Hommes,Non-salariés,140
2024.03.29,Grevenmacher,Betzdorf,Femmes,Salariés,670
2024.03.29,Grevenmacher,Betzdorf,Femmes,Non-salariés,60
2024.03.29,Grevenmacher,Betzdorf,Hommes,Salariés,760
2024.03.29,Grevenmacher,Betzdorf,Hommes,Non-salariés,100
2024.03.29,Grevenmacher,Biwer,Femmes,Salariés,320
2024.03.29,Grevenmacher,Biwer,Femmes,Non-salariés,30
2024.03.29,Grevenmacher,Biwer,Hommes,Salariés,390
2024.03.29,Grevenmacher,Biwer,Hommes,Non-salariés,40
2024.03.29,Grevenmacher,Flaxweiler,Femmes,Salariés,380
2024.03.29,Grevenmacher,Flaxweiler,Femmes,Non-salariés,40
2024.03.29,Grevenmacher,Flaxweiler,Hommes,Salariés,470
2024.03.29,Grevenmacher,Flaxweiler,Hommes,Non-salariés,70
2024.03.29,Grevenmacher,Grevenmacher,Femmes,Salariés,960
2024.03.29,Grevenmacher,Grevenmacher,Femmes,Non-salariés,40
2024.03.29,Grevenmacher,Grevenmacher,Hommes,Salariés,1060
2024.03.29,Grevenmacher,Grevenmacher,Hommes,Non-salariés,100
2024.03.29,Grevenmacher,Junglinster,Femmes,Salariés,1450
2024.03.29,Grevenmacher,Junglinster,Femmes,Non-salariés,160
2024.03.29,Grevenmacher,Junglinster,Hommes,Salariés,1580
2024.03.29,Grevenmacher,Junglinster,Hommes,Non-salariés,220
2024.03.29,Grevenmacher,Manternach,Femmes,Salariés,450
2024.03.29,Grevenmacher,Manternach,Femmes,Non-salariés,20
2024.03.29,Grevenmacher,Manternach,Hommes,Salariés,440
2024.03.29,Grevenmacher,Manternach,Hommes,Non-salariés,60
2024.03.29,Grevenmacher,Mertert,Femmes,Salariés,1030
2024.03.29,Grevenmacher,Mertert,Femmes,Non-salariés,70
2024.03.29,Grevenmacher,Mertert,Hommes,Salariés,1160
2024.03.29,Grevenmacher,Mertert,Hommes,Non-salariés,90
2024.03.29,Grevenmacher,Wormeldange,Femmes,Salariés,600
2024.03.29,Grevenmacher,Wormeldange,Femmes,Non-salariés,50
2024.03.29,Grevenmacher,Wormeldange,Hommes,Salariés,620
2024.03.29,Grevenmacher,Wormeldange,Hommes,Non-salariés,110
2024.03.29,Luxembourg-Campagne,Bertrange,Femmes,Salariés,1440
2024.03.29,Luxembourg-Campagne,Bertrange,Femmes,Non-salariés,160
2024.03.29,Luxembourg-Campagne,Bertrange,Hommes,Salariés,1570
2024.03.29,Luxembourg-Campagne,Bertrange,Hommes,Non-salariés,250
2024.03.29,Luxembourg-Campagne,Contern,Femmes,Salariés,780
2024.03.29,Luxembourg-Campagne,Contern,Femmes,Non-salariés,70
2024.03.29,Luxembourg-Campagne,Contern,Hommes,Salariés,840
2024.03.29,Luxembourg-Campagne,Contern,Hommes,Non-salariés,110
2024.03.29,Luxembourg-Campagne,Hesperange,Femmes,Salariés,3050
2024.03.29,Luxembourg-Campagne,Hesperange,Femmes,Non-salariés,290
2024.03.29,Luxembourg-Campagne,Hesperange,Hommes,Salariés,3430
2024.03.29,Luxembourg-Campagne,Hesperange,Hommes,Non-salariés,400
2024.03.29,Luxembourg-Campagne,Niederanven,Femmes,Salariés,890
2024.03.29,Luxembourg-Campagne,Niederanven,Femmes,Non-salariés,140
2024.03.29,Luxembourg-Campagne,Niederanven,Hommes,Salariés,970
2024.03.29,Luxembourg-Campagne,Niederanven,Hommes,Non-salariés,220
2024.03.29,Luxembourg-Campagne,Sandweiler,Femmes,Salariés,630
2024.03.29,Luxembourg-Campagne,Sandweiler,Femmes,Non-salariés,50
2024.03.29,Luxembourg-Campagne,Sandweiler,Hommes,Salariés,680
2024.03.29,Luxembourg-Campagne,Sandweiler,Hommes,Non-salariés,80
2024.03.29,Luxembourg-Campagne,Schuttrange,Femmes,Salariés,680
2024.03.29,Luxembourg-Campagne,Schuttrange,Femmes,Non-salariés,70
2024.03.29,Luxembourg-Campagne,Schuttrange,Hommes,Salariés,730
2024.03.29,Luxembourg-Campagne,Schuttrange,Hommes,Non-salariés,120
2024.03.29,Luxembourg-Campagne,Steinsel,Femmes,Salariés,920
2024.03.29,Luxembourg-Campagne,Steinsel,Femmes,Non-salariés,80
2024.03.29,Luxembourg-Campagne,Steinsel,Hommes,Salariés,1000
2024.03.29,Luxembourg-Campagne,Steinsel,Hommes,Non-salariés,140
2024.03.29,Luxembourg-Campagne,Strassen,Femmes,Salariés,1840
2024.03.29,Luxembourg-Campagne,Strassen,Femmes,Non-salariés,220
2024.03.29,Luxembourg-Campagne,Strassen,Hommes,Salariés,2040
2024.03.29,Luxembourg-Campagne,Strassen,Hommes,Non-salariés,300
2024.03.29,Luxembourg-Campagne,Walferdange,Femmes,Salariés,1510
2024.03.29,Luxembourg-Campagne,Walferdange,Femmes,Non-salariés,160
2024.03.29,Luxembourg-Campagne,Walferdange,Hommes,Salariés,1650
2024.03.29,Luxembourg-Campagne,Walferdange,Hommes,Non-salariés,210
2024.03.29,Luxembourg-Campagne,Weiler-la-Tour,Femmes,Salariés,460
2024.03.29,Luxembourg-Campagne,Weiler-la-Tour,Femmes,Non-salariés,40
2024.03.29,Luxembourg-Campagne,Weiler-la-Tour,Hommes,Salariés,510
2024.03.29,Luxembourg-Campagne,Weiler-la-Tour,Hommes,Non-salariés,60
2024.03.29,Luxembourg-Ville,Luxembourg,Femmes,Salariés,22350
2024.03.29,Luxembourg-Ville,Luxembourg,Femmes,Non-salariés,2030
2024.03.29,Luxembourg-Ville,Luxembourg,Hommes,Salariés,27050
2024.03.29,Luxembourg-Ville,Luxembourg,Hommes,Non-salariés,2990
2024.03.29,Mersch,Bissen,Femmes,Salariés,720
2024.03.29,Mersch,Bissen,Femmes,Non-salariés,40
2024.03.29,Mersch,Bissen,Hommes,Salariés,780
2024.03.29,Mersch,Bissen,Hommes,Non-salariés,60
2024.03.29,Mersch,Colmar-Berg,Femmes,Salariés,530
2024.03.29,Mersch,Colmar-Berg,Femmes,Non-salariés,20
2024.03.29,Mersch,Colmar-Berg,Hommes,Salariés,560
2024.03.29,Mersch,Colmar-Berg,Hommes,Non-salariés,30
2024.03.29,Mersch,Fischbach,Femmes,Salariés,260
2024.03.29,Mersch,Fischbach,Femmes,Non-salariés,20
2024.03.29,Mersch,Fischbach,Hommes,Salariés,300
2024.03.29,Mersch,Fischbach,Hommes,Non-salariés,30
2024.03.29,Mersch,Heffingen,Femmes,Salariés,300
2024.03.29,Mersch,Heffingen,Femmes,Non-salariés,30
2024.03.29,Mersch,Heffingen,Hommes,Salariés,320
2024.03.29,Mersch,Heffingen,Hommes,Non-salariés,50
2024.03.29,Mersch,Helperknapp,Femmes,Salariés,990
2024.03.29,Mersch,Helperknapp,Femmes,Non-salariés,80
2024.03.29,Mersch,Helperknapp,Hommes,Salariés,1090
2024.03.29,Mersch,Helperknapp,Hommes,Non-salariés,110
2024.03.29,Mersch,Larochette,Femmes,Salariés,460
2024.03.29,Mersch,Larochette,Femmes,Non-salariés,30
2024.03.29,Mersch,Larochette,Hommes,Salariés,520
2024.03.29,Mersch,Larochette,Hommes,Non-salariés,30
2024.03.29,Mersch,Lintgen,Femmes,Salariés,730
2024.03.29,Mersch,Lintgen,Femmes,Non-salariés,40
2024.03.29,Mersch,Lintgen,Hommes,Salariés,790
2024.03.29,Mersch,Lintgen,Hommes,Non-salariés,70
2024.03.29,Mersch,Lorentzweiler,Femmes,Salariés,820
2024.03.29,Mersch,Lorentzweiler,Femmes,Non-salariés,70
2024.03.29,Mersch,Lorentzweiler,Hommes,Salariés,870
2024.03.29,Mersch,Lorentzweiler,Hommes,Non-salariés,120
2024.03.29,Mersch,Mersch,Femmes,Salariés,1950
2024.03.29,Mersch,Mersch,Femmes,Non-salariés,140
2024.03.29,Mersch,Mersch,Hommes,Salariés,2210
2024.03.29,Mersch,Mersch,Hommes,Non-salariés,200
2024.03.29,Mersch,Nommern,Femmes,Salariés,300
2024.03.29,Mersch,Nommern,Femmes,Non-salariés,30
2024.03.29,Mersch,Nommern,Hommes,Salariés,310
2024.03.29,Mersch,Nommern,Hommes,Non-salariés,50
2024.03.29,Non déterminé,Non déterminé,Femmes,Salariés,60
2024.03.29,Non déterminé,Non déterminé,Femmes,Non-salariés,0
2024.03.29,Non déterminé,Non déterminé,Hommes,Salariés,70
2024.03.29,Non déterminé,Non déterminé,Hommes,Non-salariés,10
2024.03.29,Redange,Beckerich,Femmes,Salariés,520
2024.03.29,Redange,Beckerich,Femmes,Non-salariés,40
2024.03.29,Redange,Beckerich,Hommes,Salariés,600
2024.03.29,Redange,Beckerich,Hommes,Non-salariés,70
2024.03.29,Redange,Ell,Femmes,Salariés,340
2024.03.29,Redange,Ell,Femmes,Non-salariés,30
2024.03.29,Redange,Ell,Hommes,Salariés,370
2024.03.29,Redange,Ell,Hommes,Non-salariés,60
2024.03.29,Redange,Groussbus-Wal,Femmes,Salariés,460
2024.03.29,Redange,Groussbus-Wal,Femmes,Non-salariés,40
2024.03.29,Redange,Groussbus-Wal,Hommes,Salariés,480
2024.03.29,Redange,Groussbus-Wal,Hommes,Non-salariés,60
2024.03.29,Redange,Préizerdaul,Femmes,Salariés,340
2024.03.29,Redange,Préizerdaul,Femmes,Non-salariés,30
2024.03.29,Redange,Préizerdaul,Hommes,Salariés,400
2024.03.29,Redange,Préizerdaul,Hommes,Non-salariés,40
2024.03.29,Redange,Rambrouch,Femmes,Salariés,850
2024.03.29,Redange,Rambrouch,Femmes,Non-salariés,80
2024.03.29,Redange,Rambrouch,Hommes,Salariés,1040
2024.03.29,Redange,Rambrouch,Hommes,Non-salariés,160
2024.03.29,Redange,Redange/Attert,Femmes,Salariés,590
2024.03.29,Redange,Redange/Attert,Femmes,Non-salariés,50
2024.03.29,Redange,Redange/Attert,Hommes,Salariés,620
2024.03.29,Redange,Redange/Attert,Hommes,Non-salariés,100
2024.03.29,Redange,Saeul,Femmes,Salariés,190
2024.03.29,Redange,Saeul,Femmes,Non-salariés,20
2024.03.29,Redange,Saeul,Hommes,Salariés,210
2024.03.29,Redange,Saeul,Hommes,Non-salariés,40
2024.03.29,Redange,Useldange,Femmes,Salariés,410
2024.03.29,Redange,Useldange,Femmes,Non-salariés,30
2024.03.29,Redange,Useldange,Hommes,Salariés,450
2024.03.29,Redange,Useldange,Hommes,Non-salariés,50
2024.03.29,Redange,Vichten,Femmes,Salariés,290
2024.03.29,Redange,Vichten,Femmes,Non-salariés,20
2024.03.29,Redange,Vichten,Hommes,Salariés,330
2024.03.29,Redange,Vichten,Hommes,Non-salariés,20
2024.03.29,Remich,Bous-Waldbredimus,Femmes,Salariés,610
2024.03.29,Remich,Bous-Waldbredimus,Femmes,Non-salariés,50
2024.03.29,Remich,Bous-Waldbredimus,Hommes,Salariés,690
2024.03.29,Remich,Bous-Waldbredimus,Hommes,Non-salariés,90
2024.03.29,Remich,Dalheim,Femmes,Salariés,440
2024.03.29,Remich,Dalheim,Femmes,Non-salariés,40
2024.03.29,Remich,Dalheim,Hommes,Salariés,490
2024.03.29,Remich,Dalheim,Hommes,Non-salariés,70
2024.03.29,Remich,Lenningen,Femmes,Salariés,390
2024.03.29,Remich,Lenningen,Femmes,Non-salariés,40
2024.03.29,Remich,Lenningen,Hommes,Salariés,400
2024.03.29,Remich,Lenningen,Hommes,Non-salariés,50
2024.03.29,Remich,Mondorf-les-Bains,Femmes,Salariés,910
2024.03.29,Remich,Mondorf-les-Bains,Femmes,Non-salariés,80
2024.03.29,Remich,Mondorf-les-Bains,Hommes,Salariés,980
2024.03.29,Remich,Mondorf-les-Bains,Hommes,Non-salariés,130
2024.03.29,Remich,Remich,Femmes,Salariés,680
2024.03.29,Remich,Remich,Femmes,Non-salariés,60
2024.03.29,Remich,Remich,Hommes,Salariés,780
2024.03.29,Remich,Remich,Hommes,Non-salariés,100
2024.03.29,Remich,Schengen,Femmes,Salariés,980
2024.03.29,Remich,Schengen,Femmes,Non-salariés,90
2024.03.29,Remich,Schengen,Hommes,Salariés,1010
2024.03.29,Remich,Schengen,Hommes,Non-salariés,160
2024.03.29,Remich,Stadtbredimus,Femmes,Salariés,380
2024.03.29,Remich,Stadtbredimus,Femmes,Non-salariés,40
2024.03.29,Remich,Stadtbredimus,Hommes,Salariés,440
2024.03.29,Remich,Stadtbredimus,Hommes,Non-salariés,50
2024.03.29,Vianden,Putscheid,Femmes,Salariés,220
2024.03.29,Vianden,Putscheid,Femmes,Non-salariés,20
2024.03.29,Vianden,Putscheid,Hommes,Salariés,240
2024.03.29,Vianden,Putscheid,Hommes,Non-salariés,30
2024.03.29,Vianden,Tandel,Femmes,Salariés,450
2024.03.29,Vianden,Tandel,Femmes,Non-salariés,30
2024.03.29,Vianden,Tandel,Hommes,Salariés,500
2024.03.29,Vianden,Tandel,Hommes,Non-salariés,60
2024.03.29,Vianden,Vianden,Femmes,Salariés,390
2024.03.29,Vianden,Vianden,Femmes,Non-salariés,30
2024.03.29,Vianden,Vianden,Hommes,Salariés,460
2024.03.29,Vianden,Vianden,Hommes,Non-salariés,30
2024.03.29,Wiltz,Boulaide,Femmes,Salariés,280
2024.03.29,Wiltz,Boulaide,Femmes,Non-salariés,20
2024.03.29,Wiltz,Boulaide,Hommes,Salariés,300
2024.03.29,Wiltz,Boulaide,Hommes,Non-salariés,40
2024.03.29,Wiltz,Esch-sur-Sûre,Femmes,Salariés,620
2024.03.29,Wiltz,Esch-sur-Sûre,Femmes,Non-salariés,50
2024.03.29,Wiltz,Esch-sur-Sûre,Hommes,Salariés,700
2024.03.29,Wiltz,Esch-sur-Sûre,Hommes,Non-salariés,90
2024.03.29,Wiltz,Goesdorf,Femmes,Salariés,320
2024.03.29,Wiltz,Goesdorf,Femmes,Non-salariés,40
2024.03.29,Wiltz,Goesdorf,Hommes,Salariés,390
2024.03.29,Wiltz,Goesdorf,Hommes,Non-salariés,40
2024.03.29,Wiltz,Kiischpelt,Femmes,Salariés,240
2024.03.29,Wiltz,Kiischpelt,Femmes,Non-salariés,30
2024.03.29,Wiltz,Kiischpelt,Hommes,Salariés,280
2024.03.29,Wiltz,Kiischpelt,Hommes,Non-salariés,30
2024.03.29,Wiltz,Lac de la Haute-Sûre,Femmes,Salariés,420
2024.03.29,Wiltz,Lac de la Haute-Sûre,Femmes,Non-salariés,40
2024.03.29,Wiltz,Lac de la Haute-Sûre,Hommes,Salariés,440
2024.03.29,Wiltz,Lac de la Haute-Sûre,Hommes,Non-salariés,80
2024.03.29,Wiltz,Wiltz,Femmes,Salariés,1420
2024.03.29,Wiltz,Wiltz,Femmes,Non-salariés,80
2024.03.29,Wiltz,Wiltz,Hommes,Salariés,1640
2024.03.29,Wiltz,Wiltz,Hommes,Non-salariés,140
2024.03.29,Wiltz,Winseler,Femmes,Salariés,250
2024.03.29,Wiltz,Winseler,Femmes,Non-salariés,20
2024.03.29,Wiltz,Winseler,Hommes,Salariés,290
2024.03.29,Wiltz,Winseler,Hommes,Non-salariés,70
2024.09.30,Capellen,Dippach,Femmes,Salariés,860
2024.09.30,Capellen,Dippach,Femmes,Non-salariés,80
2024.09.30,Capellen,Dippach,Hommes,Salariés,930
2024.09.30,Capellen,Dippach,Hommes,Non-salariés,100
2024.09.30,Capellen,Garnich,Femmes,Salariés,380
2024.09.30,Capellen,Garnich,Femmes,Non-salariés,50
2024.09.30,Capellen,Garnich,Hommes,Salariés,440
2024.09.30,Capellen,Garnich,Hommes,Non-salariés,70
2024.09.30,Capellen,Habscht,Femmes,Salariés,990
2024.09.30,Capellen,Habscht,Femmes,Non-salariés,90
2024.09.30,Capellen,Habscht,Hommes,Salariés,1090
2024.09.30,Capellen,Habscht,Hommes,Non-salariés,150
2024.09.30,Capellen,Käerjeng,Femmes,Salariés,2050
2024.09.30,Capellen,Käerjeng,Femmes,Non-salariés,130
2024.09.30,Capellen,Käerjeng,Hommes,Salariés,2200
2024.09.30,Capellen,Käerjeng,Hommes,Non-salariés,210
2024.09.30,Capellen,Kehlen,Femmes,Salariés,1130
2024.09.30,Capellen,Kehlen,Femmes,Non-salariés,140
2024.09.30,Capellen,Kehlen,Hommes,Salariés,1190
2024.09.30,Capellen,Kehlen,Hommes,Non-salariés,200
2024.09.30,Capellen,Koerich,Femmes,Salariés,470
2024.09.30,Capellen,Koerich,Femmes,Non-salariés,40
2024.09.30,Capellen,Koerich,Hommes,Salariés,520
2024.09.30,Capellen,Koerich,Hommes,Non-salariés,80
2024.09.30,Capellen,Kopstal,Femmes,Salariés,720
2024.09.30,Capellen,Kopstal,Femmes,Non-salariés,110
2024.09.30,Capellen,Kopstal,Hommes,Salariés,760
2024.09.30,Capellen,Kopstal,Hommes,Non-salariés,180
2024.09.30,Capellen,Mamer,Femmes,Salariés,1620
2024.09.30,Capellen,Mamer,Femmes,Non-salariés,200
2024.09.30,Capellen,Mamer,Hommes,Salariés,1790
2024.09.30,Capellen,Mamer,Hommes,Non-salariés,290
2024.09.30,Capellen,Steinfort,Femmes,Salariés,1060
2024.09.30,Capellen,Steinfort,Femmes,Non-salariés,110
2024.09.30,Capellen,Steinfort,Hommes,Salariés,1170
2024.09.30,Capellen,Steinfort,Hommes,Non-salariés,120
2024.09.30,Clervaux,Clervaux,Femmes,Salariés,1110
2024.09.30,Clervaux,Clervaux,Femmes,Non-salariés,100
2024.09.30,Clervaux,Clervaux,Hommes,Salariés,1260
2024.09.30,Clervaux,Clervaux,Hommes,Non-salariés,160
2024.09.30,Clervaux,Parc Hosingen,Femmes,Salariés,870
2024.09.30,Clervaux,Parc Hosingen,Femmes,Non-salariés,40
2024.09.30,Clervaux,Parc Hosingen,Hommes,Salariés,930
2024.09.30,Clervaux,Parc Hosingen,Hommes,Non-salariés,90
2024.09.30,Clervaux,Troisvierges,Femmes,Salariés,620
2024.09.30,Clervaux,Troisvierges,Femmes,Non-salariés,40
2024.09.30,Clervaux,Troisvierges,Hommes,Salariés,770
2024.09.30,Clervaux,Troisvierges,Hommes,Non-salariés,110
2024.09.30,Clervaux,Weiswampach,Femmes,Salariés,480
2024.09.30,Clervaux,Weiswampach,Femmes,Non-salariés,40
2024.09.30,Clervaux,Weiswampach,Hommes,Salariés,570
2024.09.30,Clervaux,Weiswampach,Hommes,Non-salariés,100
2024.09.30,Clervaux,Wincrange,Femmes,Salariés,850
2024.09.30,Clervaux,Wincrange,Femmes,Non-salariés,100
2024.09.30,Clervaux,Wincrange,Hommes,Salariés,960
2024.09.30,Clervaux,Wincrange,Hommes,Non-salariés,210
2024.09.30,Diekirch,Bettendorf,Femmes,Salariés,600
2024.09.30,Diekirch,Bettendorf,Femmes,Non-salariés,30
2024.09.30,Diekirch,Bettendorf,Hommes,Salariés,670
2024.09.30,Diekirch,Bettendorf,Hommes,Non-salariés,50
2024.09.30,Diekirch,Bourscheid,Femmes,Salariés,330
2024.09.30,Diekirch,Bourscheid,Femmes,Non-salariés,30
2024.09.30,Diekirch,Bourscheid,Hommes,Salariés,390
2024.09.30,Diekirch,Bourscheid,Hommes,Non-salariés,50
2024.09.30,Diekirch,Diekirch,Femmes,Salariés,1350
2024.09.30,Diekirch,Diekirch,Femmes,Non-salariés,80
2024.09.30,Diekirch,Diekirch,Hommes,Salariés,1540
2024.09.30,Diekirch,Diekirch,Hommes,Non-salariés,140
2024.09.30,Diekirch,Erpeldange-sur-Sûre,Femmes,Salariés,480
2024.09.30,Diekirch,Erpeldange-sur-Sûre,Femmes,Non-salariés,40
2024.09.30,Diekirch,Erpeldange-sur-Sûre,Hommes,Salariés,510
2024.09.30,Diekirch,Erpeldange-sur-Sûre,Hommes,Non-salariés,60
2024.09.30,Diekirch,Ettelbruck,Femmes,Salariés,1820
2024.09.30,Diekirch,Ettelbruck,Femmes,Non-salariés,100
2024.09.30,Diekirch,Ettelbruck,Hommes,Salariés,2050
2024.09.30,Diekirch,Ettelbruck,Hommes,Non-salariés,150
2024.09.30,Diekirch,Feulen,Femmes,Salariés,480
2024.09.30,Diekirch,Feulen,Femmes,Non-salariés,30
2024.09.30,Diekirch,Feulen,Hommes,Salariés,550
2024.09.30,Diekirch,Feulen,Hommes,Non-salariés,40
2024.09.30,Diekirch,Mertzig,Femmes,Salariés,500
2024.09.30,Diekirch,Mertzig,Femmes,Non-salariés,20
2024.09.30,Diekirch,Mertzig,Hommes,Salariés,500
2024.09.30,Diekirch,Mertzig,Hommes,Non-salariés,40
2024.09.30,Diekirch,Reisdorf,Femmes,Salariés,270
2024.09.30,Diekirch,Reisdorf,Femmes,Non-salariés,20
2024.09.30,Diekirch,Reisdorf,Hommes,Salariés,330
2024.09.30,Diekirch,Reisdorf,Hommes,Non-salariés,20
2024.09.30,Diekirch,Schieren,Femmes,Salariés,470
2024.09.30,Diekirch,Schieren,Femmes,Non-salariés,20
2024.09.30,Diekirch,Schieren,Hommes,Salariés,500
2024.09.30,Diekirch,Schieren,Hommes,Non-salariés,40
2024.09.30,Diekirch,Vallée de l'Ernz,Femmes,Salariés,560
2024.09.30,Diekirch,Vallée de l'Ernz,Femmes,Non-salariés,70
2024.09.30,Diekirch,Vallée de l'Ernz,Hommes,Salariés,640
2024.09.30,Diekirch,Vallée de l'Ernz,Hommes,Non-salariés,70
2024.09.30,Echternach,Beaufort,Femmes,Salariés,590
2024.09.30,Echternach,Beaufort,Femmes,Non-salariés,30
2024.09.30,Echternach,Beaufort,Hommes,Salariés,690
2024.09.30,Echternach,Beaufort,Hommes,Non-salariés,40
2024.09.30,Echternach,Bech,Femmes,Salariés,240
2024.09.30,Echternach,Bech,Femmes,Non-salariés,20
2024.09.30,Echternach,Bech,Hommes,Salariés,250
2024.09.30,Echternach,Bech,Hommes,Non-salariés,40
2024.09.30,Echternach,Berdorf,Femmes,Salariés,370
2024.09.30,Echternach,Berdorf,Femmes,Non-salariés,40
2024.09.30,Echternach,Berdorf,Hommes,Salariés,440
2024.09.30,Echternach,Berdorf,Hommes,Non-salariés,50
2024.09.30,Echternach,Consdorf,Femmes,Salariés,380
2024.09.30,Echternach,Consdorf,Femmes,Non-salariés,30
2024.09.30,Echternach,Consdorf,Hommes,Salariés,420
2024.09.30,Echternach,Consdorf,Hommes,Non-salariés,60
2024.09.30,Echternach,Echternach,Femmes,Salariés,1060
2024.09.30,Echternach,Echternach,Femmes,Non-salariés,80
2024.09.30,Echternach,Echternach,Hommes,Salariés,1140
2024.09.30,Echternach,Echternach,Hommes,Non-salariés,110
2024.09.30,Echternach,Rosport-Mompach,Femmes,Salariés,690
2024.09.30,Echternach,Rosport-Mompach,Femmes,Non-salariés,60
2024.09.30,Echternach,Rosport-Mompach,Hommes,Salariés,750
2024.09.30,Echternach,Rosport-Mompach,Hommes,Non-salariés,110
2024.09.30,Echternach,Waldbillig,Femmes,Salariés,400
2024.09.30,Echternach,Waldbillig,Femmes,Non-salariés,40
2024.09.30,Echternach,Waldbillig,Hommes,Salariés,440
2024.09.30,Echternach,Waldbillig,Hommes,Non-salariés,40
2024.09.30,Esch-Sur-Alzette,Bettembourg,Femmes,Salariés,2160
2024.09.30,Esch-Sur-Alzette,Bettembourg,Femmes,Non-salariés,170
2024.09.30,Esch-Sur-Alzette,Bettembourg,Hommes,Salariés,2340
2024.09.30,Esch-Sur-Alzette,Bettembourg,Hommes,Non-salariés,200
2024.09.30,Esch-Sur-Alzette,Differdange,Femmes,Salariés,6000
2024.09.30,Esch-Sur-Alzette,Differdange,Femmes,Non-salariés,240
2024.09.30,Esch-Sur-Alzette,Differdange,Hommes,Salariés,7010
2024.09.30,Esch-Sur-Alzette,Differdange,Hommes,Non-salariés,270
2024.09.30,Esch-Sur-Alzette,Dudelange,Femmes,Salariés,4220
2024.09.30,Esch-Sur-Alzette,Dudelange,Femmes,Non-salariés,220
2024.09.30,Esch-Sur-Alzette,Dudelange,Hommes,Salariés,4660
2024.09.30,Esch-Sur-Alzette,Dudelange,Hommes,Non-salariés,340
2024.09.30,Esch-Sur-Alzette,Esch-sur-Alzette,Femmes,Salariés,7000
2024.09.30,Esch-Sur-Alzette,Esch-sur-Alzette,Femmes,Non-salariés,330
2024.09.30,Esch-Sur-Alzette,Esch-sur-Alzette,Hommes,Salariés,8140
2024.09.30,Esch-Sur-Alzette,Esch-sur-Alzette,Hommes,Non-salariés,470
2024.09.30,Esch-Sur-Alzette,Frisange,Femmes,Salariés,970
2024.09.30,Esch-Sur-Alzette,Frisange,Femmes,Non-salariés,60
2024.09.30,Esch-Sur-Alzette,Frisange,Hommes,Salariés,1030
2024.09.30,Esch-Sur-Alzette,Frisange,Hommes,Non-salariés,130
2024.09.30,Esch-Sur-Alzette,Kayl,Femmes,Salariés,1940
2024.09.30,Esch-Sur-Alzette,Kayl,Femmes,Non-salariés,100
2024.09.30,Esch-Sur-Alzette,Kayl,Hommes,Salariés,2140
2024.09.30,Esch-Sur-Alzette,Kayl,Hommes,Non-salariés,120
2024.09.30,Esch-Sur-Alzette,Leudelange,Femmes,Salariés,490
2024.09.30,Esch-Sur-Alzette,Leudelange,Femmes,Non-salariés,60
2024.09.30,Esch-Sur-Alzette,Leudelange,Hommes,Salariés,540
2024.09.30,Esch-Sur-Alzette,Leudelange,Hommes,Non-salariés,90
2024.09.30,Esch-Sur-Alzette,Mondercange,Femmes,Salariés,1280
2024.09.30,Esch-Sur-Alzette,Mondercange,Femmes,Non-salariés,100
2024.09.30,Esch-Sur-Alzette,Mondercange,Hommes,Salariés,1390
2024.09.30,Esch-Sur-Alzette,Mondercange,Hommes,Non-salariés,180
2024.09.30,Esch-Sur-Alzette,Pétange,Femmes,Salariés,3980
2024.09.30,Esch-Sur-Alzette,Pétange,Femmes,Non-salariés,180
2024.09.30,Esch-Sur-Alzette,Pétange,Hommes,Salariés,4590
2024.09.30,Esch-Sur-Alzette,Pétange,Hommes,Non-salariés,230
2024.09.30,Esch-Sur-Alzette,Reckange-sur-Mess,Femmes,Salariés,560
2024.09.30,Esch-Sur-Alzette,Reckange-sur-Mess,Femmes,Non-salariés,60
2024.09.30,Esch-Sur-Alzette,Reckange-sur-Mess,Hommes,Salariés,570
2024.09.30,Esch-Sur-Alzette,Reckange-sur-Mess,Hommes,Non-salariés,90
2024.09.30,Esch-Sur-Alzette,Roeser,Femmes,Salariés,1360
2024.09.30,Esch-Sur-Alzette,Roeser,Femmes,Non-salariés,100
2024.09.30,Esch-Sur-Alzette,Roeser,Hommes,Salariés,1500
2024.09.30,Esch-Sur-Alzette,Roeser,Hommes,Non-salariés,180
2024.09.30,Esch-Sur-Alzette,Rumelange,Femmes,Salariés,1040
2024.09.30,Esch-Sur-Alzette,Rumelange,Femmes,Non-salariés,60
2024.09.30,Esch-Sur-Alzette,Rumelange,Hommes,Salariés,1220
2024.09.30,Esch-Sur-Alzette,Rumelange,Hommes,Non-salariés,70
2024.09.30,Esch-Sur-Alzette,Sanem,Femmes,Salariés,3650
2024.09.30,Esch-Sur-Alzette,Sanem,Femmes,Non-salariés,190
2024.09.30,Esch-Sur-Alzette,Sanem,Hommes,Salariés,3990
2024.09.30,Esch-Sur-Alzette,Sanem,Hommes,Non-salariés,290
2024.09.30,Esch-Sur-Alzette,Schifflange,Femmes,Salariés,2370
2024.09.30,Esch-Sur-Alzette,Schifflange,Femmes,Non-salariés,100
2024.09.30,Esch-Sur-Alzette,Schifflange,Hommes,Salariés,2540
2024.09.30,Esch-Sur-Alzette,Schifflange,Hommes,Non-salariés,150
2024.09.30,Grevenmacher,Betzdorf,Femmes,Salariés,670
2024.09.30,Grevenmacher,Betzdorf,Femmes,Non-salariés,50
2024.09.30,Grevenmacher,Betzdorf,Hommes,Salariés,760
2024.09.30,Grevenmacher,Betzdorf,Hommes,Non-salariés,110
2024.09.30,Grevenmacher,Biwer,Femmes,Salariés,320
2024.09.30,Grevenmacher,Biwer,Femmes,Non-salariés,30
2024.09.30,Grevenmacher,Biwer,Hommes,Salariés,380
2024.09.30,Grevenmacher,Biwer,Hommes,Non-salariés,40
2024.09.30,Grevenmacher,Flaxweiler,Femmes,Salariés,390
2024.09.30,Grevenmacher,Flaxweiler,Femmes,Non-salariés,40
2024.09.30,Grevenmacher,Flaxweiler,Hommes,Salariés,470
2024.09.30,Grevenmacher,Flaxweiler,Hommes,Non-salariés,70
2024.09.30,Grevenmacher,Grevenmacher,Femmes,Salariés,940
2024.09.30,Grevenmacher,Grevenmacher,Femmes,Non-salariés,40
2024.09.30,Grevenmacher,Grevenmacher,Hommes,Salariés,1050
2024.09.30,Grevenmacher,Grevenmacher,Hommes,Non-salariés,100
2024.09.30,Grevenmacher,Junglinster,Femmes,Salariés,1450
2024.09.30,Grevenmacher,Junglinster,Femmes,Non-salariés,170
2024.09.30,Grevenmacher,Junglinster,Hommes,Salariés,1580
2024.09.30,Grevenmacher,Junglinster,Hommes,Non-salariés,220
2024.09.30,Grevenmacher,Manternach,Femmes,Salariés,460
2024.09.30,Grevenmacher,Manternach,Femmes,Non-salariés,20
2024.09.30,Grevenmacher,Manternach,Hommes,Salariés,440
2024.09.30,Grevenmacher,Manternach,Hommes,Non-salariés,60
2024.09.30,Grevenmacher,Mertert,Femmes,Salariés,1060
2024.09.30,Grevenmacher,Mertert,Femmes,Non-salariés,70
2024.09.30,Grevenmacher,Mertert,Hommes,Salariés,1150
2024.09.30,Grevenmacher,Mertert,Hommes,Non-salariés,90
2024.09.30,Grevenmacher,Wormeldange,Femmes,Salariés,590
2024.09.30,Grevenmacher,Wormeldange,Femmes,Non-salariés,50
2024.09.30,Grevenmacher,Wormeldange,Hommes,Salariés,640
2024.09.30,Grevenmacher,Wormeldange,Hommes,Non-salariés,110
2024.09.30,Luxembourg-Campagne,Bertrange,Femmes,Salariés,1450
2024.09.30,Luxembourg-Campagne,Bertrange,Femmes,Non-salariés,160
2024.09.30,Luxembourg-Campagne,Bertrange,Hommes,Salariés,1580
2024.09.30,Luxembourg-Campagne,Bertrange,Hommes,Non-salariés,260
2024.09.30,Luxembourg-Campagne,Contern,Femmes,Salariés,790
2024.09.30,Luxembourg-Campagne,Contern,Femmes,Non-salariés,80
2024.09.30,Luxembourg-Campagne,Contern,Hommes,Salariés,840
2024.09.30,Luxembourg-Campagne,Contern,Hommes,Non-salariés,110
2024.09.30,Luxembourg-Campagne,Hesperange,Femmes,Salariés,3010
2024.09.30,Luxembourg-Campagne,Hesperange,Femmes,Non-salariés,290
2024.09.30,Luxembourg-Campagne,Hesperange,Hommes,Salariés,3430
2024.09.30,Luxembourg-Campagne,Hesperange,Hommes,Non-salariés,390
2024.09.30,Luxembourg-Campagne,Niederanven,Femmes,Salariés,900
2024.09.30,Luxembourg-Campagne,Niederanven,Femmes,Non-salariés,160
2024.09.30,Luxembourg-Campagne,Niederanven,Hommes,Salariés,980
2024.09.30,Luxembourg-Campagne,Niederanven,Hommes,Non-salariés,220
2024.09.30,Luxembourg-Campagne,Sandweiler,Femmes,Salariés,650
2024.09.30,Luxembourg-Campagne,Sandweiler,Femmes,Non-salariés,40
2024.09.30,Luxembourg-Campagne,Sandweiler,Hommes,Salariés,670
2024.09.30,Luxembourg-Campagne,Sandweiler,Hommes,Non-salariés,90
2024.09.30,Luxembourg-Campagne,Schuttrange,Femmes,Salariés,640
2024.09.30,Luxembourg-Campagne,Schuttrange,Femmes,Non-salariés,80
2024.09.30,Luxembourg-Campagne,Schuttrange,Hommes,Salariés,740
2024.09.30,Luxembourg-Campagne,Schuttrange,Hommes,Non-salariés,120
2024.09.30,Luxembourg-Campagne,Steinsel,Femmes,Salariés,970
2024.09.30,Luxembourg-Campagne,Steinsel,Femmes,Non-salariés,90
2024.09.30,Luxembourg-Campagne,Steinsel,Hommes,Salariés,1050
2024.09.30,Luxembourg-Campagne,Steinsel,Hommes,Non-salariés,150
2024.09.30,Luxembourg-Campagne,Strassen,Femmes,Salariés,1800
2024.09.30,Luxembourg-Campagne,Strassen,Femmes,Non-salariés,220
2024.09.30,Luxembourg-Campagne,Strassen,Hommes,Salariés,2050
2024.09.30,Luxembourg-Campagne,Strassen,Hommes,Non-salariés,300
2024.09.30,Luxembourg-Campagne,Walferdange,Femmes,Salariés,1520
2024.09.30,Luxembourg-Campagne,Walferdange,Femmes,Non-salariés,160
2024.09.30,Luxembourg-Campagne,Walferdange,Hommes,Salariés,1630
2024.09.30,Luxembourg-Campagne,Walferdange,Hommes,Non-salariés,210
2024.09.30,Luxembourg-Campagne,Weiler-la-Tour,Femmes,Salariés,470
2024.09.30,Luxembourg-Campagne,Weiler-la-Tour,Femmes,Non-salariés,30
2024.09.30,Luxembourg-Campagne,Weiler-la-Tour,Hommes,Salariés,490
2024.09.30,Luxembourg-Campagne,Weiler-la-Tour,Hommes,Non-salariés,60
2024.09.30,Luxembourg-Ville,Luxembourg,Femmes,Salariés,22400
2024.09.30,Luxembourg-Ville,Luxembourg,Femmes,Non-salariés,2050
2024.09.30,Luxembourg-Ville,Luxembourg,Hommes,Salariés,26940
2024.09.30,Luxembourg-Ville,Luxembourg,Hommes,Non-salariés,2980
2024.09.30,Mersch,Bissen,Femmes,Salariés,700
2024.09.30,Mersch,Bissen,Femmes,Non-salariés,40
2024.09.30,Mersch,Bissen,Hommes,Salariés,760
2024.09.30,Mersch,Bissen,Hommes,Non-salariés,60
2024.09.30,Mersch,Colmar-Berg,Femmes,Salariés,530
2024.09.30,Mersch,Colmar-Berg,Femmes,Non-salariés,20
2024.09.30,Mersch,Colmar-Berg,Hommes,Salariés,560
2024.09.30,Mersch,Colmar-Berg,Hommes,Non-salariés,30
2024.09.30,Mersch,Fischbach,Femmes,Salariés,270
2024.09.30,Mersch,Fischbach,Femmes,Non-salariés,20
2024.09.30,Mersch,Fischbach,Hommes,Salariés,290
2024.09.30,Mersch,Fischbach,Hommes,Non-salariés,40
2024.09.30,Mersch,Heffingen,Femmes,Salariés,310
2024.09.30,Mersch,Heffingen,Femmes,Non-salariés,30
2024.09.30,Mersch,Heffingen,Hommes,Salariés,320
2024.09.30,Mersch,Heffingen,Hommes,Non-salariés,50
2024.09.30,Mersch,Helperknapp,Femmes,Salariés,1000
2024.09.30,Mersch,Helperknapp,Femmes,Non-salariés,90
2024.09.30,Mersch,Helperknapp,Hommes,Salariés,1110
2024.09.30,Mersch,Helperknapp,Hommes,Non-salariés,110
2024.09.30,Mersch,Larochette,Femmes,Salariés,440
2024.09.30,Mersch,Larochette,Femmes,Non-salariés,30
2024.09.30,Mersch,Larochette,Hommes,Salariés,520
2024.09.30,Mersch,Larochette,Hommes,Non-salariés,30
2024.09.30,Mersch,Lintgen,Femmes,Salariés,700
2024.09.30,Mersch,Lintgen,Femmes,Non-salariés,50
2024.09.30,Mersch,Lintgen,Hommes,Salariés,780
2024.09.30,Mersch,Lintgen,Hommes,Non-salariés,60
2024.09.30,Mersch,Lorentzweiler,Femmes,Salariés,800
2024.09.30,Mersch,Lorentzweiler,Femmes,Non-salariés,70
2024.09.30,Mersch,Lorentzweiler,Hommes,Salariés,870
2024.09.30,Mersch,Lorentzweiler,Hommes,Non-salariés,110
2024.09.30,Mersch,Mersch,Femmes,Salariés,2000
2024.09.30,Mersch,Mersch,Femmes,Non-salariés,130
2024.09.30,Mersch,Mersch,Hommes,Salariés,2200
2024.09.30,Mersch,Mersch,Hommes,Non-salariés,190
2024.09.30,Mersch,Nommern,Femmes,Salariés,310
2024.09.30,Mersch,Nommern,Femmes,Non-salariés,30
2024.09.30,Mersch,Nommern,Hommes,Salariés,320
2024.09.30,Mersch,Nommern,Hommes,Non-salariés,50
2024.09.30,Non déterminé,Non déterminé,Femmes,Salariés,60
2024.09.30,Non déterminé,Non déterminé,Femmes,Non-salariés,10
2024.09.30,Non déterminé,Non déterminé,Hommes,Salariés,70
2024.09.30,Non déterminé,Non déterminé,Hommes,Non-salariés,0
2024.09.30,Redange,Beckerich,Femmes,Salariés,530
2024.09.30,Redange,Beckerich,Femmes,Non-salariés,40
2024.09.30,Redange,Beckerich,Hommes,Salariés,580
2024.09.30,Redange,Beckerich,Hommes,Non-salariés,80
2024.09.30,Redange,Ell,Femmes,Salariés,340
2024.09.30,Redange,Ell,Femmes,Non-salariés,40
2024.09.30,Redange,Ell,Hommes,Salariés,370
2024.09.30,Redange,Ell,Hommes,Non-salariés,50
2024.09.30,Redange,Groussbus-Wal,Femmes,Salariés,460
2024.09.30,Redange,Groussbus-Wal,Femmes,Non-salariés,40
2024.09.30,Redange,Groussbus-Wal,Hommes,Salariés,500
2024.09.30,Redange,Groussbus-Wal,Hommes,Non-salariés,60
2024.09.30,Redange,Préizerdaul,Femmes,Salariés,340
2024.09.30,Redange,Préizerdaul,Femmes,Non-salariés,30
2024.09.30,Redange,Préizerdaul,Hommes,Salariés,400
2024.09.30,Redange,Préizerdaul,Hommes,Non-salariés,40
2024.09.30,Redange,Rambrouch,Femmes,Salariés,860
2024.09.30,Redange,Rambrouch,Femmes,Non-salariés,80
2024.09.30,Redange,Rambrouch,Hommes,Salariés,1040
2024.09.30,Redange,Rambrouch,Hommes,Non-salariés,160
2024.09.30,Redange,Redange/Attert,Femmes,Salariés,600
2024.09.30,Redange,Redange/Attert,Femmes,Non-salariés,50
2024.09.30,Redange,Redange/Attert,Hommes,Salariés,600
2024.09.30,Redange,Redange/Attert,Hommes,Non-salariés,90
2024.09.30,Redange,Saeul,Femmes,Salariés,200
2024.09.30,Redange,Saeul,Femmes,Non-salariés,20
2024.09.30,Redange,Saeul,Hommes,Salariés,220
2024.09.30,Redange,Saeul,Hommes,Non-salariés,40
2024.09.30,Redange,Useldange,Femmes,Salariés,410
2024.09.30,Redange,Useldange,Femmes,Non-salariés,30
2024.09.30,Redange,Useldange,Hommes,Salariés,450
2024.09.30,Redange,Useldange,Hommes,Non-salariés,60
2024.09.30,Redange,Vichten,Femmes,Salariés,300
2024.09.30,Redange,Vichten,Femmes,Non-salariés,20
2024.09.30,Redange,Vichten,Hommes,Salariés,330
2024.09.30,Redange,Vichten,Hommes,Non-salariés,20
2024.09.30,Remich,Bous-Waldbredimus,Femmes,Salariés,610
2024.09.30,Remich,Bous-Waldbredimus,Femmes,Non-salariés,50
2024.09.30,Remich,Bous-Waldbredimus,Hommes,Salariés,690
2024.09.30,Remich,Bous-Waldbredimus,Hommes,Non-salariés,90
2024.09.30,Remich,Dalheim,Femmes,Salariés,450
2024.09.30,Remich,Dalheim,Femmes,Non-salariés,40
2024.09.30,Remich,Dalheim,Hommes,Salariés,480
2024.09.30,Remich,Dalheim,Hommes,Non-salariés,60
2024.09.30,Remich,Lenningen,Femmes,Salariés,380
2024.09.30,Remich,Lenningen,Femmes,Non-salariés,50
2024.09.30,Remich,Lenningen,Hommes,Salariés,400
2024.09.30,Remich,Lenningen,Hommes,Non-salariés,50
2024.09.30,Remich,Mondorf-les-Bains,Femmes,Salariés,890
2024.09.30,Remich,Mondorf-les-Bains,Femmes,Non-salariés,80
2024.09.30,Remich,Mondorf-les-Bains,Hommes,Salariés,990
2024.09.30,Remich,Mondorf-les-Bains,Hommes,Non-salariés,130
2024.09.30,Remich,Remich,Femmes,Salariés,710
2024.09.30,Remich,Remich,Femmes,Non-salariés,60
2024.09.30,Remich,Remich,Hommes,Salariés,780
2024.09.30,Remich,Remich,Hommes,Non-salariés,100
2024.09.30,Remich,Schengen,Femmes,Salariés,960
2024.09.30,Remich,Schengen,Femmes,Non-salariés,90
2024.09.30,Remich,Schengen,Hommes,Salariés,1020
2024.09.30,Remich,Schengen,Hommes,Non-salariés,160
2024.09.30,Remich,Stadtbredimus,Femmes,Salariés,370
2024.09.30,Remich,Stadtbredimus,Femmes,Non-salariés,40
2024.09.30,Remich,Stadtbredimus,Hommes,Salariés,430
2024.09.30,Remich,Stadtbredimus,Hommes,Non-salariés,50
2024.09.30,Vianden,Putscheid,Femmes,Salariés,220
2024.09.30,Vianden,Putscheid,Femmes,Non-salariés,20
2024.09.30,Vianden,Putscheid,Hommes,Salariés,240
2024.09.30,Vianden,Putscheid,Hommes,Non-salariés,30
2024.09.30,Vianden,Tandel,Femmes,Salariés,460
2024.09.30,Vianden,Tandel,Femmes,Non-salariés,30
2024.09.30,Vianden,Tandel,Hommes,Salariés,500
2024.09.30,Vianden,Tandel,Hommes,Non-salariés,60
2024.09.30,Vianden,Vianden,Femmes,Salariés,410
2024.09.30,Vianden,Vianden,Femmes,Non-salariés,20
2024.09.30,Vianden,Vianden,Hommes,Salariés,470
2024.09.30,Vianden,Vianden,Hommes,Non-salariés,30
2024.09.30,Wiltz,Boulaide,Femmes,Salariés,280
2024.09.30,Wiltz,Boulaide,Femmes,Non-salariés,20
2024.09.30,Wiltz,Boulaide,Hommes,Salariés,290
2024.09.30,Wiltz,Boulaide,Hommes,Non-salariés,40
2024.09.30,Wiltz,Esch-sur-Sûre,Femmes,Salariés,640
2024.09.30,Wiltz,Esch-sur-Sûre,Femmes,Non-salariés,60
2024.09.30,Wiltz,Esch-sur-Sûre,Hommes,Salariés,720
2024.09.30,Wiltz,Esch-sur-Sûre,Hommes,Non-salariés,90
2024.09.30,Wiltz,Goesdorf,Femmes,Salariés,320
2024.09.30,Wiltz,Goesdorf,Femmes,Non-salariés,40
2024.09.30,Wiltz,Goesdorf,Hommes,Salariés,380
2024.09.30,Wiltz,Goesdorf,Hommes,Non-salariés,40
2024.09.30,Wiltz,Kiischpelt,Femmes,Salariés,240
2024.09.30,Wiltz,Kiischpelt,Femmes,Non-salariés,30
2024.09.30,Wiltz,Kiischpelt,Hommes,Salariés,270
2024.09.30,Wiltz,Kiischpelt,Hommes,Non-salariés,30
2024.09.30,Wiltz,Lac de la Haute-Sûre,Femmes,Salariés,430
2024.09.30,Wiltz,Lac de la Haute-Sûre,Femmes,Non-salariés,40
2024.09.30,Wiltz,Lac de la Haute-Sûre,Hommes,Salariés,450
2024.09.30,Wiltz,Lac de la Haute-Sûre,Hommes,Non-salariés,80
2024.09.30,Wiltz,Wiltz,Femmes,Salariés,1420
2024.09.30,Wiltz,Wiltz,Femmes,Non-salariés,70
2024.09.30,Wiltz,Wiltz,Hommes,Salariés,1630
2024.09.30,Wiltz,Wiltz,Hommes,Non-salariés,150
2024.09.30,Wiltz,Winseler,Femmes,Salariés,260
2024.09.30,Wiltz,Winseler,Femmes,Non-salariés,20
2024.09.30,Wiltz,Winseler,Hommes,Salariés,290
2024.09.30,Wiltz,Winseler,Hommes,Non-salariés,70
2025.03.31,Capellen,Dippach,Femmes,Salariés,880
2025.03.31,Capellen,Dippach,Femmes,Non-salariés,80
2025.03.31,Capellen,Dippach,Hommes,Salariés,940
2025.03.31,Capellen,Dippach,Hommes,Non-salariés,100
2025.03.31,Capellen,Garnich,Femmes,Salariés,400
2025.03.31,Capellen,Garnich,Femmes,Non-salariés,50
2025.03.31,Capellen,Garnich,Hommes,Salariés,450
2025.03.31,Capellen,Garnich,Hommes,Non-salariés,70
2025.03.31,Capellen,Habscht,Femmes,Salariés,980
2025.03.31,Capellen,Habscht,Femmes,Non-salariés,90
2025.03.31,Capellen,Habscht,Hommes,Salariés,1070
2025.03.31,Capellen,Habscht,Hommes,Non-salariés,150
2025.03.31,Capellen,Käerjeng,Femmes,Salariés,2080
2025.03.31,Capellen,Käerjeng,Femmes,Non-salariés,130
2025.03.31,Capellen,Käerjeng,Hommes,Salariés,2200
2025.03.31,Capellen,Käerjeng,Hommes,Non-salariés,200
2025.03.31,Capellen,Kehlen,Femmes,Salariés,1140
2025.03.31,Capellen,Kehlen,Femmes,Non-salariés,140
2025.03.31,Capellen,Kehlen,Hommes,Salariés,1220
2025.03.31,Capellen,Kehlen,Hommes,Non-salariés,210
2025.03.31,Capellen,Koerich,Femmes,Salariés,490
2025.03.31,Capellen,Koerich,Femmes,Non-salariés,40
2025.03.31,Capellen,Koerich,Hommes,Salariés,520
2025.03.31,Capellen,Koerich,Hommes,Non-salariés,80
2025.03.31,Capellen,Kopstal,Femmes,Salariés,730
2025.03.31,Capellen,Kopstal,Femmes,Non-salariés,110
2025.03.31,Capellen,Kopstal,Hommes,Salariés,770
2025.03.31,Capellen,Kopstal,Hommes,Non-salariés,190
2025.03.31,Capellen,Mamer,Femmes,Salariés,1650
2025.03.31,Capellen,Mamer,Femmes,Non-salariés,200
2025.03.31,Capellen,Mamer,Hommes,Salariés,1760
2025.03.31,Capellen,Mamer,Hommes,Non-salariés,300
2025.03.31,Capellen,Steinfort,Femmes,Salariés,1080
2025.03.31,Capellen,Steinfort,Femmes,Non-salariés,110
2025.03.31,Capellen,Steinfort,Hommes,Salariés,1170
2025.03.31,Capellen,Steinfort,Hommes,Non-salariés,130
2025.03.31,Clervaux,Clervaux,Femmes,Salariés,1140
2025.03.31,Clervaux,Clervaux,Femmes,Non-salariés,100
2025.03.31,Clervaux,Clervaux,Hommes,Salariés,1310
2025.03.31,Clervaux,Clervaux,Hommes,Non-salariés,150
2025.03.31,Clervaux,Parc Hosingen,Femmes,Salariés,880
2025.03.31,Clervaux,Parc Hosingen,Femmes,Non-salariés,40
2025.03.31,Clervaux,Parc Hosingen,Hommes,Salariés,930
2025.03.31,Clervaux,Parc Hosingen,Hommes,Non-salariés,90
2025.03.31,Clervaux,Troisvierges,Femmes,Salariés,630
2025.03.31,Clervaux,Troisvierges,Femmes,Non-salariés,40
2025.03.31,Clervaux,Troisvierges,Hommes,Salariés,770
2025.03.31,Clervaux,Troisvierges,Hommes,Non-salariés,100
2025.03.31,Clervaux,Weiswampach,Femmes,Salariés,490
2025.03.31,Clervaux,Weiswampach,Femmes,Non-salariés,40
2025.03.31,Clervaux,Weiswampach,Hommes,Salariés,590
2025.03.31,Clervaux,Weiswampach,Hommes,Non-salariés,100
2025.03.31,Clervaux,Wincrange,Femmes,Salariés,870
2025.03.31,Clervaux,Wincrange,Femmes,Non-salariés,110
2025.03.31,Clervaux,Wincrange,Hommes,Salariés,950
2025.03.31,Clervaux,Wincrange,Hommes,Non-salariés,200
2025.03.31,Diekirch,Bettendorf,Femmes,Salariés,600
2025.03.31,Diekirch,Bettendorf,Femmes,Non-salariés,30
2025.03.31,Diekirch,Bettendorf,Hommes,Salariés,690
2025.03.31,Diekirch,Bettendorf,Hommes,Non-salariés,50
2025.03.31,Diekirch,Bourscheid,Femmes,Salariés,340
2025.03.31,Diekirch,Bourscheid,Femmes,Non-salariés,30
2025.03.31,Diekirch,Bourscheid,Hommes,Salariés,420
2025.03.31,Diekirch,Bourscheid,Hommes,Non-salariés,40
2025.03.31,Diekirch,Diekirch,Femmes,Salariés,1360
2025.03.31,Diekirch,Diekirch,Femmes,Non-salariés,80
2025.03.31,Diekirch,Diekirch,Hommes,Salariés,1540
2025.03.31,Diekirch,Diekirch,Hommes,Non-salariés,140
2025.03.31,Diekirch,Erpeldange-sur-Sûre,Femmes,Salariés,480
2025.03.31,Diekirch,Erpeldange-sur-Sûre,Femmes,Non-salariés,50
2025.03.31,Diekirch,Erpeldange-sur-Sûre,Hommes,Salariés,550
2025.03.31,Diekirch,Erpeldange-sur-Sûre,Hommes,Non-salariés,50
2025.03.31,Diekirch,Ettelbruck,Femmes,Salariés,1850
2025.03.31,Diekirch,Ettelbruck,Femmes,Non-salariés,100
2025.03.31,Diekirch,Ettelbruck,Hommes,Salariés,2070
2025.03.31,Diekirch,Ettelbruck,Hommes,Non-salariés,150
2025.03.31,Diekirch,Feulen,Femmes,Salariés,490
2025.03.31,Diekirch,Feulen,Femmes,Non-salariés,30
2025.03.31,Diekirch,Feulen,Hommes,Salariés,540
2025.03.31,Diekirch,Feulen,Hommes,Non-salariés,40
2025.03.31,Diekirch,Mertzig,Femmes,Salariés,500
2025.03.31,Diekirch,Mertzig,Femmes,Non-salariés,20
2025.03.31,Diekirch,Mertzig,Hommes,Salariés,500
2025.03.31,Diekirch,Mertzig,Hommes,Non-salariés,40
2025.03.31,Diekirch,Reisdorf,Femmes,Salariés,280
2025.03.31,Diekirch,Reisdorf,Femmes,Non-salariés,20
2025.03.31,Diekirch,Reisdorf,Hommes,Salariés,320
2025.03.31,Diekirch,Reisdorf,Hommes,Non-salariés,20
2025.03.31,Diekirch,Schieren,Femmes,Salariés,460
2025.03.31,Diekirch,Schieren,Femmes,Non-salariés,20
2025.03.31,Diekirch,Schieren,Hommes,Salariés,500
2025.03.31,Diekirch,Schieren,Hommes,Non-salariés,40
2025.03.31,Diekirch,Vallée de l'Ernz,Femmes,Salariés,590
2025.03.31,Diekirch,Vallée de l'Ernz,Femmes,Non-salariés,60
2025.03.31,Diekirch,Vallée de l'Ernz,Hommes,Salariés,640
2025.03.31,Diekirch,Vallée de l'Ernz,Hommes,Non-salariés,80
2025.03.31,Echternach,Beaufort,Femmes,Salariés,580
2025.03.31,Echternach,Beaufort,Femmes,Non-salariés,30
2025.03.31,Echternach,Beaufort,Hommes,Salariés,680
2025.03.31,Echternach,Beaufort,Hommes,Non-salariés,50
2025.03.31,Echternach,Bech,Femmes,Salariés,240
2025.03.31,Echternach,Bech,Femmes,Non-salariés,20
2025.03.31,Echternach,Bech,Hommes,Salariés,250
2025.03.31,Echternach,Bech,Hommes,Non-salariés,40
2025.03.31,Echternach,Berdorf,Femmes,Salariés,370
2025.03.31,Echternach,Berdorf,Femmes,Non-salariés,40
2025.03.31,Echternach,Berdorf,Hommes,Salariés,430
2025.03.31,Echternach,Berdorf,Hommes,Non-salariés,40
2025.03.31,Echternach,Consdorf,Femmes,Salariés,380
2025.03.31,Echternach,Consdorf,Femmes,Non-salariés,30
2025.03.31,Echternach,Consdorf,Hommes,Salariés,410
2025.03.31,Echternach,Consdorf,Hommes,Non-salariés,60
2025.03.31,Echternach,Echternach,Femmes,Salariés,1040
2025.03.31,Echternach,Echternach,Femmes,Non-salariés,80
2025.03.31,Echternach,Echternach,Hommes,Salariés,1160
2025.03.31,Echternach,Echternach,Hommes,Non-salariés,110
2025.03.31,Echternach,Rosport-Mompach,Femmes,Salariés,700
2025.03.31,Echternach,Rosport-Mompach,Femmes,Non-salariés,60
2025.03.31,Echternach,Rosport-Mompach,Hommes,Salariés,770
2025.03.31,Echternach,Rosport-Mompach,Hommes,Non-salariés,100
2025.03.31,Echternach,Waldbillig,Femmes,Salariés,400
2025.03.31,Echternach,Waldbillig,Femmes,Non-salariés,40
2025.03.31,Echternach,Waldbillig,Hommes,Salariés,450
2025.03.31,Echternach,Waldbillig,Hommes,Non-salariés,40
2025.03.31,Esch-Sur-Alzette,Bettembourg,Femmes,Salariés,2180
2025.03.31,Esch-Sur-Alzette,Bettembourg,Femmes,Non-salariés,180
2025.03.31,Esch-Sur-Alzette,Bettembourg,Hommes,Salariés,2340
2025.03.31,Esch-Sur-Alzette,Bettembourg,Hommes,Non-salariés,190
2025.03.31,Esch-Sur-Alzette,Differdange,Femmes,Salariés,6130
2025.03.31,Esch-Sur-Alzette,Differdange,Femmes,Non-salariés,240
2025.03.31,Esch-Sur-Alzette,Differdange,Hommes,Salariés,7030
2025.03.31,Esch-Sur-Alzette,Differdange,Hommes,Non-salariés,280
2025.03.31,Esch-Sur-Alzette,Dudelange,Femmes,Salariés,4220
2025.03.31,Esch-Sur-Alzette,Dudelange,Femmes,Non-salariés,220
2025.03.31,Esch-Sur-Alzette,Dudelange,Hommes,Salariés,4680
2025.03.31,Esch-Sur-Alzette,Dudelange,Hommes,Non-salariés,340
2025.03.31,Esch-Sur-Alzette,Esch-sur-Alzette,Femmes,Salariés,7080
2025.03.31,Esch-Sur-Alzette,Esch-sur-Alzette,Femmes,Non-salariés,330
2025.03.31,Esch-Sur-Alzette,Esch-sur-Alzette,Hommes,Salariés,8200
2025.03.31,Esch-Sur-Alzette,Esch-sur-Alzette,Hommes,Non-salariés,480
2025.03.31,Esch-Sur-Alzette,Frisange,Femmes,Salariés,980
2025.03.31,Esch-Sur-Alzette,Frisange,Femmes,Non-salariés,60
2025.03.31,Esch-Sur-Alzette,Frisange,Hommes,Salariés,1020
2025.03.31,Esch-Sur-Alzette,Frisange,Hommes,Non-salariés,130
2025.03.31,Esch-Sur-Alzette,Kayl,Femmes,Salariés,1990
2025.03.31,Esch-Sur-Alzette,Kayl,Femmes,Non-salariés,100
2025.03.31,Esch-Sur-Alzette,Kayl,Hommes,Salariés,2150
2025.03.31,Esch-Sur-Alzette,Kayl,Hommes,Non-salariés,120
2025.03.31,Esch-Sur-Alzette,Leudelange,Femmes,Salariés,470
2025.03.31,Esch-Sur-Alzette,Leudelange,Femmes,Non-salariés,60
2025.03.31,Esch-Sur-Alzette,Leudelange,Hommes,Salariés,530
2025.03.31,Esch-Sur-Alzette,Leudelange,Hommes,Non-salariés,90
2025.03.31,Esch-Sur-Alzette,Mondercange,Femmes,Salariés,1270
2025.03.31,Esch-Sur-Alzette,Mondercange,Femmes,Non-salariés,90
2025.03.31,Esch-Sur-Alzette,Mondercange,Hommes,Salariés,1360
2025.03.31,Esch-Sur-Alzette,Mondercange,Hommes,Non-salariés,190
2025.03.31,Esch-Sur-Alzette,Pétange,Femmes,Salariés,4040
2025.03.31,Esch-Sur-Alzette,Pétange,Femmes,Non-salariés,190
2025.03.31,Esch-Sur-Alzette,Pétange,Hommes,Salariés,4580
2025.03.31,Esch-Sur-Alzette,Pétange,Hommes,Non-salariés,230
2025.03.31,Esch-Sur-Alzette,Reckange-sur-Mess,Femmes,Salariés,570
2025.03.31,Esch-Sur-Alzette,Reckange-sur-Mess,Femmes,Non-salariés,60
2025.03.31,Esch-Sur-Alzette,Reckange-sur-Mess,Hommes,Salariés,600
2025.03.31,Esch-Sur-Alzette,Reckange-sur-Mess,Hommes,Non-salariés,90
2025.03.31,Esch-Sur-Alzette,Roeser,Femmes,Salariés,1370
2025.03.31,Esch-Sur-Alzette,Roeser,Femmes,Non-salariés,100
2025.03.31,Esch-Sur-Alzette,Roeser,Hommes,Salariés,1520
2025.03.31,Esch-Sur-Alzette,Roeser,Hommes,Non-salariés,180
2025.03.31,Esch-Sur-Alzette,Rumelange,Femmes,Salariés,1080
2025.03.31,Esch-Sur-Alzette,Rumelange,Femmes,Non-salariés,60
2025.03.31,Esch-Sur-Alzette,Rumelange,Hommes,Salariés,1220
2025.03.31,Esch-Sur-Alzette,Rumelange,Hommes,Non-salariés,70
2025.03.31,Esch-Sur-Alzette,Sanem,Femmes,Salariés,3740
2025.03.31,Esch-Sur-Alzette,Sanem,Femmes,Non-salariés,180
2025.03.31,Esch-Sur-Alzette,Sanem,Hommes,Salariés,4090
2025.03.31,Esch-Sur-Alzette,Sanem,Hommes,Non-salariés,300
2025.03.31,Esch-Sur-Alzette,Schifflange,Femmes,Salariés,2360
2025.03.31,Esch-Sur-Alzette,Schifflange,Femmes,Non-salariés,100
2025.03.31,Esch-Sur-Alzette,Schifflange,Hommes,Salariés,2540
2025.03.31,Esch-Sur-Alzette,Schifflange,Hommes,Non-salariés,150
2025.03.31,Grevenmacher,Betzdorf,Femmes,Salariés,680
2025.03.31,Grevenmacher,Betzdorf,Femmes,Non-salariés,60
2025.03.31,Grevenmacher,Betzdorf,Hommes,Salariés,750
2025.03.31,Grevenmacher,Betzdorf,Hommes,Non-salariés,100
2025.03.31,Grevenmacher,Biwer,Femmes,Salariés,310
2025.03.31,Grevenmacher,Biwer,Femmes,Non-salariés,30
2025.03.31,Grevenmacher,Biwer,Hommes,Salariés,380
2025.03.31,Grevenmacher,Biwer,Hommes,Non-salariés,40
2025.03.31,Grevenmacher,Flaxweiler,Femmes,Salariés,370
2025.03.31,Grevenmacher,Flaxweiler,Femmes,Non-salariés,40
2025.03.31,Grevenmacher,Flaxweiler,Hommes,Salariés,470
2025.03.31,Grevenmacher,Flaxweiler,Hommes,Non-salariés,70
2025.03.31,Grevenmacher,Grevenmacher,Femmes,Salariés,970
2025.03.31,Grevenmacher,Grevenmacher,Femmes,Non-salariés,40
2025.03.31,Grevenmacher,Grevenmacher,Hommes,Salariés,1030
2025.03.31,Grevenmacher,Grevenmacher,Hommes,Non-salariés,100
2025.03.31,Grevenmacher,Junglinster,Femmes,Salariés,1490
2025.03.31,Grevenmacher,Junglinster,Femmes,Non-salariés,170
2025.03.31,Grevenmacher,Junglinster,Hommes,Salariés,1600
2025.03.31,Grevenmacher,Junglinster,Hommes,Non-salariés,220
2025.03.31,Grevenmacher,Manternach,Femmes,Salariés,470
2025.03.31,Grevenmacher,Manternach,Femmes,Non-salariés,20
2025.03.31,Grevenmacher,Manternach,Hommes,Salariés,450
2025.03.31,Grevenmacher,Manternach,Hommes,Non-salariés,60
2025.03.31,Grevenmacher,Mertert,Femmes,Salariés,1060
2025.03.31,Grevenmacher,Mertert,Femmes,Non-salariés,60
2025.03.31,Grevenmacher,Mertert,Hommes,Salariés,1180
2025.03.31,Grevenmacher,Mertert,Hommes,Non-salariés,90
2025.03.31,Grevenmacher,Wormeldange,Femmes,Salariés,590
2025.03.31,Grevenmacher,Wormeldange,Femmes,Non-salariés,50
2025.03.31,Grevenmacher,Wormeldange,Hommes,Salariés,630
2025.03.31,Grevenmacher,Wormeldange,Hommes,Non-salariés,110
2025.03.31,Luxembourg-Campagne,Bertrange,Femmes,Salariés,1470
2025.03.31,Luxembourg-Campagne,Bertrange,Femmes,Non-salariés,160
2025.03.31,Luxembourg-Campagne,Bertrange,Hommes,Salariés,1630
2025.03.31,Luxembourg-Campagne,Bertrange,Hommes,Non-salariés,250
2025.03.31,Luxembourg-Campagne,Contern,Femmes,Salariés,850
2025.03.31,Luxembourg-Campagne,Contern,Femmes,Non-salariés,70
2025.03.31,Luxembourg-Campagne,Contern,Hommes,Salariés,870
2025.03.31,Luxembourg-Campagne,Contern,Hommes,Non-salariés,120
2025.03.31,Luxembourg-Campagne,Hesperange,Femmes,Salariés,3070
2025.03.31,Luxembourg-Campagne,Hesperange,Femmes,Non-salariés,290
2025.03.31,Luxembourg-Campagne,Hesperange,Hommes,Salariés,3420
2025.03.31,Luxembourg-Campagne,Hesperange,Hommes,Non-salariés,400
2025.03.31,Luxembourg-Campagne,Niederanven,Femmes,Salariés,930
2025.03.31,Luxembourg-Campagne,Niederanven,Femmes,Non-salariés,160
2025.03.31,Luxembourg-Campagne,Niederanven,Hommes,Salariés,1000
2025.03.31,Luxembourg-Campagne,Niederanven,Hommes,Non-salariés,220
2025.03.31,Luxembourg-Campagne,Sandweiler,Femmes,Salariés,660
2025.03.31,Luxembourg-Campagne,Sandweiler,Femmes,Non-salariés,40
2025.03.31,Luxembourg-Campagne,Sandweiler,Hommes,Salariés,670
2025.03.31,Luxembourg-Campagne,Sandweiler,Hommes,Non-salariés,90
2025.03.31,Luxembourg-Campagne,Schuttrange,Femmes,Salariés,660
2025.03.31,Luxembourg-Campagne,Schuttrange,Femmes,Non-salariés,80
2025.03.31,Luxembourg-Campagne,Schuttrange,Hommes,Salariés,740
2025.03.31,Luxembourg-Campagne,Schuttrange,Hommes,Non-salariés,120
2025.03.31,Luxembourg-Campagne,Steinsel,Femmes,Salariés,1010
2025.03.31,Luxembourg-Campagne,Steinsel,Femmes,Non-salariés,100
2025.03.31,Luxembourg-Campagne,Steinsel,Hommes,Salariés,1090
2025.03.31,Luxembourg-Campagne,Steinsel,Hommes,Non-salariés,150
2025.03.31,Luxembourg-Campagne,Strassen,Femmes,Salariés,1840
2025.03.31,Luxembourg-Campagne,Strassen,Femmes,Non-salariés,220
2025.03.31,Luxembourg-Campagne,Strassen,Hommes,Salariés,2080
2025.03.31,Luxembourg-Campagne,Strassen,Hommes,Non-salariés,300
2025.03.31,Luxembourg-Campagne,Walferdange,Femmes,Salariés,1510
2025.03.31,Luxembourg-Campagne,Walferdange,Femmes,Non-salariés,170
2025.03.31,Luxembourg-Campagne,Walferdange,Hommes,Salariés,1630
2025.03.31,Luxembourg-Campagne,Walferdange,Hommes,Non-salariés,220
2025.03.31,Luxembourg-Campagne,Weiler-la-Tour,Femmes,Salariés,460
2025.03.31,Luxembourg-Campagne,Weiler-la-Tour,Femmes,Non-salariés,40
2025.03.31,Luxembourg-Campagne,Weiler-la-Tour,Hommes,Salariés,490
2025.03.31,Luxembourg-Campagne,Weiler-la-Tour,Hommes,Non-salariés,60
2025.03.31,Luxembourg-Ville,Luxembourg,Femmes,Salariés,22580
2025.03.31,Luxembourg-Ville,Luxembourg,Femmes,Non-salariés,2080
2025.03.31,Luxembourg-Ville,Luxembourg,Hommes,Salariés,27100
2025.03.31,Luxembourg-Ville,Luxembourg,Hommes,Non-salariés,2990
2025.03.31,Mersch,Bissen,Femmes,Salariés,720
2025.03.31,Mersch,Bissen,Femmes,Non-salariés,40
2025.03.31,Mersch,Bissen,Hommes,Salariés,790
2025.03.31,Mersch,Bissen,Hommes,Non-salariés,60
2025.03.31,Mersch,Colmar-Berg,Femmes,Salariés,520
2025.03.31,Mersch,Colmar-Berg,Femmes,Non-salariés,20
2025.03.31,Mersch,Colmar-Berg,Hommes,Salariés,550
2025.03.31,Mersch,Colmar-Berg,Hommes,Non-salariés,40
2025.03.31,Mersch,Fischbach,Femmes,Salariés,270
2025.03.31,Mersch,Fischbach,Femmes,Non-salariés,20
2025.03.31,Mersch,Fischbach,Hommes,Salariés,310
2025.03.31,Mersch,Fischbach,Hommes,Non-salariés,40
2025.03.31,Mersch,Heffingen,Femmes,Salariés,310
2025.03.31,Mersch,Heffingen,Femmes,Non-salariés,30
2025.03.31,Mersch,Heffingen,Hommes,Salariés,320
2025.03.31,Mersch,Heffingen,Hommes,Non-salariés,50
2025.03.31,Mersch,Helperknapp,Femmes,Salariés,1000
2025.03.31,Mersch,Helperknapp,Femmes,Non-salariés,90
2025.03.31,Mersch,Helperknapp,Hommes,Salariés,1130
2025.03.31,Mersch,Helperknapp,Hommes,Non-salariés,110
2025.03.31,Mersch,Larochette,Femmes,Salariés,460
2025.03.31,Mersch,Larochette,Femmes,Non-salariés,20
2025.03.31,Mersch,Larochette,Hommes,Salariés,530
2025.03.31,Mersch,Larochette,Hommes,Non-salariés,30
2025.03.31,Mersch,Lintgen,Femmes,Salariés,690
2025.03.31,Mersch,Lintgen,Femmes,Non-salariés,50
2025.03.31,Mersch,Lintgen,Hommes,Salariés,780
2025.03.31,Mersch,Lintgen,Hommes,Non-salariés,60
2025.03.31,Mersch,Lorentzweiler,Femmes,Salariés,810
2025.03.31,Mersch,Lorentzweiler,Femmes,Non-salariés,70
2025.03.31,Mersch,Lorentzweiler,Hommes,Salariés,860
2025.03.31,Mersch,Lorentzweiler,Hommes,Non-salariés,110
2025.03.31,Mersch,Mersch,Femmes,Salariés,1990
2025.03.31,Mersch,Mersch,Femmes,Non-salariés,140
2025.03.31,Mersch,Mersch,Hommes,Salariés,2210
2025.03.31,Mersch,Mersch,Hommes,Non-salariés,200
2025.03.31,Mersch,Nommern,Femmes,Salariés,310
2025.03.31,Mersch,Nommern,Femmes,Non-salariés,30
2025.03.31,Mersch,Nommern,Hommes,Salariés,320
2025.03.31,Mersch,Nommern,Hommes,Non-salariés,50
2025.03.31,Non déterminé,Non déterminé,Femmes,Salariés,50
2025.03.31,Non déterminé,Non déterminé,Femmes,Non-salariés,10
2025.03.31,Non déterminé,Non déterminé,Hommes,Salariés,70
2025.03.31,Non déterminé,Non déterminé,Hommes,Non-salariés,10
2025.03.31,Redange,Beckerich,Femmes,Salariés,520
2025.03.31,Redange,Beckerich,Femmes,Non-salariés,50
2025.03.31,Redange,Beckerich,Hommes,Salariés,590
2025.03.31,Redange,Beckerich,Hommes,Non-salariés,70
2025.03.31,Redange,Ell,Femmes,Salariés,350
2025.03.31,Redange,Ell,Femmes,Non-salariés,30
2025.03.31,Redange,Ell,Hommes,Salariés,370
2025.03.31,Redange,Ell,Hommes,Non-salariés,50
2025.03.31,Redange,Groussbus-Wal,Femmes,Salariés,480
2025.03.31,Redange,Groussbus-Wal,Femmes,Non-salariés,40
2025.03.31,Redange,Groussbus-Wal,Hommes,Salariés,500
2025.03.31,Redange,Groussbus-Wal,Hommes,Non-salariés,60
2025.03.31,Redange,Préizerdaul,Femmes,Salariés,340
2025.03.31,Redange,Préizerdaul,Femmes,Non-salariés,30
2025.03.31,Redange,Préizerdaul,Hommes,Salariés,390
2025.03.31,Redange,Préizerdaul,Hommes,Non-salariés,40
2025.03.31,Redange,Rambrouch,Femmes,Salariés,850
2025.03.31,Redange,Rambrouch,Femmes,Non-salariés,80
2025.03.31,Redange,Rambrouch,Hommes,Salariés,1070
2025.03.31,Redange,Rambrouch,Hommes,Non-salariés,150
2025.03.31,Redange,Redange/Attert,Femmes,Salariés,600
2025.03.31,Redange,Redange/Attert,Femmes,Non-salariés,50
2025.03.31,Redange,Redange/Attert,Hommes,Salariés,610
2025.03.31,Redange,Redange/Attert,Hommes,Non-salariés,90
2025.03.31,Redange,Saeul,Femmes,Salariés,200
2025.03.31,Redange,Saeul,Femmes,Non-salariés,20
2025.03.31,Redange,Saeul,Hommes,Salariés,210
2025.03.31,Redange,Saeul,Hommes,Non-salariés,40
2025.03.31,Redange,Useldange,Femmes,Salariés,420
2025.03.31,Redange,Useldange,Femmes,Non-salariés,30
2025.03.31,Redange,Useldange,Hommes,Salariés,440
2025.03.31,Redange,Useldange,Hommes,Non-salariés,60
2025.03.31,Redange,Vichten,Femmes,Salariés,290
2025.03.31,Redange,Vichten,Femmes,Non-salariés,20
2025.03.31,Redange,Vichten,Hommes,Salariés,330
2025.03.31,Redange,Vichten,Hommes,Non-salariés,20
2025.03.31,Remich,Bous-Waldbredimus,Femmes,Salariés,630
2025.03.31,Remich,Bous-Waldbredimus,Femmes,Non-salariés,50
2025.03.31,Remich,Bous-Waldbredimus,Hommes,Salariés,700
2025.03.31,Remich,Bous-Waldbredimus,Hommes,Non-salariés,100
2025.03.31,Remich,Dalheim,Femmes,Salariés,450
2025.03.31,Remich,Dalheim,Femmes,Non-salariés,40
2025.03.31,Remich,Dalheim,Hommes,Salariés,490
2025.03.31,Remich,Dalheim,Hommes,Non-salariés,60
2025.03.31,Remich,Lenningen,Femmes,Salariés,380
2025.03.31,Remich,Lenningen,Femmes,Non-salariés,40
2025.03.31,Remich,Lenningen,Hommes,Salariés,390
2025.03.31,Remich,Lenningen,Hommes,Non-salariés,50
2025.03.31,Remich,Mondorf-les-Bains,Femmes,Salariés,900
2025.03.31,Remich,Mondorf-les-Bains,Femmes,Non-salariés,80
2025.03.31,Remich,Mondorf-les-Bains,Hommes,Salariés,1000
2025.03.31,Remich,Mondorf-les-Bains,Hommes,Non-salariés,140
2025.03.31,Remich,Remich,Femmes,Salariés,710
2025.03.31,Remich,Remich,Femmes,Non-salariés,60
2025.03.31,Remich,Remich,Hommes,Salariés,810
2025.03.31,Remich,Remich,Hommes,Non-salariés,90
2025.03.31,Remich,Schengen,Femmes,Salariés,950
2025.03.31,Remich,Schengen,Femmes,Non-salariés,90
2025.03.31,Remich,Schengen,Hommes,Salariés,1020
2025.03.31,Remich,Schengen,Hommes,Non-salariés,170
2025.03.31,Remich,Stadtbredimus,Femmes,Salariés,380
2025.03.31,Remich,Stadtbredimus,Femmes,Non-salariés,40
2025.03.31,Remich,Stadtbredimus,Hommes,Salariés,420
2025.03.31,Remich,Stadtbredimus,Hommes,Non-salariés,50
2025.03.31,Vianden,Putscheid,Femmes,Salariés,230
2025.03.31,Vianden,Putscheid,Femmes,Non-salariés,20
2025.03.31,Vianden,Putscheid,Hommes,Salariés,260
2025.03.31,Vianden,Putscheid,Hommes,Non-salariés,20
2025.03.31,Vianden,Tandel,Femmes,Salariés,470
2025.03.31,Vianden,Tandel,Femmes,Non-salariés,30
2025.03.31,Vianden,Tandel,Hommes,Salariés,500
2025.03.31,Vianden,Tandel,Hommes,Non-salariés,60
2025.03.31,Vianden,Vianden,Femmes,Salariés,400
2025.03.31,Vianden,Vianden,Femmes,Non-salariés,20
2025.03.31,Vianden,Vianden,Hommes,Salariés,460
2025.03.31,Vianden,Vianden,Hommes,Non-salariés,40
2025.03.31,Wiltz,Boulaide,Femmes,Salariés,270
2025.03.31,Wiltz,Boulaide,Femmes,Non-salariés,20
2025.03.31,Wiltz,Boulaide,Hommes,Salariés,300
2025.03.31,Wiltz,Boulaide,Hommes,Non-salariés,40
2025.03.31,Wiltz,Esch-sur-Sûre,Femmes,Salariés,610
2025.03.31,Wiltz,Esch-sur-Sûre,Femmes,Non-salariés,60
2025.03.31,Wiltz,Esch-sur-Sûre,Hommes,Salariés,710
2025.03.31,Wiltz,Esch-sur-Sûre,Hommes,Non-salariés,90
2025.03.31,Wiltz,Goesdorf,Femmes,Salariés,320
2025.03.31,Wiltz,Goesdorf,Femmes,Non-salariés,40
2025.03.31,Wiltz,Goesdorf,Hommes,Salariés,370
2025.03.31,Wiltz,Goesdorf,Hommes,Non-salariés,40
2025.03.31,Wiltz,Kiischpelt,Femmes,Salariés,250
2025.03.31,Wiltz,Kiischpelt,Femmes,Non-salariés,20
2025.03.31,Wiltz,Kiischpelt,Hommes,Salariés,260
2025.03.31,Wiltz,Kiischpelt,Hommes,Non-salariés,30
2025.03.31,Wiltz,Lac de la Haute-Sûre,Femmes,Salariés,430
2025.03.31,Wiltz,Lac de la Haute-Sûre,Femmes,Non-salariés,50
2025.03.31,Wiltz,Lac de la Haute-Sûre,Hommes,Salariés,460
2025.03.31,Wiltz,Lac de la Haute-Sûre,Hommes,Non-salariés,70
2025.03.31,Wiltz,Wiltz,Femmes,Salariés,1460
2025.03.31,Wiltz,Wiltz,Femmes,Non-salariés,70
2025.03.31,Wiltz,Wiltz,Hommes,Salariés,1630
2025.03.31,Wiltz,Wiltz,Hommes,Non-salariés,150
2025.03.31,Wiltz,Winseler,Femmes,Salariés,260
2025.03.31,Wiltz,Winseler,Femmes,Non-salariés,20
2025.03.31,Wiltz,Winseler,Hommes,Salariés,290
2025.03.31,Wiltz,Winseler,Hommes,Non-salariés,70
2025.09.30,Capellen,Dippach,Femmes,Salariés,880
2025.09.30,Capellen,Dippach,Femmes,Non-salariés,70
2025.09.30,Capellen,Dippach,Hommes,Salariés,910
2025.09.30,Capellen,Dippach,Hommes,Non-salariés,100
2025.09.30,Capellen,Garnich,Femmes,Salariés,410
2025.09.30,Capellen,Garnich,Femmes,Non-salariés,50
2025.09.30,Capellen,Garnich,Hommes,Salariés,460
2025.09.30,Capellen,Garnich,Hommes,Non-salariés,70
2025.09.30,Capellen,Habscht,Femmes,Non-salariés,90
2025.09.30,Capellen,Habscht,Femmes,Salariés,980
2025.09.30,Capellen,Habscht,Hommes,Salariés,1080
2025.09.30,Capellen,Habscht,Hommes,Non-salariés,140
2025.09.30,Capellen,Käerjeng,Femmes,Salariés,2090
2025.09.30,Capellen,Käerjeng,Femmes,Non-salariés,130
2025.09.30,Capellen,Käerjeng,Hommes,Salariés,2200
2025.09.30,Capellen,Käerjeng,Hommes,Non-salariés,210
2025.09.30,Capellen,Kehlen,Femmes,Salariés,1150
2025.09.30,Capellen,Kehlen,Femmes,Non-salariés,150
2025.09.30,Capellen,Kehlen,Hommes,Salariés,1250
2025.09.30,Capellen,Kehlen,Hommes,Non-salariés,210
2025.09.30,Capellen,Koerich,Femmes,Salariés,480
2025.09.30,Capellen,Koerich,Femmes,Non-salariés,40
2025.09.30,Capellen,Koerich,Hommes,Salariés,540
2025.09.30,Capellen,Koerich,Hommes,Non-salariés,80
2025.09.30,Capellen,Kopstal,Femmes,Salariés,770
2025.09.30,Capellen,Kopstal,Femmes,Non-salariés,110
2025.09.30,Capellen,Kopstal,Hommes,Salariés,780
2025.09.30,Capellen,Kopstal,Hommes,Non-salariés,200
2025.09.30,Capellen,Mamer,Femmes,Salariés,1710
2025.09.30,Capellen,Mamer,Femmes,Non-salariés,190
2025.09.30,Capellen,Mamer,Hommes,Salariés,1780
2025.09.30,Capellen,Mamer,Hommes,Non-salariés,300
2025.09.30,Capellen,Steinfort,Femmes,Salariés,1080
2025.09.30,Capellen,Steinfort,Femmes,Non-salariés,110
2025.09.30,Capellen,Steinfort,Hommes,Salariés,1180
2025.09.30,Capellen,Steinfort,Hommes,Non-salariés,130
2025.09.30,Clervaux,Clervaux,Femmes,Salariés,1130
2025.09.30,Clervaux,Clervaux,Femmes,Non-salariés,100
2025.09.30,Clervaux,Clervaux,Hommes,Salariés,1330
2025.09.30,Clervaux,Clervaux,Hommes,Non-salariés,150
2025.09.30,Clervaux,Parc Hosingen,Femmes,Salariés,880
2025.09.30,Clervaux,Parc Hosingen,Femmes,Non-salariés,50
2025.09.30,Clervaux,Parc Hosingen,Hommes,Salariés,960
2025.09.30,Clervaux,Parc Hosingen,Hommes,Non-salariés,90
2025.09.30,Clervaux,Troisvierges,Femmes,Salariés,610
2025.09.30,Clervaux,Troisvierges,Femmes,Non-salariés,40
2025.09.30,Clervaux,Troisvierges,Hommes,Salariés,770
2025.09.30,Clervaux,Troisvierges,Hommes,Non-salariés,100
2025.09.30,Clervaux,Weiswampach,Femmes,Salariés,490
2025.09.30,Clervaux,Weiswampach,Femmes,Non-salariés,50
2025.09.30,Clervaux,Weiswampach,Hommes,Salariés,580
2025.09.30,Clervaux,Weiswampach,Hommes,Non-salariés,100
2025.09.30,Clervaux,Wincrange,Femmes,Salariés,880
2025.09.30,Clervaux,Wincrange,Femmes,Non-salariés,100
2025.09.30,Clervaux,Wincrange,Hommes,Salariés,930
2025.09.30,Clervaux,Wincrange,Hommes,Non-salariés,200
2025.09.30,Diekirch,Bettendorf,Femmes,Salariés,580
2025.09.30,Diekirch,Bettendorf,Femmes,Non-salariés,30
2025.09.30,Diekirch,Bettendorf,Hommes,Salariés,680
2025.09.30,Diekirch,Bettendorf,Hommes,Non-salariés,50
2025.09.30,Diekirch,Bourscheid,Femmes,Salariés,340
2025.09.30,Diekirch,Bourscheid,Femmes,Non-salariés,30
2025.09.30,Diekirch,Bourscheid,Hommes,Salariés,420
2025.09.30,Diekirch,Bourscheid,Hommes,Non-salariés,50
2025.09.30,Diekirch,Diekirch,Femmes,Salariés,1370
2025.09.30,Diekirch,Diekirch,Femmes,Non-salariés,90
2025.09.30,Diekirch,Diekirch,Hommes,Salariés,1560
2025.09.30,Diekirch,Diekirch,Hommes,Non-salariés,140
2025.09.30,Diekirch,Erpeldange-sur-Sûre,Femmes,Salariés,490
2025.09.30,Diekirch,Erpeldange-sur-Sûre,Femmes,Non-salariés,40
2025.09.30,Diekirch,Erpeldange-sur-Sûre,Hommes,Salariés,560
2025.09.30,Diekirch,Erpeldange-sur-Sûre,Hommes,Non-salariés,50
2025.09.30,Diekirch,Ettelbruck,Femmes,Salariés,1830
2025.09.30,Diekirch,Ettelbruck,Femmes,Non-salariés,90
2025.09.30,Diekirch,Ettelbruck,Hommes,Salariés,2110
2025.09.30,Diekirch,Ettelbruck,Hommes,Non-salariés,150
2025.09.30,Diekirch,Feulen,Femmes,Salariés,480
2025.09.30,Diekirch,Feulen,Femmes,Non-salariés,30
2025.09.30,Diekirch,Feulen,Hommes,Salariés,540
2025.09.30,Diekirch,Feulen,Hommes,Non-salariés,40
2025.09.30,Diekirch,Mertzig,Femmes,Salariés,480
2025.09.30,Diekirch,Mertzig,Femmes,Non-salariés,30
2025.09.30,Diekirch,Mertzig,Hommes,Salariés,490
2025.09.30,Diekirch,Mertzig,Hommes,Non-salariés,40
2025.09.30,Diekirch,Reisdorf,Femmes,Salariés,280
2025.09.30,Diekirch,Reisdorf,Femmes,Non-salariés,20
2025.09.30,Diekirch,Reisdorf,Hommes,Salariés,320
2025.09.30,Diekirch,Reisdorf,Hommes,Non-salariés,20
2025.09.30,Diekirch,Schieren,Femmes,Salariés,470
2025.09.30,Diekirch,Schieren,Femmes,Non-salariés,30
2025.09.30,Diekirch,Schieren,Hommes,Salariés,500
2025.09.30,Diekirch,Schieren,Hommes,Non-salariés,40
2025.09.30,Diekirch,Vallée de l'Ernz,Femmes,Salariés,590
2025.09.30,Diekirch,Vallée de l'Ernz,Femmes,Non-salariés,70
2025.09.30,Diekirch,Vallée de l'Ernz,Hommes,Salariés,650
2025.09.30,Diekirch,Vallée de l'Ernz,Hommes,Non-salariés,70
2025.09.30,Echternach,Beaufort,Femmes,Salariés,590
2025.09.30,Echternach,Beaufort,Femmes,Non-salariés,30
2025.09.30,Echternach,Beaufort,Hommes,Salariés,670
2025.09.30,Echternach,Beaufort,Hommes,Non-salariés,50
2025.09.30,Echternach,Bech,Femmes,Salariés,230
2025.09.30,Echternach,Bech,Femmes,Non-salariés,20
2025.09.30,Echternach,Bech,Hommes,Salariés,250
2025.09.30,Echternach,Bech,Hommes,Non-salariés,50
2025.09.30,Echternach,Berdorf,Femmes,Salariés,390
2025.09.30,Echternach,Berdorf,Femmes,Non-salariés,40
2025.09.30,Echternach,Berdorf,Hommes,Salariés,440
2025.09.30,Echternach,Berdorf,Hommes,Non-salariés,40
2025.09.30,Echternach,Consdorf,Femmes,Salariés,380
2025.09.30,Echternach,Consdorf,Femmes,Non-salariés,30
2025.09.30,Echternach,Consdorf,Hommes,Salariés,410
2025.09.30,Echternach,Consdorf,Hommes,Non-salariés,60
2025.09.30,Echternach,Echternach,Femmes,Salariés,1060
2025.09.30,Echternach,Echternach,Femmes,Non-salariés,80
2025.09.30,Echternach,Echternach,Hommes,Salariés,1200
2025.09.30,Echternach,Echternach,Hommes,Non-salariés,110
2025.09.30,Echternach,Rosport-Mompach,Femmes,Salariés,700
2025.09.30,Echternach,Rosport-Mompach,Femmes,Non-salariés,60
2025.09.30,Echternach,Rosport-Mompach,Hommes,Salariés,750
2025.09.30,Echternach,Rosport-Mompach,Hommes,Non-salariés,100
2025.09.30,Echternach,Waldbillig,Femmes,Salariés,420
2025.09.30,Echternach,Waldbillig,Femmes,Non-salariés,30
2025.09.30,Echternach,Waldbillig,Hommes,Salariés,450
2025.09.30,Echternach,Waldbillig,Hommes,Non-salariés,50
2025.09.30,Esch-Sur-Alzette,Bettembourg,Femmes,Salariés,2170
2025.09.30,Esch-Sur-Alzette,Bettembourg,Femmes,Non-salariés,180
2025.09.30,Esch-Sur-Alzette,Bettembourg,Hommes,Salariés,2340
2025.09.30,Esch-Sur-Alzette,Bettembourg,Hommes,Non-salariés,200
2025.09.30,Esch-Sur-Alzette,Differdange,Femmes,Salariés,6150
2025.09.30,Esch-Sur-Alzette,Differdange,Femmes,Non-salariés,250
2025.09.30,Esch-Sur-Alzette,Differdange,Hommes,Salariés,7020
2025.09.30,Esch-Sur-Alzette,Differdange,Hommes,Non-salariés,280
2025.09.30,Esch-Sur-Alzette,Dudelange,Femmes,Salariés,4230
2025.09.30,Esch-Sur-Alzette,Dudelange,Femmes,Non-salariés,240
2025.09.30,Esch-Sur-Alzette,Dudelange,Hommes,Salariés,4660
2025.09.30,Esch-Sur-Alzette,Dudelange,Hommes,Non-salariés,330
2025.09.30,Esch-Sur-Alzette,Esch-sur-Alzette,Femmes,Salariés,7130
2025.09.30,Esch-Sur-Alzette,Esch-sur-Alzette,Femmes,Non-salariés,320
2025.09.30,Esch-Sur-Alzette,Esch-sur-Alzette,Hommes,Salariés,8310
2025.09.30,Esch-Sur-Alzette,Esch-sur-Alzette,Hommes,Non-salariés,480
2025.09.30,Esch-Sur-Alzette,Frisange,Femmes,Salariés,960
2025.09.30,Esch-Sur-Alzette,Frisange,Femmes,Non-salariés,60
2025.09.30,Esch-Sur-Alzette,Frisange,Hommes,Salariés,1010
2025.09.30,Esch-Sur-Alzette,Frisange,Hommes,Non-salariés,130
2025.09.30,Esch-Sur-Alzette,Kayl,Femmes,Salariés,1970
2025.09.30,Esch-Sur-Alzette,Kayl,Femmes,Non-salariés,100
2025.09.30,Esch-Sur-Alzette,Kayl,Hommes,Salariés,2130
2025.09.30,Esch-Sur-Alzette,Kayl,Hommes,Non-salariés,120
2025.09.30,Esch-Sur-Alzette,Leudelange,Femmes,Salariés,470
2025.09.30,Esch-Sur-Alzette,Leudelange,Femmes,Non-salariés,60
2025.09.30,Esch-Sur-Alzette,Leudelange,Hommes,Salariés,520
2025.09.30,Esch-Sur-Alzette,Leudelange,Hommes,Non-salariés,90
2025.09.30,Esch-Sur-Alzette,Mondercange,Femmes,Salariés,1240
2025.09.30,Esch-Sur-Alzette,Mondercange,Femmes,Non-salariés,100
2025.09.30,Esch-Sur-Alzette,Mondercange,Hommes,Salariés,1380
2025.09.30,Esch-Sur-Alzette,Mondercange,Hommes,Non-salariés,170
2025.09.30,Esch-Sur-Alzette,Pétange,Femmes,Salariés,4070
2025.09.30,Esch-Sur-Alzette,Pétange,Femmes,Non-salariés,200
2025.09.30,Esch-Sur-Alzette,Pétange,Hommes,Salariés,4610
2025.09.30,Esch-Sur-Alzette,Pétange,Hommes,Non-salariés,230
2025.09.30,Esch-Sur-Alzette,Reckange-sur-Mess,Femmes,Salariés,590
2025.09.30,Esch-Sur-Alzette,Reckange-sur-Mess,Femmes,Non-salariés,60
2025.09.30,Esch-Sur-Alzette,Reckange-sur-Mess,Hommes,Salariés,600
2025.09.30,Esch-Sur-Alzette,Reckange-sur-Mess,Hommes,Non-salariés,90
2025.09.30,Esch-Sur-Alzette,Roeser,Femmes,Salariés,1370
2025.09.30,Esch-Sur-Alzette,Roeser,Femmes,Non-salariés,90
2025.09.30,Esch-Sur-Alzette,Roeser,Hommes,Salariés,1520
2025.09.30,Esch-Sur-Alzette,Roeser,Hommes,Non-salariés,190
2025.09.30,Esch-Sur-Alzette,Rumelange,Femmes,Salariés,1050
2025.09.30,Esch-Sur-Alzette,Rumelange,Femmes,Non-salariés,60
2025.09.30,Esch-Sur-Alzette,Rumelange,Hommes,Salariés,1220
2025.09.30,Esch-Sur-Alzette,Rumelange,Hommes,Non-salariés,70
2025.09.30,Esch-Sur-Alzette,Sanem,Femmes,Salariés,3800
2025.09.30,Esch-Sur-Alzette,Sanem,Femmes,Non-salariés,190
2025.09.30,Esch-Sur-Alzette,Sanem,Hommes,Salariés,4110
2025.09.30,Esch-Sur-Alzette,Sanem,Hommes,Non-salariés,300
2025.09.30,Esch-Sur-Alzette,Schifflange,Femmes,Salariés,2360
2025.09.30,Esch-Sur-Alzette,Schifflange,Femmes,Non-salariés,110
2025.09.30,Esch-Sur-Alzette,Schifflange,Hommes,Salariés,2570
2025.09.30,Esch-Sur-Alzette,Schifflange,Hommes,Non-salariés,150
2025.09.30,Grevenmacher,Betzdorf,Femmes,Salariés,680
2025.09.30,Grevenmacher,Betzdorf,Femmes,Non-salariés,60
2025.09.30,Grevenmacher,Betzdorf,Hommes,Salariés,750
2025.09.30,Grevenmacher,Betzdorf,Hommes,Non-salariés,110
2025.09.30,Grevenmacher,Biwer,Femmes,Salariés,320
2025.09.30,Grevenmacher,Biwer,Femmes,Non-salariés,30
2025.09.30,Grevenmacher,Biwer,Hommes,Salariés,370
2025.09.30,Grevenmacher,Biwer,Hommes,Non-salariés,40
2025.09.30,Grevenmacher,Flaxweiler,Femmes,Salariés,400
2025.09.30,Grevenmacher,Flaxweiler,Femmes,Non-salariés,30
2025.09.30,Grevenmacher,Flaxweiler,Hommes,Salariés,450
2025.09.30,Grevenmacher,Flaxweiler,Hommes,Non-salariés,70
2025.09.30,Grevenmacher,Grevenmacher,Femmes,Salariés,950
2025.09.30,Grevenmacher,Grevenmacher,Femmes,Non-salariés,50
2025.09.30,Grevenmacher,Grevenmacher,Hommes,Salariés,1050
2025.09.30,Grevenmacher,Grevenmacher,Hommes,Non-salariés,100
2025.09.30,Grevenmacher,Junglinster,Femmes,Salariés,1480
2025.09.30,Grevenmacher,Junglinster,Femmes,Non-salariés,170
2025.09.30,Grevenmacher,Junglinster,Hommes,Salariés,1600
2025.09.30,Grevenmacher,Junglinster,Hommes,Non-salariés,210
2025.09.30,Grevenmacher,Manternach,Femmes,Salariés,450
2025.09.30,Grevenmacher,Manternach,Femmes,Non-salariés,30
2025.09.30,Grevenmacher,Manternach,Hommes,Salariés,460
2025.09.30,Grevenmacher,Manternach,Hommes,Non-salariés,60
2025.09.30,Grevenmacher,Mertert,Femmes,Salariés,1060
2025.09.30,Grevenmacher,Mertert,Femmes,Non-salariés,70
2025.09.30,Grevenmacher,Mertert,Hommes,Salariés,1200
2025.09.30,Grevenmacher,Mertert,Hommes,Non-salariés,80
2025.09.30,Grevenmacher,Wormeldange,Femmes,Salariés,590
2025.09.30,Grevenmacher,Wormeldange,Femmes,Non-salariés,40
2025.09.30,Grevenmacher,Wormeldange,Hommes,Salariés,630
2025.09.30,Grevenmacher,Wormeldange,Hommes,Non-salariés,110
2025.09.30,Luxembourg-Campagne,Bertrange,Femmes,Salariés,1470
2025.09.30,Luxembourg-Campagne,Bertrange,Femmes,Non-salariés,170
2025.09.30,Luxembourg-Campagne,Bertrange,Hommes,Salariés,1660
2025.09.30,Luxembourg-Campagne,Bertrange,Hommes,Non-salariés,260
2025.09.30,Luxembourg-Campagne,Contern,Femmes,Salariés,860
2025.09.30,Luxembourg-Campagne,Contern,Femmes,Non-salariés,80
2025.09.30,Luxembourg-Campagne,Contern,Hommes,Salariés,900
2025.09.30,Luxembourg-Campagne,Contern,Hommes,Non-salariés,110
2025.09.30,Luxembourg-Campagne,Hesperange,Femmes,Salariés,3050
2025.09.30,Luxembourg-Campagne,Hesperange,Femmes,Non-salariés,310
2025.09.30,Luxembourg-Campagne,Hesperange,Hommes,Salariés,3410
2025.09.30,Luxembourg-Campagne,Hesperange,Hommes,Non-salariés,410
2025.09.30,Luxembourg-Campagne,Niederanven,Femmes,Salariés,940
2025.09.30,Luxembourg-Campagne,Niederanven,Femmes,Non-salariés,160
2025.09.30,Luxembourg-Campagne,Niederanven,Hommes,Salariés,1020
2025.09.30,Luxembourg-Campagne,Niederanven,Hommes,Non-salariés,230
2025.09.30,Luxembourg-Campagne,Sandweiler,Femmes,Salariés,650
2025.09.30,Luxembourg-Campagne,Sandweiler,Femmes,Non-salariés,40
2025.09.30,Luxembourg-Campagne,Sandweiler,Hommes,Salariés,660
2025.09.30,Luxembourg-Campagne,Sandweiler,Hommes,Non-salariés,80
2025.09.30,Luxembourg-Campagne,Schuttrange,Femmes,Salariés,680
2025.09.30,Luxembourg-Campagne,Schuttrange,Femmes,Non-salariés,80
2025.09.30,Luxembourg-Campagne,Schuttrange,Hommes,Salariés,730
2025.09.30,Luxembourg-Campagne,Schuttrange,Hommes,Non-salariés,130
2025.09.30,Luxembourg-Campagne,Steinsel,Femmes,Salariés,1030
2025.09.30,Luxembourg-Campagne,Steinsel,Femmes,Non-salariés,100
2025.09.30,Luxembourg-Campagne,Steinsel,Hommes,Salariés,1100
2025.09.30,Luxembourg-Campagne,Steinsel,Hommes,Non-salariés,150
2025.09.30,Luxembourg-Campagne,Strassen,Femmes,Salariés,1890
2025.09.30,Luxembourg-Campagne,Strassen,Femmes,Non-salariés,210
2025.09.30,Luxembourg-Campagne,Strassen,Hommes,Salariés,2050
2025.09.30,Luxembourg-Campagne,Strassen,Hommes,Non-salariés,310
2025.09.30,Luxembourg-Campagne,Walferdange,Femmes,Salariés,1550
2025.09.30,Luxembourg-Campagne,Walferdange,Femmes,Non-salariés,170
2025.09.30,Luxembourg-Campagne,Walferdange,Hommes,Salariés,1700
2025.09.30,Luxembourg-Campagne,Walferdange,Hommes,Non-salariés,230
2025.09.30,Luxembourg-Campagne,Weiler-la-Tour,Femmes,Salariés,460
2025.09.30,Luxembourg-Campagne,Weiler-la-Tour,Femmes,Non-salariés,40
2025.09.30,Luxembourg-Campagne,Weiler-la-Tour,Hommes,Salariés,490
2025.09.30,Luxembourg-Campagne,Weiler-la-Tour,Hommes,Non-salariés,60
2025.09.30,Luxembourg-Ville,Luxembourg,Femmes,Salariés,22690
2025.09.30,Luxembourg-Ville,Luxembourg,Femmes,Non-salariés,2110
2025.09.30,Luxembourg-Ville,Luxembourg,Hommes,Salariés,27300
2025.09.30,Luxembourg-Ville,Luxembourg,Hommes,Non-salariés,3080
2025.09.30,Mersch,Bissen,Femmes,Salariés,730
2025.09.30,Mersch,Bissen,Femmes,Non-salariés,40
2025.09.30,Mersch,Bissen,Hommes,Salariés,780
2025.09.30,Mersch,Bissen,Hommes,Non-salariés,60
2025.09.30,Mersch,Colmar-Berg,Femmes,Salariés,530
2025.09.30,Mersch,Colmar-Berg,Femmes,Non-salariés,20
2025.09.30,Mersch,Colmar-Berg,Hommes,Salariés,550
2025.09.30,Mersch,Colmar-Berg,Hommes,Non-salariés,30
2025.09.30,Mersch,Fischbach,Femmes,Salariés,280
2025.09.30,Mersch,Fischbach,Femmes,Non-salariés,20
2025.09.30,Mersch,Fischbach,Hommes,Salariés,300
2025.09.30,Mersch,Fischbach,Hommes,Non-salariés,40
2025.09.30,Mersch,Heffingen,Femmes,Salariés,310
2025.09.30,Mersch,Heffingen,Femmes,Non-salariés,30
2025.09.30,Mersch,Heffingen,Hommes,Salariés,310
2025.09.30,Mersch,Heffingen,Hommes,Non-salariés,50
2025.09.30,Mersch,Helperknapp,Femmes,Salariés,1010
2025.09.30,Mersch,Helperknapp,Femmes,Non-salariés,90
2025.09.30,Mersch,Helperknapp,Hommes,Salariés,1130
2025.09.30,Mersch,Helperknapp,Hommes,Non-salariés,100
2025.09.30,Mersch,Larochette,Femmes,Salariés,470
2025.09.30,Mersch,Larochette,Femmes,Non-salariés,20
2025.09.30,Mersch,Larochette,Hommes,Salariés,530
2025.09.30,Mersch,Larochette,Hommes,Non-salariés,30
2025.09.30,Mersch,Lintgen,Femmes,Salariés,690
2025.09.30,Mersch,Lintgen,Femmes,Non-salariés,50
2025.09.30,Mersch,Lintgen,Hommes,Salariés,750
2025.09.30,Mersch,Lintgen,Hommes,Non-salariés,70
2025.09.30,Mersch,Lorentzweiler,Femmes,Salariés,820
2025.09.30,Mersch,Lorentzweiler,Femmes,Non-salariés,70
2025.09.30,Mersch,Lorentzweiler,Hommes,Salariés,870
2025.09.30,Mersch,Lorentzweiler,Hommes,Non-salariés,110
2025.09.30,Mersch,Mersch,Femmes,Salariés,2020
2025.09.30,Mersch,Mersch,Femmes,Non-salariés,140
2025.09.30,Mersch,Mersch,Hommes,Salariés,2240
2025.09.30,Mersch,Mersch,Hommes,Non-salariés,210
2025.09.30,Mersch,Nommern,Femmes,Salariés,320
2025.09.30,Mersch,Nommern,Femmes,Non-salariés,30
2025.09.30,Mersch,Nommern,Hommes,Salariés,300
2025.09.30,Mersch,Nommern,Hommes,Non-salariés,60
2025.09.30,Non déterminé,Non déterminé,Femmes,Salariés,50
2025.09.30,Non déterminé,Non déterminé,Femmes,Non-salariés,10
2025.09.30,Non déterminé,Non déterminé,Hommes,Salariés,60
2025.09.30,Non déterminé,Non déterminé,Hommes,Non-salariés,10
2025.09.30,Redange,Beckerich,Femmes,Salariés,530
2025.09.30,Redange,Beckerich,Femmes,Non-salariés,50
2025.09.30,Redange,Beckerich,Hommes,Salariés,580
2025.09.30,Redange,Beckerich,Hommes,Non-salariés,70
2025.09.30,Redange,Ell,Femmes,Salariés,350
2025.09.30,Redange,Ell,Femmes,Non-salariés,30
2025.09.30,Redange,Ell,Hommes,Salariés,370
2025.09.30,Redange,Ell,Hommes,Non-salariés,50
2025.09.30,Redange,Groussbus-Wal,Femmes,Salariés,480
2025.09.30,Redange,Groussbus-Wal,Femmes,Non-salariés,40
2025.09.30,Redange,Groussbus-Wal,Hommes,Salariés,510
2025.09.30,Redange,Groussbus-Wal,Hommes,Non-salariés,60
2025.09.30,Redange,Préizerdaul,Femmes,Salariés,340
2025.09.30,Redange,Préizerdaul,Femmes,Non-salariés,30
2025.09.30,Redange,Préizerdaul,Hommes,Salariés,380
2025.09.30,Redange,Préizerdaul,Hommes,Non-salariés,40
2025.09.30,Redange,Rambrouch,Femmes,Salariés,850
2025.09.30,Redange,Rambrouch,Femmes,Non-salariés,90
2025.09.30,Redange,Rambrouch,Hommes,Salariés,1060
2025.09.30,Redange,Rambrouch,Hommes,Non-salariés,150
2025.09.30,Redange,Redange/Attert,Femmes,Salariés,590
2025.09.30,Redange,Redange/Attert,Femmes,Non-salariés,50
2025.09.30,Redange,Redange/Attert,Hommes,Salariés,600
2025.09.30,Redange,Redange/Attert,Hommes,Non-salariés,90
2025.09.30,Redange,Saeul,Femmes,Salariés,210
2025.09.30,Redange,Saeul,Femmes,Non-salariés,20
2025.09.30,Redange,Saeul,Hommes,Salariés,230
2025.09.30,Redange,Saeul,Hommes,Non-salariés,40
2025.09.30,Redange,Useldange,Femmes,Salariés,410
2025.09.30,Redange,Useldange,Femmes,Non-salariés,40
2025.09.30,Redange,Useldange,Hommes,Salariés,450
2025.09.30,Redange,Useldange,Hommes,Non-salariés,50
2025.09.30,Redange,Vichten,Femmes,Salariés,300
2025.09.30,Redange,Vichten,Femmes,Non-salariés,10
2025.09.30,Redange,Vichten,Hommes,Salariés,330
2025.09.30,Redange,Vichten,Hommes,Non-salariés,30
2025.09.30,Remich,Bous-Waldbredimus,Femmes,Salariés,630
2025.09.30,Remich,Bous-Waldbredimus,Femmes,Non-salariés,50
2025.09.30,Remich,Bous-Waldbredimus,Hommes,Salariés,700
2025.09.30,Remich,Bous-Waldbredimus,Hommes,Non-salariés,90
2025.09.30,Remich,Dalheim,Femmes,Salariés,450
2025.09.30,Remich,Dalheim,Femmes,Non-salariés,40
2025.09.30,Remich,Dalheim,Hommes,Salariés,480
2025.09.30,Remich,Dalheim,Hommes,Non-salariés,60
2025.09.30,Remich,Lenningen,Femmes,Salariés,370
2025.09.30,Remich,Lenningen,Femmes,Non-salariés,40
2025.09.30,Remich,Lenningen,Hommes,Salariés,390
2025.09.30,Remich,Lenningen,Hommes,Non-salariés,50
2025.09.30,Remich,Mondorf-les-Bains,Femmes,Salariés,900
2025.09.30,Remich,Mondorf-les-Bains,Femmes,Non-salariés,90
2025.09.30,Remich,Mondorf-les-Bains,Hommes,Salariés,1000
2025.09.30,Remich,Mondorf-les-Bains,Hommes,Non-salariés,140
2025.09.30,Remich,Remich,Femmes,Salariés,720
2025.09.30,Remich,Remich,Femmes,Non-salariés,60
2025.09.30,Remich,Remich,Hommes,Salariés,790
2025.09.30,Remich,Remich,Hommes,Non-salariés,90
2025.09.30,Remich,Schengen,Femmes,Salariés,970
2025.09.30,Remich,Schengen,Femmes,Non-salariés,90
2025.09.30,Remich,Schengen,Hommes,Salariés,1020
2025.09.30,Remich,Schengen,Hommes,Non-salariés,170
2025.09.30,Remich,Stadtbredimus,Femmes,Salariés,380
2025.09.30,Remich,Stadtbredimus,Femmes,Non-salariés,30
2025.09.30,Remich,Stadtbredimus,Hommes,Salariés,430
2025.09.30,Remich,Stadtbredimus,Hommes,Non-salariés,50
2025.09.30,Vianden,Putscheid,Femmes,Salariés,220
2025.09.30,Vianden,Putscheid,Femmes,Non-salariés,10
2025.09.30,Vianden,Putscheid,Hommes,Salariés,260
2025.09.30,Vianden,Putscheid,Hommes,Non-salariés,30
2025.09.30,Vianden,Tandel,Femmes,Salariés,480
2025.09.30,Vianden,Tandel,Femmes,Non-salariés,30
2025.09.30,Vianden,Tandel,Hommes,Salariés,510
2025.09.30,Vianden,Tandel,Hommes,Non-salariés,60
2025.09.30,Vianden,Vianden,Femmes,Salariés,410
2025.09.30,Vianden,Vianden,Femmes,Non-salariés,30
2025.09.30,Vianden,Vianden,Hommes,Salariés,470
2025.09.30,Vianden,Vianden,Hommes,Non-salariés,30
2025.09.30,Wiltz,Boulaide,Femmes,Salariés,270
2025.09.30,Wiltz,Boulaide,Femmes,Non-salariés,30
2025.09.30,Wiltz,Boulaide,Hommes,Salariés,290
2025.09.30,Wiltz,Boulaide,Hommes,Non-salariés,40
2025.09.30,Wiltz,Esch-sur-Sûre,Femmes,Salariés,650
2025.09.30,Wiltz,Esch-sur-Sûre,Femmes,Non-salariés,60
2025.09.30,Wiltz,Esch-sur-Sûre,Hommes,Salariés,700
2025.09.30,Wiltz,Esch-sur-Sûre,Hommes,Non-salariés,90
2025.09.30,Wiltz,Goesdorf,Femmes,Salariés,320
2025.09.30,Wiltz,Goesdorf,Femmes,Non-salariés,30
2025.09.30,Wiltz,Goesdorf,Hommes,Salariés,380
2025.09.30,Wiltz,Goesdorf,Hommes,Non-salariés,40
2025.09.30,Wiltz,Kiischpelt,Femmes,Salariés,240
2025.09.30,Wiltz,Kiischpelt,Femmes,Non-salariés,30
2025.09.30,Wiltz,Kiischpelt,Hommes,Salariés,270
2025.09.30,Wiltz,Kiischpelt,Hommes,Non-salariés,20
2025.09.30,Wiltz,Lac de la Haute-Sûre,Femmes,Salariés,420
2025.09.30,Wiltz,Lac de la Haute-Sûre,Femmes,Non-salariés,50
2025.09.30,Wiltz,Lac de la Haute-Sûre,Hommes,Salariés,450
2025.09.30,Wiltz,Lac de la Haute-Sûre,Hommes,Non-salariés,80
2025.09.30,Wiltz,Wiltz,Femmes,Salariés,1450
2025.09.30,Wiltz,Wiltz,Femmes,Non-salariés,70
2025.09.30,Wiltz,Wiltz,Hommes,Salariés,1640
2025.09.30,Wiltz,Wiltz,Hommes,Non-salariés,150
2025.09.30,Wiltz,Winseler,Femmes,Salariés,260
2025.09.30,Wiltz,Winseler,Femmes,Non-salariés,20
2025.09.30,Wiltz,Winseler,Hommes,Salariés,310
2025.09.30,Wiltz,Winseler,Hommes,Non-salariés,70
